sample_index,wall_time_s,elapsed_s,tick,mode_machine,arm0,arm1,arm2,arm3,arm4,arm5,arm6,arm7,arm8,arm9,arm10,arm11,arm12,arm13
0,1782728465.934336185,0.000000416,3475385,5,0.2853923,0.1704037,-0.0288940,0.9884949,0.0819002,-0.0379061,-0.0015819,0.2977481,-0.1844971,0.0466067,0.9935043,-0.1179248,0.0343348,0.0463190
1,1782728465.949506760,0.013566067,3475401,5,0.2855122,0.1702000,-0.0289299,0.9884949,0.0811092,-0.0384694,-0.0009228,0.2984671,-0.1844971,0.0464509,0.9935043,-0.1179487,0.0338554,0.0462351
2,1782728465.977070093,0.028910847,3475428,5,0.2853923,0.1701041,-0.0289299,0.9885188,0.0797071,-0.0392963,-0.0003116,0.3000490,-0.1844612,0.0463070,0.9934803,-0.1179847,0.0327649,0.0462471
3,1782728466.007248402,0.056449362,3475459,5,0.2846613,0.1700561,-0.0289299,0.9885069,0.0785446,-0.0397157,-0.0000120,0.3023860,-0.1843893,0.0462591,0.9933964,-0.1178768,0.0314706,0.0463310
4,1782728466.040651083,0.087013863,3475492,5,0.2824802,0.1700322,-0.0289539,0.9885188,0.0774900,-0.0398356,0.0001558,0.3059693,-0.1843414,0.0462831,0.9934443,-0.1178768,0.0298168,0.0463310
5,1782728466.074799061,0.120077259,3475526,5,0.2787651,0.1700202,-0.0289419,0.9885548,0.0769986,-0.0398356,0.0001798,0.3103315,-0.1843414,0.0461632,0.9938518,-0.1177810,0.0282828,0.0463430
6,1782728466.108860016,0.154633567,3475560,5,0.2761525,0.1699962,-0.0290138,0.9887106,0.0768788,-0.0398116,0.0001798,0.3154967,-0.1842095,0.0461393,0.9946547,-0.1177330,0.0271203,0.0463550
7,1782728466.143243313,0.188430107,3475594,5,0.2720419,0.1699843,-0.0291456,0.9891300,0.0768429,-0.0397157,0.0001438,0.3219202,-0.1840298,0.0461393,0.9956015,-0.1177570,0.0257661,0.0463670
8,1782728466.176280975,0.222673765,3475628,5,0.2659779,0.1699962,-0.0291936,0.9897172,0.0768788,-0.0394401,0.0001318,0.3274330,-0.1836702,0.0461273,0.9969557,-0.1177450,0.0254425,0.0464029
9,1782728466.209796667,0.255822348,3475661,5,0.2569658,0.1700801,-0.0292295,0.9915388,0.0769267,-0.0389727,0.0001438,0.3316874,-0.1830471,0.0461393,0.9984897,-0.1177450,0.0251549,0.0464029
10,1782728466.243867397,0.289669961,3475695,5,0.2460122,0.1703438,-0.0292775,0.9929050,0.0770586,-0.0391405,0.0002037,0.3345876,-0.1822201,0.0460913,0.9995922,-0.1176611,0.0248673,0.0464029
11,1782728466.274407864,0.323101657,3475726,5,0.2370120,0.1711707,-0.0300205,0.9962726,0.0776818,-0.0391884,0.0004434,0.3356062,-0.1816809,0.0461033,1.0000836,-0.1176132,0.0237168,0.0464868
12,1782728466.304717779,0.354346339,3475756,5,0.2304447,0.1721774,-0.0300445,0.9986814,0.0774540,-0.0402310,0.0004314,0.3363613,-0.1814052,0.0460913,1.0000836,-0.1174694,0.0211761,0.0464868
13,1782728466.343690634,0.384735025,3475795,5,0.2157999,0.1730522,-0.0322615,1.0003712,0.0774900,-0.0420167,0.0005752,0.3374039,-0.1814292,0.0460554,1.0001915,-0.1174095,0.0183119,0.0464868
14,1782728466.377713680,0.423484748,3475829,5,0.2003043,0.1737113,-0.0380859,0.9992447,0.0774900,-0.0456839,0.0006711,0.3373200,-0.1813093,0.0460554,1.0004671,-0.1173016,0.0162386,0.0464988
15,1782728466.410132408,0.457318376,3475861,5,0.1844612,0.1747060,-0.0502379,0.9965123,0.0775140,-0.0541447,0.0008868,0.3369605,-0.1812254,0.0460674,1.0004431,-0.1172057,0.0123198,0.0465108
16,1782728466.443526030,0.489660437,3475895,5,0.1657538,0.1812614,-0.0700838,0.9894776,0.0774421,-0.0642235,0.0006831,0.3367088,-0.1812135,0.0460074,1.0004072,-0.1170859,0.0064595,0.0464988
17,1782728466.476566792,0.522856446,3475928,5,0.1424565,0.1886916,-0.0933451,0.9753961,0.0768908,-0.0796232,-0.0026126,0.3366249,-0.1812254,0.0458516,1.0004072,-0.1170140,-0.0003955,0.0464509
18,1782728466.511073589,0.556248557,3475962,5,0.1106743,0.1911484,-0.1233177,0.9548072,0.0763155,-0.1004038,-0.0089402,0.3372361,-0.1812254,0.0457198,1.0006229,-0.1169421,-0.0049375,0.0464628
19,1782728466.543150425,0.590215758,3475994,5,0.0776698,0.1914360,-0.1627937,0.9265124,0.0757763,-0.1218916,-0.0198459,0.3372241,-0.1811895,0.0457078,1.0007668,-0.1169421,-0.0087605,0.0465108
20,1782728466.576415539,0.622680639,3476028,5,0.0443656,0.1892309,-0.2053857,0.8938195,0.0756324,-0.1458600,-0.0289659,0.3361455,-0.1811536,0.0456719,1.0007068,-0.1168941,-0.0129669,0.0465707
21,1782728466.609566927,0.655587102,3476061,5,0.0135901,0.1863307,-0.2464796,0.8625766,0.0755246,-0.1695768,-0.0407823,0.3334611,-0.1810577,0.0456479,0.9999039,-0.1169181,-0.0192587,0.0465228
22,1782728466.641821384,0.689063887,3476093,5,-0.0124276,0.1834785,-0.2924630,0.8354563,0.0754287,-0.1925026,-0.0534017,0.3315436,-0.1812135,0.0454562,0.9984298,-0.1168821,-0.0263293,0.0464509
23,1782728466.676988602,0.721813961,3476128,5,-0.0386012,0.1789365,-0.3432522,0.8107448,0.0754047,-0.2142660,-0.0674832,0.3309084,-0.1810697,0.0449528,0.9981301,-0.1168941,-0.0329446,0.0464389
24,1782728466.704632521,0.756542499,3476156,5,-0.0541927,0.1730522,-0.3812542,0.7935115,0.0754287,-0.2291384,-0.0778016,0.3307526,-0.1811296,0.0445573,0.9981301,-0.1167623,-0.0382177,0.0463190
25,1782728466.744502068,0.784198714,3476196,5,-0.0711863,0.1620507,-0.4361899,0.7739892,0.0753328,-0.2502186,-0.0939084,0.3306448,-0.1811895,0.0441739,0.9983099,-0.1167503,-0.0457797,0.0463310
26,1782728466.777727842,0.823868370,3476229,5,-0.0844408,0.1521757,-0.4863918,0.7599677,0.0753928,-0.2647795,-0.1105305,0.3317114,-0.1808779,0.0442098,0.9987534,-0.1167264,-0.0500941,0.0465228
27,1782728466.810934305,0.856915509,3476262,5,-0.0962213,0.1413300,-0.5397096,0.7480194,0.0755246,-0.2794482,-0.1266133,0.3327900,-0.1800989,0.0442338,0.9996042,-0.1167623,-0.0519636,0.0466186
28,1782728466.883232594,0.890155711,3476334,5,-0.1100272,0.1112376,-0.6443678,0.7255370,0.0760040,-0.3047109,-0.1610201,0.3324664,-0.1799192,0.0442098,0.9998199,-0.1167623,-0.0541327,0.0465827
29,1782728466.892920971,0.962386411,3476344,5,-0.1114054,0.1069113,-0.6576823,0.7227686,0.0759201,-0.3060412,-0.1660774,0.3324544,-0.1798473,0.0441978,0.9998559,-0.1168342,-0.0542166,0.0466306
30,1782728466.939381361,0.972865435,3476391,5,-0.1205613,0.0876646,-0.7182386,0.7108923,0.0764474,-0.3118535,-0.1832268,0.3319271,-0.1794997,0.0441379,0.9999039,-0.1166544,-0.0549117,0.0465827
31,1782728466.969671249,1.019479314,3476421,5,-0.1297173,0.0741224,-0.7520221,0.7081479,0.0767709,-0.3145260,-0.1917836,0.3314477,-0.1795596,0.0441139,0.9998919,-0.1166425,-0.0554750,0.0465707
32,1782728467.004736662,1.049479444,3476456,5,-0.1410783,0.0577520,-0.7808322,0.7074648,0.0770586,-0.3164315,-0.1973203,0.3304890,-0.1795956,0.0440660,0.9998199,-0.1167743,-0.0561820,0.0464868
33,1782728467.040872097,1.084429460,3476492,5,-0.1496111,0.0395599,-0.7974303,0.7064940,0.0769867,-0.3167670,-0.1981352,0.3298418,-0.1797634,0.0439821,0.9996042,-0.1167743,-0.0572606,0.0464389
34,1782728467.074260473,1.120661822,3476525,5,-0.1557949,0.0305718,-0.8123627,0.6988001,0.0767709,-0.3169827,-0.1979914,0.3294583,-0.1797874,0.0438742,0.9995803,-0.1167863,-0.0582194,0.0463909
35,1782728467.108469009,1.153609374,3476560,5,-0.1613916,0.0282948,-0.8275707,0.6849584,0.0768309,-0.3175220,-0.1979674,0.3294943,-0.1796795,0.0438742,0.9995922,-0.1167264,-0.0598852,0.0464269
36,1782728467.137678623,1.187699715,3476589,5,-0.1634528,0.0284745,-0.8372779,0.6693549,0.0769267,-0.3177018,-0.1980633,0.3296860,-0.1799192,0.0437904,0.9996042,-0.1167264,-0.0612514,0.0464149
37,1782728467.175756454,1.217376762,3476627,5,-0.1636086,0.0284386,-0.8443606,0.6510790,0.0767350,-0.3178097,-0.1981831,0.3310642,-0.1801349,0.0435986,0.9997720,-0.1167983,-0.0625696,0.0463790
38,1782728467.208997726,1.255279641,3476660,5,-0.1636206,0.0288940,-0.8481596,0.6339415,0.0767350,-0.3178097,-0.1982191,0.3336049,-0.1801828,0.0436226,1.0005031,-0.1168222,-0.0658773,0.0464389
39,1782728467.242282867,1.288408959,3476694,5,-0.1641359,0.0300564,-0.8484831,0.6145750,0.0761598,-0.3177977,-0.1981592,0.3344198,-0.1804824,0.0436705,1.0009584,-0.1167863,-0.0699519,0.0464509
40,1782728467.275399208,1.322116695,3476727,5,-0.1643996,0.0325372,-0.8473327,0.5885693,0.0747696,-0.3176539,-0.1981592,0.3342041,-0.1816089,0.0436346,1.0010782,-0.1167743,-0.0763395,0.0464628
41,1782728467.307848692,1.354663530,3476759,5,-0.1644835,0.0339034,-0.8431022,0.5596154,0.0702635,-0.3174981,-0.1985067,0.3338805,-0.1829512,0.0435866,1.0011022,-0.1167383,-0.0828949,0.0464748
42,1782728467.336349249,1.387487110,3476788,5,-0.1647112,0.0342150,-0.8363191,0.5326269,0.0644751,-0.3175700,-0.1986745,0.3336408,-0.1841496,0.0435746,1.0011861,-0.1167264,-0.0874369,0.0464748
43,1782728467.374389172,1.416179198,3476826,5,-0.1671080,0.0340232,-0.8192656,0.4943253,0.0510049,-0.3175820,-0.1991898,0.3315676,-0.1858154,0.0436226,1.0012701,-0.1167863,-0.0920988,0.0465827
44,1782728467.403072119,1.453629166,3476854,5,-0.1733039,0.0324053,-0.8009777,0.4678522,0.0390087,-0.3176539,-0.1995493,0.3288831,-0.1870258,0.0436945,1.0013180,-0.1167743,-0.0953225,0.0466905
45,1782728467.437094688,1.482879480,3476888,5,-0.1860671,0.0287861,-0.7705857,0.4407079,0.0224944,-0.3178696,-0.1998849,0.3236460,-0.1892069,0.0438623,1.0012940,-0.1167863,-0.1000443,0.0467984
46,1782728467.470420599,1.516538191,3476922,5,-0.2013470,0.0224225,-0.7321283,0.4205145,0.0053929,-0.3180014,-0.1997651,0.3176299,-0.1932097,0.0439821,1.0013059,-0.1167983,-0.1054851,0.0470860
47,1782728467.506404638,1.549742551,3476958,5,-0.2181608,0.0078856,-0.6794217,0.4086501,-0.0168139,-0.3181093,-0.1997651,0.3108828,-0.2007478,0.0440540,1.0012701,-0.1167383,-0.1110938,0.0473257
48,1782728467.536933184,1.585667671,3476988,5,-0.2323741,-0.0052371,-0.6302863,0.4019629,-0.0397876,-0.3181213,-0.1991059,0.3050584,-0.2087652,0.0438862,1.0012461,-0.1166544,-0.1138142,0.0472898
49,1782728467.576577187,1.616460850,3477028,5,-0.2546049,-0.0171974,-0.5654997,0.3926871,-0.0715338,-0.3181692,-0.1983749,0.2968732,-0.2190716,0.0435986,1.0012580,-0.1166664,-0.1173256,0.0471579
50,1782728467.609787703,1.656627001,3477061,5,-0.2750260,-0.0261616,-0.5107797,0.3899068,-0.0995889,-0.3181452,-0.1980034,0.2922833,-0.2280358,0.0433469,1.0010663,-0.1166305,-0.1222870,0.0470740
51,1782728467.644192457,1.689192877,3477095,5,-0.2950996,-0.0348981,-0.4478146,0.3887084,-0.1278957,-0.3181692,-0.1974042,0.2863391,-0.2369761,0.0433709,1.0011262,-0.1166305,-0.1263377,0.0471699
52,1782728467.677515268,1.723480664,3477129,5,-0.3133276,-0.0405546,-0.3840465,0.3883249,-0.1530026,-0.3181692,-0.1973922,0.2787411,-0.2459522,0.0433829,1.0012101,-0.1166664,-0.1316827,0.0472658
53,1782728467.708875179,1.756688769,3477160,5,-0.3314477,-0.0424122,-0.3269416,0.3880492,-0.1737713,-0.3181572,-0.1966372,0.2728089,-0.2535982,0.0430593,1.0010303,-0.1165825,-0.1380343,0.0471459
54,1782728467.742764711,1.788603648,3477194,5,-0.3480459,-0.0437784,-0.2639046,0.3877496,-0.1954028,-0.3182051,-0.1954028,0.2651150,-0.2606210,0.0426638,1.0010543,-0.1165706,-0.1454885,0.0471459
55,1782728467.776034117,1.822331481,3477227,5,-0.3617438,-0.0474695,-0.1957264,0.3873302,-0.2179331,-0.3182531,-0.1959900,0.2555157,-0.2674400,0.0426039,1.0010782,-0.1165346,-0.1545126,0.0471819
56,1782728467.808629990,1.855345339,3477260,5,-0.3752740,-0.0489436,-0.1338638,0.3871264,-0.2398643,-0.3182291,-0.1954747,0.2485888,-0.2737197,0.0426519,1.0011503,-0.1165825,-0.1629136,0.0472778
57,1782728467.841723204,1.887854221,3477293,5,-0.3873541,-0.0506453,-0.0643313,0.3870665,-0.2627661,-0.3182411,-0.1945279,0.2382224,-0.2805147,0.0425560,1.0016894,-0.1165945,-0.1730402,0.0474096
58,1782728467.875032663,1.921331518,3477326,5,-0.3969535,-0.0505135,0.0028642,0.3868867,-0.2857039,-0.3182291,-0.1942403,0.2257708,-0.2862672,0.0386132,1.0018213,-0.1166425,-0.1828793,0.0475414
59,1782728467.909008503,1.954548807,3477360,5,-0.4034609,-0.0482844,0.0697602,0.3868029,-0.3074194,-0.3182411,-0.1933894,0.2111501,-0.2889277,0.0280071,1.0020131,-0.1165106,-0.1920113,0.0474695
60,1782728467.964392424,1.988537864,3477416,5,-0.4108911,-0.0447970,0.1736634,0.3867789,-0.3365889,-0.3182531,-0.1925745,0.1815011,-0.2929664,0.0151481,1.0037388,-0.1163309,-0.2074469,0.0475534
61,1782728467.974995375,2.043650831,3477426,5,-0.4119098,-0.0444135,0.1925026,0.3868268,-0.3404958,-0.3182411,-0.1925266,0.1746821,-0.2938292,0.0135422,1.0040264,-0.1163668,-0.2105149,0.0475414
62,1782728468.007201195,2.054139679,3477458,5,-0.4138872,-0.0409741,0.2491880,0.3868029,-0.3515453,-0.3182291,-0.1919873,0.1533382,-0.2964538,0.0104982,1.0040504,-0.1162949,-0.2218280,0.0475534
63,1782728468.041487694,2.087200707,3477493,5,-0.4152294,-0.0357489,0.3073954,0.3868268,-0.3586639,-0.3182411,-0.1915439,0.1297772,-0.3000610,0.0091440,1.0041941,-0.1162590,-0.2346631,0.0475294
64,1782728468.075412035,2.121366313,3477527,5,-0.4164878,-0.0304399,0.3641886,0.3868268,-0.3635774,-0.3182411,-0.1912563,0.1068274,-0.3040038,0.0087365,1.0036190,-0.1161871,-0.2478697,0.0475534
65,1782728468.109639883,2.154767288,3477561,5,-0.4177341,-0.0241482,0.4174944,0.3868148,-0.3666214,-0.3182291,-0.1913282,0.0843090,-0.3070478,0.0086167,0.9987773,-0.1161631,-0.2590270,0.0475654
66,1782728468.142040730,2.189593267,3477593,5,-0.4177821,-0.0126434,0.4674926,0.3868867,-0.3703485,-0.3182171,-0.1905851,0.0619105,-0.3090492,0.0086167,0.9899929,-0.1161871,-0.2707596,0.0477092
67,1782728468.176287413,2.221557364,3477627,5,-0.4178899,0.0023609,0.5186653,0.3868867,-0.3761249,-0.3181932,-0.1905612,0.0392244,-0.3109427,0.0086526,0.9772537,-0.1161631,-0.2837984,0.0484762
68,1782728468.209523201,2.256240619,3477661,5,-0.4182495,0.0164304,0.5686755,0.3868867,-0.3806070,-0.3182171,-0.1902496,0.0166461,-0.3130160,0.0086646,0.9661562,-0.1155279,-0.2961542,0.0500461
69,1782728468.243763685,2.289333423,3477695,5,-0.4188487,0.0316863,0.6182901,0.3868748,-0.3845498,-0.3182291,-0.1899020,-0.0059202,-0.3147417,0.0086886,0.9511640,-0.1139580,-0.3082223,0.0520954
70,1782728468.277050734,2.323040167,3477728,5,-0.4200111,0.0466666,0.6677011,0.3868748,-0.3878934,-0.3182051,-0.1899260,-0.0282348,-0.3156765,0.0087005,0.9348534,-0.1129513,-0.3199908,0.0549597
71,1782728468.310181618,2.356880996,3477761,5,-0.4223361,0.0595376,0.7142119,0.3868628,-0.3913688,-0.3181932,-0.1896743,-0.0509809,-0.3169109,0.0088084,0.9204364,-0.1125319,-0.3339404,0.0576921
72,1782728468.337010384,2.389333492,3477788,5,-0.4240019,0.0696643,0.7492657,0.3868388,-0.3941971,-0.3181812,-0.1894107,-0.0677348,-0.3179175,0.0090721,0.9063190,-0.1122083,-0.3441270,0.0596335
73,1782728468.377474785,2.416712673,3477829,5,-0.4268661,0.0827391,0.8040816,0.3866830,-0.3997338,-0.3176539,-0.1892429,-0.0947952,-0.3186006,0.0106420,0.8875996,-0.1119926,-0.3621513,0.0617907
74,1782728468.410683393,2.457346871,3477862,5,-0.4293708,0.0899176,0.8515272,0.3865752,-0.4034370,-0.3152930,-0.1891710,-0.1170379,-0.3189841,0.0137819,0.8695275,-0.1115971,-0.3782461,0.0625097
75,1782728468.444007874,2.489819783,3477895,5,-0.4307370,0.0940642,0.9006505,0.3859999,-0.4068165,-0.3106191,-0.1890392,-0.1377946,-0.3197871,0.0201575,0.8515152,-0.1115132,-0.3964142,0.0638879
76,1782728468.476400375,2.523825417,3477928,5,-0.4324028,0.0961135,0.9499296,0.3857722,-0.4096208,-0.3026496,-0.1888954,-0.1574488,-0.3208537,0.0326330,0.8322685,-0.1113694,-0.4142827,0.0681064
77,1782728468.511533022,2.556419101,3477963,5,-0.4324628,0.0977314,1.0008266,0.3857722,-0.4121016,-0.2989585,-0.1881284,-0.1782174,-0.3213330,0.0499622,0.8111523,-0.1108900,-0.4334694,0.0746977
78,1782728468.542972565,2.590812235,3477994,5,-0.4324148,0.0982467,1.0409498,0.3857722,-0.4133839,-0.2971609,-0.1875771,-0.1926824,-0.3218963,0.0696044,0.7893170,-0.1107702,-0.4508226,0.0808216
79,1782728468.576128483,2.622980722,3478027,5,-0.4324148,0.0982347,1.0804378,0.3857962,-0.4140670,-0.2952673,-0.1870977,-0.2051340,-0.3224356,0.0956341,0.7630476,-0.1106264,-0.4688469,0.0870055
80,1782728468.609577417,2.655656969,3478061,5,-0.4326065,0.0982467,1.1224066,0.3857722,-0.4143306,-0.2918998,-0.1869779,-0.2184365,-0.3237898,0.1303764,0.7307141,-0.1106144,-0.4862000,0.0930935
81,1782728468.644519329,2.688945492,3478096,5,-0.4331578,0.0982227,1.1709427,0.3857962,-0.4147381,-0.2835228,-0.1867981,-0.2292462,-0.3252758,0.1752214,0.6891769,-0.1107342,-0.5075918,0.0993133
82,1782728468.678795338,2.723660748,3478130,5,-0.4333975,0.0981388,1.2116052,0.3858082,-0.4151216,-0.2749661,-0.1860791,-0.2370959,-0.3248564,0.2170223,0.6445835,-0.1108900,-0.5283486,0.1074625
83,1782728468.711415529,2.758515561,3478162,5,-0.4340926,0.0981268,1.2432315,0.3857962,-0.4152774,-0.2667329,-0.1858394,-0.2427405,-0.3247126,0.2538379,0.6052154,-0.1111777,-0.5473555,0.1165586
84,1782728468.738482714,2.791382342,3478190,5,-0.4360460,0.0981268,1.2724011,0.3858082,-0.4151815,-0.2595544,-0.1858514,-0.2468511,-0.3250721,0.2881607,0.5687833,-0.1112735,-0.5607299,0.1243124
85,1782728468.779427767,2.818634127,3478231,5,-0.4402046,0.0980669,1.3164672,0.3858082,-0.4151935,-0.2556115,-0.1856596,-0.2485648,-0.3250961,0.3393933,0.5154655,-0.1114533,-0.5809833,0.1337559
86,1782728468.813913345,2.859358152,3478265,5,-0.4440395,0.0981268,1.3545171,0.3857722,-0.4151575,-0.2547247,-0.1855518,-0.2497273,-0.3259230,0.3852808,0.4731372,-0.1115132,-0.5936386,0.1406948
87,1782728468.847966194,2.893646131,3478299,5,-0.4469397,0.0981149,1.3931662,0.3857722,-0.4152294,-0.2544850,-0.1853121,-0.2500509,-0.3260668,0.4296465,0.4334335,-0.1119207,-0.6054550,0.1490838
88,1782728468.879271507,2.927548369,3478330,5,-0.4470476,0.0980789,1.4254876,0.3857602,-0.4152893,-0.2543292,-0.1849046,-0.2499909,-0.3263904,0.4678522,0.4012678,-0.1125199,-0.6162528,0.1579761
89,1782728468.912439823,2.958701015,3478364,5,-0.4467839,0.0981508,1.4589475,0.3857602,-0.4152774,-0.2541495,-0.1839219,-0.2500748,-0.3277566,0.5096412,0.3692460,-0.1132869,-0.6252050,0.1664010
90,1782728468.946674347,2.991689945,3478398,5,-0.4465202,0.0981388,1.4910893,0.3856763,-0.4153852,-0.2538978,-0.1826156,-0.2500029,-0.3301414,0.5531918,0.3379791,-0.1138382,-0.6339296,0.1735436
91,1782728468.979229450,3.026639416,3478430,5,-0.4458611,0.0981628,1.5217090,0.3854247,-0.4153493,-0.2505422,-0.1815610,-0.2500269,-0.3344078,0.5960954,0.3059693,-0.1139340,-0.6397060,0.1796675
92,1782728469.066464663,3.058927971,3478518,5,-0.4435841,0.0982107,1.6041964,0.3853408,-0.4152414,-0.2346511,-0.1771029,-0.2509617,-0.3414905,0.7130614,0.2329014,-0.1144494,-0.6646811,0.2002205
93,1782728469.078798532,3.146220655,3478530,5,-0.4431647,0.0981868,1.6149462,0.3853288,-0.4152294,-0.2329733,-0.1766714,-0.2509856,-0.3428327,0.7299232,0.2241170,-0.1145213,-0.6684561,0.2031925
94,1782728469.110986471,3.158532954,3478562,5,-0.4404682,0.0981868,1.6429534,0.3853288,-0.4152294,-0.2269812,-0.1761681,-0.2512253,-0.3462123,0.7745285,0.2045827,-0.1150725,-0.6787027,0.2098797
95,1782728469.145123005,3.190571196,3478596,5,-0.4340566,0.0981149,1.6656035,0.3853887,-0.4151695,-0.2203899,-0.1757846,-0.2512253,-0.3499753,0.8180193,0.1886317,-0.1167623,-0.6879904,0.2159198
96,1782728469.173739195,3.224471034,3478625,5,-0.4297663,0.0980909,1.6844907,0.3854007,-0.4150377,-0.2149491,-0.1757487,-0.2512852,-0.3532350,0.8513234,0.1794158,-0.1185480,-0.6939825,0.2199824
97,1782728469.212508440,3.252945034,3478664,5,-0.4273095,0.0980430,1.7115511,0.3854007,-0.4149179,-0.2108984,-0.1757127,-0.2512972,-0.3610727,0.8940831,0.1673717,-0.1210047,-0.6964872,0.2264300
98,1782728469.246738434,3.292016301,3478698,5,-0.4270938,0.0980430,1.7334702,0.3853528,-0.4150017,-0.2076986,-0.1755929,-0.2512613,-0.3642366,0.9277828,0.1581918,-0.1233177,-0.6982129,0.2335366
99,1782728469.279244184,3.325880906,3478730,5,-0.4271418,0.0980909,1.7528127,0.3853767,-0.4149298,-0.2020780,-0.1756049,-0.2512972,-0.3717387,0.9576355,0.1538295,-0.1254748,-0.6993155,0.2392411
100,1782728469.312325478,3.358681029,3478764,5,-0.4271058,0.0980789,1.7717119,0.3853528,-0.4148939,-0.1954507,-0.1755929,-0.2511654,-0.3776110,0.9854748,0.1536378,-0.1276679,-0.6992556,0.2436273
101,1782728469.346615076,3.391871980,3478798,5,-0.4271178,0.0980430,1.7892448,0.3854007,-0.4147740,-0.1882842,-0.1755449,-0.2509856,-0.3816257,1.0102342,0.1536617,-0.1289023,-0.6992316,0.2469350
102,1782728469.378773451,3.426322011,3478830,5,-0.4270698,0.0980549,1.8025953,0.3854007,-0.4147980,-0.1829392,-0.1755330,-0.2502426,-0.3836870,1.0261253,0.1537336,-0.1299569,-0.6988361,0.2483251
103,1782728469.412440538,3.458348925,3478863,5,-0.4271178,0.0980549,1.8142320,0.3854007,-0.4147261,-0.1774624,-0.1755090,-0.2502786,-0.3861917,1.0375103,0.1536977,-0.1300648,-0.6989440,0.2486127
104,1782728469.445363760,3.491851246,3478897,5,-0.4270579,0.0980549,1.8220097,0.3853887,-0.4147261,-0.1718778,-0.1754610,-0.2503385,-0.3877616,1.0448327,0.1536857,-0.1300768,-0.6989560,0.2486607
105,1782728469.478760481,3.525012117,3478930,5,-0.4270818,0.0980549,1.8262761,0.3853887,-0.4145943,-0.1692053,-0.1754610,-0.2503625,-0.3889960,1.0498900,0.1536497,-0.1300888,-0.6989560,0.2486966
106,1782728469.511803389,3.557945427,3478963,5,-0.4270938,0.0980669,1.8284572,0.3853647,-0.4143666,-0.1683185,-0.1754730,-0.2503625,-0.3898828,1.0525506,0.1536497,-0.1300648,-0.6989560,0.2486847
107,1782728469.544122458,3.590926868,3478995,5,-0.4270818,0.0980549,1.8292482,0.3853887,-0.4140310,-0.1677791,-0.1754610,-0.2503625,-0.3906857,1.0535452,0.1536617,-0.1301007,-0.6989560,0.2486847
108,1782728469.574643612,3.623896820,3479026,5,-0.4271178,0.0980669,1.8293082,0.3853767,-0.4136835,-0.1676833,-0.1754730,-0.2503625,-0.3913089,1.0537369,0.1536497,-0.1300768,-0.6989320,0.2486607
109,1782728469.611641884,3.654219487,3479063,5,-0.4271418,0.0980789,1.8292961,0.3853647,-0.4126289,-0.1675515,-0.1754610,-0.2503744,-0.3918003,1.0536771,0.1536617,-0.1300768,-0.6989320,0.2486727
110,1782728469.645911217,3.691322212,3479097,5,-0.4271897,0.0980789,1.8292122,0.3854007,-0.4086021,-0.1673118,-0.1754610,-0.2503744,-0.3922077,1.0532936,0.1536497,-0.1300648,-0.6989200,0.2486847
111,1782728469.680067778,3.725111998,3479131,5,-0.4271897,0.0980669,1.8280138,0.3853767,-0.3986912,-0.1670481,-0.1754850,-0.2503625,-0.3924474,1.0508487,0.1536497,-0.1301607,-0.6987522,0.2487566
112,1782728469.713303089,3.759590030,3479165,5,-0.4271777,0.0980669,1.8237355,0.3853647,-0.3879294,-0.1667245,-0.1754970,-0.2503625,-0.3925313,1.0448927,0.1536737,-0.1302326,-0.6982489,0.2488524
113,1782728469.746499777,3.792881945,3479198,5,-0.4269740,0.0980669,1.8141720,0.3853767,-0.3760650,-0.1666407,-0.1754371,-0.2503025,-0.3924115,1.0331601,0.1536737,-0.1306640,-0.6971224,0.2492000
114,1782728469.779893875,3.826024478,3479231,5,-0.4261591,0.0980789,1.7984368,0.3853408,-0.3616000,-0.1665927,-0.1753891,-0.2503025,-0.3921238,1.0143927,0.1536737,-0.1312393,-0.6949173,0.2495116
115,1782728469.812212467,3.859844666,3479263,5,-0.4254520,0.0980909,1.7796814,0.3853528,-0.3480698,-0.1665927,-0.1754131,-0.2503744,-0.3920040,0.9921740,0.1536378,-0.1315029,-0.6918853,0.2496913
116,1782728469.845154047,3.892198022,3479297,5,-0.4246011,0.0981508,1.7548860,0.3853408,-0.3323945,-0.1666287,-0.1752933,-0.2503385,-0.3917164,0.9651616,0.1536497,-0.1315868,-0.6863845,0.2498112
117,1782728469.879663706,3.925249161,3479331,5,-0.4223241,0.0981987,1.7222890,0.3853528,-0.3142623,-0.1666167,-0.1752693,-0.2502666,-0.3911052,0.9331397,0.1537097,-0.1317666,-0.6789064,0.2501228
118,1782728469.912704945,3.958805756,3479364,5,-0.4205025,0.0984504,1.6860367,0.3853408,-0.2952434,-0.1666407,-0.1752453,-0.2502546,-0.3911531,0.9007344,0.1537816,-0.1317666,-0.6722791,0.2501108
119,1782728469.944933414,3.992199049,3479396,5,-0.4186330,0.0996249,1.6436006,0.3853528,-0.2731924,-0.1666167,-0.1752693,-0.2502786,-0.3910573,0.8670707,0.1540093,-0.1317905,-0.6647890,0.2501827
120,1782728469.973422050,4.024770717,3479425,5,-0.4179019,0.1027048,1.6022789,0.3853408,-0.2512852,-0.1665807,-0.1752214,-0.2502066,-0.3900865,0.8345934,0.1553635,-0.1318385,-0.6582336,0.2502546
121,1782728470.012389421,4.053635833,3479464,5,-0.4171349,0.1093081,1.5421062,0.3853647,-0.2182327,-0.1661253,-0.1752453,-0.2501467,-0.3885885,0.7899282,0.1617511,-0.1317546,-0.6518101,0.2502546
122,1782728470.045755863,4.092070984,3479497,5,-0.4170031,0.1163189,1.4871944,0.3853887,-0.1918555,-0.1659096,-0.1755449,-0.2501228,-0.3870305,0.7515787,0.1711108,-0.1316946,-0.6446674,0.2502306
123,1782728470.081010103,4.125833569,3479532,5,-0.4165237,0.1247318,1.4271774,0.3853647,-0.1651906,-0.1655860,-0.1759404,-0.2500868,-0.3849932,0.7096099,0.1879127,-0.1316827,-0.6393105,0.2502426
124,1782728470.154898167,4.160949926,3479606,5,-0.4159605,0.1448174,1.3057532,0.3854007,-0.1134307,-0.1652984,-0.1779777,-0.2498591,-0.3822728,0.6286445,0.2300971,-0.1315029,-0.6283569,0.2500389
125,1782728470.166332245,4.234697087,3479618,5,-0.4154811,0.1483288,1.2852004,0.3854007,-0.1047661,-0.1652385,-0.1779298,-0.2495955,-0.3820930,0.6159053,0.2374914,-0.1315149,-0.6275300,0.2500509
126,1782728470.210978508,4.245497721,3479662,5,-0.4146422,0.1611998,1.2114015,0.3853647,-0.0718454,-0.1654422,-0.1790563,-0.2491520,-0.3810025,0.5722228,0.2656663,-0.1314190,-0.6230958,0.2498471
127,1782728470.244232655,4.291189008,3479696,5,-0.4145224,0.1687259,1.1565737,0.3853647,-0.0444735,-0.1661733,-0.1807581,-0.2485768,-0.3801037,0.5428615,0.2853804,-0.1314190,-0.6195245,0.2499190
128,1782728470.276568174,4.323471866,3479728,5,-0.4141988,0.1757966,1.1059881,0.3853647,-0.0167899,-0.1667485,-0.1826156,-0.2482293,-0.3789652,0.5169396,0.3054539,-0.1313471,-0.6176550,0.2498831
129,1782728470.309906721,4.356238835,3479761,5,-0.4135037,0.1829752,1.0553788,0.3853887,0.0085687,-0.1668803,-0.1870977,-0.2479416,-0.3781143,0.4922521,0.3237778,-0.1314190,-0.6136163,0.2498711
130,1782728470.343070745,4.389323638,3479794,5,-0.4129644,0.1900818,1.0042062,0.3853887,0.0344187,-0.1668923,-0.1907170,-0.2475462,-0.3776469,0.4701891,0.3422815,-0.1313591,-0.6105244,0.2498711
131,1782728470.376459837,4.422754661,3479828,5,-0.4130004,0.1945279,0.9586541,0.3853647,0.0561101,-0.1672758,-0.1942283,-0.2474743,-0.3772394,0.4517573,0.3594429,-0.1313351,-0.6065816,0.2497273
132,1782728470.404841900,4.456026830,3479856,5,-0.4122214,0.1970926,0.9171647,0.3853887,0.0763395,-0.1675515,-0.1952590,-0.2474503,-0.3768919,0.4378317,0.3734644,-0.1312632,-0.6029503,0.2497033
133,1782728470.443768501,4.484463517,3479895,5,-0.4119937,0.1976079,0.8638229,0.3853767,0.1030044,-0.1676593,-0.1962417,-0.2472465,-0.3756216,0.4234866,0.3948682,-0.1310835,-0.5973297,0.2495475
134,1782728470.478072405,4.523880139,3479929,5,-0.4106874,0.1976918,0.8149033,0.3854007,0.1307000,-0.1676833,-0.1971165,-0.2472585,-0.3753100,0.4174585,0.4154691,-0.1309396,-0.5918530,0.2491041
135,1782728470.512094975,4.557708742,3479963,5,-0.4081947,0.1982071,0.7633951,0.3853887,0.1607204,-0.1676713,-0.1978116,-0.2470908,-0.3724937,0.4128805,0.4415708,-0.1308558,-0.5882337,0.2491281
136,1782728470.544625044,4.591610340,3479996,5,-0.4064690,0.1982071,0.7157219,0.3854007,0.1879726,-0.1677192,-0.1991419,-0.2468031,-0.3697852,0.4096808,0.4660066,-0.1308797,-0.5849261,0.2491760
137,1782728470.577894211,4.624043730,3480029,5,-0.4040841,0.1983150,0.6652683,0.3854007,0.2144337,-0.1677312,-0.2011193,-0.2457485,-0.3680715,0.4077872,0.4888485,-0.1309037,-0.5815585,0.2491640
138,1782728470.611148357,4.657742025,3480062,5,-0.3999016,0.2001605,0.6154259,0.3854367,0.2415421,-0.1677911,-0.2065241,-0.2457485,-0.3655428,0.4059896,0.5153456,-0.1308917,-0.5784186,0.2491880
139,1782728470.643304110,4.690413247,3480095,5,-0.3932384,0.2030607,0.5674770,0.3854127,0.2665531,-0.1678391,-0.2147214,-0.2456886,-0.3632179,0.4053904,0.5424780,-0.1309037,-0.5730857,0.2491880
140,1782728470.677487850,4.723127383,3480129,5,-0.3850891,0.2054695,0.5158370,0.3855205,0.2902340,-0.1678630,-0.2212647,-0.2449096,-0.3615761,0.4050668,0.5701735,-0.1309756,-0.5658951,0.2492120
141,1782728470.710701942,4.757044821,3480162,5,-0.3785457,0.2082978,0.4595591,0.3874620,0.3163596,-0.1678750,-0.2286590,-0.2445261,-0.3609888,0.4043477,0.6013445,-0.1310954,-0.5592199,0.2491880
142,1782728470.745132446,4.790324318,3480196,5,-0.3721102,0.2122406,0.4043598,0.3931665,0.3424492,-0.1683784,-0.2373715,-0.2444422,-0.3609409,0.4037126,0.6363024,-0.1313471,-0.5498243,0.2492000
143,1782728470.777336836,4.824356256,3480229,5,-0.3666574,0.2156561,0.3503948,0.4038085,0.3685029,-0.1702239,-0.2414821,-0.2444662,-0.3604735,0.4030415,0.6695227,-0.1313351,-0.5410877,0.2491640
144,1782728470.805804253,4.856800271,3480257,5,-0.3611686,0.2183765,0.3056457,0.4195437,0.3884327,-0.1714583,-0.2429562,-0.2442864,-0.3601379,0.4029815,0.6992316,-0.1314670,-0.5318240,0.2491760
145,1782728470.846618176,4.885502278,3480298,5,-0.3487050,0.2215883,0.2469230,0.4445189,0.4095609,-0.1724290,-0.2439389,-0.2433517,-0.3593350,0.4029456,0.7384920,-0.1314670,-0.5209662,0.2491281
146,1782728470.878158092,4.925800752,3480329,5,-0.3346235,0.2234579,0.2023177,0.4664260,0.4241937,-0.1727526,-0.2441786,-0.2432558,-0.3585560,0.4025262,0.7704419,-0.1314550,-0.5130207,0.2491281
147,1782728470.913264990,4.957786417,3480364,5,-0.3147417,0.2234099,0.1565260,0.4929591,0.4374362,-0.1731001,-0.2448018,-0.2431839,-0.3578130,0.4021547,0.8101816,-0.1314670,-0.5042363,0.2489483
148,1782728470.944587708,4.992681230,3480396,5,-0.2933738,0.2234818,0.1169541,0.5172272,0.4476228,-0.1731601,-0.2451973,-0.2425727,-0.3572857,0.4020588,0.8435336,-0.1314430,-0.4967581,0.2488285
149,1782728470.977493763,5.023907318,3480429,5,-0.2692376,0.2237215,0.0745419,0.5429214,0.4559518,-0.1730882,-0.2460841,-0.2408829,-0.3572977,0.4020228,0.8780123,-0.1314190,-0.4882373,0.2486727
150,1782728471.010994911,5.056999418,3480462,5,-0.2448377,0.2244406,0.0303800,0.5670096,0.4615485,-0.1730762,-0.2464916,-0.2390613,-0.3572138,0.4025741,0.9161221,-0.1313351,-0.4815861,0.2481094
151,1782728471.045131207,5.090314980,3480496,5,-0.2190596,0.2244166,-0.0142373,0.5903549,0.4648201,-0.1730882,-0.2478218,-0.2332849,-0.3573216,0.4037126,0.9517393,-0.1312992,-0.4750307,0.2471387
152,1782728471.077609777,5.124542796,3480529,5,-0.1962417,0.2244526,-0.0532459,0.6111355,0.4665579,-0.1731121,-0.2502426,-0.2249079,-0.3573456,0.4071760,0.9820593,-0.1311434,-0.4684993,0.2460961
153,1782728471.109861851,5.156813973,3480561,5,-0.1755449,0.2252795,-0.0908284,0.6309695,0.4676365,-0.1730882,-0.2523398,-0.2140742,-0.3572258,0.4139231,1.0104619,-0.1311074,-0.4631783,0.2447179
154,1782728471.140073061,5.189242531,3480591,5,-0.1561185,0.2280358,-0.1267571,0.6473519,0.4684753,-0.1731481,-0.2539218,-0.2016346,-0.3564588,0.4247689,1.0340229,-0.1310475,-0.4575697,0.2435794
155,1782728471.172456503,5.219641040,3480624,5,-0.1366082,0.2307802,-0.1608283,0.6629673,0.4688469,-0.1731481,-0.2554797,-0.1842455,-0.3536785,0.4344521,1.0558702,-0.1309876,-0.4521528,0.2432438
156,1782728471.242925167,5.252782773,3480694,5,-0.0965329,0.2369401,-0.2273288,0.6880264,0.4693622,-0.1731601,-0.2567620,-0.1370276,-0.3404718,0.4580011,1.0939680,-0.1309277,-0.4397492,0.2423929
157,1782728471.252271652,5.322400105,3480704,5,-0.0910082,0.2377071,-0.2362930,0.6912861,0.4694580,-0.1731481,-0.2568579,-0.1292259,-0.3382308,0.4621237,1.0981865,-0.1308917,-0.4386706,0.2421173
158,1782728471.313161135,5.331680466,3480764,5,-0.0585070,0.2448138,-0.2958306,0.7086992,0.4695659,-0.1732200,-0.2563666,-0.0836619,-0.3212132,0.4866315,1.1236529,-0.1309277,-0.4351233,0.2422372
159,1782728471.346304178,5.392669106,3480798,5,-0.0390686,0.2469469,-0.3259470,0.7145834,0.4696258,-0.1732799,-0.2562347,-0.0618506,-0.3087736,0.4924678,1.1344507,-0.1253790,-0.4369688,0.2331891
160,1782728471.378616810,5.425724916,3480830,5,-0.0210563,0.2491520,-0.3560154,0.7249378,0.4697936,-0.1732440,-0.2561388,-0.0545402,-0.3050225,0.4928992,1.1376984,-0.1194348,-0.4389223,0.2231223
161,1782728471.412810564,5.458716437,3480864,5,-0.0048776,0.2493558,-0.3872822,0.7318407,0.4699854,-0.1733159,-0.2569418,-0.0499982,-0.3016789,0.4934864,1.1398556,-0.1150605,-0.4413550,0.2120728
162,1782728471.446038961,5.492304072,3480897,5,0.0114569,0.2485169,-0.4151096,0.7347049,0.4698655,-0.1743225,-0.2564025,-0.0481886,-0.2986229,0.4934025,1.1401912,-0.1124959,-0.4450102,0.2028450
163,1782728471.479226828,5.525478702,3480931,5,0.0260058,0.2477619,-0.4419063,0.7400858,0.4698176,-0.1758206,-0.2565823,-0.0473856,-0.2974844,0.4934864,1.1403350,-0.1111177,-0.4477067,0.1983389
164,1782728471.511632919,5.559023135,3480963,5,0.0391884,0.2467073,-0.4633102,0.7439448,0.4693382,-0.1793679,-0.2518845,-0.0471579,-0.2957827,0.4939658,1.1405507,-0.1106743,-0.4489650,0.1964214
165,1782728471.544975519,5.591394507,3480996,5,0.0427837,0.2475941,-0.4846061,0.7449514,0.4688229,-0.1847488,-0.2454250,-0.0463790,-0.2945842,0.4949964,1.1423364,-0.1105425,-0.4490609,0.1941444
166,1782728471.579080820,5.624483183,3481030,5,0.0457318,0.2485528,-0.5045838,0.7450713,0.4686311,-0.1882362,-0.2395767,-0.0467265,-0.2945243,0.4964226,1.1440262,-0.1106623,-0.4489770,0.1931857
167,1782728471.614114761,5.658342826,3481065,5,0.0522033,0.2492000,-0.5242260,0.7451072,0.4683555,-0.1908488,-0.2382344,-0.0470141,-0.2942487,0.4977049,1.1449130,-0.1108061,-0.4488811,0.1926944
168,1782728471.642620325,5.693859195,3481094,5,0.0566135,0.2492000,-0.5418068,0.7451911,0.4683555,-0.1917836,-0.2379348,-0.0467265,-0.2939371,0.4979925,1.1454402,-0.1108061,-0.4488572,0.1919873
169,1782728471.680577278,5.721939070,3481132,5,0.0588545,0.2494517,-0.5604183,0.7452750,0.4699854,-0.1938928,-0.2366765,-0.0464029,-0.2938652,0.4977168,1.1460755,-0.1106384,-0.4488452,0.1902256
170,1782728471.713970661,5.760588659,3481165,5,0.0546481,0.2504823,-0.5700776,0.7461618,0.4700453,-0.1935452,-0.2373236,-0.0467744,-0.2927746,0.4978727,1.1462911,-0.1107342,-0.4488332,0.1889673
171,1782728471.749114275,5.793598292,3481200,5,0.0513165,0.2539338,-0.5789939,0.7468929,0.4698895,-0.1934134,-0.2373116,-0.0466905,-0.2917080,0.4980165,1.1466027,-0.1107103,-0.4487373,0.1876730
172,1782728471.781495810,5.828389518,3481233,5,0.0488117,0.2572534,-0.5881978,0.7477078,0.4699494,-0.1933535,-0.2374315,-0.0468224,-0.2911807,0.4979565,1.1474537,-0.1106623,-0.4487253,0.1868820
173,1782728471.815577745,5.860697048,3481267,5,0.0456839,0.2611722,-0.5972339,0.7481752,0.4699135,-0.1934014,-0.2378269,-0.0471220,-0.2897306,0.4964585,1.1486042,-0.1106144,-0.4487853,0.1865105
174,1782728471.847807884,5.894902783,3481299,5,0.0415853,0.2642402,-0.6070849,0.7494814,0.4700573,-0.1939048,-0.2386059,-0.0467385,-0.2871900,0.4882613,1.1495149,-0.1107103,-0.4487733,0.1863787
175,1782728471.882063389,5.927911615,3481333,5,0.0328727,0.2666250,-0.6213581,0.7526693,0.4724182,-0.1963855,-0.2402238,-0.0441858,-0.2841220,0.4708482,1.1502340,-0.1107342,-0.4487733,0.1863667
176,1782728471.916124344,5.961184680,3481368,5,0.0205050,0.2678714,-0.6375488,0.7569476,0.4779668,-0.2032045,-0.2437711,-0.0391764,-0.2814375,0.4517094,1.1506534,-0.1106983,-0.4488212,0.1866783
177,1782728471.940918684,5.995579157,3481392,5,0.0092758,0.2683987,-0.6497487,0.7604949,0.4844983,-0.2103232,-0.2506621,-0.0361444,-0.2796159,0.4366452,1.1530143,-0.1105305,-0.4491568,0.1874932
178,1782728471.977289915,6.020992067,3481428,5,-0.0081373,0.2692855,-0.6705294,0.7643539,0.4926355,-0.2208813,-0.2621549,-0.0351617,-0.2761885,0.4128446,1.1639559,-0.1099433,-0.4503432,0.1890032
179,1782728472.012456656,6.056537844,3481463,5,-0.0291456,0.2709873,-0.6916696,0.7665590,0.5004253,-0.2322783,-0.2712390,-0.0348381,-0.2719341,0.3866470,1.1761798,-0.1097635,-0.4508466,0.1901297
180,1782728472.042638540,6.091869663,3481494,5,-0.0520715,0.2732883,-0.7133490,0.7668825,0.5047995,-0.2435674,-0.2791605,-0.0328727,-0.2693574,0.3653871,1.1846646,-0.1096077,-0.4508825,0.1915918
181,1782728472.080610037,6.122060133,3481532,5,-0.0834222,0.2750260,-0.7377130,0.7670743,0.5075080,-0.2616636,-0.2838344,-0.0284985,-0.2669486,0.3418261,1.1929817,-0.1096557,-0.4509424,0.1936291
182,1782728472.116842508,6.160800445,3481568,5,-0.1155279,0.2758169,-0.7613818,0.7669665,0.5089820,-0.2806945,-0.2854643,-0.0267967,-0.2644799,0.3180493,1.2054693,-0.1096676,-0.4519731,0.1956065
183,1782728472.150057793,6.196078246,3481601,5,-0.1463514,0.2754095,-0.7787230,0.7650011,0.5094854,-0.2997015,-0.2859556,-0.0248793,-0.2629099,0.2961182,1.2134268,-0.1095358,-0.4526442,0.1971645
184,1782728472.181390762,6.229341390,3481633,5,-0.1767913,0.2754215,-0.7953091,0.7604111,0.5097610,-0.3170427,-0.2864350,-0.0199657,-0.2628380,0.2729168,1.2166386,-0.1090924,-0.4537947,0.1980633
185,1782728472.214782715,6.261019588,3481666,5,-0.2051100,0.2744867,-0.8044291,0.7482471,0.5098329,-0.3332933,-0.2866027,-0.0149323,-0.2634013,0.2542334,1.2176812,-0.1077741,-0.4552927,0.1982910
186,1782728472.247023344,6.294070661,3481698,5,-0.2303248,0.2717063,-0.8079285,0.7347768,0.5096532,-0.3490765,-0.2866027,-0.0115049,-0.2635810,0.2373476,1.2182684,-0.1063480,-0.4565391,0.1987704
187,1782728472.280145168,6.326962210,3481731,5,-0.2587634,0.2638327,-0.8121709,0.7223611,0.5096891,-0.3628584,-0.2867945,-0.0079455,-0.2641683,0.2210251,1.2183523,-0.1053653,-0.4571862,0.1990340
188,1782728472.351404190,6.360222346,3481803,5,-0.3171386,0.2299293,-0.8144120,0.6954685,0.5082390,-0.3857003,-0.2872259,-0.0041945,-0.2748342,0.1957024,1.2211326,-0.1046582,-0.4561675,0.1991179
189,1782728472.362182379,6.430977762,3481813,5,-0.3261028,0.2227628,-0.8144719,0.6914898,0.5071125,-0.3881691,-0.2872020,-0.0040746,-0.2772311,0.1903934,1.2222112,-0.1047062,-0.4556163,0.1991179
190,1782728472.413037777,6.441321037,3481864,5,-0.3727693,0.1781215,-0.8145078,0.6840715,0.4960510,-0.3973370,-0.2879689,-0.0033436,-0.2947520,0.1676713,1.2296894,-0.1060364,-0.4485456,0.1994055
191,1782728472.445492506,6.492944129,3481897,5,-0.3996979,0.1462195,-0.8102175,0.6802606,0.4814663,-0.4016873,-0.2882925,0.0033076,-0.3072396,0.1448893,1.2355018,-0.1056889,-0.4439317,0.1993576
192,1782728472.474905014,6.525490898,3481926,5,-0.4215451,0.1188236,-0.7989284,0.6765575,0.4660425,-0.4050308,-0.2886521,0.0106180,-0.3175940,0.1250434,1.2423687,-0.1048859,-0.4396773,0.1995254
193,1782728472.514776945,6.554896255,3481966,5,-0.4502114,0.0815527,-0.7754273,0.6747957,0.4454536,-0.4075835,-0.2894430,0.0176048,-0.3306807,0.0998645,1.2488402,-0.0998406,-0.4351233,0.1994654
194,1782728472.547944784,6.594115686,3481999,5,-0.4749229,0.0501060,-0.7479595,0.6746640,0.4243854,-0.4081587,-0.2908092,0.0201934,-0.3404479,0.0768429,1.2508655,-0.0950709,-0.4323429,0.1994295
195,1782728472.581241608,6.627873439,3482033,5,-0.5028821,0.0230217,-0.7180109,0.6745561,0.4035808,-0.4081348,-0.2923552,0.0200736,-0.3491364,0.0589864,1.2512250,-0.0898817,-0.4308089,0.1991179
196,1782728472.613867760,6.660835709,3482065,5,-0.5315244,-0.0036432,-0.6840116,0.6744483,0.3761129,-0.4081587,-0.2953992,0.0192467,-0.3575014,0.0412737,1.2512490,-0.0869336,-0.4290233,0.1993216
197,1782728472.647770166,6.693053508,3482099,5,-0.5607659,-0.0257901,-0.6450149,0.6709608,0.3446543,-0.4082067,-0.2970051,0.0158431,-0.3660582,0.0258859,1.2513208,-0.0849921,-0.4262310,0.1994175
198,1782728472.679305553,6.727119270,3482130,5,-0.5844467,-0.0394760,-0.6063179,0.6641058,0.3109547,-0.4082546,-0.2988267,0.0103304,-0.3733206,0.0136620,1.2512610,-0.0833982,-0.4248408,0.1995254
199,1782728472.713315487,6.759437200,3482165,5,-0.6059344,-0.0491593,-0.5529881,0.6546623,0.2717663,-0.4083864,-0.3004685,0.0006951,-0.3791569,-0.0045660,1.2512850,-0.0825234,-0.4231271,0.1996931
200,1782728472.748512268,6.792776731,3482200,5,-0.6245699,-0.0532219,-0.4963986,0.6453505,0.2353342,-0.4083025,-0.3009718,-0.0104143,-0.3857243,-0.0200616,1.2512850,-0.0813729,-0.4218447,0.1996332
201,1782728472.779939175,6.827889183,3482231,5,-0.6367938,-0.0541088,-0.4389103,0.6404969,0.2042232,-0.4080868,-0.3013194,-0.0200736,-0.3924235,-0.0355212,1.2512850,-0.0807257,-0.4206103,0.1998849
202,1782728472.813346148,6.859546740,3482264,5,-0.6463812,-0.0529583,-0.3742314,0.6391307,0.1682825,-0.4066967,-0.3015471,-0.0292415,-0.4008004,-0.0541208,1.2515845,-0.0802464,-0.4189445,0.2000527
203,1782728472.848388672,6.893241578,3482299,5,-0.6558967,-0.0503098,-0.3133156,0.6384236,0.1310475,-0.4027539,-0.3009479,-0.0390326,-0.4084104,-0.0755246,1.2526871,-0.0793595,-0.4167394,0.1999448
204,1782728472.874813080,6.927758458,3482326,5,-0.6619726,-0.0494229,-0.2633414,0.6381360,0.1028726,-0.3969055,-0.3016549,-0.0476013,-0.4117301,-0.0947952,1.2546765,-0.0778495,-0.4146901,0.1998849
205,1782728472.915018797,6.953953665,3482366,5,-0.6720394,-0.0493750,-0.1806023,0.6380641,0.0599691,-0.3862995,-0.3014752,-0.0650863,-0.4141988,-0.1224668,1.2567258,-0.0700478,-0.4123293,0.1996092
206,1782728472.947210789,6.994688344,3482398,5,-0.6795535,-0.0473497,-0.1112376,0.6381001,0.0258739,-0.3777787,-0.3010677,-0.0847884,-0.4156249,-0.1356375,1.2588350,-0.0599571,-0.4105676,0.1993336
207,1782728472.981275082,7.026916895,3482432,5,-0.6888892,-0.0424242,-0.0419807,0.6381001,-0.0075980,-0.3673045,-0.2994139,-0.1089845,-0.4164039,-0.1453567,1.2594942,-0.0507412,-0.4096088,0.1990700
208,1782728473.012804508,7.060589781,3482464,5,-0.6962236,-0.0373309,0.0267368,0.6381240,-0.0402670,-0.3570340,-0.2983233,-0.1377467,-0.4163200,-0.1481370,1.2606087,-0.0387450,-0.4084823,0.1990340
209,1782728473.045988321,7.092572756,3482497,5,-0.7038096,-0.0325851,0.0980909,0.6381480,-0.0746497,-0.3436477,-0.2966575,-0.1700801,-0.4160084,-0.1484726,1.2606926,-0.0252508,-0.4080509,0.1992018
210,1782728473.079266787,7.125376333,3482530,5,-0.7112518,-0.0275278,0.1697206,0.6381480,-0.1066476,-0.3320949,-0.2932420,-0.2039955,-0.4157807,-0.1485085,1.2608004,-0.0126074,-0.4078591,0.1993216
211,1782728473.113403320,7.159262473,3482565,5,-0.7198924,-0.0229258,0.2382943,0.6381600,-0.1352659,-0.3189602,-0.2882446,-0.2374195,-0.4156369,-0.1485445,1.2606206,0.0023609,-0.4078711,0.1993456
212,1782728473.147490978,7.192610868,3482599,5,-0.7293000,-0.0182520,0.3009359,0.6381360,-0.1607204,-0.3083661,-0.2830195,-0.2686983,-0.4156489,-0.1486883,1.2603810,0.0141054,-0.4080509,0.1993336
213,1782728473.180880547,7.226845467,3482632,5,-0.7352322,-0.0078257,0.3656867,0.6381360,-0.1829752,-0.2991982,-0.2816053,-0.3000131,-0.4152774,-0.1487122,1.2600933,0.0218353,-0.4086142,0.1993456
214,1782728473.212925434,7.260160229,3482664,5,-0.7385399,0.0008868,0.4321152,0.6381240,-0.2039356,-0.2940689,-0.2810181,-0.3294823,-0.4151695,-0.1487122,1.2601054,0.0266889,-0.4125809,0.1994654
215,1782728473.246267557,7.293028864,3482698,5,-0.7408409,0.0079815,0.4960510,0.6381121,-0.2245484,-0.2889756,-0.2792804,-0.3572737,-0.4152534,-0.1487003,1.2598417,0.0294333,-0.4177222,0.1994295
216,1782728473.274093151,7.326315369,3482725,5,-0.7416438,0.0152200,0.5516579,0.6380881,-0.2422132,-0.2822285,-0.2783816,-0.3793726,-0.4146662,-0.1484726,1.2598537,0.0309553,-0.4228993,0.2005320
217,1782728473.314773798,7.353457965,3482766,5,-0.7419674,0.0263893,0.6275420,0.6381360,-0.2672722,-0.2742350,-0.2769195,-0.4098725,-0.4128565,-0.1483647,1.2598057,0.0324413,-0.4344521,0.2038756
218,1782728473.348841667,7.394479629,3482800,5,-0.7428302,0.0354733,0.6924486,0.6380881,-0.2873218,-0.2667928,-0.2762963,-0.4335413,-0.4102680,-0.1480891,1.2598057,0.0334839,-0.4472273,0.2077106
219,1782728473.382078886,7.428529807,3482833,5,-0.7441126,0.0422444,0.7601594,0.6381001,-0.3042435,-0.2586555,-0.2756971,-0.4560597,-0.4067686,-0.1465671,1.2595661,0.0344307,-0.4628308,0.2125762
220,1782728473.467614412,7.461442763,3482919,5,-0.7462218,0.0527186,0.9295684,0.6381001,-0.3378713,-0.2553119,-0.2713109,-0.5008327,-0.3947244,-0.1245041,1.2431836,0.0348381,-0.5038887,0.2289466
221,1782728473.480020285,7.547419498,3482931,5,-0.7464615,0.0545762,0.9536927,0.6381240,-0.3410591,-0.2551801,-0.2709274,-0.5058302,-0.3929747,-0.1188715,1.2401996,0.0346704,-0.5093895,0.2314993
222,1782728473.513209581,7.560390504,3482964,5,-0.7472644,0.0604964,1.0200133,0.6380881,-0.3478901,-0.2547726,-0.2695612,-0.5168916,-0.3858202,-0.0979830,1.2263098,0.0345505,-0.5246814,0.2385220
223,1782728473.546440363,7.593191362,3482998,5,-0.7479595,0.0705751,1.0901691,0.6380881,-0.3526598,-0.2546648,-0.2677036,-0.5265030,-0.3749145,-0.0673993,1.2079859,0.0346943,-0.5409919,0.2445861
224,1782728473.579806805,7.625640048,3483031,5,-0.7481512,0.0796711,1.1498265,0.6380881,-0.3564588,-0.2546768,-0.2643720,-0.5316442,-0.3642366,-0.0370193,1.1880322,0.0345026,-0.5562598,0.2498112
225,1782728473.614041567,7.659140671,3483065,5,-0.7488223,0.0864662,1.2114494,0.6380401,-0.3582325,-0.2546648,-0.2637249,-0.5322554,-0.3543616,0.0013902,1.1653341,0.0341550,-0.5711682,0.2543412
226,1782728473.647465229,7.693854966,3483098,5,-0.7491938,0.0920149,1.2666488,0.6379682,-0.3597305,-0.2546288,-0.2630418,-0.5323632,-0.3427249,0.0355692,1.1471300,0.0339154,-0.5831644,0.2598060
227,1782728473.679523468,7.726957816,3483131,5,-0.7495414,0.0980549,1.3210092,0.6375967,-0.3605095,-0.2546648,-0.2629459,-0.5323632,-0.3278405,0.0687175,1.1283628,0.0336637,-0.5903429,0.2654865
228,1782728473.708012342,7.759264194,3483159,5,-0.7496013,0.1053294,1.3717983,0.6375728,-0.3610727,-0.2546169,-0.2626463,-0.5322434,-0.3145140,0.1017700,1.1097633,0.0329926,-0.5964309,0.2714547
229,1782728473.747856617,7.787171199,3483199,5,-0.7495174,0.1171338,1.4400485,0.6369975,-0.3622232,-0.2547008,-0.2619871,-0.5321715,-0.2937453,0.1514566,1.0845844,0.0320099,-0.6070369,0.2773030
230,1782728473.781177759,7.827345668,3483232,5,-0.7494335,0.1227304,1.4856484,0.6343850,-0.3633737,-0.2551801,-0.2611602,-0.5321355,-0.2778303,0.1894466,1.0662485,0.0311110,-0.6156177,0.2806226
231,1782728473.814508915,7.860769457,3483266,5,-0.7494455,0.1274163,1.5278329,0.6305740,-0.3639969,-0.2555996,-0.2611363,-0.5321835,-0.2625025,0.2264060,1.0477328,0.0299366,-0.6247137,0.2825401
232,1782728473.847735643,7.894040281,3483299,5,-0.7494215,0.1306760,1.5694542,0.6276618,-0.3645961,-0.2568938,-0.2609445,-0.5320756,-0.2461200,0.2610764,1.0300682,0.0291576,-0.6331865,0.2839662
233,1782728473.880886793,7.927033592,3483332,5,-0.7492537,0.1339237,1.6076000,0.6259601,-0.3648358,-0.2573133,-0.2608486,-0.5320517,-0.2305046,0.2964777,1.0100065,0.0279712,-0.6385674,0.2862073
234,1782728473.914313555,7.960290592,3483365,5,-0.7478157,0.1356255,1.6397656,0.6256484,-0.3651953,-0.2577687,-0.2607408,-0.5320277,-0.2145536,0.3282839,0.9909396,0.0273840,-0.6438405,0.2875615
235,1782728473.947693586,7.993715053,3483399,5,-0.7443402,0.1366681,1.6664784,0.6255766,-0.3650994,-0.2577447,-0.2606929,-0.5320517,-0.2034682,0.3659743,0.9672468,0.0270604,-0.6479151,0.2878851
236,1782728473.980742693,8.027110394,3483432,5,-0.7396544,0.1365363,1.6918250,0.6256005,-0.3650395,-0.2576608,-0.2605970,-0.5319917,-0.1940845,0.4034849,0.9437338,0.0262934,-0.6534159,0.2890356
237,1782728474.012972832,8.060578920,3483464,5,-0.7351603,0.1365123,1.7166803,0.6255885,-0.3646800,-0.2573493,-0.2606210,-0.5313206,-0.1874213,0.4400128,0.9195616,0.0258859,-0.6587849,0.2896108
238,1782728474.046294212,8.092925587,3483497,5,-0.7305104,0.1365602,1.7421827,0.6255646,-0.3645122,-0.2573612,-0.2605850,-0.5310929,-0.1849166,0.4787219,0.8885464,0.0256942,-0.6637583,0.2898984
239,1782728474.080528975,8.126043286,3483532,5,-0.7254291,0.1365483,1.7701300,0.6255885,-0.3643923,-0.2571695,-0.2606449,-0.5311169,-0.1860191,0.5217812,0.8511916,0.0256103,-0.6700261,0.2898984
240,1782728474.108896732,8.160070774,3483560,5,-0.7201441,0.1365842,1.7936790,0.6255766,-0.3642246,-0.2571455,-0.2606329,-0.5311169,-0.1878527,0.5584170,0.8181391,0.0255983,-0.6759822,0.2899224
241,1782728474.149003506,8.188989811,3483600,5,-0.7136726,0.1365363,1.8226569,0.6255766,-0.3640209,-0.2569897,-0.2606090,-0.5310929,-0.1904893,0.6059824,0.7723953,0.0255504,-0.6837360,0.2903898
242,1782728474.181983709,8.228794859,3483633,5,-0.7082557,0.1368479,1.8450674,0.6256245,-0.3635055,-0.2564744,-0.2606569,-0.5311528,-0.1967091,0.6469085,0.7309299,0.0256702,-0.6869717,0.2901261
243,1782728474.216271877,8.261345436,3483667,5,-0.7015086,0.1373153,1.8650930,0.6256245,-0.3634816,-0.2564744,-0.2606210,-0.5311648,-0.2041393,0.6883499,0.6888053,0.0255863,-0.6922927,0.2905695
244,1782728474.247622967,8.295558018,3483699,5,-0.6949292,0.1374591,1.8787191,0.6256245,-0.3634456,-0.2564864,-0.2605610,-0.5314525,-0.2066200,0.7271429,0.6508033,0.0258020,-0.6952768,0.2902100
245,1782728474.281138897,8.327723495,3483732,5,-0.6875709,0.1380343,1.8873597,0.6256484,-0.3633857,-0.2564265,-0.2605490,-0.5321355,-0.2105988,0.7705018,0.6125497,0.0258859,-0.6989320,0.2902340
246,1782728474.315913439,8.360466014,3483767,5,-0.6816627,0.1403952,1.8957726,0.6256245,-0.3633018,-0.2564145,-0.2605850,-0.5327348,-0.2157760,0.8162696,0.5792695,0.0260178,-0.7002143,0.2902579
247,1782728474.347380161,8.395217109,3483799,5,-0.6771087,0.1435590,1.9012613,0.6256484,-0.3632179,-0.2563785,-0.2605850,-0.5333939,-0.2204978,0.8604195,0.5514182,0.0259219,-0.7003582,0.2901141
248,1782728474.381519318,8.427060815,3483833,5,-0.6733936,0.1490238,1.9075291,0.6256245,-0.3630022,-0.2563426,-0.2605970,-0.5341489,-0.2271370,0.9129583,0.5215895,0.0257661,-0.7007296,0.2903059
249,1782728474.415934563,8.460740772,3483867,5,-0.6692111,0.1544407,1.9111124,0.6256245,-0.3626067,-0.2563306,-0.2606090,-0.5344605,-0.2351784,0.9682415,0.4922880,0.0257901,-0.7010891,0.2903298
250,1782728474.447297335,8.495260020,3483898,5,-0.6663709,0.1584075,1.9129341,0.6256245,-0.3622951,-0.2563426,-0.2606090,-0.5345324,-0.2437831,1.0173888,0.4677922,0.0254545,-0.7014726,0.2911208
251,1782728474.480468273,8.526840614,3483932,5,-0.6622962,0.1622305,1.9130658,0.6256245,-0.3621034,-0.2562587,-0.2606329,-0.5347241,-0.2518365,1.0657451,0.4492047,0.0254185,-0.7016284,0.2911567
252,1782728474.574336767,8.559629054,3484026,5,-0.6544106,0.1812614,1.9160379,0.6256365,-0.3614323,-0.2494397,-0.2605970,-0.5352634,-0.2855481,1.1915675,0.4115862,0.0253466,-0.7022756,0.2910729
253,1782728474.586745024,8.653942278,3484038,5,-0.6542428,0.1848087,1.9161098,0.6256245,-0.3613364,-0.2476540,-0.2606090,-0.5352395,-0.2901980,1.2058048,0.4089617,0.0252268,-0.7023116,0.2913365
254,1782728474.614354134,8.666531225,3484066,5,-0.6541350,0.1940965,1.9162177,0.6256245,-0.3611446,-0.2441067,-0.2606090,-0.5351915,-0.3012595,1.2346148,0.4037845,0.0246635,-0.7022996,0.2918878
255,1782728474.647510290,8.693830274,3484099,5,-0.6541470,0.2040075,1.9162058,0.6256245,-0.3609888,-0.2400920,-0.2606210,-0.5349039,-0.3174621,1.2621427,0.3968936,0.0242681,-0.7022876,0.2924630
256,1782728474.679937601,8.727096873,3484131,5,-0.6541470,0.2118451,1.9161817,0.6256125,-0.3606533,-0.2371678,-0.2606329,-0.5333939,-0.3333532,1.2799033,0.3898229,0.0236688,-0.7022636,0.2930742
257,1782728474.715016842,8.759615705,3484166,5,-0.6541350,0.2189278,1.9161817,0.6256005,-0.3602937,-0.2358735,-0.2606689,-0.5257839,-0.3492563,1.2870938,0.3829080,0.0234411,-0.7022756,0.2931581
258,1782728474.746401548,8.794302158,3484198,5,-0.6541470,0.2242249,1.9161937,0.6256005,-0.3602698,-0.2346991,-0.2606569,-0.5194083,-0.3607492,1.2889754,0.3787135,0.0234292,-0.7022756,0.2931701
259,1782728474.780537128,8.826493972,3484232,5,-0.6541470,0.2280838,1.9161817,0.6255885,-0.3601379,-0.2319187,-0.2607048,-0.5138236,-0.3703845,1.2890952,0.3777668,0.0234651,-0.7022756,0.2930383
260,1782728474.813629627,8.859964674,3484265,5,-0.6541470,0.2296777,1.9162058,0.6256125,-0.3600421,-0.2284912,-0.2606809,-0.5076758,-0.3779345,1.2890592,0.3777668,0.0234771,-0.7022157,0.2929184
261,1782728474.842216253,8.893545364,3484294,5,-0.6541470,0.2299054,1.9161817,0.6255766,-0.3599222,-0.2259745,-0.2606689,-0.5035052,-0.3829799,1.2891551,0.3777668,0.0234411,-0.7021198,0.2929783
262,1782728474.882366896,8.921393934,3484333,5,-0.6541470,0.2298814,1.9161937,0.6256005,-0.3588437,-0.2228826,-0.2606569,-0.5006890,-0.3873781,1.2888675,0.3777668,0.0234651,-0.7020958,0.2929424
263,1782728474.912673950,8.962233160,3484364,5,-0.6541470,0.2298574,1.9161937,0.6256245,-0.3561712,-0.2205577,-0.2606569,-0.4993947,-0.3893675,1.2864467,0.3777668,0.0234172,-0.7020958,0.2930263
264,1782728474.942123175,8.992449070,3484393,5,-0.6541230,0.2298814,1.9161937,0.6256005,-0.3516771,-0.2184005,-0.2606569,-0.4971536,-0.3904580,1.2798194,0.3777787,0.0233453,-0.7020838,0.2931701
265,1782728474.976117134,9.022047617,3484427,5,-0.6541350,0.2298574,1.9161698,0.6256005,-0.3439473,-0.2170942,-0.2606569,-0.4940737,-0.3903502,1.2626820,0.3778267,0.0227700,-0.7020479,0.2937813
266,1782728475.017127991,9.055699893,3484468,5,-0.6541350,0.2298574,1.9145879,0.6256005,-0.3310283,-0.2163392,-0.2606449,-0.4885010,-0.3883488,1.2263218,0.3778267,0.0219311,-0.7020479,0.2945723
267,1782728475.050361156,9.096680915,3484502,5,-0.6541230,0.2297616,1.9096144,0.6255766,-0.3188763,-0.2157640,-0.2606090,-0.4872426,-0.3866231,1.1882719,0.3778866,0.0219311,-0.7019161,0.2945603
268,1782728475.083863735,9.129798870,3484535,5,-0.6539672,0.2295219,1.8941427,0.6256125,-0.3054659,-0.2155962,-0.2602015,-0.4867873,-0.3841903,1.1416773,0.3781503,0.0217634,-0.7017363,0.2947041
269,1782728475.116828918,9.163208962,3484568,5,-0.6531283,0.2294140,1.8666149,0.6256245,-0.2852725,-0.2153565,-0.2600697,-0.4865835,-0.3816257,1.0888867,0.3784139,0.0218353,-0.7013528,0.2947280
270,1782728475.150193691,9.196209313,3484601,5,-0.6523493,0.2294739,1.8317529,0.6255885,-0.2612202,-0.2149611,-0.2601536,-0.4866794,-0.3790491,1.0307633,0.3792049,0.0227580,-0.7010412,0.2945723
271,1782728475.182566881,9.229657742,3484634,5,-0.6508753,0.2298814,1.7921571,0.6254207,-0.2323861,-0.2150090,-0.2601655,-0.4865715,-0.3762927,0.9731910,0.3798400,0.0244478,-0.6995671,0.2945962
272,1782728475.216778994,9.262503592,3484668,5,-0.6496769,0.2307323,1.7498168,0.6240785,-0.2010833,-0.2149730,-0.2606329,-0.4868232,-0.3731289,0.9145162,0.3808107,0.0281150,-0.6978534,0.2941288
273,1782728475.250106335,9.296294176,3484701,5,-0.6479631,0.2313794,1.7073686,0.6206990,-0.1726807,-0.2148532,-0.2609565,-0.4868352,-0.3710676,0.8613063,0.3838547,0.0354254,-0.6969546,0.2938652
274,1782728475.283238411,9.329812016,3484734,5,-0.6440442,0.2313315,1.6584010,0.6147548,-0.1413779,-0.2145416,-0.2608007,-0.4866075,-0.3684670,0.8066103,0.3935859,0.0417890,-0.6963195,0.2942127
275,1782728475.317256451,9.362626728,3484768,5,-0.6423305,0.2313435,1.6028901,0.6106682,-0.1073068,-0.2138825,-0.2610284,-0.4866674,-0.3612884,0.7493976,0.4077992,0.0478290,-0.6945218,0.2939731
276,1782728475.344960451,9.396896368,3484796,5,-0.6422586,0.2313794,1.5557202,0.6087507,-0.0788802,-0.2134151,-0.2613640,-0.4867873,-0.3582085,0.7043608,0.4227076,0.0507652,-0.6936230,0.2938772
277,1782728475.383913040,9.424752586,3484835,5,-0.6421987,0.2316071,1.4832636,0.6072287,-0.0322136,-0.2132593,-0.2620710,-0.4867513,-0.3569382,0.6432773,0.4519611,0.0535455,-0.6880503,0.2938772
278,1782728475.417099237,9.463606564,3484868,5,-0.6420788,0.2319187,1.4235342,0.6068212,0.0069509,-0.2126481,-0.2636769,-0.4867153,-0.3576572,0.5937465,0.4824490,0.0558105,-0.6802726,0.2935776
279,1782728475.450169802,9.496951246,3484901,5,-0.6413718,0.2324460,1.3617196,0.6067014,0.0493990,-0.2117732,-0.2644559,-0.4865835,-0.3575853,0.5439160,0.5165920,0.0572247,-0.6720274,0.2935776
280,1782728475.483637094,9.530334937,3484935,5,-0.6407606,0.2324940,1.3020622,0.6066894,0.0957060,-0.2111620,-0.2647915,-0.4864277,-0.3573216,0.4966623,0.5517178,0.0581115,-0.6617929,0.2934817
281,1782728475.516898155,9.563215700,3484968,5,-0.6392506,0.2326378,1.2442622,0.6067733,0.1421808,-0.2100835,-0.2655704,-0.4864397,-0.3573336,0.4543579,0.5877184,0.0595496,-0.6502880,0.2928825
282,1782728475.552041769,9.596182418,3485003,5,-0.6363384,0.2336804,1.1822438,0.6074204,0.1952710,-0.2089090,-0.2668408,-0.4864277,-0.3570580,0.4157088,0.6279015,0.0611315,-0.6380401,0.2920076
283,1782728475.583409309,9.631527100,3485035,5,-0.6320601,0.2359215,1.1341871,0.6085590,0.2375154,-0.2058650,-0.2692735,-0.4864157,-0.3568423,0.3915007,0.6618288,0.0623060,-0.6260679,0.2907613
284,1782728475.682182550,9.663098157,3485133,5,-0.6125617,0.2436393,0.9702429,0.6494371,0.3768919,-0.1907409,-0.2783936,-0.4704528,-0.3551286,0.3441270,0.7747562,0.0651343,-0.5846264,0.2897187
285,1782728475.697451830,9.761355794,3485149,5,-0.6055509,0.2437591,0.9408575,0.6595758,0.3970134,-0.1898661,-0.2799875,-0.4665219,-0.3541818,0.3408673,0.7951773,0.0655297,-0.5775558,0.2894670
286,1782728475.719147921,9.776594489,3485170,5,-0.5913256,0.2444183,0.8928487,0.6741486,0.4262789,-0.1893028,-0.2814136,-0.4618720,-0.3518449,0.3379312,0.8267198,0.0658653,-0.5680283,0.2892992
287,1782728475.750687838,9.798844064,3485202,5,-0.5696582,0.2437831,0.8372419,0.6927361,0.4619799,-0.1884639,-0.2834868,-0.4510263,-0.3483694,0.3359538,0.8638469,0.0659732,-0.5542944,0.2890235
288,1782728475.776053905,9.829913122,3485227,5,-0.5479547,0.2432079,0.7879628,0.7102091,0.4916528,-0.1882362,-0.2848171,-0.4414869,-0.3433481,0.3358100,0.8959526,0.0659612,-0.5434007,0.2890595
289,1782728475.818056822,9.855849119,3485269,5,-0.5092577,0.2390973,0.7111439,0.7425905,0.5399013,-0.1876250,-0.2850568,-0.4211017,-0.3358699,0.3350909,0.9506127,0.0661649,-0.5288519,0.2888917
290,1782728475.851419687,9.897395055,3485302,5,-0.4767205,0.2316551,0.6520258,0.7677335,0.5755304,-0.1874093,-0.2863511,-0.4028497,-0.3335809,0.3344797,0.9969198,0.0662728,-0.5186054,0.2888198
291,1782728475.885387182,9.931374957,3485337,5,-0.4435002,0.2207494,0.6029983,0.7908031,0.6068332,-0.1871337,-0.2886880,-0.3843701,-0.3328139,0.3344078,1.0402428,0.0661769,-0.5064414,0.2888078
292,1782728475.918615103,9.965272040,3485370,5,-0.4111907,0.2085135,0.5559482,0.8142921,0.6314488,-0.1865944,-0.2892393,-0.3648477,-0.3328379,0.3335809,1.0800064,0.0662009,-0.4962788,0.2884843
293,1782728475.951885223,9.998693909,3485403,5,-0.3774192,0.1951272,0.5119421,0.8341860,0.6512947,-0.1865225,-0.2899943,-0.3447981,-0.3329457,0.3326821,1.1167021,0.0661290,-0.4854810,0.2878491
294,1782728475.985140324,10.031984189,3485436,5,-0.3467636,0.1846769,0.4685712,0.8552662,0.6667544,-0.1864266,-0.2914444,-0.3267499,-0.3326222,0.3323825,1.1518757,0.0659612,-0.4767684,0.2877293
295,1782728476.017503738,10.064418090,3485469,5,-0.3194156,0.1750056,0.4356745,0.8721759,0.6800808,-0.1863068,-0.2944884,-0.3114101,-0.3319630,0.3324544,1.1807338,0.0657455,-0.4683196,0.2877772
296,1782728476.050915480,10.097428713,3485502,5,-0.2919357,0.1661733,0.4039403,0.8873959,0.6889611,-0.1863667,-0.2962620,-0.2989705,-0.3305489,0.3324184,1.2087170,0.0656376,-0.4594752,0.2877652
297,1782728476.084105492,10.130444904,3485535,5,-0.2651869,0.1593063,0.3788453,0.9004348,0.6965352,-0.1864985,-0.2984072,-0.2887120,-0.3290269,0.3324304,1.2314031,0.0656256,-0.4500076,0.2877892
298,1782728476.117310047,10.163903733,3485568,5,-0.2375273,0.1533621,0.3541219,0.9094828,0.7014487,-0.1864266,-0.2992461,-0.2807664,-0.3274570,0.3324544,1.2514887,0.0656136,-0.4401806,0.2877532
299,1782728476.150453806,10.197027671,3485602,5,-0.2098078,0.1494313,0.3269057,0.9180516,0.7035819,-0.1864745,-0.2998333,-0.2700525,-0.3263305,0.3324784,1.2663491,0.0656975,-0.4306411,0.2875615
300,1782728476.177158356,10.230610601,3485628,5,-0.1897942,0.1483887,0.3013553,0.9261169,0.7047324,-0.1864865,-0.2998573,-0.2605850,-0.3255994,0.3325862,1.2759365,0.0655897,-0.4217369,0.2874536
301,1782728476.219016075,10.257144985,3485670,5,-0.1583835,0.1469146,0.2595544,0.9398868,0.7051278,-0.1864985,-0.2999052,-0.2434116,-0.3240295,0.3340243,1.2898502,0.0652062,-0.4073558,0.2872499
302,1782728476.252039671,10.298179096,3485703,5,-0.1341514,0.1461237,0.2250757,0.9499776,0.7050200,-0.1865225,-0.2992581,-0.2333329,-0.3223637,0.3371283,1.2998689,0.0651582,-0.3955513,0.2872499
303,1782728476.285448551,10.331890861,3485737,5,-0.1112975,0.1451050,0.1915918,0.9619738,0.7052237,-0.1865225,-0.2990184,-0.2251956,-0.3194275,0.3382308,1.3120090,0.0652421,-0.3818654,0.2872259
304,1782728476.318802834,10.365217110,3485770,5,-0.0885395,0.1420610,0.1569334,0.9739700,0.7054634,-0.1865464,-0.2990544,-0.2169145,-0.3152450,0.3384106,1.3261623,0.0652182,-0.3699411,0.2869503
305,1782728476.351058483,10.398135698,3485802,5,-0.0653020,0.1392447,0.1206092,0.9830780,0.7054035,-0.1866064,-0.2988386,-0.2100955,-0.3086298,0.3384106,1.3437073,0.0652062,-0.3598024,0.2864110
306,1782728476.385123014,10.431002732,3485836,5,-0.0411059,0.1360929,0.0762317,0.9877878,0.7059667,-0.1880924,-0.2885082,-0.2056134,-0.2980117,0.3380390,1.3643081,0.0653979,-0.3461524,0.2854403
307,1782728476.418300629,10.464468057,3485870,5,-0.0367556,0.1372793,0.0432151,0.9813043,0.7051398,-0.1933655,-0.2762603,-0.1978356,-0.2881247,0.3380630,1.3835309,0.0654459,-0.3335090,0.2838823
308,1782728476.452544928,10.497864581,3485904,5,-0.0279832,0.1442901,0.0075501,0.9794587,0.7048283,-0.1945759,-0.2742710,-0.1894586,-0.2771951,0.3382667,1.3979119,0.0651223,-0.3216926,0.2834509
309,1782728476.485735655,10.531816578,3485937,5,-0.0197380,0.1497669,-0.0221948,0.9758395,0.7046605,-0.1958103,-0.2696930,-0.1826516,-0.2642402,0.3368166,1.4055458,0.0656256,-0.3122969,0.2791965
310,1782728476.518284798,10.565006630,3485969,5,-0.0126553,0.1537936,-0.0479729,0.9708781,0.7044328,-0.1967930,-0.2610883,-0.1809139,-0.2574331,0.3343359,1.4110466,0.0640077,-0.3062209,0.2736478
311,1782728476.551457167,10.598140521,3486003,5,-0.0094915,0.1555552,-0.0637800,0.9674865,0.7043369,-0.1994774,-0.2544970,-0.1787807,-0.2544491,0.3312320,1.4147618,0.0608799,-0.3030811,0.2663974
312,1782728476.577839613,10.631215530,3486029,5,-0.0077418,0.1578922,-0.0734273,0.9665757,0.7043728,-0.2042232,-0.2498351,-0.1752453,-0.2514770,0.3290748,1.4162837,0.0590942,-0.3013913,0.2559591
313,1782728476.618731499,10.657364077,3486070,5,-0.0063636,0.1629855,-0.0907925,0.9666237,0.7045286,-0.2084656,-0.2416978,-0.1714823,-0.2446819,0.3263185,1.4182612,0.0587706,-0.3003846,0.2413743
314,1782728476.653156757,10.698448814,3486104,5,-0.0068310,0.1653104,-0.1007993,0.9667195,0.7046125,-0.2100715,-0.2384861,-0.1709190,-0.2419855,0.3259230,1.4192559,0.0584830,-0.2998213,0.2341957
315,1782728476.686491966,10.732656275,3486137,5,-0.0102944,0.1675155,-0.1132150,0.9666836,0.7045885,-0.2112220,-0.2375993,-0.1707992,-0.2409189,0.3258750,1.4196393,0.0581355,-0.2993420,0.2298814
316,1782728476.782504082,10.766177635,3486233,5,-0.0291936,0.1700202,-0.1585872,0.9689606,0.7055233,-0.2157280,-0.2374914,-0.1708711,-0.2407271,0.3258391,1.4199749,0.0569251,-0.2982874,0.2201143
317,1782728476.796543598,10.862064475,3486248,5,-0.0335438,0.1703318,-0.1678750,0.9690444,0.7056192,-0.2162913,-0.2375513,-0.1709909,-0.2406193,0.3258271,1.4201906,0.0568771,-0.2980357,0.2186762
318,1782728476.848748446,10.875817394,3486300,5,-0.0495308,0.1719257,-0.1994175,0.9695119,0.7068775,-0.2232302,-0.2377071,-0.1709789,-0.2403676,0.3258391,1.4201307,0.0562779,-0.2975683,0.2146495
319,1782728476.883952379,10.928480293,3486335,5,-0.0591302,0.1734117,-0.2228587,0.9700391,0.7072131,-0.2317510,-0.2395527,-0.1709310,-0.2404155,0.3258032,1.4203824,0.0562180,-0.2973646,0.2130795
320,1782728476.917968035,10.963733355,3486369,5,-0.0684179,0.1735196,-0.2514171,0.9699672,0.7072970,-0.2417937,-0.2435914,-0.1709310,-0.2404155,0.3258271,1.4203464,0.0562180,-0.2972567,0.2124803
321,1782728476.950485706,10.997255419,3486402,5,-0.0785446,0.1718658,-0.2834749,0.9699313,0.7072610,-0.2566662,-0.2493917,-0.1710029,-0.2402717,0.3258151,1.4203224,0.0561701,-0.2972088,0.2122047
322,1782728476.982624054,11.029740905,3486434,5,-0.0908644,0.1692173,-0.3166831,0.9697995,0.7073089,-0.2721138,-0.2605970,-0.1710029,-0.2400920,0.3257912,1.4203464,0.0561461,-0.2972208,0.2121328
323,1782728477.015801668,11.061992047,3486467,5,-0.1054732,0.1645434,-0.3495199,0.9697635,0.7075127,-0.2892872,-0.2699207,-0.1712306,-0.2395047,0.3257312,1.4202626,0.0561341,-0.2972327,0.2120369
324,1782728477.042469978,11.095361881,3486494,5,-0.1155279,0.1592104,-0.3762088,0.9695837,0.7075726,-0.3048547,-0.2776386,-0.1715422,-0.2388816,0.3257432,1.4203345,0.0560982,-0.2972807,0.2119410
325,1782728477.085272074,11.121881257,3486536,5,-0.1349903,0.1517802,-0.4186809,0.9691643,0.7079921,-0.3277686,-0.2838823,-0.1718178,-0.2375034,0.3256833,1.4202745,0.0561221,-0.2975803,0.2115575
326,1782728477.117590427,11.164519739,3486569,5,-0.1512289,0.1491317,-0.4490249,0.9656410,0.7081718,-0.3450019,-0.2856440,-0.1722373,-0.2361731,0.3256114,1.4200348,0.0561581,-0.2983593,0.2114616
327,1782728477.150824308,11.197368788,3486602,5,-0.1684503,0.1480052,-0.4789016,0.9586421,0.7081838,-0.3611926,-0.2860754,-0.1722972,-0.2352144,0.3253238,1.4199749,0.0561581,-0.2991622,0.2114137
328,1782728477.182264805,11.230068425,3486633,5,-0.1854918,0.1469985,-0.5081192,0.9488151,0.7083756,-0.3767002,-0.2863631,-0.1722133,-0.2341598,0.3249163,1.4197712,0.0562659,-0.3001329,0.2113418
329,1782728477.216306448,11.262161610,3486668,5,-0.2051460,0.1467348,-0.5369173,0.9386525,0.7082677,-0.3939934,-0.2865189,-0.1717699,-0.2332969,0.3240894,1.4191959,0.0564337,-0.3015231,0.2112579
330,1782728477.249638557,11.295473970,3486701,5,-0.2242968,0.1451649,-0.5603344,0.9306710,0.7083636,-0.4113466,-0.2866986,-0.1715422,-0.2332490,0.3230947,1.4191480,0.0564697,-0.3021942,0.2112100
331,1782728477.283081293,11.329093924,3486734,5,-0.2392531,0.1415697,-0.5763454,0.9201728,0.7082557,-0.4264826,-0.2866986,-0.1713864,-0.2327456,0.3229389,1.4191719,0.0564936,-0.3021702,0.2112100
332,1782728477.316125154,11.362376267,3486767,5,-0.2532387,0.1345709,-0.5912897,0.9112325,0.7084115,-0.4399289,-0.2869143,-0.1712905,-0.2324460,0.3227232,1.4191360,0.0565176,-0.3023500,0.2111620
333,1782728477.349318504,11.396127681,3486801,5,-0.2669007,0.1223829,-0.6012126,0.9044974,0.7086152,-0.4539265,-0.2874896,-0.1712546,-0.2324700,0.3226273,1.4191000,0.0565655,-0.3024219,0.2110542
334,1782728477.381679058,11.429096158,3486833,5,-0.2785493,0.1063360,-0.6067733,0.8957969,0.7085913,-0.4620518,-0.2882925,-0.1712786,-0.2323502,0.3226273,1.4191121,0.0565775,-0.3024099,0.2110662
335,1782728477.415952682,11.461523946,3486867,5,-0.2937453,0.0855794,-0.6106682,0.8871323,0.7084834,-0.4698535,-0.2897905,-0.1713025,-0.2323502,0.3225914,1.4192319,0.0565655,-0.3022781,0.2110302
336,1782728477.441617489,11.495603755,3486893,5,-0.3093248,0.0681303,-0.6122022,0.8836688,0.7080400,-0.4765048,-0.2920076,-0.1712546,-0.2325419,0.3225914,1.4193517,0.0565775,-0.3022062,0.2109583
337,1782728477.484401226,11.521479589,3486935,5,-0.3406996,0.0391525,-0.6118426,0.8720322,0.7037856,-0.4814183,-0.2981196,-0.1716021,-0.2321584,0.3226513,1.4192678,0.0564936,-0.3019545,0.2109344
338,1782728477.517623901,11.564334814,3486969,5,-0.3665735,0.0171494,-0.6073006,0.8571597,0.6973022,-0.4850855,-0.3017149,-0.1717220,-0.2317629,0.3226393,1.4191360,0.0565176,-0.3019545,0.2108864
339,1782728477.549875498,11.596804524,3487001,5,-0.3954794,-0.0051412,-0.5979170,0.8440849,0.6853898,-0.4881295,-0.3037881,-0.1714703,-0.2317150,0.3225075,1.4187645,0.0565655,-0.3022781,0.2108385
340,1782728477.583041906,11.629899821,3487034,5,-0.4278488,-0.0265690,-0.5850699,0.8243828,0.6669940,-0.4891122,-0.3049506,-0.1708711,-0.2317030,0.3223158,1.4181893,0.0565655,-0.3026257,0.2106108
341,1782728477.617264748,11.662739750,3487068,5,-0.4608654,-0.0456599,-0.5663865,0.7969030,0.6461654,-0.4910416,-0.3049746,-0.1702000,-0.2317150,0.3220401,1.4180095,0.0566135,-0.3029612,0.2102393
342,1782728477.649725437,11.696780709,3487101,5,-0.4912214,-0.0551394,-0.5465646,0.7622926,0.6198721,-0.4934025,-0.3048667,-0.1704157,-0.2310439,0.3219682,1.4173024,0.0566015,-0.3032968,0.2101194
343,1782728477.682764530,11.729077997,3487134,5,-0.5216973,-0.0611915,-0.5161965,0.7287008,0.5901272,-0.4955477,-0.3051423,-0.1700681,-0.2297496,0.3213930,1.4154088,0.0566734,-0.3040877,0.2100955
344,1782728477.716073036,11.762657950,3487167,5,-0.5482423,-0.0667401,-0.4750907,0.6962595,0.5570268,-0.4964825,-0.3049626,-0.1690495,-0.2284193,0.3201586,1.4129282,0.0569131,-0.3054539,0.2100715
345,1782728477.749266624,11.795898915,3487201,5,-0.5730017,-0.0697482,-0.4258954,0.6675094,0.5212659,-0.4966982,-0.3044473,-0.1684742,-0.2265977,0.3183490,1.4116578,0.0571648,-0.3062449,0.2099397
346,1782728477.783580303,11.829330639,3487235,5,-0.5981806,-0.0703834,-0.3686228,0.6512707,0.4833478,-0.4963506,-0.3039679,-0.1678870,-0.2249439,0.3168150,1.4104475,0.0575483,-0.3071077,0.2096760
347,1782728477.872898579,11.862706041,3487324,5,-0.6585571,-0.0667162,-0.1987943,0.6464531,0.3855805,-0.4836474,-0.3041357,-0.1583835,-0.2249559,0.3080186,1.4066844,0.0604005,-0.3100199,0.2077945
348,1782728477.878569841,11.952034463,3487330,5,-0.6616611,-0.0662728,-0.1853480,0.6464531,0.3780544,-0.4821733,-0.3042435,-0.1579041,-0.2249679,0.3073834,1.4061332,0.0604844,-0.3101997,0.2077226
349,1782728477.918554544,11.958096033,3487370,5,-0.6832327,-0.0591661,-0.1033879,0.6465489,0.3322626,-0.4691225,-0.3039559,-0.1539374,-0.2253034,0.3045192,1.4037602,0.0609877,-0.3115299,0.2070275
350,1782728477.950974226,11.998531372,3487402,5,-0.6999027,-0.0502738,-0.0342989,0.6465609,0.2964178,-0.4552088,-0.3037162,-0.1518521,-0.2256390,0.3035005,1.4024299,0.0613353,-0.3127283,0.2066080
351,1782728477.984089851,12.030278114,3487435,5,-0.7185382,-0.0401352,0.0416212,0.6466568,0.2583320,-0.4395574,-0.3037402,-0.1503900,-0.2259146,0.3028653,1.4016750,0.0615150,-0.3139388,0.2064283
352,1782728478.017017126,12.063405989,3487468,5,-0.7395465,-0.0286183,0.1165466,0.6466568,0.2231942,-0.4219406,-0.3023500,-0.1495631,-0.2264300,0.3019306,1.4016390,0.0616588,-0.3147297,0.2063084
353,1782728478.050518036,12.096355169,3487502,5,-0.7595482,-0.0151840,0.1914001,0.6466448,0.1880445,-0.4038444,-0.3015591,-0.1490957,-0.2268374,0.3004925,1.4016390,0.0616588,-0.3151851,0.2063084
354,1782728478.082848310,12.129779116,3487534,5,-0.7769253,0.0004554,0.2652828,0.6466089,0.1524993,-0.3845738,-0.3008879,-0.1489160,-0.2267775,0.2987428,1.4016271,0.0616229,-0.3154488,0.2063324
355,1782728478.115999937,12.162899438,3487567,5,-0.7917139,0.0166101,0.3377514,0.6465849,0.1191592,-0.3658904,-0.2989824,-0.1475857,-0.2271011,0.2958785,1.4016271,0.0615989,-0.3156405,0.2063444
356,1782728478.150189638,12.196014928,3487601,5,-0.8021881,0.0350539,0.4063491,0.6465609,0.0886233,-0.3489806,-0.2952194,-0.1452488,-0.2275325,0.2902220,1.4016510,0.0615750,-0.3157604,0.2063923
357,1782728478.183382750,12.229705059,3487635,5,-0.8089472,0.0525868,0.4765647,0.6465489,0.0598133,-0.3317353,-0.2908452,-0.1423606,-0.2279400,0.2788849,1.4018068,0.0613592,-0.3156765,0.2069796
358,1782728478.216753006,12.262778339,3487668,5,-0.8116197,0.0709107,0.5428734,0.6465609,0.0357250,-0.3160720,-0.2844216,-0.1386934,-0.2288627,0.2693934,1.4018188,0.0613952,-0.3157604,0.2075308
359,1782728478.250160933,12.296469079,3487701,5,-0.8122548,0.0868377,0.6106442,0.6465729,0.0140215,-0.3006003,-0.2815574,-0.1363565,-0.2312596,0.2627302,1.4018787,0.0612993,-0.3158802,0.2088731
360,1782728478.276553154,12.329891107,3487728,5,-0.8122309,0.0975516,0.6632909,0.6466089,-0.0028163,-0.2886401,-0.2803710,-0.1347626,-0.2343755,0.2533585,1.4028494,0.0606402,-0.3153769,0.2107785
361,1782728478.319323063,12.356002180,3487771,5,-0.8121589,0.1162230,0.7499968,0.6466688,-0.0274678,-0.2710832,-0.2791006,-0.1335043,-0.2429562,0.2398283,1.4051384,0.0589264,-0.3138309,0.2134870
362,1782728478.351775646,12.398591924,3487803,5,-0.8122069,0.1274043,0.8190020,0.6466568,-0.0474216,-0.2594345,-0.2785134,-0.1353498,-0.2517886,0.2351784,1.4095845,0.0586748,-0.3106431,0.2152127
363,1782728478.384911537,12.431016704,3487836,5,-0.8122189,0.1381781,0.8919739,0.6466808,-0.0675431,-0.2515489,-0.2779262,-0.1359610,-0.2613280,0.2253753,1.4154809,0.0600050,-0.3071197,0.2171542
364,1782728478.417334080,12.464525166,3487868,5,-0.8121470,0.1538535,0.9612188,0.6466808,-0.0867538,-0.2432558,-0.2764761,-0.1312153,-0.2715985,0.2167347,1.4252839,0.0630370,-0.3053221,0.2187600
365,1782728478.449639320,12.496870039,3487901,5,-0.8123747,0.1719137,1.0340109,0.6466209,-0.1045024,-0.2359574,-0.2746904,-0.1311314,-0.2831753,0.2059369,1.4331216,0.0675431,-0.3054539,0.2208932
366,1782728478.484591007,12.529530730,3487936,5,-0.8123028,0.1885718,1.1058683,0.6466448,-0.1210527,-0.2317030,-0.2717543,-0.1336960,-0.2976882,0.1901777,1.4371004,0.0707309,-0.3065805,0.2214445
367,1782728478.516148567,12.563776975,3487967,5,-0.8126982,0.2013709,1.1682463,0.6465130,-0.1318025,-0.2297376,-0.2696570,-0.1400237,-0.3111225,0.1774265,1.4409353,0.0731877,-0.3090492,0.2214445
368,1782728478.549095154,12.595799822,3488000,5,-0.8154306,0.2113059,1.2312952,0.6464171,-0.1392207,-0.2264539,-0.2680871,-0.1489639,-0.3262705,0.1610201,1.4434520,0.0750572,-0.3126325,0.2219478
369,1782728478.583615780,12.629280699,3488035,5,-0.8176358,0.2210610,1.2932417,0.6463572,-0.1451649,-0.2217801,-0.2656663,-0.1658976,-0.3410950,0.1434751,1.4446385,0.0767829,-0.3171745,0.2219718
370,1782728478.615671158,12.663207478,3488067,5,-0.8187622,0.2309120,1.3476381,0.6462494,-0.1494193,-0.2165190,-0.2638687,-0.1852402,-0.3527557,0.1264575,1.4445425,0.0787364,-0.3254077,0.2218760
371,1782728478.648809195,12.694948684,3488100,5,-0.8209913,0.2365686,1.4059414,0.6458179,-0.1523435,-0.2141821,-0.2637728,-0.2092685,-0.3650155,0.1049698,1.4452137,0.0797550,-0.3359778,0.2219359
372,1782728478.676555157,12.728624703,3488128,5,-0.8228129,0.2375633,1.4500433,0.6454344,-0.1539014,-0.2138585,-0.2634372,-0.2311038,-0.3741235,0.0875328,1.4452257,0.0807976,-0.3458528,0.2218520
373,1782728478.718223810,12.756213264,3488169,5,-0.8236758,0.2375753,1.5156209,0.6440322,-0.1552796,-0.2135469,-0.2633174,-0.2674160,-0.3848135,0.0645351,1.4442070,0.0831346,-0.3613484,0.2213486
374,1782728478.749578953,12.798251215,3488201,5,-0.8245027,0.2375393,1.5636297,0.6434690,-0.1560586,-0.2134271,-0.2632575,-0.2962980,-0.3903502,0.0532339,1.4411631,0.0840454,-0.3747707,0.2209172
375,1782728478.783982992,12.828778910,3488235,5,-0.8249821,0.2374435,1.6125734,0.6432413,-0.1569095,-0.2129837,-0.2629219,-0.3263784,-0.3944488,0.0477212,1.4335650,0.0845966,-0.3910573,0.2208693
376,1782728478.820776224,12.863250058,3488272,5,-0.8250420,0.2373476,1.6611334,0.6422466,-0.1577244,-0.2129477,-0.2624905,-0.3556798,-0.3963663,0.0457318,1.4174942,0.0848723,-0.4115263,0.2210370
377,1782728478.853269339,12.899961855,3488304,5,-0.8252577,0.2372517,1.7018799,0.6412519,-0.1578442,-0.2128998,-0.2622508,-0.3802355,-0.3961386,0.0449888,1.4018068,0.0848723,-0.4312404,0.2213726
378,1782728478.887712479,12.932775063,3488339,5,-0.8253536,0.2372397,1.7418952,0.6401854,-0.1580360,-0.2128638,-0.2617474,-0.4070202,-0.3950480,0.0450966,1.3838425,0.0842970,-0.4529678,0.2223194
379,1782728478.976496220,12.967592814,3488428,5,-0.8258330,0.2370000,1.8314892,0.6368896,-0.1581558,-0.2128518,-0.2611482,-0.4640771,-0.3843701,0.0453723,1.3180730,0.0820200,-0.5134881,0.2282875
380,1782728478.990143538,13.056205116,3488441,5,-0.8258689,0.2370000,1.8430899,0.6353557,-0.1581918,-0.2128638,-0.2610164,-0.4719747,-0.3811823,0.0453843,1.3071674,0.0815886,-0.5227879,0.2299293
381,1782728479.017477036,13.069608648,3488469,5,-0.8267318,0.2370240,1.8668307,0.6325274,-0.1580599,-0.2128518,-0.2610764,-0.4872426,-0.3727573,0.0460434,1.2850206,0.0806898,-0.5430772,0.2335006
382,1782728479.052664518,13.097014451,3488504,5,-0.8277265,0.2370000,1.8974265,0.6298429,-0.1581199,-0.2128998,-0.2611363,-0.5062137,-0.3608211,0.0504536,1.2565700,0.0803183,-0.5685197,0.2381625
383,1782728479.086061478,13.132227511,3488537,5,-0.8303270,0.2369881,1.9246546,0.6293756,-0.1580959,-0.2129117,-0.2611482,-0.5237706,-0.3467636,0.0556308,1.2327213,0.0790719,-0.5912178,0.2449456
384,1782728479.111829996,13.165741893,3488563,5,-0.8328557,0.2369881,1.9441409,0.6291958,-0.1580719,-0.2128998,-0.2610764,-0.5348919,-0.3342281,0.0632168,1.2128875,0.0783888,-0.6071209,0.2495355
385,1782728479.153483868,13.191459066,3488605,5,-0.8365229,0.2369881,1.9747607,0.6287644,-0.1580240,-0.2128998,-0.2611602,-0.5499681,-0.3109547,0.0840094,1.1815128,0.0781611,-0.6308137,0.2572294
386,1782728479.186751604,13.233111340,3488638,5,-0.8389677,0.2370000,1.9970033,0.6283329,-0.1581079,-0.2129357,-0.2611123,-0.5576380,-0.2902220,0.1076902,1.1550276,0.0778016,-0.6491735,0.2651510
387,1782728479.220881701,13.266671803,3488672,5,-0.8390156,0.2369641,2.0151114,0.6282850,-0.1580240,-0.2129237,-0.2611482,-0.5626833,-0.2674280,0.1371355,1.1277276,0.0747336,-0.6647290,0.2758050
388,1782728479.253288507,13.300223626,3488704,5,-0.8376135,0.2369761,2.0297322,0.6277936,-0.1581079,-0.2129357,-0.2610404,-0.5650682,-0.2436752,0.1717459,1.1025248,0.0652781,-0.6772765,0.2847212
389,1782728479.286474228,13.333034145,3488738,5,-0.8312618,0.2369881,2.0389960,0.6269308,-0.1580120,-0.2129477,-0.2610644,-0.5653439,-0.2181249,0.2154524,1.0772620,0.0538811,-0.6914418,0.2950996
390,1782728479.319619179,13.366435340,3488771,5,-0.8209554,0.2370000,2.0454435,0.6261159,-0.1580120,-0.2129477,-0.2611003,-0.5653558,-0.1902855,0.2651869,1.0561458,0.0415253,-0.7050080,0.3051184
391,1782728479.353030682,13.399231299,3488804,5,-0.8118833,0.2370000,2.0538566,0.6261039,-0.1579761,-0.2129477,-0.2610883,-0.5655715,-0.1586711,0.3174981,1.0435504,0.0257781,-0.7189936,0.3170307
392,1782728479.386160612,13.432888149,3488837,5,-0.8015409,0.2370120,2.0616822,0.6260080,-0.1579281,-0.2129357,-0.2611123,-0.5655596,-0.1256905,0.3727813,1.0369471,0.0114330,-0.7308580,0.3269057
393,1782728479.419505119,13.465941140,3488871,5,-0.7917498,0.2370000,2.0718210,0.6257563,-0.1580120,-0.2129597,-0.2610883,-0.5655236,-0.0949390,0.4323309,1.0332080,-0.0057285,-0.7413921,0.3357860
394,1782728479.452536106,13.499020052,3488904,5,-0.7802569,0.2367124,2.0780406,0.6257803,-0.1580599,-0.2129117,-0.2610764,-0.5654397,-0.0665844,0.4844503,1.0305355,-0.0249392,-0.7506679,0.3444266
395,1782728479.485941410,13.532440575,3488937,5,-0.7681529,0.2367364,2.0816958,0.6257563,-0.1580480,-0.2129237,-0.2610883,-0.5654397,-0.0434668,0.5390984,1.0278751,-0.0442577,-0.7618851,0.3520007
396,1782728479.512654066,13.565869354,3488964,5,-0.7609983,0.2367364,2.0848956,0.6257563,-0.1580240,-0.2129117,-0.2610883,-0.5654157,-0.0297808,0.5804919,1.0252744,-0.0606402,-0.7730065,0.3584362
397,1782728479.554327488,13.592142001,3489005,5,-0.7560728,0.2367364,2.0953460,0.6256604,-0.1580599,-0.2129357,-0.2610883,-0.5654038,-0.0173891,0.6446195,1.0181319,-0.0845367,-0.7904675,0.3645362
398,1782728479.588442087,13.633462904,3489040,5,-0.7534482,0.2367364,2.1041303,0.6256964,-0.1579761,-0.2129357,-0.2610644,-0.5654277,-0.0105581,0.6924605,1.0124633,-0.1030643,-0.8062747,0.3671487
399,1782728479.621818781,13.668138123,3489073,5,-0.7512671,0.2367364,2.1123395,0.6256484,-0.1580599,-0.2129357,-0.2610644,-0.5654756,-0.0087725,0.7420273,1.0046496,-0.1147490,-0.8234001,0.3682513
400,1782728479.654022932,13.701364239,3489105,5,-0.7488223,0.2367364,2.1162343,0.6256365,-0.1580480,-0.2129237,-0.2610764,-0.5654876,-0.0084968,0.7909349,0.9977586,-0.1225627,-0.8401901,0.3691741
401,1782728479.687379599,13.733295883,3489138,5,-0.7478396,0.2367484,2.1183555,0.6256365,-0.1579521,-0.2127440,-0.2610764,-0.5654876,-0.0084009,0.8422633,0.9899210,-0.1289263,-0.8579866,0.3697373
402,1782728479.719834805,13.766521167,3489171,5,-0.7476239,0.2367603,2.1192665,0.6254927,-0.1579161,-0.2107186,-0.2610764,-0.5654517,-0.0101506,0.8890258,0.9869848,-0.1336960,-0.8735301,0.3715230
403,1782728479.753707886,13.799802678,3489205,5,-0.7475520,0.2368682,2.1192424,0.6250612,-0.1569694,-0.2042951,-0.2610764,-0.5654157,-0.0143571,0.9364234,0.9858703,-0.1365483,-0.8863053,0.3723499
404,1782728479.787037134,13.833408679,3489238,5,-0.7475640,0.2368802,2.1192064,0.6250013,-0.1551957,-0.1948036,-0.2610883,-0.5653319,-0.0186235,0.9820713,0.9844442,-0.1388492,-0.8977503,0.3732247
405,1782728479.821284294,13.866666348,3489272,5,-0.7475640,0.2369162,2.1182597,0.6250373,-0.1512649,-0.1827834,-0.2611123,-0.5633904,-0.0221708,1.0236685,0.9798782,-0.1437628,-0.9073496,0.3745550
406,1782728479.854523897,13.900678282,3489306,5,-0.7475280,0.2369042,2.1150599,0.6250852,-0.1455005,-0.1693850,-0.2610764,-0.5591000,-0.0256942,1.0565174,0.9743535,-0.1492755,-0.9184351,0.3748905
407,1782728479.886990547,13.934013874,3489338,5,-0.7475160,0.2368682,2.1066589,0.6254088,-0.1401076,-0.1600493,-0.2610044,-0.5517417,-0.0279472,1.0848241,0.9702908,-0.1541771,-0.9285138,0.3749864
408,1782728479.913304329,13.966868139,3489365,5,-0.7470487,0.2368203,2.0941834,0.6255766,-0.1367999,-0.1530146,-0.2609086,-0.5439759,-0.0295411,1.1084090,0.9684932,-0.1574008,-0.9370106,0.3747947
409,1782728479.954308033,13.992666306,3489405,5,-0.7470247,0.2368203,2.0689087,0.6263435,-0.1281833,-0.1408985,-0.2610044,-0.5288159,-0.0319979,1.1413296,0.9665517,-0.1628297,-0.9465261,0.3748666
410,1782728479.988676071,14.034386678,3489440,5,-0.7470487,0.2368442,2.0443292,0.6264154,-0.1192191,-0.1336960,-0.2611363,-0.5132364,-0.0336038,1.1668681,0.9659166,-0.1676953,-0.9508524,0.3749624
411,1782728480.088020086,14.068654268,3489539,5,-0.7468090,0.2387497,1.9755037,0.6266791,-0.0665724,-0.1150366,-0.2613999,-0.4653594,-0.0414175,1.1990696,0.9654612,-0.1761801,-0.9559937,0.3765923
412,1782728480.100687265,14.167309129,3489552,5,-0.7465813,0.2400320,1.9693438,0.6266671,-0.0575123,-0.1136224,-0.2613879,-0.4626151,-0.0426399,1.1995970,0.9654612,-0.1763239,-0.9562094,0.3766882
413,1782728480.118648291,14.180624977,3489570,5,-0.7457184,0.2420214,1.9596964,0.6266552,-0.0432151,-0.1112496,-0.2613640,-0.4603980,-0.0448210,1.1997887,0.9654612,-0.1763958,-0.9564730,0.3767840
414,1782728480.152848959,14.197789653,3489604,5,-0.7435852,0.2446100,1.9373219,0.6267031,-0.0147286,-0.1057368,-0.2613280,-0.4598347,-0.0508850,1.1978952,0.9654492,-0.1763599,-0.9567606,0.3766762
415,1782728480.187067509,14.232806387,3489638,5,-0.7426265,0.2445980,1.9076730,0.6272424,0.0125475,-0.1029565,-0.2616396,-0.4598227,-0.0588545,1.1897819,0.9654612,-0.1763718,-0.9567966,0.3766522
416,1782728480.220277309,14.266606473,3489671,5,-0.7402416,0.2446340,1.8705219,0.6274341,0.0425919,-0.0998166,-0.2617355,-0.4595231,-0.0674592,1.1737471,0.9654971,-0.1764557,-0.9567966,0.3768799
417,1782728480.253408670,14.299519268,3489705,5,-0.7387676,0.2455088,1.8305185,0.6274341,0.0734034,-0.0933331,-0.2621430,-0.4587921,-0.0767110,1.1510010,0.9656050,-0.1764677,-0.9567606,0.3770117
418,1782728480.287736654,14.332723111,3489739,5,-0.7376530,0.2473904,1.7836962,0.6274222,0.1129873,-0.0816605,-0.2625983,-0.4584206,-0.0888031,1.1179724,0.9656050,-0.1760363,-0.9559697,0.3772634
419,1782728480.320054770,14.367053199,3489771,5,-0.7366583,0.2501587,1.7422427,0.6275060,0.1511331,-0.0702635,-0.2633414,-0.4584446,-0.1000084,1.0839013,0.9656889,-0.1741068,-0.9523624,0.3771555
420,1782728480.345607281,14.399759266,3489797,5,-0.7361910,0.2527952,1.7068772,0.6284767,0.1827954,-0.0581594,-0.2635571,-0.4584805,-0.1102309,1.0556304,0.9657847,-0.1694809,-0.9466939,0.3769638
421,1782728480.388484240,14.425711423,3489840,5,-0.7354479,0.2573732,1.6439481,0.6378364,0.2369881,-0.0409860,-0.2640484,-0.4584565,-0.1295854,1.0098028,0.9706503,-0.1565619,-0.9360159,0.3766402
422,1782728480.420585632,14.467824958,3489872,5,-0.7351124,0.2620111,1.5886409,0.6552975,0.2815694,-0.0284745,-0.2642761,-0.4585284,-0.1460278,0.9721364,0.9836172,-0.1479453,-0.9261169,0.3761848
423,1782728480.454033852,14.500412910,3489905,5,-0.7350644,0.2666730,1.5319076,0.6769649,0.3282000,-0.0149683,-0.2653188,-0.4588281,-0.1643756,0.9352969,1.0052727,-0.1414139,-0.9150555,0.3749624
424,1782728480.488225937,14.534000126,3489939,5,-0.7335065,0.2689260,1.4738560,0.7012210,0.3731049,-0.0057884,-0.2671164,-0.4588999,-0.1804105,0.9045454,1.0307992,-0.1359011,-0.9037544,0.3738839
425,1782728480.521515369,14.567486571,3489973,5,-0.7275024,0.2712510,1.4107231,0.7322481,0.4166795,0.0009587,-0.2678594,-0.4588760,-0.1961578,0.8777007,1.0594774,-0.1329290,-0.8913867,0.3737640
426,1782728480.553685904,14.600868116,3490005,5,-0.7218099,0.2714307,1.3571416,0.7614537,0.4537827,0.0059921,-0.2713228,-0.4588880,-0.2136668,0.8588855,1.0842848,-0.1312632,-0.8789950,0.3735004
427,1782728480.587039948,14.633757806,3490038,5,-0.7116353,0.2714187,1.2998929,0.7948058,0.4936422,0.0091200,-0.2755893,-0.4588520,-0.2310439,0.8453313,1.1130110,-0.1299450,-0.8679336,0.3732247
428,1782728480.621224880,14.666705897,3490072,5,-0.6970745,0.2713828,1.2416617,0.8294283,0.5352035,0.0109416,-0.2794721,-0.4587921,-0.2460122,0.8341141,1.1444576,-0.1294896,-0.8546311,0.3733086
429,1782728480.654478550,14.700594243,3490106,5,-0.6809437,0.2714187,1.1844729,0.8655487,0.5767049,0.0121999,-0.2817132,-0.4588161,-0.2567261,0.8242151,1.1777258,-0.1291780,-0.8419877,0.3732727
430,1782728480.687691927,14.733601472,3490139,5,-0.6634347,0.2708435,1.1364402,0.8962882,0.6127535,0.0136500,-0.2831872,-0.4587082,-0.2661337,0.8167010,1.2055651,-0.1291061,-0.8297278,0.3732367
431,1782728480.721861601,14.767718785,3490173,5,-0.6425462,0.2701844,1.0833980,0.9293168,0.6468246,0.0142972,-0.2840741,-0.4586003,-0.2734441,0.8120990,1.2317387,-0.1285548,-0.8163415,0.3731888
432,1782728480.747504711,14.801207725,3490199,5,-0.6261638,0.2701244,1.0412614,0.9560056,0.6726986,0.0143331,-0.2844096,-0.4586243,-0.2766319,0.8101935,1.2526392,-0.1281473,-0.8058193,0.3731888
433,1782728480.786346674,14.827218635,3490238,5,-0.6015722,0.2690099,0.9861819,0.9942833,0.7098256,0.0141054,-0.2853923,-0.4583367,-0.2807425,0.8074971,1.2791842,-0.1281593,-0.7886819,0.3732487
434,1782728480.818925142,14.866320011,3490270,5,-0.5803481,0.2678714,0.9422477,1.0255620,0.7416558,0.0138538,-0.2858238,-0.4583127,-0.2813776,0.8052321,1.3018943,-0.1280155,-0.7732462,0.3730929
435,1782728480.852004766,14.898436076,3490303,5,-0.5566074,0.2672722,0.8956291,1.0546957,0.7734978,0.0132905,-0.2858837,-0.4581330,-0.2804309,0.8034344,1.3249520,-0.1278717,-0.7570195,0.3730809
436,1782728480.886240244,14.932035068,3490337,5,-0.5309851,0.2646596,0.8508680,1.0810970,0.8039258,0.0125115,-0.2864230,-0.4580251,-0.2785134,0.8023319,1.3494598,-0.1276799,-0.7368381,0.3728172
437,1782728480.919545174,14.966147741,3490371,5,-0.5045119,0.2600217,0.8139446,1.1006792,0.8295121,0.0119962,-0.2865189,-0.4578333,-0.2761765,0.8016728,1.3756572,-0.1277638,-0.7174596,0.3727933
438,1782728480.953706264,14.999220476,3490405,5,-0.4769602,0.2521241,0.7821504,1.1144730,0.8537802,0.0114929,-0.2864709,-0.4566469,-0.2734201,0.8002227,1.4030892,-0.1277279,-0.6955165,0.3725297
439,1782728480.986904383,15.032896751,3490438,5,-0.4494084,0.2398882,0.7556054,1.1222029,0.8727512,0.0113850,-0.2863631,-0.4513978,-0.2725812,0.7981853,1.4254158,-0.1277039,-0.6743523,0.3722780
440,1782728481.019066095,15.066880267,3490470,5,-0.4205385,0.2283714,0.7290244,1.1243839,0.8933401,0.0102345,-0.2861833,-0.4452499,-0.2703162,0.7963158,1.4486651,-0.1276440,-0.6528886,0.3716668
441,1782728481.053329468,15.099015693,3490505,5,-0.3892956,0.2167946,0.6999387,1.1269846,0.9120235,0.0096833,-0.2861593,-0.4376639,-0.2685066,0.7960761,1.4698533,-0.1277518,-0.6303822,0.3715589
442,1782728481.086765766,15.133294834,3490538,5,-0.3587238,0.2050741,0.6742085,1.1270565,0.9317495,0.0089762,-0.2858357,-0.4296944,-0.2651989,0.7947698,1.4903703,-0.1276080,-0.6075643,0.3707799
443,1782728481.157979250,15.166424275,3490609,5,-0.2984791,0.1785650,0.6311013,1.1286384,0.9617341,0.0079096,-0.2857998,-0.4058937,-0.2585836,0.7943025,1.5297384,-0.1276799,-0.5582851,0.3685868
444,1782728481.163907528,15.237111394,3490615,5,-0.2934457,0.1764078,0.6295793,1.1286024,0.9629325,0.0078856,-0.2856919,-0.4039643,-0.2576968,0.7942905,1.5324827,-0.1276560,-0.5534794,0.3685509
445,1782728481.221618414,15.243549455,3490673,5,-0.2524118,0.1500545,0.6205671,1.1290219,0.9737303,0.0077538,-0.2852246,-0.3888641,-0.2515129,0.7861412,1.5575538,-0.1185719,-0.5154415,0.3629543
446,1782728481.254000187,15.300757456,3490705,5,-0.2367603,0.1304962,0.6194167,1.1293215,0.9777330,0.0077658,-0.2851766,-0.3855685,-0.2508178,0.7811677,1.5604899,-0.1131071,-0.4960151,0.3607971
447,1782728481.287251472,15.333392993,3490738,5,-0.2261783,0.1087688,0.6184340,1.1293575,0.9799621,0.0077538,-0.2851407,-0.3801756,-0.2492000,0.7780279,1.5603461,-0.1090205,-0.4783623,0.3585800
448,1782728481.320498943,15.366831980,3490772,5,-0.2187720,0.0858550,0.6177868,1.1294054,0.9808489,0.0076699,-0.2851647,-0.3710915,-0.2452572,0.7766377,1.5600345,-0.1056889,-0.4606496,0.3566026
449,1782728481.355416536,15.399796232,3490807,5,-0.2128518,0.0644032,0.6172715,1.1294173,0.9808849,0.0072624,-0.2850208,-0.3675682,-0.2412544,0.7750198,1.5594473,-0.1029924,-0.4442313,0.3526119
450,1782728481.387704611,15.435084301,3490839,5,-0.2062725,0.0454442,0.6169839,1.1291656,0.9808849,0.0059322,-0.2849729,-0.3662619,-0.2386898,0.7737615,1.5585724,-0.0999365,-0.4315639,0.3500712
451,1782728481.421001673,15.467629116,3490872,5,-0.1977038,0.0300325,0.6164446,1.1288301,0.9808489,0.0042424,-0.2846973,-0.3660222,-0.2376232,0.7730784,1.5582129,-0.0979351,-0.4205864,0.3478182
452,1782728481.454419374,15.501057894,3490905,5,-0.1869180,0.0163705,0.6146949,1.1269846,0.9817118,0.0026365,-0.2829596,-0.3659024,-0.2370000,0.7725271,1.5575658,-0.0963292,-0.4129884,0.3453135
453,1782728481.487520218,15.534073347,3490939,5,-0.1806862,0.0084129,0.6149465,1.1217235,0.9822750,0.0025886,-0.2784894,-0.3654470,-0.2370000,0.7721556,1.5574939,-0.0955263,-0.4080988,0.3430365
454,1782728481.520905733,15.567637042,3490972,5,-0.1777141,0.0043623,0.6151623,1.1178286,0.9820713,0.0023130,-0.2788010,-0.3652432,-0.2370360,0.7720238,1.5574939,-0.0951547,-0.4037485,0.3417182
455,1782728481.554218531,15.600684528,3491005,5,-0.1744783,0.0007071,0.6153061,1.1149764,0.9820593,0.0022530,-0.2792924,-0.3649916,-0.2370719,0.7720238,1.5575058,-0.0949151,-0.3994822,0.3406516
456,1782728481.582651377,15.633631211,3491034,5,-0.1708951,-0.0025646,0.6152821,1.1122320,0.9821312,0.0020133,-0.2787651,-0.3647519,-0.2370480,0.7720238,1.5575058,-0.0949151,-0.3964022,0.3398606
457,1782728481.620668888,15.662336191,3491072,5,-0.1668564,-0.0052850,0.6153780,1.1091161,0.9821193,0.0013063,-0.2778423,-0.3644762,-0.2370240,0.7720238,1.5575058,-0.0949271,-0.3935739,0.3392614
458,1782728481.656585932,15.700752361,3491108,5,-0.1638483,-0.0066153,0.6155577,1.1073424,0.9820353,0.0005992,-0.2769794,-0.3644163,-0.2370120,0.7720238,1.5575298,-0.0949271,-0.3922797,0.3389978
459,1782728481.687931061,15.735712260,3491139,5,-0.1621226,-0.0080174,0.6158454,1.1065634,0.9820593,-0.0000599,-0.2755533,-0.3642725,-0.2370480,0.7720358,1.5575298,-0.0949271,-0.3914048,0.3387221
460,1782728481.721294165,15.767843365,3491172,5,-0.1607564,-0.0097072,0.6163008,1.1052811,0.9820713,-0.0004194,-0.2737197,-0.3641167,-0.2370360,0.7720358,1.5575298,-0.0949510,-0.3908895,0.3383986
461,1782728481.754683971,15.800862882,3491206,5,-0.1596778,-0.0123917,0.6167322,1.1044902,0.9821312,-0.0004554,-0.2719700,-0.3638650,-0.2370600,0.7720478,1.5575298,-0.0949750,-0.3906498,0.3379791
462,1782728481.788929939,15.834043557,3491240,5,-0.1580000,-0.0167539,0.6172355,1.1032438,0.9823350,-0.0004075,-0.2694653,-0.3635295,-0.2370959,0.7720597,1.5575298,-0.0949750,-0.3904341,0.3376795
463,1782728481.821143627,15.868335435,3491272,5,-0.1574368,-0.0204930,0.6171637,1.1022971,0.9829581,-0.0003475,-0.2652109,-0.3632059,-0.2371079,0.7720837,1.5575298,-0.0949990,-0.3900746,0.3374398
464,1782728481.856090546,15.901124993,3491307,5,-0.1573049,-0.0231535,0.6170198,1.1020573,0.9835454,-0.0001558,-0.2624186,-0.3629183,-0.2371798,0.7720717,1.5575418,-0.0950109,-0.3894753,0.3372840
465,1782728481.887645245,15.935324484,3491339,5,-0.1572210,-0.0242081,0.6170318,1.1019975,0.9838090,-0.0000360,-0.2615917,-0.3626546,-0.2373236,0.7721077,1.5575418,-0.0950229,-0.3889360,0.3371283
466,1782728481.919845104,15.967330017,3491371,5,-0.1571132,-0.0248193,0.6169959,1.1019735,0.9839888,-0.0000360,-0.2612561,-0.3624509,-0.2375034,0.7721316,1.5575658,-0.0950469,-0.3886484,0.3369964
467,1782728481.953099251,15.999607718,3491404,5,-0.1571132,-0.0251789,0.6169719,1.1019495,0.9841446,-0.0000240,-0.2609805,-0.3623191,-0.2375873,0.7721316,1.5575418,-0.0950469,-0.3884806,0.3368166
468,1782728481.982578993,16.032827850,3491434,5,-0.1571132,-0.0252508,0.6169000,1.1019495,0.9843243,-0.0000120,-0.2608486,-0.3622352,-0.2376232,0.7721316,1.5575658,-0.0950709,-0.3884567,0.3367567
469,1782728482.021296024,16.061894793,3491473,5,-0.1571132,-0.0252747,0.6168520,1.1019495,0.9843842,0.0000120,-0.2607288,-0.3621992,-0.2377071,0.7721316,1.5575658,-0.0950589,-0.3884327,0.3367088
470,1782728482.053851843,16.101243792,3491505,5,-0.1571012,-0.0253227,0.6168401,1.1019375,0.9844202,0.0000120,-0.2606929,-0.3621873,-0.2377790,0.7721436,1.5575538,-0.0950709,-0.3884447,0.3366848
471,1782728482.085073709,16.133300463,3491536,5,-0.1570892,-0.0253826,0.6168281,1.1019375,0.9844801,0.0000240,-0.2606689,-0.3621873,-0.2378269,0.7721436,1.5575418,-0.0950709,-0.3884327,0.3366609
472,1782728482.120495558,16.164702424,3491571,5,-0.1570892,-0.0254185,0.6168401,1.1019495,0.9845400,0.0000479,-0.2606090,-0.3621513,-0.2379108,0.7721556,1.5575418,-0.0950589,-0.3884207,0.3366609
473,1782728482.152385473,16.199694356,3491604,5,-0.1571132,-0.0254185,0.6168401,1.1019375,0.9845520,0.0000599,-0.2605730,-0.3621393,-0.2379468,0.7721556,1.5575418,-0.0950589,-0.3884088,0.3366489
474,1782728482.186703682,16.232205601,3491638,5,-0.1570892,-0.0254425,0.6168281,1.1019495,0.9846240,0.0000479,-0.2605610,-0.3621154,-0.2380546,0.7721316,1.5575418,-0.0950589,-0.3884207,0.3366489
475,1782728482.232521534,16.265893075,3491684,5,-0.1570892,-0.0254785,0.6168041,1.1019375,0.9847318,0.0000479,-0.2605610,-0.3620794,-0.2380906,0.7721316,1.5575418,-0.0950709,-0.3884088,0.3366369
476,1782728482.267413855,16.311936879,3491719,5,-0.1570892,-0.0255144,0.6167921,1.1019255,0.9848277,0.0000479,-0.2605610,-0.3620554,-0.2381026,0.7721316,1.5575538,-0.0950589,-0.3883848,0.3366129
477,1782728482.283801317,16.347249397,3491735,5,-0.1570892,-0.0255144,0.6167921,1.1019255,0.9848277,0.0000479,-0.2605371,-0.3620195,-0.2381146,0.7721556,1.5575658,-0.0950709,-0.3883848,0.3366249
478,1782728482.317925215,16.363132176,3491769,5,-0.1570892,-0.0255144,0.6167921,1.1019136,0.9848876,0.0000599,-0.2605371,-0.3619955,-0.2381266,0.7721556,1.5575418,-0.0950709,-0.3883848,0.3366009
479,1782728482.352280140,16.397148269,3491803,5,-0.1570892,-0.0255264,0.6167802,1.1019255,0.9849116,0.0000599,-0.2605251,-0.3619835,-0.2381385,0.7721316,1.5575658,-0.0950589,-0.3883728,0.3365770
480,1782728482.380599976,16.432125192,3491832,5,-0.1570892,-0.0255504,0.6167802,1.1019136,0.9849235,0.0000599,-0.2605371,-0.3619595,-0.2381505,0.7721316,1.5575658,-0.0950709,-0.3883608,0.3365650
481,1782728482.420493841,16.459771162,3491872,5,-0.1570772,-0.0255743,0.6167921,1.1019255,0.9849715,0.0000599,-0.2605131,-0.3619236,-0.2381505,0.7721556,1.5575658,-0.0950709,-0.3883608,0.3365650
482,1782728482.448996305,16.500469900,3491900,5,-0.1570772,-0.0255743,0.6167682,1.1019136,0.9849834,0.0000839,-0.2605131,-0.3619236,-0.2381745,0.7721556,1.5575658,-0.0950709,-0.3883368,0.3365410
483,1782728482.485912800,16.528807507,3491937,5,-0.1570892,-0.0255743,0.6167561,1.1019015,0.9850314,0.0000479,-0.2605131,-0.3618757,-0.2382104,0.7721436,1.5575658,-0.0950709,-0.3883129,0.3365170
484,1782728482.514614105,16.565212540,3491966,5,-0.1570772,-0.0255863,0.6167561,1.1019136,0.9850075,0.0000719,-0.2605131,-0.3618637,-0.2382344,0.7721556,1.5575418,-0.0950709,-0.3883129,0.3365170
485,1782728482.546835423,16.594449697,3491998,5,-0.1570772,-0.0256103,0.6167322,1.1019136,0.9850554,0.0000719,-0.2605011,-0.3618397,-0.2382704,0.7721436,1.5575658,-0.0950709,-0.3883009,0.3364931
486,1782728482.580035210,16.626634787,3492031,5,-0.1570772,-0.0256223,0.6167561,1.1019255,0.9850674,0.0000839,-0.2605011,-0.3618277,-0.2382824,0.7721316,1.5575418,-0.0950589,-0.3883009,0.3364931
487,1782728482.612354040,16.659346070,3492064,5,-0.1570653,-0.0256462,0.6167561,1.1019015,0.9851033,0.0000959,-0.2605131,-0.3618277,-0.2383543,0.7721316,1.5575658,-0.0950589,-0.3882889,0.3364811
488,1782728482.646358728,16.692146860,3492098,5,-0.1570653,-0.0256462,0.6167442,1.1019136,0.9851273,0.0000839,-0.2605131,-0.3618158,-0.2383902,0.7721436,1.5575418,-0.0950589,-0.3882889,0.3364811
489,1782728482.679713249,16.726223563,3492131,5,-0.1570772,-0.0256582,0.6167561,1.1019015,0.9851872,0.0001079,-0.2605011,-0.3617918,-0.2383902,0.7721436,1.5575418,-0.0950709,-0.3882889,0.3364811
490,1782728482.712907553,16.758848283,3492164,5,-0.1570892,-0.0256582,0.6167442,1.1019015,0.9851752,0.0000839,-0.2604891,-0.3617918,-0.2384262,0.7721556,1.5575658,-0.0950709,-0.3882769,0.3364811
491,1782728482.747183561,16.792044190,3492198,5,-0.1570772,-0.0256582,0.6167442,1.1019136,0.9852352,0.0000719,-0.2604891,-0.3617798,-0.2384381,0.7721556,1.5575658,-0.0950709,-0.3882649,0.3364811
492,1782728482.784297705,16.826635533,3492235,5,-0.1570772,-0.0256822,0.6167322,1.1019136,0.9852352,0.0000839,-0.2604891,-0.3617678,-0.2384501,0.7721436,1.5575658,-0.0950709,-0.3882410,0.3364571
493,1782728482.822416544,16.863531686,3492273,5,-0.1570653,-0.0256822,0.6167682,1.1019015,0.9852471,0.0000839,-0.2604771,-0.3617319,-0.2384981,0.7721436,1.5575658,-0.0950709,-0.3882170,0.3364811
494,1782728482.854595661,16.902314395,3492306,5,-0.1570653,-0.0256582,0.6167442,1.1019015,0.9852831,0.0000839,-0.2604891,-0.3617319,-0.2384981,0.7721556,1.5575658,-0.0950709,-0.3882170,0.3364331
495,1782728482.887948513,16.934751557,3492339,5,-0.1570772,-0.0256822,0.6167442,1.1019015,0.9852831,0.0000839,-0.2604651,-0.3617079,-0.2384981,0.7721436,1.5575418,-0.0950709,-0.3882170,0.3364452
496,1782728482.919213057,16.967307731,3492370,5,-0.1570892,-0.0256822,0.6167561,1.1018896,0.9852831,0.0000839,-0.2604771,-0.3617079,-0.2385220,0.7721436,1.5575418,-0.0950709,-0.3881930,0.3364331
497,1782728482.950552464,16.998676700,3492402,5,-0.1570772,-0.0256822,0.6167442,1.1018896,0.9852591,0.0000839,-0.2604891,-0.3616959,-0.2385700,0.7721436,1.5575418,-0.0950709,-0.3881691,0.3364092
498,1782728482.987626076,17.030149991,3492439,5,-0.1570772,-0.0257062,0.6167442,1.1019015,0.9852831,0.0000839,-0.2604771,-0.3616719,-0.2385700,0.7721436,1.5575538,-0.0950828,-0.3881571,0.3363972
499,1782728483.021041155,17.067059328,3492472,5,-0.1570772,-0.0257062,0.6167561,1.1019136,0.9852591,0.0000839,-0.2605011,-0.3616599,-0.2385939,0.7721436,1.5575658,-0.0950709,-0.3881451,0.3363972
500,1782728483.054120302,17.100487082,3492505,5,-0.1570653,-0.0257062,0.6167442,1.1019015,0.9852831,0.0000839,-0.2604771,-0.3616599,-0.2386299,0.7721436,1.5575658,-0.0950709,-0.3881331,0.3364092
501,1782728483.087472916,17.134138811,3492539,5,-0.1570772,-0.0257181,0.6167442,1.1019136,0.9852831,0.0000959,-0.2605011,-0.3616480,-0.2386539,0.7721556,1.5575658,-0.0950709,-0.3881331,0.3363972
502,1782728483.120687723,17.167266203,3492572,5,-0.1570772,-0.0257421,0.6167442,1.1019015,0.9852831,0.0000839,-0.2604651,-0.3616360,-0.2386898,0.7721316,1.5575658,-0.0950589,-0.3881331,0.3364092
503,1782728483.152831078,17.200251671,3492604,5,-0.1570892,-0.0257421,0.6167561,1.1019015,0.9852591,0.0000839,-0.2604771,-0.3616360,-0.2387018,0.7721436,1.5575658,-0.0950709,-0.3881211,0.3364092
504,1782728483.184372663,17.232684864,3492635,5,-0.1570653,-0.0257421,0.6167442,1.1019015,0.9852831,0.0000719,-0.2604771,-0.3616000,-0.2387138,0.7721436,1.5575658,-0.0950709,-0.3881331,0.3363852
505,1782728483.224075317,17.264454965,3492675,5,-0.1570772,-0.0257421,0.6167442,1.1018776,0.9852831,0.0000959,-0.2604891,-0.3615880,-0.2387138,0.7721436,1.5575418,-0.0950589,-0.3881091,0.3363732
506,1782728483.256312609,17.303546356,3492708,5,-0.1570772,-0.0257421,0.6167322,1.1018896,0.9852591,0.0000959,-0.2604771,-0.3615521,-0.2387377,0.7721436,1.5575658,-0.0950828,-0.3881211,0.3363732
507,1782728483.332447052,17.335887867,3492784,5,-0.1568136,-0.0257181,0.6161689,1.1018417,0.9849834,0.0000959,-0.2603932,-0.3611327,-0.2387617,0.7716762,1.5573980,-0.0950709,-0.3879174,0.3361815
508,1782728483.339951038,17.411899570,3492791,5,-0.1565619,-0.0257181,0.6155577,1.1017098,0.9847438,0.0000839,-0.2602255,-0.3607252,-0.2388097,0.7709932,1.5571463,-0.0950828,-0.3877136,0.3359298
509,1782728483.385598183,17.419121208,3492837,5,-0.1538535,-0.0256582,0.6102248,1.1000080,0.9811366,0.0000719,-0.2583200,-0.3555720,-0.2396366,0.7613339,1.5523167,-0.0951308,-0.3845139,0.3329577
510,1782728483.421821594,17.465667844,3492873,5,-0.1504140,-0.0256223,0.6031181,1.0976951,0.9767623,0.0000479,-0.2559950,-0.3478301,-0.2416859,0.7493616,1.5443232,-0.0951667,-0.3800557,0.3289310
511,1782728483.454861641,17.501235986,3492906,5,-0.1464233,-0.0255384,0.5960115,1.0952264,0.9706983,0.0000120,-0.2530110,-0.3406516,-0.2435075,0.7396784,1.5353830,-0.0952986,-0.3761848,0.3243890
512,1782728483.488347530,17.534794976,3492939,5,-0.1417494,-0.0253466,0.5873589,1.0925059,0.9609072,-0.0000599,-0.2489124,-0.3326461,-0.2449096,0.7301869,1.5272217,-0.0952746,-0.3722300,0.3188044
513,1782728483.521652699,17.567992930,3492973,5,-0.1367640,-0.0251669,0.5787781,1.0908641,0.9508045,-0.0000839,-0.2419855,-0.3261267,-0.2460002,0.7189696,1.5200431,-0.0954064,-0.3680475,0.3141784
514,1782728483.554852247,17.601050336,3493006,5,-0.1319823,-0.0247354,0.5717914,1.0889107,0.9382330,-0.0002037,-0.2372637,-0.3192717,-0.2467552,0.7069495,1.5140151,-0.0954064,-0.3636973,0.3094687
515,1782728483.587900162,17.634578381,3493039,5,-0.1269489,-0.0236688,0.5668659,1.0867535,0.9292568,-0.0005033,-0.2350945,-0.3128242,-0.2479057,0.6978534,1.5062374,-0.0953944,-0.3588317,0.3050225
516,1782728483.618260145,17.667697356,3493070,5,-0.1212684,-0.0222188,0.5608377,1.0843806,0.9191182,-0.0014022,-0.2332969,-0.3065085,-0.2490921,0.6922927,1.4978005,-0.0954424,-0.3543735,0.2999891
517,1782728483.656502962,17.697558084,3493108,5,-0.1151325,-0.0197860,0.5522331,1.0835897,0.9058636,-0.0026245,-0.2311997,-0.2982394,-0.2492599,0.6803205,1.4891359,-0.0955622,-0.3482256,0.2937813
518,1782728483.689615965,17.736293175,3493141,5,-0.1096317,-0.0168259,0.5433049,1.0831103,0.8938794,-0.0041705,-0.2289466,-0.2903059,-0.2496434,0.6691272,1.4814899,-0.0955862,-0.3442588,0.2878012
519,1782728483.722124100,17.769229393,3493173,5,-0.1042028,-0.0139257,0.5367375,1.0828227,0.8834771,-0.0064355,-0.2265738,-0.2856680,-0.2497153,0.6597196,1.4771156,-0.0955862,-0.3411190,0.2842778
520,1782728483.755989552,17.801695964,3493207,5,-0.0991095,-0.0112891,0.5290796,1.0825350,0.8716606,-0.0079575,-0.2231463,-0.2799635,-0.2500509,0.6514146,1.4708480,-0.0955982,-0.3375357,0.2801313
521,1782728483.782708645,17.835343053,3493234,5,-0.0958019,-0.0095035,0.5216254,1.0819957,0.8620014,-0.0086406,-0.2198986,-0.2731325,-0.2508178,0.6422586,1.4620636,-0.0957180,-0.3336049,0.2765120
522,1782728483.821560860,17.862484046,3493273,5,-0.0892106,-0.0063516,0.5114268,1.0803659,0.8488786,-0.0100308,-0.2166868,-0.2635331,-0.2515968,0.6296152,1.4512777,-0.0957540,-0.3283678,0.2707476
523,1782728483.854975700,17.900826996,3493306,5,-0.0828230,-0.0034275,0.5018035,1.0790477,0.8373019,-0.0110614,-0.2139064,-0.2546288,-0.2522799,0.6182901,1.4423015,-0.0957420,-0.3249043,0.2648274
524,1782728483.887603045,17.934110233,3493338,5,-0.0766871,-0.0008988,0.4951163,1.0774777,0.8248862,-0.0124636,-0.2111860,-0.2472346,-0.2522919,0.6102727,1.4356502,-0.0957540,-0.3223277,0.2581282
525,1782728483.921539783,17.967294587,3493373,5,-0.0719653,0.0008509,0.4887886,1.0762553,0.8139446,-0.0133145,-0.2087293,-0.2399002,-0.2522559,0.5990435,1.4280882,-0.0957659,-0.3181692,0.2526275
526,1782728483.955622911,18.000817928,3493407,5,-0.0673034,0.0022051,0.4806993,1.0743499,0.8034344,-0.0143331,-0.2046786,-0.2324460,-0.2525676,0.5897797,1.4183331,-0.0959697,-0.3125486,0.2480135
527,1782728483.986973524,18.034770722,3493438,5,-0.0628932,0.0032957,0.4716152,1.0726122,0.7940028,-0.0148365,-0.1991179,-0.2257349,-0.2523398,0.5796171,1.4108789,-0.0960416,-0.3073235,0.2433277
528,1782728484.017291546,18.066877890,3493469,5,-0.0578718,0.0049255,0.4619679,1.0704070,0.7827976,-0.0154357,-0.1950313,-0.2190836,-0.2524956,0.5716835,1.4036044,-0.0960176,-0.3044952,0.2386898
529,1782728484.056400061,18.097145991,3493508,5,-0.0519636,0.0076220,0.4532314,1.0678065,0.7704659,-0.0159031,-0.1929460,-0.2098917,-0.2522080,0.5567631,1.3954672,-0.0960176,-0.3011396,0.2328295
530,1782728484.089516878,18.135645906,3493541,5,-0.0461752,0.0106899,0.4452619,1.0654935,0.7590089,-0.0168139,-0.1910166,-0.2021739,-0.2524118,0.5462889,1.3863351,-0.0960296,-0.2974964,0.2286710
531,1782728484.123692513,18.169094748,3493575,5,-0.0398356,0.0144530,0.4370168,1.0633364,0.7451072,-0.0174011,-0.1896144,-0.1935213,-0.2523518,0.5350118,1.3755974,-0.0960536,-0.2927746,0.2226909
532,1782728484.155097961,18.203030485,3493606,5,-0.0338794,0.0183359,0.4278249,1.0618743,0.7354360,-0.0175090,-0.1884400,-0.1851563,-0.2522679,0.5246694,1.3670526,-0.0960416,-0.2900063,0.2166029
533,1782728484.188319683,18.234364220,3493640,5,-0.0273240,0.0224824,0.4186689,1.0608077,0.7224571,-0.0176048,-0.1863068,-0.1757487,-0.2517886,0.5112470,1.3589872,-0.0960296,-0.2882686,0.2096880
534,1782728484.220808744,18.267467835,3493672,5,-0.0208046,0.0285344,0.4101361,1.0603043,0.7119229,-0.0172693,-0.1841616,-0.1681267,-0.2517406,0.4997782,1.3510296,-0.0960176,-0.2858717,0.2050980
535,1782728484.254840374,18.300748511,3493706,5,-0.0140695,0.0331244,0.4024063,1.0594654,0.6979852,-0.0168858,-0.1789005,-0.1599535,-0.2518964,0.4887047,1.3402319,-0.0960176,-0.2824562,0.2016106
536,1782728484.288199425,18.334015812,3493739,5,-0.0055367,0.0373668,0.3946885,1.0590940,0.6861448,-0.0162027,-0.1730522,-0.1507376,-0.2518485,0.4765048,1.3312078,-0.0960056,-0.2796639,0.1975360
537,1782728484.322309732,18.367815737,3493774,5,0.0020133,0.0392963,0.3881091,1.0574521,0.6705054,-0.0168378,-0.1685461,-0.1414977,-0.2518125,0.4632143,1.3219320,-0.0960176,-0.2770273,0.1924906
538,1782728484.354607582,18.401738930,3493806,5,0.0074302,0.0411898,0.3808946,1.0559181,0.6572149,-0.0172813,-0.1665448,-0.1332286,-0.2515249,0.4529558,1.3138306,-0.0960176,-0.2742110,0.1872775
539,1782728484.429826498,18.433914515,3493881,5,0.0148245,0.0449648,0.3654829,1.0507529,0.6317484,-0.0174850,-0.1596179,-0.1165706,-0.2499070,0.4322950,1.2937331,-0.0960416,-0.2635092,0.1768752
540,1782728484.435296535,18.508956363,3493887,5,0.0153398,0.0455401,0.3637572,1.0501657,0.6298549,-0.0175689,-0.1585153,-0.1151924,-0.2497872,0.4302217,1.2924387,-0.0960416,-0.2630178,0.1763359
541,1782728484.490449429,18.515395256,3493942,5,0.0224944,0.0487638,0.3473748,1.0461630,0.6119984,-0.0177127,-0.1506058,-0.1019019,-0.2488884,0.4159365,1.2794240,-0.0960296,-0.2607168,0.1672998
542,1782728484.522854090,18.570249740,3493974,5,0.0270963,0.0509929,0.3388060,1.0444013,0.6026148,-0.0178325,-0.1493115,-0.0922426,-0.2479896,0.4028617,1.2698845,-0.0960416,-0.2588832,0.1629735
543,1782728484.555886030,18.602633396,3494007,5,0.0338315,0.0532699,0.3293984,1.0415010,0.5896119,-0.0185875,-0.1471064,-0.0842491,-0.2474503,0.3935260,1.2601173,-0.0960416,-0.2556115,0.1590666
544,1782728484.589212656,18.635367431,3494040,5,0.0381578,0.0562659,0.3222798,1.0395117,0.5793893,-0.0191148,-0.1456083,-0.0776937,-0.2463717,0.3833154,1.2533822,-0.0960416,-0.2516567,0.1561305
545,1782728484.621598244,18.669035960,3494073,5,0.0421126,0.0606042,0.3125726,1.0382054,0.5663505,-0.0193425,-0.1443260,-0.0696523,-0.2459522,0.3755976,1.2444899,-0.0960296,-0.2488045,0.1522835
546,1782728484.655015230,18.701509763,3494106,5,0.0464269,0.0654698,0.3018946,1.0366116,0.5536832,-0.0195463,-0.1423606,-0.0611915,-0.2440348,0.3636374,1.2382221,-0.0960536,-0.2468271,0.1465311
547,1782728484.688215256,18.734868554,3494139,5,0.0523231,0.0696643,0.2910369,1.0346341,0.5413155,-0.0198459,-0.1373991,-0.0508131,-0.2425847,0.3521205,1.2273045,-0.0960536,-0.2436273,0.1396402
548,1782728484.722118378,18.767690048,3494173,5,0.0588905,0.0723128,0.2803590,1.0326927,0.5293552,-0.0203372,-0.1292499,-0.0424002,-0.2413982,0.3421616,1.2187358,-0.0960536,-0.2404395,0.1346787
549,1782728484.755598307,18.801804255,3494207,5,0.0630610,0.0732476,0.2731564,1.0304756,0.5164362,-0.0203252,-0.1256306,-0.0339633,-0.2412784,0.3334011,1.2111138,-0.0960296,-0.2394688,0.1313112
550,1782728484.788734913,18.834840540,3494240,5,0.0681663,0.0757044,0.2640125,1.0261014,0.5025585,-0.0204091,-0.1237371,-0.0252747,-0.2399601,0.3213210,1.2039592,-0.0960296,-0.2387977,0.1274522
551,1782728484.820286989,18.868615344,3494271,5,0.0732955,0.0775379,0.2600098,1.0231892,0.4928632,-0.0210083,-0.1225267,-0.0174970,-0.2384741,0.3110506,1.1988779,-0.0960176,-0.2384501,0.1239528
552,1782728484.850428343,18.899898709,3494302,5,0.0781971,0.0802104,0.2526394,1.0213796,0.4794050,-0.0220630,-0.1197464,-0.0107618,-0.2377071,0.3033567,1.1907766,-0.0959936,-0.2362930,0.1214242
553,1782728484.889566660,18.930111352,3494341,5,0.0836858,0.0831705,0.2407271,1.0191265,0.4637656,-0.0228419,-0.1118368,-0.0026965,-0.2368203,0.2950876,1.1797031,-0.0960176,-0.2308401,0.1184641
554,1782728484.921709538,18.968896268,3494373,5,0.0879043,0.0837578,0.2336325,1.0171372,0.4551609,-0.0241123,-0.1070311,0.0048536,-0.2345313,0.2826839,1.1723568,-0.0959936,-0.2267895,0.1164148
555,1782728484.955019236,19.000990315,3494406,5,0.0918591,0.0864662,0.2260944,1.0153276,0.4438238,-0.0272282,-0.1051975,0.0139976,-0.2318708,0.2700166,1.1647109,-0.0959817,-0.2252914,0.1130712
556,1782728484.987501383,19.035145484,3494439,5,0.0972760,0.0896180,0.2208094,1.0134220,0.4308569,-0.0307635,-0.1047301,0.0218472,-0.2299174,0.2623706,1.1578679,-0.0959577,-0.2251476,0.1078221
557,1782728485.020537138,19.066925632,3494472,5,0.1019498,0.0929017,0.2151288,1.0116603,0.4196636,-0.0334600,-0.1035557,0.0302242,-0.2278800,0.2556475,1.1486161,-0.0959577,-0.2234219,0.1010869
558,1782728485.053737164,19.099853146,3494505,5,0.1065038,0.0966288,0.2063803,1.0089639,0.4108911,-0.0363002,-0.1022734,0.0372350,-0.2242249,0.2448976,1.1424203,-0.0959697,-0.2218040,0.0957300
559,1782728485.087212324,19.133027738,3494538,5,0.1112735,0.1011469,0.1975480,1.0048534,0.4045275,-0.0392483,-0.1010270,0.0439102,-0.2218040,0.2360653,1.1364760,-0.0959817,-0.2209532,0.0919669
560,1782728485.120352745,19.166572647,3494572,5,0.1163069,0.1075225,0.1886077,1.0021689,0.3912849,-0.0418010,-0.0979950,0.0513764,-0.2202820,0.2266337,1.1301244,-0.0959577,-0.2204858,0.0904809
561,1782728485.153630257,19.200037745,3494605,5,0.1206931,0.1113454,0.1838979,1.0015577,0.3837828,-0.0423762,-0.0900734,0.0595976,-0.2202581,0.2223313,1.1219152,-0.0959098,-0.2201862,0.0873890
562,1782728485.187797785,19.233501147,3494639,5,0.1265534,0.1144613,0.1771269,1.0006109,0.3726974,-0.0424961,-0.0836499,0.0670997,-0.2195630,0.2161715,1.1147606,-0.0959337,-0.2200783,0.0837458
563,1782728485.222760677,19.267832929,3494674,5,0.1314430,0.1171458,0.1707033,0.9996282,0.3638411,-0.0425080,-0.0818882,0.0771425,-0.2184365,0.2044269,1.1043344,-0.0959337,-0.2171661,0.0824754
564,1782728485.252317905,19.302572532,3494704,5,0.1370636,0.1218796,0.1634648,0.9987773,0.3500233,-0.0424841,-0.0794674,0.0839735,-0.2177534,0.1963256,1.0989056,-0.0959337,-0.2171062,0.0811572
565,1782728485.290502548,19.331490029,3494742,5,0.1457282,0.1297053,0.1553036,0.9985856,0.3463920,-0.0418849,-0.0759081,0.0924223,-0.2165669,0.1858514,1.0910798,-0.0959217,-0.2169385,0.0798149
566,1782728485.322856188,19.370125212,3494774,5,0.1578083,0.1391728,0.1460997,0.9989091,0.3464400,-0.0383375,-0.0694486,0.0997926,-0.2162314,0.1815370,1.0833499,-0.0958978,-0.2169624,0.0758721
567,1782728485.354878902,19.402322686,3494806,5,0.1726927,0.1488920,0.1321980,0.9999638,0.3460205,-0.0360965,-0.0653620,0.1069832,-0.2148532,0.1740469,1.0766509,-0.0959217,-0.2168665,0.0721211
568,1782728485.389069319,19.434435197,3494840,5,0.1879007,0.1565499,0.1208369,1.0048534,0.3435518,-0.0170775,-0.0658893,0.1157676,-0.2129597,0.1605047,1.0673870,-0.0959098,-0.2132353,0.0705511
569,1782728485.421570539,19.468233265,3494873,5,0.2048224,0.1588749,0.1115252,1.0084246,0.3399206,0.0053090,-0.0660930,0.1253670,-0.2122886,0.1505818,1.0584108,-0.0959098,-0.2120848,0.0674952
570,1782728485.454706907,19.501247533,3494906,5,0.2170942,0.1588869,0.1064918,1.0111570,0.3290269,0.0205889,-0.0656975,0.1338039,-0.2120968,0.1446616,1.0527543,-0.0958618,-0.2120489,0.0595616
571,1782728485.533488750,19.534389389,3494985,5,0.2471507,0.1620147,0.0840813,1.0177244,0.3083301,0.0499383,-0.0655058,0.1502582,-0.2121208,0.1193749,1.0455278,-0.0959577,-0.2038876,0.0491833
572,1782728485.543891907,19.612905426,3494995,5,0.2496434,0.1623263,0.0813849,1.0178802,0.3040278,0.0529463,-0.0655657,0.1523435,-0.2121208,0.1159474,1.0435743,-0.0959817,-0.1987464,0.0484283
573,1782728485.588558912,19.623669897,3495040,5,0.2568339,0.1661733,0.0671356,1.0178202,0.2978799,0.0559663,-0.0653260,0.1684383,-0.2132952,0.1065997,1.0304636,-0.0999844,-0.1667006,0.0446652
574,1782728485.621966839,19.667979117,3495073,5,0.2575889,0.1681027,0.0645710,1.0171851,0.2813417,0.0558585,-0.0651462,0.1846889,-0.2140383,0.1026569,1.0278990,-0.1008952,-0.1432355,0.0435147
575,1782728485.655019999,19.701301555,3495106,5,0.2601536,0.1704876,0.0577040,1.0163702,0.2635211,0.0556068,-0.0642594,0.1971765,-0.2103591,0.0830267,1.0252265,-0.0956221,-0.1371595,0.0369234
576,1782728485.683504581,19.734836351,3495135,5,0.2618313,0.1741428,0.0462591,1.0155432,0.2602375,0.0556188,-0.0643193,0.2069076,-0.2124563,0.0770945,1.0207324,-0.0997567,-0.1246599,0.0361085
577,1782728485.723739147,19.763325546,3495175,5,0.2642402,0.1803266,0.0353175,1.0104020,0.2574811,0.0555828,-0.0644871,0.2233740,-0.2139424,0.0749014,1.0172570,-0.1127716,-0.0958738,0.0369713
578,1782728485.755991697,19.802973594,3495207,5,0.2690219,0.1879246,0.0235370,1.0040144,0.2467912,0.0555349,-0.0646189,0.2380666,-0.2136308,0.0745179,1.0172091,-0.1187876,-0.0610476,0.0400752
579,1782728485.789084673,19.835642090,3495240,5,0.2699447,0.1922989,0.0221349,0.9994364,0.2306604,0.0546720,-0.0643553,0.2573133,-0.2131874,0.0740385,1.0176765,-0.1188116,-0.0157712,0.0403749
580,1782728485.825311184,19.868989937,3495276,5,0.2712989,0.1956185,0.0199777,0.9953139,0.2244046,0.0523950,-0.0637800,0.2714787,-0.2131514,0.0732955,1.0178802,-0.1189794,0.0353055,0.0479249
581,1782728485.855492353,19.904500188,3495307,5,0.2755533,0.1979674,0.0162746,0.9928451,0.2206895,0.0476133,-0.0606881,0.2855242,-0.2130915,0.0711623,1.0177484,-0.1188356,0.0681064,0.0490754
582,1782728485.888809204,19.934849859,3495340,5,0.2787651,0.2031686,0.0037391,0.9910475,0.2164231,0.0484642,-0.0597054,0.2989225,-0.2129597,0.0643074,1.0152316,-0.1188116,0.0958618,0.0489196
583,1782728485.922186852,19.968211850,3495373,5,0.2821446,0.2059249,-0.0028403,0.9888664,0.2163991,0.0485481,-0.0616948,0.3075632,-0.2125163,0.0511846,1.0137097,-0.1187637,0.1167383,0.0490754
584,1782728485.955332041,20.001630450,3495407,5,0.2854643,0.2059369,-0.0058123,0.9887944,0.2162913,0.0489196,-0.0619345,0.3101518,-0.2133072,0.0434188,1.0136018,-0.1187038,0.1339956,0.0481646
585,1782728485.987786293,20.035401190,3495439,5,0.2885801,0.2056613,-0.0101027,0.9887944,0.2162194,0.0492192,-0.0625816,0.3099121,-0.2136068,0.0368155,1.0120678,-0.1187157,0.1405150,0.0477212
586,1782728486.023601770,20.067659754,3495475,5,0.2904257,0.2049183,-0.0105581,0.9888184,0.2160396,0.0492312,-0.0640677,0.3072875,-0.2135829,0.0322016,1.0075737,-0.1185959,0.1366681,0.0475175
587,1782728486.055086374,20.103402140,3495506,5,0.2896467,0.2047625,-0.0107499,0.9888184,0.2159677,0.0494589,-0.0642714,0.3038720,-0.2131035,0.0321896,1.0052727,-0.1186318,0.1265774,0.0473856
588,1782728486.084737062,20.134874695,3495536,5,0.2888198,0.2048703,-0.0106779,0.9880994,0.2158838,0.0493151,-0.0641995,0.3037042,-0.2120728,0.0324293,0.9980942,-0.1185480,0.1225866,0.0481406
589,1782728486.123702765,20.164663483,3495575,5,0.2890595,0.2048943,-0.0106540,0.9878477,0.2157880,0.0493031,-0.0639358,0.3006003,-0.2110302,0.0326091,0.9947746,-0.1184281,0.1200460,0.0481886
590,1782728486.155874968,20.203456879,3495607,5,0.2894670,0.2053617,-0.0101506,0.9878477,0.2157640,0.0492911,-0.0634085,0.2994858,-0.2104550,0.0326810,0.9941155,-0.1184401,0.1198542,0.0481766
591,1782728486.189944506,20.235070622,3495641,5,0.2895149,0.2060688,-0.0099110,0.9877998,0.2157280,0.0493151,-0.0631569,0.2959864,-0.2104430,0.0326330,0.9887106,-0.1184281,0.1184521,0.0481646
592,1782728486.221475363,20.270012439,3495673,5,0.2895509,0.2065002,-0.0097432,0.9877878,0.2157041,0.0494110,-0.0630610,0.2948119,-0.2104550,0.0326211,0.9878357,-0.1184401,0.1031962,0.0480567
593,1782728486.251840830,20.301520706,3495703,5,0.2903059,0.2065481,-0.0097671,0.9878117,0.2156681,0.0495188,-0.0630969,0.2949318,-0.2104310,0.0326450,0.9878357,-0.1185240,0.0857831,0.0481167
594,1782728486.289009809,20.331244597,3495740,5,0.2919837,0.2064642,-0.0098870,0.9878836,0.2156202,0.0495787,-0.0632408,0.2943925,-0.2100715,0.0327289,0.9869009,-0.1184281,0.0748415,0.0481526
595,1782728486.322165012,20.368254031,3495773,5,0.2923432,0.2065002,-0.0098990,0.9878957,0.2156322,0.0506573,-0.0638639,0.2943925,-0.2100955,0.0327049,0.9869369,-0.1184641,0.0675671,0.0481526
596,1782728486.349599600,20.401299372,3495801,5,0.2926668,0.2064403,-0.0099349,0.9878957,0.2156082,0.0509090,-0.0637441,0.2946562,-0.2100955,0.0326930,0.9869848,-0.1185000,0.0642954,0.0481167
597,1782728486.387546062,20.429570352,3495839,5,0.2920316,0.2064283,-0.0099110,0.9878836,0.2155483,0.0508850,-0.0636243,0.2936255,-0.2100955,0.0326930,0.9868530,-0.1185000,0.0632408,0.0481286
598,1782728486.424746275,20.467127580,3495876,5,0.2915402,0.2064642,-0.0099349,0.9878357,0.2154644,0.0508371,-0.0636602,0.2926188,-0.2101194,0.0327049,0.9865774,-0.1185000,0.0631928,0.0481167
599,1782728486.455924511,20.503902831,3495907,5,0.2914923,0.2064523,-0.0099110,0.9878477,0.2154284,0.0508371,-0.0632048,0.2923432,-0.2100955,0.0327049,0.9865774,-0.1184760,0.0632048,0.0481167
600,1782728486.484519482,20.535391450,3495936,5,0.2913845,0.2064403,-0.0099110,0.9878477,0.2154524,0.0507652,-0.0632288,0.2925110,-0.2101194,0.0326810,0.9866373,-0.1185000,0.0633007,0.0481047
601,1782728486.523410797,20.563833540,3495975,5,0.2915043,0.2064762,-0.0098870,0.9878597,0.2154404,0.0508011,-0.0632527,0.2937933,-0.2101314,0.0327049,0.9870208,-0.1185000,0.0639598,0.0481167
602,1782728486.556766033,20.602692634,3496008,5,0.2916601,0.2064523,-0.0099469,0.9878716,0.2154164,0.0509929,-0.0637800,0.2961781,-0.2101194,0.0326930,0.9871407,-0.1185240,0.0641635,0.0481286
603,1782728486.613879442,20.636576273,3496065,5,0.2917919,0.2063204,-0.0100188,0.9878716,0.2153805,0.0509569,-0.0637681,0.2973047,-0.2101554,0.0326690,0.9874402,-0.1185000,0.0643793,0.0481167
604,1782728486.628138542,20.693661003,3496079,5,0.2917080,0.2063204,-0.0099948,0.9878477,0.2153805,0.0509569,-0.0637561,0.2970410,-0.2102033,0.0326450,0.9874163,-0.1185000,0.0643553,0.0481047
605,1782728486.651795387,20.707333566,3496103,5,0.2916721,0.2063204,-0.0099948,0.9878477,0.2153685,0.0509569,-0.0637441,0.2966335,-0.2102153,0.0326211,0.9873923,-0.1185240,0.0643193,0.0480687
606,1782728486.686034203,20.731337819,3496137,5,0.2916481,0.2062845,-0.0100068,0.9878477,0.2153925,0.0509569,-0.0637681,0.2965976,-0.2101913,0.0326211,0.9874163,-0.1185000,0.0642714,0.0480687
607,1782728486.720235825,20.765731426,3496171,5,0.2916601,0.2062605,-0.0100308,0.9878357,0.2153565,0.0509569,-0.0637441,0.2969931,-0.2101793,0.0326450,0.9874402,-0.1185240,0.0642834,0.0480807
608,1782728486.754331112,20.800256461,3496206,5,0.2916601,0.2062965,-0.0100188,0.9878597,0.2153445,0.0509449,-0.0636722,0.2972327,-0.2101913,0.0326450,0.9874762,-0.1184760,0.0643193,0.0480687
609,1782728486.787509680,20.833479887,3496239,5,0.2916481,0.2062845,-0.0100068,0.9878716,0.2153326,0.0509569,-0.0636362,0.2972807,-0.2101793,0.0326690,0.9874762,-0.1185000,0.0643074,0.0480807
610,1782728486.820764780,20.867117247,3496272,5,0.2916241,0.2062725,-0.0100188,0.9878477,0.2153086,0.0509569,-0.0636602,0.2972327,-0.2101554,0.0326930,0.9874762,-0.1185000,0.0642954,0.0480927
611,1782728486.854961634,20.900579240,3496306,5,0.2916002,0.2062725,-0.0100188,0.9878716,0.2153206,0.0509569,-0.0636482,0.2970410,-0.2101554,0.0326930,0.9874762,-0.1185240,0.0643074,0.0480927
612,1782728486.885460138,20.934082387,3496337,5,0.2916002,0.2062845,-0.0100188,0.9878477,0.2153086,0.0509330,-0.0636243,0.2969331,-0.2101793,0.0326570,0.9874762,-0.1185480,0.0643193,0.0480807
613,1782728486.924483776,20.964795173,3496376,5,0.2916002,0.2062965,-0.0100068,0.9878716,0.2152607,0.0509330,-0.0636482,0.2969092,-0.2101554,0.0327049,0.9874522,-0.1184760,0.0642954,0.0480927
614,1782728486.954618931,21.003852865,3496406,5,0.2916002,0.2062965,-0.0100188,0.9878597,0.2152487,0.0509449,-0.0636602,0.2968732,-0.2101314,0.0327289,0.9874522,-0.1185000,0.0643074,0.0480927
615,1782728486.989971399,21.034045475,3496441,5,0.2916002,0.2062845,-0.0100188,0.9878477,0.2152247,0.0509330,-0.0636482,0.2967654,-0.2101554,0.0327289,0.9874522,-0.1185240,0.0642954,0.0480927
616,1782728487.023241520,21.069791701,3496474,5,0.2915882,0.2062845,-0.0100068,0.9878477,0.2152247,0.0509569,-0.0636482,0.2966695,-0.2101314,0.0327409,0.9874522,-0.1184880,0.0642834,0.0480807
617,1782728487.056328535,21.102676684,3496508,5,0.2915882,0.2062965,-0.0099948,0.9878716,0.2152007,0.0509449,-0.0636362,0.2966695,-0.2101554,0.0327169,0.9874762,-0.1184760,0.0642954,0.0480807
618,1782728487.089888096,21.136238713,3496541,5,0.2915762,0.2062845,-0.0100188,0.9878477,0.2152247,0.0509210,-0.0636482,0.2966455,-0.2101554,0.0327169,0.9874762,-0.1184760,0.0643074,0.0481047
619,1782728487.122742414,21.169737155,3496574,5,0.2916002,0.2062965,-0.0100308,0.9878357,0.2152127,0.0509330,-0.0636482,0.2966455,-0.2101554,0.0326930,0.9874522,-0.1184521,0.0642834,0.0480927
620,1782728487.156224966,21.202174124,3496607,5,0.2915762,0.2063084,-0.0100188,0.9878597,0.2151648,0.0509449,-0.0636602,0.2966935,-0.2101554,0.0327169,0.9874762,-0.1185240,0.0642954,0.0480807
621,1782728487.190476894,21.236054307,3496642,5,0.2915762,0.2062965,-0.0100188,0.9878716,0.2151648,0.0509569,-0.0636602,0.2967294,-0.2101554,0.0327289,0.9874762,-0.1185000,0.0642954,0.0480927
622,1782728487.223736763,21.270036733,3496675,5,0.2916002,0.2062845,-0.0100068,0.9878597,0.2151648,0.0509449,-0.0636602,0.2967055,-0.2101793,0.0327049,0.9874762,-0.1184641,0.0642954,0.0480567
623,1782728487.256972790,21.303056184,3496708,5,0.2915882,0.2062965,-0.0100188,0.9878357,0.2151887,0.0509330,-0.0636362,0.2967414,-0.2101793,0.0327289,0.9874762,-0.1185240,0.0642954,0.0480927
624,1782728487.287224531,21.336603172,3496738,5,0.2915762,0.2062845,-0.0100308,0.9878237,0.2151768,0.0509330,-0.0636602,0.2967055,-0.2101554,0.0327289,0.9874762,-0.1185000,0.0642954,0.0480807
625,1782728487.325232983,21.366958282,3496776,5,0.2915762,0.2063084,-0.0100188,0.9878477,0.2151168,0.0509449,-0.0636602,0.2967414,-0.2101793,0.0327289,0.9874522,-0.1185240,0.0643074,0.0480927
626,1782728487.358652592,21.405049991,3496810,5,0.2916002,0.2062965,-0.0100188,0.9878477,0.2151168,0.0509449,-0.0636482,0.2967893,-0.2101554,0.0327289,0.9874522,-0.1185480,0.0643074,0.0480807
627,1782728487.390868187,21.438051554,3496842,5,0.2916002,0.2063084,-0.0100068,0.9878477,0.2151528,0.0509569,-0.0636482,0.2967774,-0.2101554,0.0327289,0.9874762,-0.1184880,0.0642954,0.0480807
628,1782728487.423053503,21.470541708,3496874,5,0.2916002,0.2063084,-0.0100308,0.9878357,0.2151288,0.0509449,-0.0636602,0.2967893,-0.2101554,0.0327649,0.9874522,-0.1185000,0.0642834,0.0480927
629,1782728487.457240582,21.503222204,3496909,5,0.2916002,0.2063084,-0.0100068,0.9878357,0.2151288,0.0509449,-0.0636602,0.2967893,-0.2101554,0.0327529,0.9874762,-0.1185360,0.0643074,0.0480927
630,1782728487.490715742,21.536567650,3496942,5,0.2915762,0.2062965,-0.0100188,0.9878597,0.2151168,0.0509330,-0.0636482,0.2967654,-0.2101554,0.0327529,0.9874522,-0.1185240,0.0642834,0.0480807
631,1782728487.523985863,21.570686784,3496975,5,0.2915762,0.2062965,-0.0100068,0.9878477,0.2151168,0.0509569,-0.0636482,0.2967654,-0.2101554,0.0327649,0.9874762,-0.1185360,0.0642954,0.0480927
632,1782728487.557245016,21.603619897,3497008,5,0.2915882,0.2062845,-0.0100068,0.9878237,0.2150929,0.0509449,-0.0636482,0.2967654,-0.2101554,0.0327289,0.9874522,-0.1185240,0.0642954,0.0480807
633,1782728487.590402365,21.636931549,3497042,5,0.2915762,0.2062845,-0.0100188,0.9878357,0.2151168,0.0509449,-0.0636482,0.2967414,-0.2101554,0.0327649,0.9874522,-0.1185599,0.0643074,0.0480807
634,1782728487.623724461,21.670211841,3497075,5,0.2915642,0.2062845,-0.0100188,0.9878357,0.2151049,0.0509449,-0.0636602,0.2967414,-0.2101793,0.0327409,0.9874762,-0.1185240,0.0642954,0.0480807
635,1782728487.705396414,21.703024214,3497156,5,0.2915642,0.2062965,-0.0100308,0.9878357,0.2150809,0.0509449,-0.0636243,0.2967534,-0.2101554,0.0327529,0.9874522,-0.1185120,0.0642834,0.0480807
636,1782728487.714913845,21.785460406,3497166,5,0.2915762,0.2062965,-0.0100068,0.9878357,0.2150689,0.0509330,-0.0636482,0.2967534,-0.2101793,0.0327529,0.9874522,-0.1185719,0.0642954,0.0480807
637,1782728487.758524418,21.794718461,3497210,5,0.2915882,0.2063084,-0.0100188,0.9878477,0.2150210,0.0509569,-0.0636602,0.2967414,-0.2101554,0.0327649,0.9874642,-0.1185240,0.0642954,0.0480927
638,1782728487.791715384,21.838335945,3497243,5,0.2915762,0.2062965,-0.0100188,0.9878237,0.2150090,0.0509569,-0.0636482,0.2967414,-0.2101793,0.0327649,0.9874522,-0.1184880,0.0642954,0.0480687
639,1782728487.822229862,21.871664334,3497273,5,0.2915762,0.2062965,-0.0100068,0.9878237,0.2150330,0.0509449,-0.0636482,0.2967774,-0.2101554,0.0327529,0.9874762,-0.1184521,0.0642954,0.0480807
640,1782728487.858351707,21.901651273,3497309,5,0.2915762,0.2063084,-0.0100188,0.9878357,0.2150210,0.0509569,-0.0636482,0.2967534,-0.2101793,0.0327649,0.9874762,-0.1184521,0.0643074,0.0480927
641,1782728487.890443325,21.938160179,3497342,5,0.2915762,0.2063084,-0.0100188,0.9878477,0.2150090,0.0509449,-0.0636482,0.2967534,-0.2101554,0.0327649,0.9874522,-0.1185480,0.0642954,0.0480807
642,1782728487.924623966,21.970526682,3497376,5,0.2915762,0.2063084,-0.0100308,0.9878477,0.2150090,0.0509449,-0.0636482,0.2968013,-0.2101554,0.0327649,0.9874762,-0.1184760,0.0642954,0.0480927
643,1782728487.956088781,22.004161481,3497407,5,0.2915762,0.2063084,-0.0100068,0.9878237,0.2150090,0.0509449,-0.0636482,0.2968013,-0.2101554,0.0327529,0.9874522,-0.1184760,0.0642954,0.0480807
644,1782728487.991218805,22.035935644,3497442,5,0.2915762,0.2062965,-0.0100188,0.9878477,0.2149970,0.0509449,-0.0636482,0.2967774,-0.2101554,0.0327769,0.9874522,-0.1185360,0.0643074,0.0480807
645,1782728488.023634911,22.071174110,3497475,5,0.2915762,0.2062965,-0.0100188,0.9878237,0.2149850,0.0509449,-0.0636602,0.2967774,-0.2101554,0.0327529,0.9874762,-0.1184880,0.0642954,0.0480807
646,1782728488.057794809,22.103687689,3497509,5,0.2915762,0.2063084,-0.0100068,0.9878477,0.2149730,0.0509449,-0.0636243,0.2967534,-0.2101554,0.0327529,0.9874522,-0.1185000,0.0642954,0.0480807
647,1782728488.091744184,22.137139858,3497543,5,0.2915762,0.2063084,-0.0100308,0.9878597,0.2149611,0.0509449,-0.0636362,0.2967534,-0.2101793,0.0327888,0.9874762,-0.1185480,0.0642954,0.0480927
648,1782728488.122469425,22.170871427,3497573,5,0.2915642,0.2062965,-0.0100188,0.9878477,0.2149611,0.0509569,-0.0636362,0.2967294,-0.2101554,0.0327649,0.9874762,-0.1185360,0.0642954,0.0480927
649,1782728488.160378933,22.202056964,3497612,5,0.2915642,0.2063084,-0.0100188,0.9878597,0.2149131,0.0509449,-0.0636482,0.2967294,-0.2101554,0.0327649,0.9874762,-0.1185000,0.0642954,0.0480927
650,1782728488.192718506,22.239542893,3497644,5,0.2915762,0.2062845,-0.0100188,0.9878357,0.2148891,0.0509449,-0.0636482,0.2967534,-0.2101554,0.0327769,0.9874762,-0.1185240,0.0642954,0.0480927
651,1782728488.225903511,22.272271070,3497677,5,0.2915762,0.2062845,-0.0100188,0.9878237,0.2149011,0.0509449,-0.0636482,0.2967414,-0.2101554,0.0327409,0.9874522,-0.1185240,0.0643074,0.0480807
652,1782728488.260026932,22.305346107,3497711,5,0.2915762,0.2062965,-0.0100308,0.9878477,0.2149011,0.0509449,-0.0636362,0.2967294,-0.2101554,0.0327649,0.9874522,-0.1185480,0.0642954,0.0480927
653,1782728488.291301012,22.339333013,3497743,5,0.2915642,0.2062965,-0.0100188,0.9878477,0.2148891,0.0509330,-0.0636362,0.2967534,-0.2101554,0.0327649,0.9874762,-0.1185000,0.0642954,0.0480927
654,1782728488.324863195,22.371049894,3497776,5,0.2915642,0.2062965,-0.0100068,0.9878357,0.2149011,0.0509330,-0.0636482,0.2967534,-0.2101554,0.0327769,0.9874762,-0.1185719,0.0642954,0.0480927
655,1782728488.358039141,22.404505647,3497809,5,0.2915642,0.2062965,-0.0100188,0.9878357,0.2148772,0.0509449,-0.0636243,0.2967534,-0.2101554,0.0327529,0.9874522,-0.1185240,0.0642954,0.0480927
656,1782728488.392002344,22.437668174,3497843,5,0.2915522,0.2063084,-0.0100188,0.9878237,0.2148891,0.0509449,-0.0636602,0.2967654,-0.2101554,0.0327409,0.9874522,-0.1185719,0.0642954,0.0481047
657,1782728488.425392151,22.471608391,3497877,5,0.2915762,0.2062965,-0.0100308,0.9878237,0.2149011,0.0509449,-0.0636722,0.2967534,-0.2101554,0.0327529,0.9874522,-0.1184760,0.0642954,0.0480927
658,1782728488.458739042,22.504552671,3497910,5,0.2915762,0.2063084,-0.0100188,0.9878477,0.2148891,0.0509569,-0.0636482,0.2967774,-0.2101554,0.0327409,0.9874522,-0.1185480,0.0642954,0.0480927
659,1782728488.490864992,22.537892708,3497942,5,0.2915762,0.2062965,-0.0100188,0.9878357,0.2148891,0.0509689,-0.0636362,0.2967534,-0.2101554,0.0327409,0.9874522,-0.1185959,0.0642954,0.0480807
660,1782728488.523373604,22.570606325,3497974,5,0.2915762,0.2062965,-0.0100308,0.9878357,0.2148891,0.0509330,-0.0636362,0.2967654,-0.2101674,0.0327409,0.9874762,-0.1185240,0.0642954,0.0480807
661,1782728488.561280012,22.602656913,3498012,5,0.2915642,0.2063084,-0.0100308,0.9878477,0.2148891,0.0509449,-0.0636482,0.2967654,-0.2101554,0.0327649,0.9874762,-0.1184880,0.0643074,0.0481047
662,1782728488.593669415,22.640921619,3498045,5,0.2915762,0.2063084,-0.0100308,0.9878357,0.2148532,0.0509449,-0.0636362,0.2967654,-0.2101793,0.0327649,0.9874522,-0.1184760,0.0642954,0.0480807
663,1782728488.626886606,22.672806058,3498078,5,0.2915762,0.2062845,-0.0100188,0.9878477,0.2148652,0.0509689,-0.0636482,0.2967534,-0.2101554,0.0327409,0.9874522,-0.1185240,0.0643074,0.0480927
664,1782728488.658217669,22.706077645,3498109,5,0.2915642,0.2062965,-0.0100188,0.9878597,0.2148772,0.0509449,-0.0636482,0.2967654,-0.2101554,0.0327649,0.9874762,-0.1185000,0.0642954,0.0480567
665,1782728488.692491531,22.738067719,3498144,5,0.2915642,0.2063084,-0.0100308,0.9878477,0.2148532,0.0509449,-0.0636362,0.2967654,-0.2101554,0.0327529,0.9874522,-0.1185000,0.0642954,0.0480927
666,1782728488.725581408,22.771723958,3498177,5,0.2915762,0.2062845,-0.0100428,0.9878357,0.2148652,0.0509330,-0.0636362,0.2967534,-0.2101554,0.0327409,0.9874762,-0.1185480,0.0642954,0.0480927
667,1782728488.789354324,22.805145822,3498240,5,0.2915642,0.2063084,-0.0100188,0.9878477,0.2148532,0.0509449,-0.0636362,0.2967414,-0.2101554,0.0327649,0.9874522,-0.1186199,0.0642954,0.0480807
668,1782728488.797046185,22.868782439,3498248,5,0.2915522,0.2062965,-0.0100308,0.9878597,0.2148532,0.0509449,-0.0636362,0.2967654,-0.2101793,0.0327649,0.9874762,-0.1185719,0.0642954,0.0480927
669,1782728488.858714104,22.876680098,3498310,5,0.2915762,0.2063084,-0.0100188,0.9878357,0.2148412,0.0509449,-0.0636362,0.2967534,-0.2101554,0.0327409,0.9874522,-0.1185000,0.0642954,0.0480927
670,1782728488.890769243,22.938027011,3498342,5,0.2915762,0.2062965,-0.0100188,0.9878357,0.2148532,0.0509449,-0.0636602,0.2967534,-0.2101554,0.0327649,0.9874642,-0.1184880,0.0642834,0.0480927
671,1782728488.924251795,22.970235812,3498375,5,0.2915762,0.2063084,-0.0100188,0.9878117,0.2148532,0.0509330,-0.0636482,0.2967654,-0.2101793,0.0327289,0.9874642,-0.1185719,0.0642834,0.0480927
672,1782728488.955604553,23.003636651,3498407,5,0.2915642,0.2063084,-0.0100188,0.9878357,0.2148412,0.0509569,-0.0636362,0.2967774,-0.2101554,0.0327169,0.9874522,-0.1185120,0.0642954,0.0480807
673,1782728488.993633747,23.034940591,3498445,5,0.2915642,0.2063084,-0.0100188,0.9878357,0.2148532,0.0509330,-0.0636482,0.2967414,-0.2101554,0.0327409,0.9874522,-0.1185000,0.0642954,0.0480927
674,1782728489.025818825,23.073177136,3498477,5,0.2915762,0.2063084,-0.0100188,0.9878237,0.2148532,0.0509449,-0.0636482,0.2967534,-0.2101554,0.0327649,0.9874522,-0.1185000,0.0642834,0.0480927
675,1782728489.058007717,23.105969060,3498509,5,0.2915522,0.2063084,-0.0100188,0.9878357,0.2148412,0.0509569,-0.0636362,0.2967534,-0.2101554,0.0327289,0.9874762,-0.1185000,0.0642954,0.0480927
676,1782728489.090335369,23.137315881,3498542,5,0.2915642,0.2063084,-0.0100068,0.9878357,0.2148532,0.0509569,-0.0636482,0.2967534,-0.2101554,0.0327289,0.9874522,-0.1185000,0.0643074,0.0480687
677,1782728489.123613358,23.170111132,3498575,5,0.2915522,0.2062965,-0.0100188,0.9878357,0.2148652,0.0509330,-0.0636482,0.2967414,-0.2101554,0.0327409,0.9874642,-0.1185000,0.0642834,0.0480927
678,1782728489.158865929,23.203464929,3498610,5,0.2915642,0.2062965,-0.0100188,0.9878477,0.2148652,0.0509449,-0.0636602,0.2967774,-0.2101554,0.0327289,0.9874522,-0.1184760,0.0642954,0.0480927
679,1782728489.191173553,23.238164689,3498642,5,0.2915642,0.2062965,-0.0100188,0.9878357,0.2148532,0.0509449,-0.0636482,0.2967534,-0.2101554,0.0327289,0.9874522,-0.1185480,0.0643313,0.0480927
680,1782728489.225356579,23.271143115,3498676,5,0.2915762,0.2062965,-0.0100308,0.9878237,0.2148172,0.0509449,-0.0636362,0.2967654,-0.2101793,0.0327409,0.9874762,-0.1185120,0.0642954,0.0480807
681,1782728489.259618282,23.304780153,3498711,5,0.2915642,0.2062965,-0.0100308,0.9878237,0.2147933,0.0509569,-0.0636362,0.2967654,-0.2101554,0.0327529,0.9874522,-0.1184521,0.0642954,0.0480927
682,1782728489.291869164,23.338792819,3498743,5,0.2915522,0.2062845,-0.0100308,0.9878477,0.2148053,0.0509449,-0.0636243,0.2967534,-0.2101793,0.0327409,0.9874522,-0.1185240,0.0643074,0.0480807
683,1782728489.325113535,23.371812269,3498776,5,0.2915522,0.2062965,-0.0100188,0.9878477,0.2148053,0.0509449,-0.0636243,0.2967534,-0.2101554,0.0327409,0.9874522,-0.1185480,0.0643074,0.0480927
684,1782728489.356254578,23.405134322,3498808,5,0.2915762,0.2063084,-0.0100188,0.9878117,0.2147813,0.0509449,-0.0636362,0.2967414,-0.2101793,0.0327529,0.9874762,-0.1185719,0.0642834,0.0480927
685,1782728489.392515421,23.436176621,3498844,5,0.2915642,0.2063084,-0.0100308,0.9878237,0.2147933,0.0509449,-0.0636362,0.2967534,-0.2101554,0.0327169,0.9874522,-0.1184880,0.0642954,0.0480807
686,1782728489.425974369,23.472743929,3498877,5,0.2915762,0.2062965,-0.0100188,0.9878477,0.2148053,0.0509449,-0.0636362,0.2967534,-0.2101554,0.0327529,0.9874762,-0.1185000,0.0642954,0.0480927
687,1782728489.458108187,23.505391207,3498909,5,0.2915762,0.2062965,-0.0100188,0.9878357,0.2147813,0.0509569,-0.0636362,0.2967414,-0.2101554,0.0327409,0.9874522,-0.1185240,0.0642954,0.0480807
688,1782728489.491390467,23.537487589,3498942,5,0.2915762,0.2063084,-0.0100308,0.9878477,0.2148053,0.0509330,-0.0636243,0.2967414,-0.2101793,0.0327409,0.9874642,-0.1185240,0.0642954,0.0480927
689,1782728489.524517536,23.571081713,3498976,5,0.2915642,0.2063084,-0.0100188,0.9878357,0.2147813,0.0509449,-0.0636482,0.2967654,-0.2101554,0.0327529,0.9874522,-0.1185000,0.0643074,0.0480927
690,1782728489.558847904,23.603872741,3499010,5,0.2915762,0.2063084,-0.0100188,0.9878357,0.2147693,0.0509449,-0.0636482,0.2967534,-0.2101554,0.0327289,0.9874522,-0.1185240,0.0642954,0.0480927
691,1782728489.591085196,23.638435632,3499042,5,0.2915762,0.2062965,-0.0100188,0.9878117,0.2147693,0.0509449,-0.0636243,0.2967654,-0.2101554,0.0327409,0.9874522,-0.1185000,0.0642834,0.0480927
692,1782728489.624186993,23.670483308,3499075,5,0.2915642,0.2062965,-0.0100188,0.9878237,0.2147693,0.0509449,-0.0636362,0.2967534,-0.2101554,0.0327409,0.9874762,-0.1185000,0.0642954,0.0480927
693,1782728489.659406424,23.704143835,3499111,5,0.2915762,0.2062965,-0.0100308,0.9878357,0.2147693,0.0509449,-0.0636243,0.2967414,-0.2101554,0.0327529,0.9874522,-0.1184521,0.0642954,0.0480807
694,1782728489.690611601,23.738943310,3499142,5,0.2915522,0.2062965,-0.0100308,0.9878357,0.2147573,0.0509449,-0.0636362,0.2967534,-0.2101554,0.0327529,0.9874522,-0.1185120,0.0642954,0.0480807
695,1782728489.726106167,23.770672479,3499177,5,0.2915522,0.2063084,-0.0100188,0.9878477,0.2147693,0.0509569,-0.0636362,0.2967534,-0.2101554,0.0327529,0.9874522,-0.1185719,0.0642954,0.0480927
696,1782728489.756511450,23.805779484,3499208,5,0.2915762,0.2062965,-0.0100188,0.9878357,0.2147693,0.0509449,-0.0636482,0.2967654,-0.2101554,0.0327289,0.9874762,-0.1185599,0.0642834,0.0480807
697,1782728489.794486761,23.836245190,3499245,5,0.2915642,0.2062965,-0.0100308,0.9878357,0.2147693,0.0509569,-0.0636362,0.2967654,-0.2101554,0.0327529,0.9874762,-0.1184880,0.0642954,0.0481047
698,1782728489.828413963,23.874328001,3499280,5,0.2915762,0.2062965,-0.0100188,0.9878477,0.2147453,0.0509569,-0.0636482,0.2967654,-0.2101554,0.0327409,0.9874642,-0.1184281,0.0642954,0.0480807
699,1782728489.900849104,23.907865132,3499352,5,0.2915762,0.2063084,-0.0100188,0.9878357,0.2147813,0.0509449,-0.0636482,0.2967534,-0.2101793,0.0327529,0.9874522,-0.1184760,0.0642954,0.0480807
700,1782728489.909326315,23.980365935,3499360,5,0.2915642,0.2062965,-0.0100188,0.9878357,0.2147573,0.0509449,-0.0636362,0.2967654,-0.2101793,0.0327409,0.9874522,-0.1184760,0.0642954,0.0480807
701,1782728489.956702948,23.988559892,3499408,5,0.2915642,0.2062965,-0.0100188,0.9878357,0.2147214,0.0509330,-0.0636482,0.2967294,-0.2101554,0.0327409,0.9874762,-0.1185120,0.0642954,0.0480927
702,1782728489.986275911,24.036918966,3499437,5,0.2915642,0.2063084,-0.0100188,0.9878357,0.2147094,0.0509330,-0.0636482,0.2967534,-0.2101554,0.0327529,0.9874522,-0.1185480,0.0642954,0.0480687
703,1782728490.017555475,24.065965618,3499469,5,0.2915642,0.2062965,-0.0100428,0.9878477,0.2147214,0.0509569,-0.0636482,0.2967414,-0.2101554,0.0327529,0.9874762,-0.1185240,0.0642954,0.0480807
704,1782728490.057697058,24.097258582,3499509,5,0.2915762,0.2063084,-0.0100308,0.9878357,0.2147094,0.0509449,-0.0636362,0.2967414,-0.2101554,0.0327289,0.9874522,-0.1185719,0.0642954,0.0480927
705,1782728490.091895103,24.137475477,3499543,5,0.2915522,0.2063084,-0.0100308,0.9878357,0.2147094,0.0509449,-0.0636362,0.2967654,-0.2101793,0.0327409,0.9874522,-0.1185000,0.0642954,0.0480807
706,1782728490.118329048,24.171817145,3499569,5,0.2915642,0.2062965,-0.0100188,0.9878357,0.2146974,0.0509569,-0.0636482,0.2967534,-0.2101793,0.0327409,0.9874642,-0.1185000,0.0642954,0.0480927
707,1782728490.156114101,24.197574828,3499607,5,0.2915642,0.2062965,-0.0100188,0.9878357,0.2147094,0.0509569,-0.0636362,0.2967654,-0.2101554,0.0327529,0.9874522,-0.1185000,0.0642954,0.0480807
708,1782728490.190505266,24.235422624,3499642,5,0.2915762,0.2062965,-0.0100308,0.9878237,0.2147094,0.0509449,-0.0636722,0.2967534,-0.2101554,0.0327529,0.9874522,-0.1185240,0.0642954,0.0481047
709,1782728490.229374409,24.270071950,3499681,5,0.2915642,0.2062965,-0.0100188,0.9878237,0.2147094,0.0509449,-0.0636362,0.2967534,-0.2101554,0.0327529,0.9874762,-0.1185240,0.0642954,0.0480807
710,1782728490.261948586,24.308619480,3499713,5,0.2915762,0.2063084,-0.0100308,0.9878357,0.2146974,0.0509689,-0.0636482,0.2967414,-0.2101554,0.0327529,0.9874522,-0.1184880,0.0642954,0.0480927
711,1782728490.293228149,24.341450988,3499744,5,0.2915642,0.2063084,-0.0100188,0.9878357,0.2146974,0.0509569,-0.0636243,0.2967414,-0.2101793,0.0327409,0.9874522,-0.1185000,0.0642954,0.0480807
712,1782728490.327135801,24.373002328,3499778,5,0.2915642,0.2062965,-0.0100188,0.9878357,0.2146854,0.0509449,-0.0636362,0.2967534,-0.2101554,0.0327169,0.9874762,-0.1184880,0.0642834,0.0480927
713,1782728490.358552694,24.407089748,3499810,5,0.2915762,0.2062845,-0.0100188,0.9878357,0.2146375,0.0509569,-0.0636482,0.2967654,-0.2101554,0.0327409,0.9874522,-0.1185000,0.0642834,0.0480927
714,1782728490.391985893,24.438370103,3499843,5,0.2915522,0.2063084,-0.0100308,0.9878357,0.2146614,0.0509569,-0.0636362,0.2967774,-0.2101793,0.0327289,0.9874522,-0.1184760,0.0643074,0.0480807
715,1782728490.425225019,24.471907009,3499876,5,0.2915642,0.2063084,-0.0100308,0.9878357,0.2146734,0.0509330,-0.0636362,0.2967534,-0.2101554,0.0327529,0.9874522,-0.1185000,0.0643074,0.0480927
716,1782728490.459428310,24.505088065,3499910,5,0.2915762,0.2062965,-0.0100188,0.9878597,0.2146614,0.0509689,-0.0636362,0.2967774,-0.2101793,0.0327409,0.9874522,-0.1184641,0.0642834,0.0480807
717,1782728490.493348598,24.539075450,3499945,5,0.2915762,0.2062965,-0.0100188,0.9878597,0.2146734,0.0509449,-0.0636362,0.2967534,-0.2101554,0.0327409,0.9874522,-0.1184281,0.0642954,0.0480807
718,1782728490.525844336,24.572872749,3499977,5,0.2915642,0.2063084,-0.0100308,0.9878237,0.2146854,0.0509449,-0.0636362,0.2967414,-0.2101554,0.0327529,0.9874522,-0.1184760,0.0642954,0.0480927
719,1782728490.559096098,24.605070605,3500010,5,0.2915642,0.2062965,-0.0100188,0.9878477,0.2146614,0.0509569,-0.0636362,0.2967654,-0.2101554,0.0327169,0.9874522,-0.1184880,0.0643074,0.0480927
720,1782728490.589431763,24.638761340,3500041,5,0.2915642,0.2062965,-0.0100188,0.9878357,0.2146734,0.0509449,-0.0636362,0.2967654,-0.2101554,0.0327409,0.9874522,-0.1185240,0.0642834,0.0480807
721,1782728490.629263878,24.669248774,3500081,5,0.2915762,0.2063084,-0.0100428,0.9878357,0.2146734,0.0509569,-0.0636482,0.2967414,-0.2101674,0.0327409,0.9874522,-0.1185000,0.0642954,0.0480807
722,1782728490.660721779,24.709210077,3500112,5,0.2915762,0.2062965,-0.0100308,0.9878237,0.2146614,0.0509449,-0.0636362,0.2967654,-0.2101554,0.0327289,0.9874522,-0.1185240,0.0642834,0.0480927
723,1782728490.693090200,24.740636804,3500144,5,0.2915642,0.2063084,-0.0100308,0.9878357,0.2146495,0.0509449,-0.0636602,0.2967654,-0.2101554,0.0327409,0.9874402,-0.1185480,0.0642834,0.0480927
724,1782728490.726333141,24.772927943,3500177,5,0.2915522,0.2063084,-0.0100188,0.9878357,0.2146495,0.0509569,-0.0636243,0.2967654,-0.2101554,0.0327409,0.9874762,-0.1185000,0.0643074,0.0480807
725,1782728490.759461403,24.805715450,3500211,5,0.2915522,0.2063084,-0.0100188,0.9878237,0.2146495,0.0509449,-0.0636482,0.2967654,-0.2101554,0.0327289,0.9874522,-0.1185000,0.0642954,0.0480927
726,1782728490.792801142,24.838910202,3500244,5,0.2915642,0.2063084,-0.0100308,0.9878357,0.2146734,0.0509449,-0.0636243,0.2967534,-0.2101793,0.0327529,0.9874522,-0.1185240,0.0642954,0.0480807
727,1782728490.825866699,24.872527719,3500277,5,0.2915642,0.2063084,-0.0100188,0.9878237,0.2146614,0.0509449,-0.0636362,0.2967534,-0.2101793,0.0327289,0.9874522,-0.1185240,0.0642954,0.0480927
728,1782728490.858468771,24.905259032,3500309,5,0.2915642,0.2063084,-0.0100308,0.9878237,0.2146734,0.0509689,-0.0636362,0.2967654,-0.2101554,0.0327169,0.9874522,-0.1185240,0.0642954,0.0480927
729,1782728490.892598391,24.937986921,3500344,5,0.2915522,0.2063084,-0.0100308,0.9878357,0.2146614,0.0509449,-0.0636362,0.2967654,-0.2101554,0.0327289,0.9874522,-0.1185000,0.0642954,0.0480927
730,1782728490.927865267,24.972329517,3500379,5,0.2915642,0.2063084,-0.0100308,0.9878357,0.2146614,0.0509449,-0.0636482,0.2967534,-0.2101554,0.0327169,0.9874522,-0.1185120,0.0642954,0.0480807
731,1782728491.001840115,25.007695058,3500453,5,0.2915762,0.2062965,-0.0100188,0.9878357,0.2146734,0.0509569,-0.0636362,0.2967534,-0.2101793,0.0327289,0.9874522,-0.1184760,0.0642954,0.0480807
732,1782728491.007446766,25.081432123,3500459,5,0.2915642,0.2063204,-0.0100188,0.9878357,0.2146734,0.0509449,-0.0636243,0.2967534,-0.2101554,0.0327409,0.9874522,-0.1185000,0.0642954,0.0480927
733,1782728491.061735392,25.087449979,3500513,5,0.2915642,0.2063084,-0.0100188,0.9878477,0.2146495,0.0509330,-0.0636482,0.2967534,-0.2101554,0.0327529,0.9874522,-0.1185240,0.0642954,0.0480927
734,1782728491.093068838,25.140947168,3500544,5,0.2915762,0.2063084,-0.0100308,0.9878477,0.2146495,0.0509449,-0.0636362,0.2967654,-0.2101793,0.0327529,0.9874642,-0.1185120,0.0642834,0.0480807
735,1782728491.123381853,25.172703569,3500575,5,0.2915642,0.2063084,-0.0100308,0.9878597,0.2146734,0.0509449,-0.0636362,0.2967414,-0.2101554,0.0327289,0.9874762,-0.1184760,0.0643193,0.0480807
736,1782728491.158464432,25.203503141,3500610,5,0.2915522,0.2063084,-0.0100188,0.9878357,0.2146375,0.0509449,-0.0636362,0.2967654,-0.2101554,0.0327409,0.9874522,-0.1185240,0.0642954,0.0480927
737,1782728491.192833185,25.238202100,3500644,5,0.2915522,0.2063084,-0.0100188,0.9878357,0.2146614,0.0509449,-0.0636362,0.2967654,-0.2101554,0.0327409,0.9874522,-0.1185719,0.0642834,0.0480807
738,1782728491.225109816,25.272174444,3500676,5,0.2915762,0.2062965,-0.0100188,0.9878117,0.2146614,0.0509449,-0.0636362,0.2967534,-0.2101554,0.0327409,0.9874522,-0.1185000,0.0642954,0.0480927
739,1782728491.258280993,25.304499152,3500709,5,0.2915642,0.2063084,-0.0100308,0.9878237,0.2146614,0.0509449,-0.0636123,0.2967654,-0.2101554,0.0327409,0.9874522,-0.1184880,0.0642954,0.0480927
740,1782728491.291340351,25.337575243,3500743,5,0.2915522,0.2062965,-0.0100308,0.9878357,0.2146734,0.0509569,-0.0636362,0.2967654,-0.2101554,0.0327049,0.9874762,-0.1185480,0.0642954,0.0481047
741,1782728491.324854612,25.370891407,3500776,5,0.2915522,0.2063084,-0.0100428,0.9878477,0.2146255,0.0509569,-0.0636362,0.2967534,-0.2101554,0.0327289,0.9874522,-0.1185000,0.0642954,0.0480927
742,1782728491.358094454,25.404353718,3500809,5,0.2915642,0.2062965,-0.0100428,0.9878237,0.2146375,0.0509569,-0.0636243,0.2967414,-0.2101554,0.0327289,0.9874522,-0.1184760,0.0643074,0.0480807
743,1782728491.390340805,25.437555734,3500841,5,0.2915402,0.2062965,-0.0100188,0.9878117,0.2146614,0.0509449,-0.0636482,0.2967534,-0.2101554,0.0327289,0.9874522,-0.1184880,0.0642954,0.0480807
744,1782728491.422684669,25.470295463,3500874,5,0.2915762,0.2063084,-0.0100068,0.9878597,0.2146495,0.0509449,-0.0636482,0.2967774,-0.2101793,0.0327409,0.9874762,-0.1185000,0.0643193,0.0480927
745,1782728491.460740805,25.502194045,3500912,5,0.2915522,0.2062845,-0.0100428,0.9878477,0.2146614,0.0509449,-0.0636362,0.2967654,-0.2101554,0.0327409,0.9874522,-0.1185240,0.0642954,0.0481047
746,1782728491.493084908,25.540225622,3500944,5,0.2915402,0.2062965,-0.0100428,0.9878357,0.2146495,0.0509569,-0.0636482,0.2967414,-0.2101554,0.0327409,0.9874522,-0.1185240,0.0643074,0.0480807
747,1782728491.526344776,25.572349012,3500977,5,0.2915642,0.2063084,-0.0100428,0.9878357,0.2146495,0.0509330,-0.0636362,0.2967774,-0.2101554,0.0327409,0.9874522,-0.1185000,0.0642834,0.0480927
748,1782728491.559475899,25.605624118,3501011,5,0.2915642,0.2062965,-0.0100308,0.9878477,0.2146734,0.0509449,-0.0636482,0.2967654,-0.2101554,0.0327169,0.9874522,-0.1185240,0.0643193,0.0480807
749,1782728491.592659473,25.638701585,3501044,5,0.2915522,0.2063084,-0.0100308,0.9878477,0.2146734,0.0509449,-0.0636362,0.2967534,-0.2101793,0.0327649,0.9874522,-0.1185599,0.0642954,0.0480807
750,1782728491.626819372,25.672477091,3501078,5,0.2915402,0.2062965,-0.0100188,0.9878237,0.2146614,0.0509569,-0.0636482,0.2967534,-0.2101554,0.0327409,0.9874522,-0.1185240,0.0642954,0.0480807
751,1782728491.658340693,25.706329752,3501109,5,0.2915522,0.2062965,-0.0100188,0.9878357,0.2146734,0.0509330,-0.0636362,0.2967414,-0.2101554,0.0327289,0.9874522,-0.1185000,0.0642834,0.0480927
752,1782728491.692599297,25.738124490,3501144,5,0.2915642,0.2062965,-0.0100308,0.9878237,0.2146495,0.0509449,-0.0636243,0.2967534,-0.2101554,0.0327409,0.9874522,-0.1185719,0.0642954,0.0480927
753,1782728491.725843191,25.771816186,3501177,5,0.2915762,0.2062845,-0.0100188,0.9878237,0.2146614,0.0509449,-0.0636362,0.2967534,-0.2101554,0.0327409,0.9874522,-0.1185599,0.0642954,0.0480927
754,1782728491.757883310,25.805085787,3501209,5,0.2915522,0.2062965,-0.0100188,0.9878357,0.2146255,0.0509330,-0.0636243,0.2967654,-0.2101554,0.0327289,0.9874522,-0.1185240,0.0642954,0.0480927
755,1782728491.791207314,25.837594021,3501242,5,0.2915402,0.2063084,-0.0100428,0.9878357,0.2146255,0.0509569,-0.0636482,0.2967534,-0.2101554,0.0327289,0.9874522,-0.1185000,0.0642954,0.0480927
756,1782728491.822596073,25.870973322,3501274,5,0.2915642,0.2063084,-0.0100428,0.9878357,0.2146495,0.0509330,-0.0636243,0.2967654,-0.2101554,0.0327409,0.9874522,-0.1184880,0.0642834,0.0480807
757,1782728491.859714985,25.902025478,3501311,5,0.2915642,0.2062965,-0.0100308,0.9878357,0.2146614,0.0509330,-0.0636362,0.2967534,-0.2101554,0.0327409,0.9874522,-0.1185719,0.0643074,0.0480807
758,1782728491.892942190,25.939252133,3501344,5,0.2915522,0.2062965,-0.0100188,0.9878477,0.2146375,0.0509569,-0.0636243,0.2967534,-0.2101554,0.0327289,0.9874522,-0.1185240,0.0642954,0.0480927
759,1782728491.923117638,25.972228030,3501374,5,0.2915522,0.2062965,-0.0100308,0.9878237,0.2146495,0.0509449,-0.0636362,0.2967534,-0.2101554,0.0327289,0.9874522,-0.1185120,0.0643074,0.0480927
760,1782728491.952817678,26.003026257,3501404,5,0.2915642,0.2062845,-0.0100188,0.9878357,0.2146135,0.0509569,-0.0636243,0.2967534,-0.2101554,0.0327289,0.9874522,-0.1184521,0.0643074,0.0480807
761,1782728491.987795830,26.032600061,3501439,5,0.2915642,0.2062965,-0.0100308,0.9878597,0.2146495,0.0509449,-0.0636362,0.2967654,-0.2101793,0.0327409,0.9874522,-0.1185240,0.0642954,0.0480807
762,1782728492.026021957,26.067497587,3501477,5,0.2915522,0.2062965,-0.0100308,0.9878237,0.2146495,0.0509449,-0.0636362,0.2967414,-0.2101554,0.0327289,0.9874522,-0.1185480,0.0642834,0.0480927
763,1782728492.084587336,26.105342438,3501536,5,0.2915642,0.2062965,-0.0100308,0.9878237,0.2146495,0.0509330,-0.0636362,0.2967774,-0.2101793,0.0327169,0.9874762,-0.1185000,0.0642834,0.0480807
764,1782728492.094087362,26.164574592,3501545,5,0.2915522,0.2063084,-0.0100308,0.9878357,0.2146375,0.0509449,-0.0636602,0.2967534,-0.2101554,0.0327409,0.9874642,-0.1185719,0.0642954,0.0480807
765,1782728492.124838829,26.173331927,3501576,5,0.2915642,0.2063084,-0.0100308,0.9878237,0.2146375,0.0509449,-0.0636362,0.2967534,-0.2101554,0.0327529,0.9874762,-0.1185120,0.0642954,0.0480927
766,1782728492.157966852,26.204442419,3501609,5,0.2915642,0.2063084,-0.0100188,0.9878357,0.2146135,0.0509449,-0.0636243,0.2967414,-0.2101554,0.0327169,0.9874522,-0.1185240,0.0642954,0.0480807
767,1782728492.192218781,26.237979677,3501643,5,0.2915522,0.2063084,-0.0100188,0.9878237,0.2146495,0.0509569,-0.0636243,0.2967654,-0.2101554,0.0327289,0.9874522,-0.1184880,0.0642954,0.0480927
768,1782728492.225358963,26.272246687,3501677,5,0.2915522,0.2063084,-0.0100308,0.9878477,0.2146015,0.0509449,-0.0636243,0.2967654,-0.2101554,0.0327169,0.9874522,-0.1185000,0.0642834,0.0480927
769,1782728492.263494730,26.305087122,3501715,5,0.2915642,0.2063204,-0.0100308,0.9878117,0.2146135,0.0509449,-0.0636243,0.2967534,-0.2101554,0.0327409,0.9874522,-0.1185240,0.0642954,0.0480927
770,1782728492.296581984,26.343369107,3501748,5,0.2915522,0.2063084,-0.0100308,0.9878237,0.2146375,0.0509569,-0.0636243,0.2967654,-0.2101793,0.0327409,0.9874522,-0.1185000,0.0642834,0.0480807
771,1782728492.329102516,26.376286345,3501780,5,0.2915522,0.2063084,-0.0100308,0.9878237,0.2146135,0.0509449,-0.0636243,0.2967654,-0.2101554,0.0327409,0.9874522,-0.1185240,0.0642954,0.0480807
772,1782728492.361181259,26.408221440,3501812,5,0.2915522,0.2062965,-0.0100188,0.9878357,0.2146614,0.0509569,-0.0636362,0.2967654,-0.2101554,0.0327409,0.9874762,-0.1185480,0.0642954,0.0480807
773,1782728492.393676996,26.440819148,3501845,5,0.2915642,0.2063204,-0.0100308,0.9878357,0.2146255,0.0509449,-0.0636362,0.2967294,-0.2101793,0.0327409,0.9874522,-0.1185000,0.0642954,0.0480807
774,1782728492.428885937,26.472983435,3501880,5,0.2915762,0.2062965,-0.0100308,0.9878357,0.2145895,0.0509449,-0.0636362,0.2967534,-0.2101554,0.0327169,0.9874522,-0.1184880,0.0642954,0.0480927
775,1782728492.461084604,26.508208682,3501912,5,0.2915642,0.2063084,-0.0100188,0.9878357,0.2145895,0.0509449,-0.0636362,0.2967534,-0.2101554,0.0327409,0.9874522,-0.1184760,0.0642954,0.0480927
776,1782728492.495339632,26.540431243,3501946,5,0.2915402,0.2063084,-0.0100188,0.9878357,0.2145895,0.0509449,-0.0636243,0.2967534,-0.2101554,0.0327289,0.9874522,-0.1185000,0.0643074,0.0480807
777,1782728492.527677774,26.574550663,3501979,5,0.2915522,0.2063084,-0.0100188,0.9878237,0.2146135,0.0509569,-0.0636243,0.2967654,-0.2101793,0.0327289,0.9874522,-0.1185480,0.0642834,0.0480807
778,1782728492.560797691,26.607445212,3502012,5,0.2915762,0.2062965,-0.0100428,0.9878357,0.2145776,0.0509449,-0.0636362,0.2967654,-0.2101554,0.0327289,0.9874522,-0.1185360,0.0643074,0.0480807
779,1782728492.594113827,26.640330098,3502045,5,0.2915762,0.2063084,-0.0100188,0.9878357,0.2146255,0.0509330,-0.0636243,0.2967654,-0.2101793,0.0327289,0.9874522,-0.1185360,0.0642834,0.0480807
780,1782728492.625397205,26.673449294,3502076,5,0.2915522,0.2063084,-0.0100188,0.9878357,0.2146495,0.0509330,-0.0636243,0.2967654,-0.2101554,0.0327529,0.9874522,-0.1185120,0.0643074,0.0480927
781,1782728492.664347410,26.704824532,3502115,5,0.2915642,0.2063084,-0.0100188,0.9878357,0.2146015,0.0509449,-0.0636243,0.2967414,-0.2101554,0.0327409,0.9874522,-0.1184521,0.0642954,0.0480807
782,1782728492.697544098,26.743983728,3502149,5,0.2915642,0.2062965,-0.0100188,0.9878357,0.2145895,0.0509569,-0.0636362,0.2967414,-0.2101554,0.0327409,0.9874522,-0.1184880,0.0642954,0.0480807
783,1782728492.727727413,26.776942344,3502179,5,0.2915762,0.2063084,-0.0100308,0.9878357,0.2145895,0.0509449,-0.0636362,0.2967414,-0.2101554,0.0327289,0.9874762,-0.1184880,0.0643074,0.0480807
784,1782728492.762051344,26.807642776,3502213,5,0.2915522,0.2062965,-0.0100308,0.9878357,0.2145895,0.0509569,-0.0636362,0.2967654,-0.2101554,0.0327409,0.9874522,-0.1185240,0.0642954,0.0480807
785,1782728492.794690371,26.841937658,3502246,5,0.2915762,0.2063324,-0.0100188,0.9878357,0.2146015,0.0509449,-0.0636362,0.2967414,-0.2101793,0.0327289,0.9874522,-0.1184760,0.0642834,0.0480927
786,1782728492.828589201,26.873926674,3502280,5,0.2915762,0.2063084,-0.0100308,0.9878477,0.2145895,0.0509449,-0.0636362,0.2967534,-0.2101793,0.0327169,0.9874762,-0.1185240,0.0642834,0.0480807
787,1782728492.860999107,26.908199476,3502312,5,0.2915762,0.2063084,-0.0100308,0.9878477,0.2145895,0.0509569,-0.0636243,0.2967534,-0.2101793,0.0327289,0.9874762,-0.1185240,0.0642954,0.0480927
788,1782728492.895976782,26.940632122,3502347,5,0.2915642,0.2063204,-0.0100308,0.9878477,0.2145895,0.0509449,-0.0636482,0.2967414,-0.2101793,0.0327409,0.9874522,-0.1185000,0.0642834,0.0480687
789,1782728492.930437565,26.975218982,3502381,5,0.2915642,0.2062965,-0.0100188,0.9878117,0.2145895,0.0509569,-0.0636123,0.2967414,-0.2101554,0.0327289,0.9874762,-0.1184641,0.0642954,0.0480927
790,1782728492.957837582,27.009752047,3502409,5,0.2915762,0.2063084,-0.0100308,0.9878357,0.2146015,0.0509449,-0.0636362,0.2967654,-0.2101554,0.0327289,0.9874522,-0.1184760,0.0642834,0.0480927
791,1782728492.995002031,27.037909102,3502446,5,0.2915762,0.2063084,-0.0100308,0.9878237,0.2146135,0.0509449,-0.0636362,0.2967654,-0.2101554,0.0327409,0.9874522,-0.1185000,0.0642954,0.0480807
792,1782728493.025274038,27.074391926,3502476,5,0.2915642,0.2063084,-0.0100188,0.9878477,0.2146135,0.0509330,-0.0636123,0.2967654,-0.2101554,0.0327409,0.9874522,-0.1185480,0.0642954,0.0480927
793,1782728493.064231873,27.105167176,3502515,5,0.2915642,0.2062845,-0.0100188,0.9878117,0.2145895,0.0509569,-0.0636362,0.2967654,-0.2101793,0.0327409,0.9874522,-0.1185000,0.0642954,0.0480927
794,1782728493.096602917,27.144330052,3502548,5,0.2915642,0.2063204,-0.0100188,0.9878477,0.2145776,0.0509449,-0.0636362,0.2967654,-0.2101554,0.0327289,0.9874522,-0.1185240,0.0642834,0.0480927
795,1782728493.175416231,27.176186360,3502627,5,0.2915642,0.2063084,-0.0100188,0.9878357,0.2146015,0.0509689,-0.0636362,0.2967414,-0.2101554,0.0327409,0.9874522,-0.1185719,0.0642954,0.0480807
796,1782728493.186767817,27.254584019,3502638,5,0.2915762,0.2063084,-0.0100188,0.9878357,0.2146015,0.0509449,-0.0636243,0.2967654,-0.2101554,0.0327409,0.9874522,-0.1185719,0.0642954,0.0480927
797,1782728493.227619171,27.266637714,3502679,5,0.2915762,0.2062965,-0.0100188,0.9878357,0.2145895,0.0509449,-0.0636362,0.2967414,-0.2101554,0.0327409,0.9874522,-0.1185240,0.0642834,0.0480807
798,1782728493.262858868,27.306749549,3502714,5,0.2915642,0.2062965,-0.0100188,0.9878237,0.2145895,0.0509449,-0.0636243,0.2967774,-0.2101554,0.0327289,0.9874522,-0.1185839,0.0642954,0.0480807
799,1782728493.295101166,27.342432026,3502746,5,0.2915762,0.2063084,-0.0100188,0.9878237,0.2145656,0.0509569,-0.0636003,0.2967654,-0.2101554,0.0327409,0.9874522,-0.1185240,0.0643074,0.0480927
800,1782728493.328473806,27.374605369,3502779,5,0.2915762,0.2062845,-0.0100188,0.9878237,0.2145656,0.0509569,-0.0636243,0.2967774,-0.2101554,0.0327409,0.9874402,-0.1185000,0.0642954,0.0481047
801,1782728493.361648083,27.407844825,3502813,5,0.2915762,0.2062965,-0.0100308,0.9878477,0.2145895,0.0509689,-0.0636243,0.2967774,-0.2101554,0.0327409,0.9874522,-0.1185480,0.0642954,0.0480807
802,1782728493.394852877,27.441460197,3502846,5,0.2915762,0.2063204,-0.0100188,0.9878357,0.2145776,0.0509449,-0.0636362,0.2967534,-0.2101554,0.0327409,0.9874522,-0.1185480,0.0643313,0.0480927
803,1782728493.428106070,27.474804488,3502879,5,0.2915762,0.2062965,-0.0100188,0.9878237,0.2145895,0.0509449,-0.0636362,0.2967534,-0.2101793,0.0327409,0.9874762,-0.1185719,0.0642834,0.0480807
804,1782728493.459609270,27.507789024,3502911,5,0.2915522,0.2063084,-0.0100188,0.9878477,0.2145776,0.0509449,-0.0636243,0.2967534,-0.2101554,0.0327409,0.9874642,-0.1185240,0.0643074,0.0480807
805,1782728493.497475386,27.539064674,3502949,5,0.2915642,0.2062965,-0.0100188,0.9878477,0.2145776,0.0509449,-0.0636243,0.2967294,-0.2101554,0.0327409,0.9874762,-0.1184880,0.0642954,0.0480927
806,1782728493.529752970,27.576764432,3502981,5,0.2915762,0.2063084,-0.0100188,0.9878117,0.2145776,0.0509569,-0.0636243,0.2967534,-0.2101554,0.0327169,0.9874522,-0.1184760,0.0642954,0.0480807
807,1782728493.561081171,27.609182742,3503012,5,0.2915642,0.2063084,-0.0100188,0.9878357,0.2145776,0.0509449,-0.0636243,0.2967654,-0.2101793,0.0327409,0.9874402,-0.1185000,0.0642954,0.0480807
808,1782728493.594481230,27.640442231,3503045,5,0.2915642,0.2062965,-0.0100188,0.9878357,0.2145776,0.0509449,-0.0636243,0.2967414,-0.2101793,0.0327169,0.9874762,-0.1185240,0.0642954,0.0480807
809,1782728493.627708673,27.674146726,3503079,5,0.2915642,0.2062845,-0.0100188,0.9878357,0.2145656,0.0509569,-0.0636123,0.2967654,-0.2101793,0.0327409,0.9874522,-0.1185360,0.0642954,0.0481167
810,1782728493.659982443,27.706871254,3503111,5,0.2915642,0.2063204,-0.0100188,0.9878477,0.2145895,0.0509449,-0.0636123,0.2967534,-0.2101554,0.0327289,0.9874522,-0.1184521,0.0642954,0.0480807
811,1782728493.694850206,27.740035508,3503146,5,0.2915522,0.2062965,-0.0100068,0.9878357,0.2145656,0.0509449,-0.0636243,0.2967654,-0.2101554,0.0327289,0.9874522,-0.1184760,0.0642834,0.0480807
812,1782728493.727348328,27.774347350,3503178,5,0.2915762,0.2063084,-0.0100308,0.9878477,0.2145656,0.0509449,-0.0636123,0.2967893,-0.2101554,0.0327169,0.9874522,-0.1184760,0.0643193,0.0480927
813,1782728493.760709047,27.806524980,3503212,5,0.2915762,0.2063084,-0.0100308,0.9878357,0.2145895,0.0509449,-0.0636243,0.2967654,-0.2101554,0.0327289,0.9874522,-0.1184521,0.0642834,0.0480807
814,1782728493.791089773,27.840065950,3503242,5,0.2915642,0.2062845,-0.0100188,0.9878357,0.2145776,0.0509449,-0.0636243,0.2967534,-0.2101554,0.0327409,0.9874522,-0.1184521,0.0643074,0.0480807
815,1782728493.828038931,27.870378945,3503279,5,0.2915762,0.2063084,-0.0100188,0.9878357,0.2145656,0.0509449,-0.0636362,0.2967414,-0.2101554,0.0327169,0.9874522,-0.1185120,0.0643313,0.0480927
816,1782728493.860303640,27.908033037,3503311,5,0.2915762,0.2062845,-0.0100308,0.9878716,0.2145536,0.0509330,-0.0636123,0.2967654,-0.2101554,0.0327289,0.9874522,-0.1185120,0.0642954,0.0480807
817,1782728493.887857437,27.939733117,3503339,5,0.2915522,0.2062965,-0.0100188,0.9878357,0.2145656,0.0509330,-0.0636243,0.2967534,-0.2101554,0.0327169,0.9874522,-0.1184760,0.0642954,0.0480807
818,1782728493.929620266,27.967859834,3503381,5,0.2915642,0.2062965,-0.0100308,0.9878357,0.2145776,0.0509449,-0.0636123,0.2967654,-0.2101674,0.0327409,0.9874762,-0.1184521,0.0642954,0.0480927
819,1782728493.962187767,28.009217628,3503413,5,0.2915642,0.2062965,-0.0100308,0.9878357,0.2146015,0.0509569,-0.0636362,0.2967654,-0.2101674,0.0327529,0.9874522,-0.1184880,0.0642954,0.0480807
820,1782728493.995984554,28.041903851,3503447,5,0.2915642,0.2062965,-0.0100308,0.9878357,0.2145776,0.0509449,-0.0636362,0.2967534,-0.2101554,0.0327409,0.9874642,-0.1185480,0.0642954,0.0480807
821,1782728494.028633118,28.075518359,3503480,5,0.2915642,0.2063084,-0.0100428,0.9878357,0.2145895,0.0509449,-0.0636243,0.2967654,-0.2101554,0.0327409,0.9874522,-0.1184760,0.0642954,0.0480927
822,1782728494.062728643,28.108282888,3503514,5,0.2915642,0.2062965,-0.0100308,0.9878357,0.2145656,0.0509569,-0.0636243,0.2967654,-0.2101793,0.0327289,0.9874762,-0.1184521,0.0643074,0.0480807
823,1782728494.095116138,28.142257311,3503546,5,0.2915642,0.2062965,-0.0100308,0.9878477,0.2145895,0.0509449,-0.0636123,0.2967414,-0.2101674,0.0327289,0.9874762,-0.1184760,0.0642834,0.0480927
824,1782728494.128368855,28.175083282,3503579,5,0.2915762,0.2062965,-0.0100308,0.9878237,0.2145656,0.0509569,-0.0636123,0.2967534,-0.2101554,0.0327169,0.9874522,-0.1184760,0.0642954,0.0480807
825,1782728494.162635088,28.208486615,3503614,5,0.2915402,0.2063084,-0.0100188,0.9878357,0.2145776,0.0509449,-0.0636243,0.2967534,-0.2101554,0.0327409,0.9874642,-0.1185480,0.0642714,0.0480807
826,1782728494.194736481,28.241956222,3503646,5,0.2915762,0.2063084,-0.0100308,0.9878357,0.2145895,0.0509449,-0.0636243,0.2967654,-0.2101554,0.0327169,0.9874522,-0.1185240,0.0642954,0.0480927
827,1782728494.267817020,28.274694734,3503719,5,0.2915762,0.2062965,-0.0100188,0.9878237,0.2145656,0.0509449,-0.0636123,0.2967774,-0.2101554,0.0327289,0.9874522,-0.1185000,0.0643074,0.0480807
828,1782728494.277513266,28.347691900,3503729,5,0.2915642,0.2063084,-0.0100188,0.9878477,0.2145656,0.0509330,-0.0636243,0.2967654,-0.2101793,0.0327409,0.9874522,-0.1185000,0.0643074,0.0480807
829,1782728494.331367254,28.357194602,3503783,5,0.2915642,0.2062845,-0.0100188,0.9878237,0.2145895,0.0509330,-0.0636482,0.2967534,-0.2101554,0.0327289,0.9874522,-0.1184521,0.0643074,0.0480927
830,1782728494.364710808,28.410917588,3503816,5,0.2915402,0.2062965,-0.0100308,0.9878117,0.2145776,0.0509449,-0.0636243,0.2967534,-0.2101554,0.0327409,0.9874522,-0.1184521,0.0643074,0.0480807
831,1782728494.398122072,28.444581154,3503849,5,0.2915642,0.2062965,-0.0100308,0.9878117,0.2145656,0.0509330,-0.0636243,0.2967893,-0.2101554,0.0327409,0.9874522,-0.1184880,0.0642954,0.0480807
832,1782728494.429537296,28.477465206,3503881,5,0.2915642,0.2062845,-0.0100428,0.9878477,0.2145895,0.0509449,-0.0636123,0.2967654,-0.2101554,0.0327409,0.9874522,-0.1185240,0.0642954,0.0480687
833,1782728494.462659597,28.508797529,3503914,5,0.2915522,0.2063204,-0.0100308,0.9878357,0.2145895,0.0509449,-0.0636123,0.2967534,-0.2101554,0.0327289,0.9874762,-0.1184760,0.0642954,0.0480927
834,1782728494.495865345,28.542217631,3503947,5,0.2915402,0.2063084,-0.0100188,0.9878117,0.2145656,0.0509569,-0.0636123,0.2967654,-0.2101554,0.0327289,0.9874522,-0.1185240,0.0642834,0.0480927
835,1782728494.530288219,28.575857163,3503981,5,0.2915522,0.2063204,-0.0100428,0.9878117,0.2145536,0.0509569,-0.0636123,0.2967654,-0.2101554,0.0327289,0.9874522,-0.1185719,0.0642954,0.0480927
836,1782728494.563317299,28.609905797,3504014,5,0.2915522,0.2063204,-0.0100188,0.9878357,0.2145656,0.0509449,-0.0636243,0.2967654,-0.2101554,0.0327409,0.9874522,-0.1185000,0.0642834,0.0480927
837,1782728494.596724510,28.643222311,3504048,5,0.2915522,0.2062965,-0.0100188,0.9878357,0.2145656,0.0509449,-0.0636243,0.2967534,-0.2101554,0.0327529,0.9874522,-0.1185240,0.0642954,0.0480927
838,1782728494.628917456,28.675975191,3504080,5,0.2915642,0.2062965,-0.0100188,0.9878237,0.2145656,0.0509449,-0.0636123,0.2967654,-0.2101793,0.0327289,0.9874522,-0.1185000,0.0642834,0.0480807
839,1782728494.662019014,28.708805386,3504113,5,0.2915642,0.2063324,-0.0100188,0.9878237,0.2145776,0.0509569,-0.0636243,0.2967414,-0.2101793,0.0327529,0.9874522,-0.1185000,0.0642954,0.0480927
840,1782728494.694353342,28.741709311,3504146,5,0.2915642,0.2062965,-0.0100308,0.9878237,0.2145536,0.0509449,-0.0636243,0.2967414,-0.2101793,0.0327409,0.9874522,-0.1185480,0.0642834,0.0480807
841,1782728494.731626511,28.773588436,3504183,5,0.2915642,0.2062965,-0.0100188,0.9878237,0.2145895,0.0509330,-0.0636362,0.2967534,-0.2101793,0.0327169,0.9874762,-0.1185000,0.0642954,0.0480927
842,1782728494.763880491,28.811532905,3504215,5,0.2915642,0.2063324,-0.0100188,0.9878357,0.2145536,0.0509449,-0.0636362,0.2967774,-0.2101793,0.0327409,0.9874522,-0.1185000,0.0642954,0.0480807
843,1782728494.797098637,28.843543938,3504248,5,0.2915642,0.2062965,-0.0100308,0.9878237,0.2145656,0.0509569,-0.0636243,0.2967534,-0.2101554,0.0327409,0.9874522,-0.1184760,0.0642954,0.0480807
844,1782728494.830451250,28.876393397,3504281,5,0.2915642,0.2063084,-0.0100308,0.9878357,0.2145656,0.0509449,-0.0636123,0.2967774,-0.2101554,0.0327409,0.9874522,-0.1185240,0.0642954,0.0480927
845,1782728494.862772942,28.909658198,3504314,5,0.2915642,0.2062965,-0.0100188,0.9878117,0.2145536,0.0509449,-0.0636243,0.2967774,-0.2101554,0.0327289,0.9874522,-0.1185000,0.0642954,0.0480807
846,1782728494.896008492,28.942773714,3504347,5,0.2915522,0.2063084,-0.0100188,0.9878117,0.2145416,0.0509449,-0.0636123,0.2967414,-0.2101674,0.0327409,0.9874762,-0.1185000,0.0642954,0.0480807
847,1782728494.927460909,28.975911982,3504378,5,0.2915642,0.2063084,-0.0100308,0.9878477,0.2145176,0.0509449,-0.0636243,0.2967654,-0.2101554,0.0327409,0.9874522,-0.1185240,0.0642834,0.0480807
848,1782728494.962433338,29.007333620,3504413,5,0.2915642,0.2063084,-0.0100188,0.9878357,0.2145536,0.0509569,-0.0636243,0.2967534,-0.2101554,0.0327289,0.9874522,-0.1185480,0.0643074,0.0480927
849,1782728494.996585846,29.042275626,3504448,5,0.2915642,0.2063324,-0.0100308,0.9878357,0.2145176,0.0509210,-0.0636362,0.2967654,-0.2101554,0.0327169,0.9874522,-0.1185240,0.0642954,0.0480807
850,1782728495.029011726,29.076013338,3504480,5,0.2915642,0.2063204,-0.0100428,0.9878237,0.2145416,0.0509569,-0.0636123,0.2967654,-0.2101554,0.0327409,0.9874522,-0.1184521,0.0643074,0.0481167
851,1782728495.063151836,29.108871277,3504514,5,0.2915642,0.2062965,-0.0100188,0.9878357,0.2145296,0.0509449,-0.0636123,0.2967654,-0.2101554,0.0327289,0.9874522,-0.1185480,0.0642954,0.0480807
852,1782728495.094549417,29.143091276,3504546,5,0.2915642,0.2062965,-0.0100188,0.9878477,0.2145416,0.0509449,-0.0636123,0.2967774,-0.2101554,0.0327169,0.9874762,-0.1184760,0.0643313,0.0480807
853,1782728495.132299662,29.174264233,3504584,5,0.2915642,0.2062845,-0.0100188,0.9878357,0.2145176,0.0509330,-0.0636123,0.2967654,-0.2101554,0.0327169,0.9874642,-0.1184880,0.0642954,0.0480927
854,1782728495.163914442,29.211867443,3504615,5,0.2915642,0.2063084,-0.0100188,0.9878357,0.2145416,0.0509330,-0.0636243,0.2967534,-0.2101554,0.0327169,0.9874642,-0.1185240,0.0642954,0.0480927
855,1782728495.197173357,29.243199830,3504648,5,0.2915762,0.2062965,-0.0100188,0.9878117,0.2145296,0.0509569,-0.0636123,0.2967534,-0.2101554,0.0327409,0.9874522,-0.1184521,0.0642954,0.0480807
856,1782728495.230401516,29.276890500,3504681,5,0.2915522,0.2063084,-0.0100188,0.9878357,0.2145296,0.0509449,-0.0636243,0.2967534,-0.2101554,0.0327289,0.9874522,-0.1184521,0.0643074,0.0480807
857,1782728495.262440920,29.310018208,3504714,5,0.2915522,0.2062965,-0.0100428,0.9878237,0.2145176,0.0509449,-0.0636362,0.2967534,-0.2101793,0.0327409,0.9874522,-0.1185000,0.0642954,0.0480807
858,1782728495.295717955,29.342566153,3504747,5,0.2915642,0.2063084,-0.0100188,0.9878237,0.2145176,0.0509449,-0.0636123,0.2967414,-0.2101554,0.0327169,0.9874522,-0.1185000,0.0643074,0.0480807
859,1782728495.368786573,29.375748391,3504820,5,0.2915762,0.2063204,-0.0099948,0.9878237,0.2145416,0.0509449,-0.0636123,0.2967534,-0.2101554,0.0327409,0.9874522,-0.1184880,0.0642954,0.0480807
860,1782728495.380469322,29.448094048,3504831,5,0.2915642,0.2063084,-0.0100308,0.9878357,0.2145176,0.0509449,-0.0636123,0.2967654,-0.2101793,0.0327409,0.9874642,-0.1184880,0.0643074,0.0480927
861,1782728495.427927732,29.460320740,3504879,5,0.2915762,0.2062965,-0.0100428,0.9878237,0.2145296,0.0509449,-0.0636123,0.2967534,-0.2101554,0.0327289,0.9874522,-0.1185000,0.0642954,0.0480807
862,1782728495.463222504,29.507679460,3504914,5,0.2915522,0.2062965,-0.0100308,0.9878357,0.2145416,0.0509330,-0.0636123,0.2967534,-0.2101554,0.0327409,0.9874762,-0.1185480,0.0642954,0.0480927
863,1782728495.496272326,29.542757406,3504947,5,0.2915522,0.2063084,-0.0100188,0.9878237,0.2145416,0.0509449,-0.0636243,0.2967654,-0.2101793,0.0327409,0.9874762,-0.1184521,0.0642954,0.0480807
864,1782728495.528622150,29.575737333,3504980,5,0.2915642,0.2063084,-0.0100188,0.9878237,0.2145416,0.0509569,-0.0636123,0.2967534,-0.2101793,0.0327409,0.9874522,-0.1185480,0.0642954,0.0481047
865,1782728495.565806627,29.608025110,3505017,5,0.2915642,0.2063084,-0.0100188,0.9878117,0.2145176,0.0509569,-0.0636123,0.2967534,-0.2101554,0.0327529,0.9874522,-0.1185240,0.0642954,0.0480807
866,1782728495.598812342,29.645668002,3505050,5,0.2915642,0.2063084,-0.0100188,0.9878237,0.2145176,0.0509449,-0.0636123,0.2967534,-0.2101554,0.0327409,0.9874522,-0.1185000,0.0642954,0.0480927
867,1782728495.631069183,29.678355920,3505082,5,0.2915642,0.2063204,-0.0100308,0.9878117,0.2145176,0.0509330,-0.0636123,0.2967414,-0.2101793,0.0327289,0.9874762,-0.1185000,0.0643074,0.0480927
868,1782728495.664344311,29.710250148,3505116,5,0.2915642,0.2062965,-0.0100188,0.9878357,0.2145056,0.0509569,-0.0636123,0.2967654,-0.2101554,0.0327529,0.9874522,-0.1185240,0.0642954,0.0480807
869,1782728495.697611094,29.743541221,3505149,5,0.2915642,0.2062965,-0.0100188,0.9878357,0.2145176,0.0509449,-0.0636123,0.2967654,-0.2101554,0.0327409,0.9874522,-0.1185240,0.0642954,0.0480927
870,1782728495.731058598,29.776768740,3505182,5,0.2915642,0.2063084,-0.0100308,0.9878117,0.2145056,0.0509569,-0.0636123,0.2967534,-0.2101554,0.0327289,0.9874762,-0.1185120,0.0642954,0.0480807
871,1782728495.764252186,29.810580022,3505215,5,0.2915762,0.2062965,-0.0100308,0.9878357,0.2145056,0.0509449,-0.0636123,0.2967534,-0.2101554,0.0327049,0.9874522,-0.1185480,0.0642954,0.0480807
872,1782728495.798490763,29.843422601,3505249,5,0.2915642,0.2063084,-0.0100308,0.9878477,0.2144817,0.0509449,-0.0636123,0.2967774,-0.2101554,0.0327289,0.9874762,-0.1185240,0.0642954,0.0480927
873,1782728495.830765724,29.877815373,3505282,5,0.2915642,0.2063084,-0.0100308,0.9878477,0.2145056,0.0509449,-0.0636123,0.2967654,-0.2101554,0.0327169,0.9874642,-0.1185480,0.0643074,0.0480807
874,1782728495.864007235,29.910027628,3505315,5,0.2915642,0.2063204,-0.0100188,0.9878237,0.2144937,0.0509449,-0.0636123,0.2967654,-0.2101554,0.0327409,0.9874522,-0.1185240,0.0643074,0.0480927
875,1782728495.896178722,29.943146151,3505347,5,0.2915762,0.2062965,-0.0100188,0.9878597,0.2144817,0.0509449,-0.0636003,0.2967654,-0.2101554,0.0327289,0.9874522,-0.1184760,0.0643074,0.0480807
876,1782728495.928408384,29.976325157,3505380,5,0.2915522,0.2063204,-0.0100428,0.9878117,0.2145176,0.0509689,-0.0636003,0.2967534,-0.2101554,0.0327409,0.9874522,-0.1185000,0.0642954,0.0480807
