policy_step,dataset_index,dataset_frame,inference_s,loop_s,sent_to_robot,arm_state,left_hand_state,right_hand_state,predicted_action,limited_arm,limited_left_hand,limited_right_hand,dataset_state,dataset_action
0,0,0,1.22839915700024,1.331390322999141,True,"[-0.2548205852508545, 1.7999707460403442, 0.8555178642272949, 2.041069269180298, -1.305082082748413, 0.11128551512956619, -0.2398642748594284, 0.06321679055690765, 0.0008388957940042019, -0.010785802267491817, 1.5289593935012817, 0.28019118309020996, 0.01746101677417755, -0.04986635968089104]","[337.0, 2.0, 1.0, 4.0, 10.0, 935.0]","[70.0, 15.0, 0.0, 15.0, 589.0, 989.0]","[-0.022486157715320587, 0.19665977358818054, 0.06728936731815338, 0.887473464012146, -1.0157651901245117, -0.2835988998413086, -0.030355602502822876, -0.05631142854690552, -0.46540212631225586, 0.07903702557086945, 0.21430478990077972, 0.33067587018013, -0.2553662657737732, -0.15641632676124573, 0.30000022053718567, 0.3000004291534424, 0.2999998927116394, 0.19999955594539642, 0.10000050812959671, 0.0, 0.8804799914360046, 0.8795154094696045, 0.8794243931770325, 0.8762264251708984, 0.7759776711463928, 0.0]","[-0.24482057988643646, 1.7899707555770874, 0.8455178737640381, 2.031069278717041, -1.2950820922851562, 0.10128551721572876, -0.22986426949501038, 0.05321679264307022, -0.009161103516817093, -0.0007858024910092354, 1.518959403038025, 0.2901911735534668, 0.007461016997694969, -0.05986636132001877]","[287.0, 0.3000004291534424, 0.2999998927116394, 0.19999957084655762, 0.10000038146972656, 885.0]","[20.0, 0.8795156478881836, 0.8794243931770325, 0.8762264251708984, 539.0, 939.0]","[0.36773595213890076, 0.2125042825937271, -0.19506722688674927, 0.13865748047828674, -1.1988658905029297, -0.09092431515455246, 0.2910129427909851, 0.34811776876449585, -0.39933836460113525, 0.2565223276615143, 0.258667528629303, 0.43556666374206543, -0.10707905143499374, 0.08358997106552124, 0.30000001192092896, 0.29899999499320984, 0.29899999499320984, 0.19900000095367432, 1.0, 0.0, 0.8980000019073486, 0.8989999890327454, 0.8999999761581421, 0.8999999761581421, 0.8009999990463257, 0.0]","[0.24442234635353088, 0.28508755564689636, -0.13917025923728943, -0.055223532021045685, -1.1037503480911255, -0.2001938819885254, 0.139725923538208, 0.2734237611293793, -0.4169085919857025, 0.2973143756389618, 0.24402667582035065, 0.47058749198913574, -0.16312283277511597, 0.12246698141098022, 0.30000001192092896, 0.30000001192092896, 0.30000001192092896, 0.20000000298023224, 0.10000000149011612, 0.0, 0.8999999761581421, 0.8999999761581421, 0.8999999761581421, 0.8999999761581421, 0.800000011920929, 0.0]"
1,1,1,0.013105200001518824,0.07356626799992227,True,"[-0.25483256578445435, 1.7999707460403442, 0.8555418848991394, 2.041081428527832, -1.3050941228866577, 0.11127353459596634, -0.2398642748594284, 0.06319282203912735, 0.0008388957940042019, -0.010761834681034088, 1.5289714336395264, 0.28019118309020996, 0.01746101677417755, -0.04986635968089104]","[337.0, 2.0, 1.0, 4.0, 10.0, 935.0]","[70.0, 15.0, 0.0, 15.0, 589.0, 989.0]","[-0.01832803338766098, 0.18891319632530212, 0.07746730744838715, 0.9169559478759766, -1.0229812860488892, -0.28805267810821533, -0.020635396242141724, -0.04607400298118591, -0.4629027247428894, 0.06408362090587616, 0.21642906963825226, 0.33703315258026123, -0.2573869228363037, -0.16140848398208618, 0.30000022053718567, 0.30000039935112, 0.2999998927116394, 0.19999957084655762, 0.10000048577785492, 0.0, 0.8858919739723206, 0.8849706649780273, 0.8848897218704224, 0.8825827836990356, 0.7823446989059448, 0.0]","[-0.24483256042003632, 1.7899707555770874, 0.8455418944358826, 2.031081438064575, -1.2950941324234009, 0.1012735366821289, -0.22986426949501038, 0.05319282412528992, -0.009161103516817093, -0.000761834904551506, 1.5189714431762695, 0.2901911735534668, 0.007461016997694969, -0.05986636132001877]","[287.0, 0.3000004291534424, 0.2999998927116394, 0.19999957084655762, 0.10000038146972656, 885.0]","[20.0, 0.8849706649780273, 0.8848897218704224, 0.8825826644897461, 539.0, 939.0]","[0.36773595213890076, 0.21249230206012726, -0.195235013961792, 0.1386454999446869, -1.1988658905029297, -0.09092431515455246, 0.2908931076526642, 0.3480578660964966, -0.39961397647857666, 0.2585356831550598, 0.25927871465682983, 0.43553072214126587, -0.10392720252275467, 0.08474045991897583, 0.30000001192092896, 0.29899999499320984, 0.29899999499320984, 0.19900000095367432, 1.0, 0.0, 0.8980000019073486, 0.8989999890327454, 0.8999999761581421, 0.8999999761581421, 0.8009999990463257, 0.0]","[0.24684642255306244, 0.28463566303253174, -0.1363241970539093, -0.06041140854358673, -1.1018574237823486, -0.1937672197818756, 0.13669143617153168, 0.27452579140663147, -0.41791626811027527, 0.29724210500717163, 0.24438706040382385, 0.4686964154243469, -0.16210435330867767, 0.12461793422698975, 0.30000001192092896, 0.30000001192092896, 0.30000001192092896, 0.20000000298023224, 0.10000000149011612, 0.0, 0.8999999761581421, 0.8999999761581421, 0.8999999761581421, 0.8999999761581421, 0.800000011920929, 0.0]"
2,2,2,0.006041226999514038,0.08869572299954598,True,"[-0.25483256578445435, 1.7999826669692993, 0.8555298447608948, 2.041081428527832, -1.305070161819458, 0.11128551512956619, -0.2398642748594284, 0.06316885352134705, 0.0008388957940042019, -0.010845723561942577, 1.528935432434082, 0.28023913502693176, 0.017137441784143448, -0.050405651330947876]","[337.0, 2.0, 1.0, 4.0, 10.0, 935.0]","[70.0, 13.0, 0.0, 15.0, 589.0, 989.0]","[-0.014228999614715576, 0.18843013048171997, 0.07911641895771027, 0.9004583358764648, -1.0365225076675415, -0.2897225022315979, -0.027738749980926514, -0.053462207317352295, -0.4758204221725464, 0.06109318137168884, 0.14172285795211792, 0.30701786279678345, -0.283540815114975, -0.18447566032409668, 0.30000025033950806, 0.3000003695487976, 0.2999999225139618, 0.1999996155500412, 0.10000045597553253, 0.0, 0.8771993517875671, 0.8763883113861084, 0.8763007521629333, 0.8725466728210449, 0.7723488807678223, 0.0]","[-0.24483256042003632, 1.7899826765060425, 0.8455298542976379, 2.031081438064575, -1.2950701713562012, 0.10128551721572876, -0.22986426949501038, 0.05316885560750961, -0.009161103516817093, -0.0008457237854599953, 1.5189354419708252, 0.2902391254901886, 0.007137442007660866, -0.06040564924478531]","[287.0, 0.3000004291534424, 0.2999999523162842, 0.19999957084655762, 0.10000038146972656, 885.0]","[20.0, 0.8763885498046875, 0.8763007521629333, 0.8725471496582031, 539.0, 939.0]","[0.36775991320610046, 0.21252824366092682, -0.19531890749931335, 0.1387174129486084, -1.1988658905029297, -0.0908883661031723, 0.2907852530479431, 0.3480818271636963, -0.39984169602394104, 0.25965023040771484, 0.2595663368701935, 0.4355546832084656, -0.10284861922264099, 0.08504006266593933, 0.30000001192092896, 0.29899999499320984, 0.29899999499320984, 0.19900000095367432, 1.0, 0.0, 0.8980000019073486, 0.8989999890327454, 0.8999999761581421, 0.8999999761581421, 0.8009999990463257, 0.0]","[0.24689100682735443, 0.2846303880214691, -0.1363029032945633, -0.0604422353208065, -1.1018520593643188, -0.19374361634254456, 0.13668397068977356, 0.2745389938354492, -0.4179222583770752, 0.29726067185401917, 0.2443813979625702, 0.4686882495880127, -0.1621003895998001, 0.12461652606725693, 0.30000001192092896, 0.30000001192092896, 0.30000001192092896, 0.20000000298023224, 0.10000000149011612, 0.0, 0.8999999761581421, 0.8999999761581421, 0.8999999761581421, 0.8999999761581421, 0.800000011920929, 0.0]"
3,3,3,0.007378883999990649,0.07532611299939163,True,"[-0.2548205852508545, 1.7999587059020996, 0.8555178642272949, 2.041069269180298, -1.305082082748413, 0.11128551512956619, -0.2398642748594284, 0.06273742020130157, -0.00011984225420746952, -0.01085770782083273, 1.5288516283035278, 0.2802870571613312, 0.01690974272787571, -0.05074121057987213]","[337.0, 2.0, 1.0, 4.0, 10.0, 935.0]","[58.0, 2.0, 0.0, 0.0, 578.0, 988.0]","[-0.01704791560769081, 0.18267925083637238, 0.08217750489711761, 0.9198220372200012, -1.0393645763397217, -0.2928355932235718, -0.01931700110435486, -0.05541062355041504, -0.47125935554504395, 0.05220086872577667, 0.16042044758796692, 0.3201982080936432, -0.284010112285614, -0.17944146692752838, 0.30000025033950806, 0.3000003695487976, 0.2999999523162842, 0.1999996155500412, 0.10000045597553253, 0.0, 0.8816111087799072, 0.8808100819587708, 0.8807369470596313, 0.8777129650115967, 0.7775027751922607, 0.0]","[-0.24482057988643646, 1.7899587154388428, 0.8455178737640381, 2.031069278717041, -1.2950820922851562, 0.10128551721572876, -0.22986426949501038, 0.05273742228746414, -0.010119842365384102, -0.0008577080443501472, 1.518851637840271, 0.290287047624588, 0.0069097429513931274, -0.060741208493709564]","[287.0, 0.3000004291534424, 0.2999999523162842, 0.19999957084655762, 0.10000038146972656, 885.0]","[8.0, 0.880810022354126, 0.8807369470596313, 0.8777129650115967, 528.0, 938.0]","[0.3681793808937073, 0.2125042825937271, -0.19537882506847382, 0.13887320458889008, -1.1988539695739746, -0.09076852351427078, 0.2907373011112213, 0.348105788230896, -0.3998536765575409, 0.2610164284706116, 0.25985395908355713, 0.435518741607666, -0.0986781120300293, 0.08531569689512253, 0.30000001192092896, 0.29899999499320984, 0.29899999499320984, 0.19900000095367432, 1.0, 0.0, 0.8980000019073486, 0.8989999890327454, 0.8999999761581421, 0.8999999761581421, 0.8009999990463257, 0.0]","[0.24807719886302948, 0.28516489267349243, -0.14065061509609222, -0.06366798281669617, -1.1009148359298706, -0.201852485537529, 0.13203182816505432, 0.276168555021286, -0.41826769709587097, 0.29840776324272156, 0.2408219873905182, 0.466248095035553, -0.16178582608699799, 0.12428159266710281, 0.30000001192092896, 0.30000001192092896, 0.30000001192092896, 0.20000000298023224, 0.10000000149011612, 0.0, 0.8999999761581421, 0.8999999761581421, 0.8999999761581421, 0.8999999761581421, 0.800000011920929, 0.0]"
4,4,4,0.010091074000229128,0.09604914999908942,True,"[-0.25485652685165405, 1.7999707460403442, 0.8555418848991394, 2.041069269180298, -1.3050941228866577, 0.11127353459596634, -0.23987625539302826, 0.06268948316574097, -0.012259862385690212, -0.010785802267491817, 1.5288395881652832, 0.2802271246910095, 0.017005614936351776, -0.050345730036497116]","[337.0, 2.0, 1.0, 4.0, 10.0, 935.0]","[0.0, 1.0, 0.0, 4.0, 495.0, 908.0]","[-0.012629516422748566, 0.18592211604118347, 0.07999946177005768, 0.8936264514923096, -1.0409613847732544, -0.29467982053756714, -0.027667105197906494, -0.05186238884925842, -0.4805520176887512, 0.05053146183490753, 0.10861441493034363, 0.3150883615016937, -0.2918248772621155, -0.1843031793832779, 0.30000025033950806, 0.3000003397464752, 0.2999999523162842, 0.19999966025352478, 0.10000042617321014, 0.0, 0.8785498142242432, 0.8778203129768372, 0.8777468800544739, 0.8742170333862305, 0.7740244269371033, 0.0]","[-0.24485652148723602, 1.7899707555770874, 0.8455418944358826, 2.031069278717041, -1.2950941324234009, 0.1012735366821289, -0.22987625002861023, 0.052689485251903534, -0.02225986123085022, -0.0007858024910092354, 1.5188395977020264, 0.29022711515426636, 0.007005615159869194, -0.06034573167562485]","[287.0, 0.30000030994415283, 0.2999999523162842, 0.19999957084655762, 0.10000038146972656, 885.0]","[0.8785498142242432, 0.8778203129768372, 0.8777468800544739, 0.8742170333862305, 445.0, 858.0]","[0.36868271231651306, 0.21251626312732697, -0.19572636485099792, 0.13893312215805054, -1.1988539695739746, -0.09076852351427078, 0.29062944650650024, 0.3481297492980957, -0.3999974727630615, 0.26222681999206543, 0.2602614164352417, 0.4354947507381439, -0.09526260942220688, 0.08536363393068314, 0.30000001192092896, 0.29899999499320984, 0.29899999499320984, 0.19900000095367432, 1.0, 0.0, 0.8980000019073486, 0.8989999890327454, 0.8999999761581421, 0.8999999761581421, 0.8009999990463257, 0.0]","[0.25130826234817505, 0.28666701912879944, -0.14098431169986725, -0.06589779257774353, -1.1020902395248413, -0.2014167308807373, 0.13018003106117249, 0.27710941433906555, -0.42045536637306213, 0.29764172434806824, 0.24073772132396698, 0.4670392572879791, -0.16246454417705536, 0.12703220546245575, 0.30000001192092896, 0.30000001192092896, 0.30000001192092896, 0.20000000298023224, 0.10000000149011612, 0.0, 0.8999999761581421, 0.8999999761581421, 0.8999999761581421, 0.8999999761581421, 0.800000011920929, 0.0]"
5,5,5,0.00793703999988793,0.0780293170009827,True,"[-0.25483256578445435, 1.7999707460403442, 0.8555418848991394, 2.041069269180298, -1.3050941228866577, 0.11128551512956619, -0.239912211894989, 0.06265352666378021, -0.012259862385690212, -0.01079778652638197, 1.5288276672363281, 0.2802271246910095, 0.016993630677461624, -0.050393667072057724]","[337.0, 2.0, 1.0, 4.0, 10.0, 935.0]","[0.0, 1.0, 0.0, 0.0, 509.0, 917.0]","[-0.009113196283578873, 0.1796674281358719, 0.09024812281131744, 0.9135386943817139, -1.0388041734695435, -0.29819566011428833, -0.016682326793670654, -0.0441628098487854, -0.47866764664649963, 0.033961668610572815, 0.08993208408355713, 0.3180568814277649, -0.296329528093338, -0.17974703013896942, 0.30000025033950806, 0.30000030994415283, 0.2999999523162842, 0.19999967515468597, 0.10000040382146835, 0.0, 0.8816562294960022, 0.8809880018234253, 0.88093501329422, 0.8779051303863525, 0.7777189612388611, 0.0]","[-0.24483256042003632, 1.7899707555770874, 0.8455418944358826, 2.031069278717041, -1.2950941324234009, 0.10128551721572876, -0.22991220653057098, 0.05265352874994278, -0.02225986123085022, -0.0007977867498993874, 1.5188276767730713, 0.29022711515426636, 0.006993630900979042, -0.060393668711185455]","[287.0, 0.30000030994415283, 0.2999999523162842, 0.19999957084655762, 0.10000038146972656, 885.0]","[0.8816562294960022, 0.8809880018234253, 0.88093501329422, 0.8779051303863525, 459.0, 867.0]","[0.3686227798461914, 0.21254023909568787, -0.19567842781543732, 0.13887320458889008, -1.19884192943573, -0.09079249203205109, 0.2885202169418335, 0.3476743698120117, -0.4002012312412262, 0.26253843307495117, 0.26020148396492004, 0.4355067312717438, -0.09521467238664627, 0.0860946774482727, 0.30000001192092896, 0.29899999499320984, 0.29899999499320984, 0.19900000095367432, 1.0, 0.0, 0.8980000019073486, 0.8989999890327454, 0.8999999761581421, 0.8999999761581421, 0.8009999990463257, 0.0]","[0.2549981474876404, 0.2870613932609558, -0.14092257618904114, -0.06805554032325745, -1.1065564155578613, -0.2047654092311859, 0.12537433207035065, 0.2792743444442749, -0.4217317998409271, 0.2964577376842499, 0.2388928234577179, 0.4631003141403198, -0.16382800042629242, 0.13129085302352905, 0.30000001192092896, 0.30000001192092896, 0.30000001192092896, 0.20000000298023224, 0.10000000149011612, 0.0, 0.8999999761581421, 0.8999999761581421, 0.8999999761581421, 0.8999999761581421, 0.800000011920929, 0.0]"
6,6,6,0.009157135998975718,0.08841526900141616,True,"[-0.25483256578445435, 1.7999467849731445, 0.8555418848991394, 2.0410454273223877, -1.3050941228866577, 0.11128551512956619, -0.2398882359266281, 0.06270146369934082, -0.012223909609019756, -0.010893660597503185, 1.5288395881652832, 0.280335009098053, 0.01696966215968132, -0.050513509660959244]","[337.0, 2.0, 1.0, 4.0, 10.0, 935.0]","[0.0, 1.0, 0.0, 0.0, 509.0, 917.0]","[-0.006682291626930237, 0.1796818971633911, 0.0854869931936264, 0.9128816723823547, -1.0417307615280151, -0.29611724615097046, -0.0206335186958313, -0.04555559158325195, -0.4801194369792938, 0.04137799143791199, 0.09675028920173645, 0.3180834650993347, -0.29049932956695557, -0.17771881818771362, 0.30000028014183044, 0.30000030994415283, 0.29999998211860657, 0.19999967515468597, 0.10000041872262955, 0.0, 0.8814212083816528, 0.8807348608970642, 0.880671501159668, 0.8776106834411621, 0.7774267196655273, 0.0]","[-0.24483256042003632, 1.7899467945098877, 0.8455418944358826, 2.031045436859131, -1.2950941324234009, 0.10128551721572876, -0.22988823056221008, 0.05270146578550339, -0.022223908454179764, -0.0008936608210206032, 1.5188395977020264, 0.2903349995613098, 0.006969662383198738, -0.060513511300086975]","[287.0, 0.30000030994415283, 0.2999999523162842, 0.19999957084655762, 0.10000038146972656, 885.0]","[0.8814212083816528, 0.8807348608970642, 0.880671501159668, 0.8776106834411621, 459.0, 867.0]","[0.3686707317829132, 0.21254023909568787, -0.19606192409992218, 0.13888518512248993, -1.1988539695739746, -0.09080447256565094, 0.28740569949150085, 0.34744665026664734, -0.4011719524860382, 0.26253843307495117, 0.2602134943008423, 0.4354468286037445, -0.09520268440246582, 0.0869215875864029, 0.30000001192092896, 0.29899999499320984, 0.29899999499320984, 0.19900000095367432, 1.0, 0.0, 0.8980000019073486, 0.8989999890327454, 0.8999999761581421, 0.8999999761581421, 0.8009999990463257, 0.0]","[0.25489333271980286, 0.2874063551425934, -0.1409178376197815, -0.06747577339410782, -1.1075489521026611, -0.20959724485874176, 0.12356153130531311, 0.2808116674423218, -0.4227813482284546, 0.29641422629356384, 0.23240554332733154, 0.4568215310573578, -0.16366742551326752, 0.1350734531879425, 0.30000001192092896, 0.30000001192092896, 0.30000001192092896, 0.20000000298023224, 0.10000000149011612, 0.0, 0.8999999761581421, 0.8999999761581421, 0.8999999761581421, 0.8999999761581421, 0.800000011920929, 0.0]"
7,7,7,0.008974234999186592,0.0853113619996293,True,"[-0.25483256578445435, 1.7999707460403442, 0.8555418848991394, 2.041105270385742, -1.305082082748413, 0.11128551512956619, -0.2398642748594284, 0.06254567205905914, -0.011816445738077164, -0.010893660597503185, 1.5287796258926392, 0.2805507183074951, 0.01601092517375946, -0.06417552381753922]","[337.0, 2.0, 1.0, 4.0, 10.0, 935.0]","[0.0, 1.0, 0.0, 0.0, 509.0, 917.0]","[-0.008453361690044403, 0.17756739258766174, 0.09243185818195343, 0.9290887117385864, -1.042236089706421, -0.29619571566581726, -0.011273086071014404, -0.04145124554634094, -0.4748328924179077, 0.028452932834625244, 0.10607561469078064, 0.3344736397266388, -0.28896039724349976, -0.18048860132694244, 0.30000025033950806, 0.3000003397464752, 0.2999999523162842, 0.19999966025352478, 0.10000044107437134, 0.0, 0.8814252018928528, 0.8806798458099365, 0.8806205987930298, 0.8775616884231567, 0.777351438999176, 0.0]","[-0.24483256042003632, 1.7899707555770874, 0.8455418944358826, 2.0311052799224854, -1.2950820922851562, 0.10128551721572876, -0.22986426949501038, 0.05254567414522171, -0.021816445514559746, -0.0008936608210206032, 1.5187796354293823, 0.29055070877075195, 0.006010925397276878, -0.07417552173137665]","[287.0, 0.30000030994415283, 0.2999999523162842, 0.19999957084655762, 0.10000038146972656, 885.0]","[0.8814252018928528, 0.8806798458099365, 0.8806205987930298, 0.8775616884231567, 459.0, 867.0]","[0.3686946928501129, 0.21254023909568787, -0.19609788060188293, 0.13893312215805054, -1.1988779306411743, -0.09080447256565094, 0.2874176800251007, 0.34809380769729614, -0.4016273319721222, 0.262550413608551, 0.2602134943008423, 0.4351711869239807, -0.09515474736690521, 0.08778444677591324, 0.30000001192092896, 0.29899999499320984, 0.29899999499320984, 0.19900000095367432, 1.0, 0.0, 0.8980000019073486, 0.8989999890327454, 0.8999999761581421, 0.8999999761581421, 0.8009999990463257, 0.0]","[0.25315022468566895, 0.2873590886592865, -0.14541850984096527, -0.06472344696521759, -1.104962706565857, -0.21491335332393646, 0.12630820274353027, 0.27968114614486694, -0.4240519106388092, 0.2986530065536499, 0.23073317110538483, 0.45636704564094543, -0.16286036372184753, 0.1347084641456604, 0.30000001192092896, 0.30000001192092896, 0.30000001192092896, 0.20000000298023224, 0.10000000149011612, 0.0, 0.8999999761581421, 0.8999999761581421, 0.8999999761581421, 0.8999999761581421, 0.800000011920929, 0.0]"
8,8,8,0.0066769940003723605,0.10446407800009183,True,"[-0.25483256578445435, 1.7999707460403442, 0.8555298447608948, 2.041081428527832, -1.305082082748413, 0.11126154661178589, -0.2398642748594284, 0.0629051998257637, -0.011804461479187012, -0.010785802267491817, 1.5288395881652832, 0.2805267572402954, 0.0168618056923151, -0.061898522078990936]","[337.0, 2.0, 1.0, 4.0, 10.0, 935.0]","[0.0, 1.0, 0.0, 0.0, 509.0, 917.0]","[-0.005237724632024765, 0.1763422191143036, 0.08903422951698303, 0.9186034202575684, -1.046764612197876, -0.29830706119537354, -0.014814436435699463, -0.0470544695854187, -0.48282137513160706, 0.02815946936607361, 0.06802275776863098, 0.32625237107276917, -0.298822283744812, -0.18404673039913177, 0.30000028014183044, 0.30000030994415283, 0.29999998211860657, 0.19999969005584717, 0.10000041872262955, 0.0, 0.8792798519134521, 0.8786215782165527, 0.8785682916641235, 0.8751455545425415, 0.7749601006507874, 0.0]","[-0.24483256042003632, 1.7899707555770874, 0.8455298542976379, 2.031081438064575, -1.2950820922851562, 0.10126154869794846, -0.22986426949501038, 0.05290520191192627, -0.021804461255669594, -0.0007858024910092354, 1.5188395977020264, 0.29052674770355225, 0.0068618059158325195, -0.07189851999282837]","[287.0, 0.30000030994415283, 0.2999999523162842, 0.19999980926513672, 0.10000038146972656, 885.0]","[0.8792798519134521, 0.8786215782165527, 0.8785682916641235, 0.8751455545425415, 459.0, 867.0]","[0.3686946928501129, 0.21256420016288757, -0.19633756577968597, 0.13895709812641144, -1.1988779306411743, -0.090864397585392, 0.28740569949150085, 0.3479020595550537, -0.40392830967903137, 0.263005793094635, 0.26020148396492004, 0.4349434971809387, -0.09499895572662354, 0.09199091047048569, 0.30000001192092896, 0.29899999499320984, 0.29899999499320984, 0.19900000095367432, 1.0, 0.0, 0.8980000019073486, 0.8989999890327454, 0.8999999761581421, 0.8999999761581421, 0.8009999990463257, 0.0]","[0.25268545746803284, 0.28890952467918396, -0.14564628899097443, -0.06276678293943405, -1.1094121932983398, -0.21706220507621765, 0.12585130333900452, 0.2802010178565979, -0.427080899477005, 0.29866084456443787, 0.22760653495788574, 0.45402583479881287, -0.16312015056610107, 0.13579297065734863, 0.30000001192092896, 0.30000001192092896, 0.30000001192092896, 0.20000000298023224, 0.10000000149011612, 0.0, 0.8999999761581421, 0.8999999761581421, 0.8999999761581421, 0.8999999761581421, 0.800000011920929, 0.0]"
9,9,9,0.015796630001204903,0.0758075829999143,True,"[-0.25483256578445435, 1.7999826669692993, 0.8555418848991394, 2.0410573482513428, -1.305082082748413, 0.11127353459596634, -0.23987625539302826, 0.06261757761240005, -0.011804461479187012, -0.010833739303052425, 1.5288035869598389, 0.2805267572402954, 0.016682041808962822, -0.062186144292354584]","[337.0, 2.0, 1.0, 4.0, 10.0, 935.0]","[0.0, 1.0, 0.0, 0.0, 509.0, 917.0]","[-0.004775583744049072, 0.17667251825332642, 0.09166279435157776, 0.9102360010147095, -1.046500563621521, -0.3028879165649414, -0.01266583800315857, -0.037850379943847656, -0.48064106702804565, 0.03160226345062256, 0.08226263523101807, 0.31787919998168945, -0.29617321491241455, -0.17999139428138733, 0.30000025033950806, 0.30000028014183044, 0.29999998211860657, 0.19999971985816956, 0.10000037401914597, 0.0, 0.8833535313606262, 0.8827594518661499, 0.8827093839645386, 0.8799605369567871, 0.7797967195510864, 0.0]","[-0.24483256042003632, 1.7899826765060425, 0.8455418944358826, 2.031057357788086, -1.2950820922851562, 0.1012735366821289, -0.22987625002861023, 0.05261757969856262, -0.021804461255669594, -0.0008337395265698433, 1.518803596496582, 0.29052674770355225, 0.00668204203248024, -0.07218614220619202]","[287.0, 0.30000030994415283, 0.2999999523162842, 0.19999980926513672, 0.10000038146972656, 885.0]","[0.8833535313606262, 0.8827594518661499, 0.8827093839645386, 0.8799605369567871, 459.0, 867.0]","[0.3686946928501129, 0.21257618069648743, -0.19662518799304962, 0.1389690786600113, -1.1988779306411743, -0.090864397585392, 0.28740569949150085, 0.3477103114128113, -0.4057978391647339, 0.2632574737071991, 0.2601895034313202, 0.4349434971809387, -0.09499895572662354, 0.09417204558849335, 0.30000001192092896, 0.29899999499320984, 0.29899999499320984, 0.19900000095367432, 1.0, 0.0, 0.8980000019073486, 0.8989999890327454, 0.8999999761581421, 0.8999999761581421, 0.8009999990463257, 0.0]","[0.252299964427948, 0.28918129205703735, -0.14630362391471863, -0.06224444508552551, -1.1108037233352661, -0.21874727308750153, 0.12717337906360626, 0.2800115942955017, -0.42830541729927063, 0.29901713132858276, 0.22527562081813812, 0.45009419322013855, -0.16269159317016602, 0.13778527081012726, 0.30000001192092896, 0.30000001192092896, 0.30000001192092896, 0.20000000298023224, 0.10000000149011612, 0.0, 0.8999999761581421, 0.8999999761581421, 0.8999999761581421, 0.8999999761581421, 0.800000011920929, 0.0]"
10,10,10,0.012861548000728362,0.09841171399966697,True,"[-0.25483256578445435, 1.7999707460403442, 0.8555418848991394, 2.041081428527832, -1.3051060438156128, 0.11127353459596634, -0.23987625539302826, 0.06273742020130157, -0.011804461479187012, -0.010833739303052425, 1.5288156270980835, 0.2805507183074951, 0.016694026067852974, -0.06216217577457428]","[337.0, 2.0, 1.0, 4.0, 10.0, 935.0]","[0.0, 0.0, 0.0, 2.0, 530.0, 857.0]","[-0.006493430584669113, 0.17389526963233948, 0.09350931644439697, 0.9250532388687134, -1.046837329864502, -0.2992340922355652, -0.008310884237289429, -0.04616108536720276, -0.48244017362594604, 0.021798521280288696, 0.06457623839378357, 0.3372403681278229, -0.295287162065506, -0.18260645866394043, 0.30000028014183044, 0.30000030994415283, 0.29999998211860657, 0.19999970495700836, 0.10000041127204895, 0.0, 0.8834743499755859, 0.882836103439331, 0.8827927708625793, 0.8800634741783142, 0.7798771858215332, 0.0]","[-0.24483256042003632, 1.7899707555770874, 0.8455418944358826, 2.031081438064575, -1.295106053352356, 0.1012735366821289, -0.22987625002861023, 0.05273742228746414, -0.021804461255669594, -0.0008337395265698433, 1.5188156366348267, 0.29055070877075195, 0.006694026291370392, -0.07216217368841171]","[287.0, 0.30000030994415283, 0.2999999523162842, 0.19999980926513672, 0.10000038146972656, 885.0]","[0.8834743499755859, 0.882836103439331, 0.8827927708625793, 0.880063533782959, 480.0, 807.0]","[0.3686946928501129, 0.21260015666484833, -0.19734424352645874, 0.13895709812641144, -1.1988658905029297, -0.09087637811899185, 0.2874176800251007, 0.3476863503456116, -0.4099084436893463, 0.26331740617752075, 0.2601895034313202, 0.43473976850509644, -0.09499895572662354, 0.09741976857185364, 0.30000001192092896, 0.29899999499320984, 0.29899999499320984, 0.19900000095367432, 1.0, 0.0, 0.8980000019073486, 0.8989999890327454, 0.8999999761581421, 0.8999999761581421, 0.8009999990463257, 0.0]","[0.25082939863204956, 0.28751885890960693, -0.1458432972431183, -0.0598161406815052, -1.109033226966858, -0.21911953389644623, 0.1271352916955948, 0.27719858288764954, -0.42869555950164795, 0.2998352348804474, 0.22691300511360168, 0.4493473470211029, -0.16358830034732819, 0.13994048535823822, 0.30000001192092896, 0.30000001192092896, 0.30000001192092896, 0.20000000298023224, 0.10000000149011612, 0.0, 0.8999999761581421, 0.8999999761581421, 0.8999999761581421, 0.8999999761581421, 0.800000011920929, 0.0]"
11,11,11,0.008384880999074085,0.07462932099952013,True,"[-0.25483256578445435, 1.7999826669692993, 0.8555298447608948, 2.041081428527832, -1.305082082748413, 0.11124956607818604, -0.23987625539302826, 0.06268948316574097, -0.011816445738077164, -0.010821755044162273, 1.5288276672363281, 0.2805267572402954, 0.016574183478951454, -0.062066301703453064]","[337.0, 2.0, 1.0, 4.0, 10.0, 935.0]","[21.0, 0.0, 0.0, 2.0, 508.0, 855.0]","[0.005550645291805267, 0.17069008946418762, 0.10642413794994354, 0.944753885269165, -1.0473172664642334, -0.30033379793167114, 0.0018033981323242188, -0.020978152751922607, -0.4760420024394989, 0.009863972663879395, 0.06767973303794861, 0.34798476099967957, -0.2901848554611206, -0.16933110356330872, 0.30000025033950806, 0.30000030994415283, 0.29999998211860657, 0.19999970495700836, 0.10000041127204895, 0.0, 0.8864826560020447, 0.885816216468811, 0.8857727646827698, 0.8835439682006836, 0.7833501696586609, 0.0]","[-0.24483256042003632, 1.7899826765060425, 0.8455298542976379, 2.031081438064575, -1.2950820922851562, 0.1012495681643486, -0.22987625002861023, 0.052689485251903534, -0.021816445514559746, -0.0008217552676796913, 1.5188276767730713, 0.29052674770355225, 0.006574183702468872, -0.0720662996172905]","[287.0, 0.30000030994415283, 0.2999999523162842, 0.19999980926513672, 0.10000038146972656, 885.0]","[0.8864822387695312, 0.885816216468811, 0.8857727646827698, 0.8835439682006836, 458.0, 805.0]","[0.36868271231651306, 0.21261213719844818, -0.19811122119426727, 0.1390170156955719, -1.1988658905029297, -0.09087637811899185, 0.2874176800251007, 0.3476743698120117, -0.4147021174430847, 0.2636289894580841, 0.26020148396492004, 0.434631884098053, -0.09498696774244308, 0.10029598325490952, 0.30000001192092896, 0.29899999499320984, 0.29899999499320984, 0.19900000095367432, 1.0, 0.0, 0.8980000019073486, 0.8989999890327454, 0.8999999761581421, 0.8999999761581421, 0.8009999990463257, 0.0]","[0.2499750852584839, 0.2862946391105652, -0.1455591470003128, -0.06044862046837807, -1.1060444116592407, -0.21826070547103882, 0.13016201555728912, 0.276179701089859, -0.42830049991607666, 0.3010003864765167, 0.22661350667476654, 0.4477982819080353, -0.16427814960479736, 0.14191170036792755, 0.30000001192092896, 0.30000001192092896, 0.30000001192092896, 0.20000000298023224, 0.10000000149011612, 0.0, 0.8999999761581421, 0.8999999761581421, 0.8999999761581421, 0.8999999761581421, 0.800000011920929, 0.0]"
12,12,12,0.0034999870003957767,0.08790588899864815,True,"[-0.25483256578445435, 1.7999826669692993, 0.8555418848991394, 2.041069269180298, -1.3051060438156128, 0.11128551512956619, -0.2398642748594284, 0.06279733777046204, -0.011816445738077164, -0.010929613374173641, 1.528863549232483, 0.2806585729122162, 0.016598151996731758, -0.06267749518156052]","[337.0, 2.0, 1.0, 4.0, 10.0, 935.0]","[40.0, 1.0, 0.0, 2.0, 442.0, 851.0]","[0.0030331462621688843, 0.17225822806358337, 0.10555250942707062, 0.9272541999816895, -1.046288013458252, -0.29966872930526733, 0.005987972021102905, -0.020421862602233887, -0.4730890989303589, 0.008222073316574097, 0.0668795108795166, 0.3622986674308777, -0.2881872355937958, -0.166205495595932, 0.30000025033950806, 0.3000003397464752, 0.2999999523162842, 0.19999969005584717, 0.10000043362379074, 0.0, 0.8869270086288452, 0.8861923813819885, 0.8861488103866577, 0.8839930891990662, 0.783782958984375, 0.0]","[-0.24483256042003632, 1.7899826765060425, 0.8455418944358826, 2.031069278717041, -1.295106053352356, 0.10128551721572876, -0.22986426949501038, 0.0527973398566246, -0.021816445514559746, -0.0009296135976910591, 1.518863558769226, 0.290658563375473, 0.006598152220249176, -0.07267749309539795]","[287.0, 0.30000030994415283, 0.2999999523162842, 0.19999980926513672, 0.10000038146972656, 885.0]","[0.8869285583496094, 0.8861923813819885, 0.8861488103866577, 0.8839931488037109, 392.0, 801.0]","[0.3686707317829132, 0.2126840502023697, -0.19878233969211578, 0.13905297219753265, -1.198830008506775, -0.0908883661031723, 0.28740569949150085, 0.3476863503456116, -0.4220125079154968, 0.26431208848953247, 0.2601895034313202, 0.4342483878135681, -0.09498696774244308, 0.105341337621212, 0.30000001192092896, 0.29899999499320984, 0.29899999499320984, 0.19900000095367432, 1.0, 0.0, 0.8980000019073486, 0.8989999890327454, 0.8999999761581421, 0.8999999761581421, 0.8009999990463257, 0.0]","[0.2491384744644165, 0.28690165281295776, -0.14469189941883087, -0.058852922171354294, -1.1055412292480469, -0.21729536354541779, 0.12956728041172028, 0.27553752064704895, -0.42823877930641174, 0.3018815517425537, 0.22851675748825073, 0.4470301568508148, -0.16587397456169128, 0.1425362378358841, 0.30000001192092896, 0.30000001192092896, 0.30000001192092896, 0.20000000298023224, 0.10000000149011612, 0.0, 0.8999999761581421, 0.8999999761581421, 0.8999999761581421, 0.8999999761581421, 0.800000011920929, 0.0]"
13,13,13,0.010354673000620096,0.07608648499990522,True,"[-0.25483256578445435, 1.7999707460403442, 0.8555298447608948, 2.041081428527832, -1.305082082748413, 0.11127353459596634, -0.2398642748594284, 0.06286924332380295, -0.012080099433660507, -0.01085770782083273, 1.5288755893707275, 0.28056269884109497, 0.016622120514512062, -0.06264154613018036]","[337.0, 2.0, 1.0, 4.0, 10.0, 935.0]","[0.0, 1.0, 0.0, 2.0, 467.0, 796.0]","[0.0028935857117176056, 0.17441575229167938, 0.10267484188079834, 0.9175438284873962, -1.0532697439193726, -0.3007848858833313, -0.006275594234466553, -0.009729564189910889, -0.47517356276512146, 0.016200125217437744, 0.0725587010383606, 0.3473445475101471, -0.28812742233276367, -0.15677645802497864, 0.30000025033950806, 0.30000030994415283, 0.29999998211860657, 0.19999969005584717, 0.10000043362379074, 0.0, 0.884326696395874, 0.8836223483085632, 0.8835716247558594, 0.8809943795204163, 0.7807866334915161, 0.0]","[-0.24483256042003632, 1.7899707555770874, 0.8455298542976379, 2.031081438064575, -1.2950820922851562, 0.1012735366821289, -0.22986426949501038, 0.052869245409965515, -0.02208009921014309, -0.0008577080443501472, 1.5188755989074707, 0.2905626893043518, 0.00662212073802948, -0.07264154404401779]","[287.0, 0.30000030994415283, 0.2999999523162842, 0.19999980926513672, 0.10000038146972656, 885.0]","[0.884326696395874, 0.8836223483085632, 0.8835716247558594, 0.8809943199157715, 417.0, 746.0]","[0.36868271231651306, 0.21274396777153015, -0.1989501267671585, 0.1390649527311325, -1.19884192943573, -0.0908883661031723, 0.2874176800251007, 0.3476743698120117, -0.4250684976577759, 0.26488733291625977, 0.2601655423641205, 0.43418848514556885, -0.09499895572662354, 0.10644388943910599, 0.30000001192092896, 0.29899999499320984, 0.29899999499320984, 0.19900000095367432, 1.0, 0.0, 0.8980000019073486, 0.8989999890327454, 0.8999999761581421, 0.8999999761581421, 0.8009999990463257, 0.0]","[0.24855397641658783, 0.28726768493652344, -0.14488840103149414, -0.056716468185186386, -1.1043035984039307, -0.21797728538513184, 0.12885341048240662, 0.27492791414260864, -0.428251177072525, 0.30280178785324097, 0.2304433137178421, 0.44608911871910095, -0.167300745844841, 0.1419447958469391, 0.30000001192092896, 0.30000001192092896, 0.30000001192092896, 0.20000000298023224, 0.10000000149011612, 0.0, 0.8999999761581421, 0.8999999761581421, 0.8999999761581421, 0.8999999761581421, 0.800000011920929, 0.0]"
14,14,14,0.006571260000782786,0.08950070599894389,True,"[-0.25483256578445435, 1.799994707107544, 0.8555178642272949, 2.041069269180298, -1.305082082748413, 0.11127353459596634, -0.2398642748594284, 0.06266551464796066, -0.013434316031634808, -0.01079778652638197, 1.5288156270980835, 0.2805507183074951, 0.016574183478951454, -0.06232995539903641]","[337.0, 2.0, 1.0, 4.0, 10.0, 935.0]","[0.0, 1.0, 0.0, 2.0, 476.0, 786.0]","[0.004195425659418106, 0.17243605852127075, 0.10107830166816711, 0.9189984202384949, -1.0525102615356445, -0.30137789249420166, 0.0008358359336853027, -0.0162583589553833, -0.4745463728904724, 0.015463173389434814, 0.06062766909599304, 0.34952810406684875, -0.29324132204055786, -0.16900427639484406, 0.30000025033950806, 0.3000003397464752, 0.29999998211860657, 0.19999967515468597, 0.10000044107437134, 0.0, 0.8846303224563599, 0.8838893175125122, 0.8838386535644531, 0.8813060522079468, 0.7810985445976257, 0.0]","[-0.24483256042003632, 1.789994716644287, 0.8455178737640381, 2.031069278717041, -1.2950820922851562, 0.1012735366821289, -0.22986426949501038, 0.05266551673412323, -0.023434314876794815, -0.0007977867498993874, 1.5188156366348267, 0.29055070877075195, 0.006574183702468872, -0.07232995331287384]","[287.0, 0.30000030994415283, 0.2999999523162842, 0.19999957084655762, 0.10000038146972656, 885.0]","[0.8846303224563599, 0.8838893175125122, 0.8838386535644531, 0.8813060522079468, 426.0, 736.0]","[0.36868271231651306, 0.21281586587429047, -0.19897408783435822, 0.13911288976669312, -1.198830008506775, -0.0908883661031723, 0.28740569949150085, 0.34774625301361084, -0.4293108880519867, 0.2655104994773865, 0.2602134943008423, 0.4340686500072479, -0.09499895572662354, 0.10698317736387253, 0.30000001192092896, 0.29899999499320984, 0.29899999499320984, 0.19900000095367432, 1.0, 0.0, 0.8980000019073486, 0.8989999890327454, 0.8999999761581421, 0.8999999761581421, 0.8009999990463257, 0.0]","[0.24735702574253082, 0.2865605056285858, -0.14575673639774323, -0.054714053869247437, -1.1022804975509644, -0.21803990006446838, 0.12891247868537903, 0.2736210227012634, -0.42803335189819336, 0.3042966425418854, 0.23235781490802765, 0.4452287554740906, -0.16945780813694, 0.14082524180412292, 0.30000001192092896, 0.30000001192092896, 0.30000001192092896, 0.20000000298023224, 0.10000000149011612, 0.0, 0.8999999761581421, 0.8999999761581421, 0.8999999761581421, 0.8999999761581421, 0.800000011920929, 0.0]"
15,15,15,0.008407497000007425,0.07223338999938278,True,"[-0.25485652685165405, 1.7999826669692993, 0.8555538654327393, 2.041069269180298, -1.305082082748413, 0.11132147163152695, -0.23987625539302826, 0.0625816211104393, -0.012607404962182045, -0.010905644856393337, 1.5288035869598389, 0.2806226313114166, 0.016334498301148415, -0.06265352666378021]","[337.0, 2.0, 1.0, 4.0, 10.0, 935.0]","[0.0, 1.0, 0.0, 2.0, 442.0, 763.0]","[0.01099611446261406, 0.17068776488304138, 0.11413556337356567, 0.9492512941360474, -1.0465222597122192, -0.3071165680885315, 0.004257678985595703, 0.0024688243865966797, -0.4757387638092041, 0.0025003254413604736, 0.048498451709747314, 0.35807177424430847, -0.2940121293067932, -0.15722693502902985, 0.30000025033950806, 0.30000030994415283, 0.29999998211860657, 0.19999970495700836, 0.10000041872262955, 0.0, 0.8857158422470093, 0.8850573897361755, 0.8850149512290955, 0.8826602101325989, 0.7824651002883911, 0.0]","[-0.24485652148723602, 1.7899826765060425, 0.8455538749694824, 2.031069278717041, -1.2950820922851562, 0.10132147371768951, -0.22987625002861023, 0.05258162319660187, -0.022607404738664627, -0.0009056450799107552, 1.518803596496582, 0.29062262177467346, 0.0063344985246658325, -0.07265352457761765]","[287.0, 0.30000030994415283, 0.2999999523162842, 0.19999980926513672, 0.10000038146972656, 885.0]","[0.8857158422470093, 0.8850573897361755, 0.8850149512290955, 0.8826601505279541, 392.0, 713.0]","[0.3686946928501129, 0.21286380290985107, -0.19910591840744019, 0.13923272490501404, -1.19884192943573, -0.0908883661031723, 0.28740569949150085, 0.3476983308792114, -0.43169575929641724, 0.26569026708602905, 0.26020148396492004, 0.4339008629322052, -0.09499895572662354, 0.10699516534805298, 0.30000001192092896, 0.29899999499320984, 0.29899999499320984, 0.19900000095367432, 1.0, 0.0, 0.8980000019073486, 0.8989999890327454, 0.8999999761581421, 0.8999999761581421, 0.8009999990463257, 0.0]","[0.24637237191200256, 0.28585565090179443, -0.1454000324010849, -0.054658032953739166, -1.1008025407791138, -0.2161467969417572, 0.12908940017223358, 0.27248266339302063, -0.4279784858226776, 0.30493438243865967, 0.23247240483760834, 0.44536468386650085, -0.17082545161247253, 0.14122359454631805, 0.30000001192092896, 0.30000001192092896, 0.30000001192092896, 0.20000000298023224, 0.10000000149011612, 0.0, 0.8999999761581421, 0.8999999761581421, 0.8999999761581421, 0.8999999761581421, 0.800000011920929, 0.0]"
16,16,16,0.01192690700008825,0.09210593399984646,True,"[-0.25485652685165405, 1.7999707460403442, 0.8555538654327393, 2.0410573482513428, -1.3051060438156128, 0.1113574206829071, -0.2398882359266281, 0.06328869611024857, -0.012595420703291893, -0.010929613374173641, 1.5290313959121704, 0.28064659237861633, 0.016921725124120712, -0.06394782662391663]","[337.0, 2.0, 1.0, 4.0, 10.0, 935.0]","[4.0, 1.0, 0.0, 2.0, 423.0, 750.0]","[0.003435477614402771, 0.1672782003879547, 0.10929925739765167, 0.9475537538528442, -1.049149751663208, -0.30549001693725586, 0.007548034191131592, -0.025174856185913086, -0.48342064023017883, -0.0010648667812347412, 0.030331134796142578, 0.36316239833831787, -0.29556769132614136, -0.16840267181396484, 0.30000025033950806, 0.30000028014183044, 0.30000001192092896, 0.19999974966049194, 0.10000038892030716, 0.0, 0.8864933252334595, 0.8859051465988159, 0.8858777284622192, 0.8836444616317749, 0.7834601402282715, 0.0]","[-0.24485652148723602, 1.7899707555770874, 0.8455538749694824, 2.031057357788086, -1.295106053352356, 0.10135742276906967, -0.22988823056221008, 0.05328869819641113, -0.022595420479774475, -0.0010648667812347412, 1.5190314054489136, 0.29064658284187317, 0.00692172534763813, -0.07394782453775406]","[287.0, 0.30000030994415283, 0.30000001192092896, 0.19999980926513672, 0.10000038146972656, 885.0]","[0.8864932060241699, 0.8859051465988159, 0.8858777284622192, 0.8836444616317749, 373.0, 700.0]","[0.3686946928501129, 0.21287579834461212, -0.1995253711938858, 0.13923272490501404, -1.1988060474395752, -0.0908883661031723, 0.2874176800251007, 0.3476503789424896, -0.4324747323989868, 0.2660258412361145, 0.2601895034313202, 0.433804988861084, -0.09501093626022339, 0.10698317736387253, 0.30000001192092896, 0.29899999499320984, 0.29899999499320984, 0.19900000095367432, 1.0, 0.0, 0.8980000019073486, 0.8989999890327454, 0.8999999761581421, 0.8999999761581421, 0.8009999990463257, 0.0]","[0.24674375355243683, 0.2856728434562683, -0.145380899310112, -0.05598191171884537, -1.0989303588867188, -0.21495096385478973, 0.13138623535633087, 0.2723100483417511, -0.4281614422798157, 0.3055116534233093, 0.23066066205501556, 0.44632935523986816, -0.169511079788208, 0.13948003947734833, 0.30000001192092896, 0.30000001192092896, 0.30000001192092896, 0.20000000298023224, 0.10000000149011612, 0.0, 0.8999999761581421, 0.8999999761581421, 0.8999999761581421, 0.8999999761581421, 0.800000011920929, 0.0]"
17,17,17,0.007350855999902706,0.07490776099984942,True,"[-0.2548205852508545, 1.7999707460403442, 0.8555178642272949, 2.041093349456787, -1.3050581216812134, 0.11127353459596634, -0.2397923618555069, 0.06351639330387115, -0.012583436444401741, -0.010845723561942577, 1.5290193557739258, 0.2805746793746948, 0.018251974135637283, -0.06265352666378021]","[337.0, 2.0, 1.0, 4.0, 10.0, 935.0]","[18.0, 0.0, 0.0, 1.0, 404.0, 698.0]","[0.0031393878161907196, 0.17444422841072083, 0.10953487455844879, 0.9269087314605713, -1.047867774963379, -0.297207236289978, 0.009007662534713745, -0.003352552652359009, -0.47611021995544434, -0.00746685266494751, 0.04741200804710388, 0.37505632638931274, -0.2884693741798401, -0.16163286566734314, 0.30000025033950806, 0.3000003397464752, 0.2999999523162842, 0.19999967515468597, 0.10000047832727432, 0.0, 0.8890378475189209, 0.888225257396698, 0.888176441192627, 0.8863840699195862, 0.786145806312561, 0.0]","[-0.24482057988643646, 1.7899707555770874, 0.8455178737640381, 2.0310933589935303, -1.2950581312179565, 0.1012735366821289, -0.22979235649108887, 0.05351639539003372, -0.022583436220884323, -0.00746685266494751, 1.519019365310669, 0.29057466983795166, 0.008251974359154701, -0.07265352457761765]","[287.0, 0.30000030994415283, 0.2999999523162842, 0.19999957084655762, 0.10000038146972656, 885.0]","[0.8890380859375, 0.888225257396698, 0.888176441192627, 0.8863840699195862, 354.0, 648.0]","[0.36870667338371277, 0.21286380290985107, -0.19994480907917023, 0.13924472033977509, -1.1987221240997314, -0.09087637811899185, 0.2874176800251007, 0.3476863503456116, -0.4325226843357086, 0.2668287754058838, 0.2602134943008423, 0.4336491823196411, -0.09499895572662354, 0.10699516534805298, 0.30000001192092896, 0.29899999499320984, 0.29899999499320984, 0.19900000095367432, 1.0, 0.0, 0.8980000019073486, 0.8989999890327454, 0.8999999761581421, 0.8999999761581421, 0.8009999990463257, 0.0]","[0.24793070554733276, 0.2854789197444916, -0.1462482064962387, -0.056893087923526764, -1.098655104637146, -0.2151414304971695, 0.13273178040981293, 0.2728598713874817, -0.4277365803718567, 0.30680051445961, 0.22997498512268066, 0.4450470209121704, -0.16894324123859406, 0.13757272064685822, 0.30000001192092896, 0.30000001192092896, 0.30000001192092896, 0.20000000298023224, 0.10000000149011612, 0.0, 0.8999999761581421, 0.8999999761581421, 0.8999999761581421, 0.8999999761581421, 0.800000011920929, 0.0]"
18,18,18,0.012385584999719867,0.0879967979999492,True,"[-0.2548205852508545, 1.7999707460403442, 0.8555058836936951, 2.041081428527832, -1.3050581216812134, 0.11123757809400558, -0.23978038132190704, 0.06342051923274994, -0.012559467926621437, -0.010845723561942577, 1.5289714336395264, 0.2805507183074951, 0.01818007044494152, -0.06276138871908188]","[337.0, 2.0, 1.0, 4.0, 10.0, 935.0]","[0.0, 0.0, 0.0, 2.0, 394.0, 694.0]","[0.012779630720615387, 0.17118418216705322, 0.11871905624866486, 0.9408681392669678, -1.048688530921936, -0.30548977851867676, 0.004868656396865845, 0.009523123502731323, -0.47842156887054443, -0.0050010085105896, 0.035306334495544434, 0.3671130836009979, -0.2907572388648987, -0.14328639209270477, 0.30000025033950806, 0.30000030994415283, 0.29999998211860657, 0.19999970495700836, 0.10000041872262955, 0.0, 0.8862987160682678, 0.8856382966041565, 0.8855992555618286, 0.8833413124084473, 0.7831404209136963, 0.0]","[-0.24482057988643646, 1.7899707555770874, 0.8455058932304382, 2.031081438064575, -1.2950581312179565, 0.10123758018016815, -0.229780375957489, 0.053420521318912506, -0.02255946770310402, -0.0050010085105896, 1.5189714431762695, 0.29055070877075195, 0.008180070668458939, -0.07276138663291931]","[287.0, 0.30000030994415283, 0.2999999523162842, 0.19999980926513672, 0.10000038146972656, 885.0]","[0.8862987160682678, 0.8856382966041565, 0.8855992555618286, 0.8833413124084473, 344.0, 644.0]","[0.36868271231651306, 0.21287579834461212, -0.20049609243869781, 0.13920876383781433, -1.198686122894287, -0.0908883661031723, 0.2874176800251007, 0.3476623594760895, -0.4324986934661865, 0.2676796615123749, 0.2601895034313202, 0.4335533082485199, -0.09499895572662354, 0.10698317736387253, 0.30000001192092896, 0.29899999499320984, 0.29899999499320984, 0.19900000095367432, 1.0, 0.0, 0.8980000019073486, 0.8989999890327454, 0.8999999761581421, 0.8999999761581421, 0.8009999990463257, 0.0]","[0.2496410459280014, 0.2856175899505615, -0.14708510041236877, -0.05775830149650574, -1.0987924337387085, -0.21559378504753113, 0.13357216119766235, 0.27350687980651855, -0.42771536111831665, 0.30792292952537537, 0.22880946099758148, 0.4425937831401825, -0.16821904480457306, 0.13788965344429016, 0.30000001192092896, 0.30000001192092896, 0.30000001192092896, 0.20000000298023224, 0.10000000149011612, 0.0, 0.8999999761581421, 0.8999999761581421, 0.8999999761581421, 0.8999999761581421, 0.800000011920929, 0.0]"
19,19,19,0.009520138999505434,0.07865827300156525,True,"[-0.25483256578445435, 1.7999467849731445, 0.8555298447608948, 2.0410573482513428, -1.3051060438156128, 0.11129750311374664, -0.2398882359266281, 0.06346845626831055, -0.012547483667731285, -0.010881676338613033, 1.5290433168411255, 0.2805746793746948, 0.018755313009023666, -0.06330067664384842]","[337.0, 2.0, 1.0, 4.0, 10.0, 935.0]","[0.0, 1.0, 0.0, 2.0, 357.0, 687.0]","[0.003623615950345993, 0.17457716166973114, 0.10666230320930481, 0.916063129901886, -1.0524619817733765, -0.30047690868377686, -0.001200556755065918, -0.008422613143920898, -0.48507189750671387, -0.0005654692649841309, 0.029951512813568115, 0.35341233015060425, -0.29465699195861816, -0.16098955273628235, 0.30000028014183044, 0.30000030994415283, 0.29999998211860657, 0.19999970495700836, 0.10000044107437134, 0.0, 0.8842277526855469, 0.8835390210151672, 0.8834911584854126, 0.8808927536010742, 0.7806931138038635, 0.0]","[-0.24483256042003632, 1.7899467945098877, 0.8455298542976379, 2.031057357788086, -1.295106053352356, 0.10129750519990921, -0.22988823056221008, 0.053468458354473114, -0.022547483444213867, -0.0008816765621304512, 1.5190433263778687, 0.29057466983795166, 0.008755313232541084, -0.07330067455768585]","[287.0, 0.30000030994415283, 0.2999999523162842, 0.19999980926513672, 0.10000038146972656, 885.0]","[0.8842277526855469, 0.8835390210151672, 0.8834911584854126, 0.8808927536010742, 307.0, 637.0]","[0.36870667338371277, 0.21294769644737244, -0.2018742710351944, 0.13920876383781433, -1.1984584331512451, -0.09090034663677216, 0.2874176800251007, 0.3476863503456116, -0.4325226843357086, 0.2694173753261566, 0.26017752289772034, 0.4324507713317871, -0.09502292424440384, 0.10698317736387253, 0.30000001192092896, 0.29899999499320984, 0.29899999499320984, 0.19900000095367432, 1.0, 0.0, 0.8980000019073486, 0.8989999890327454, 0.8999999761581421, 0.8999999761581421, 0.8009999990463257, 0.0]","[0.2522291839122772, 0.28537362813949585, -0.1475476175546646, -0.05973705276846886, -1.0964072942733765, -0.21562545001506805, 0.13453291356563568, 0.27535003423690796, -0.42779844999313354, 0.30940353870391846, 0.22515060007572174, 0.43091464042663574, -0.16948916018009186, 0.1409388780593872, 0.30000001192092896, 0.30000001192092896, 0.30000001192092896, 0.20000000298023224, 0.10000000149011612, 0.0, 0.8999999761581421, 0.8999999761581421, 0.8999999761581421, 0.8999999761581421, 0.800000011920929, 0.0]"
20,20,20,0.008772199000304681,0.09823012100059714,True,"[-0.25485652685165405, 1.7999587059020996, 0.8555418848991394, 2.041081428527832, -1.3051180839538574, 0.11129750311374664, -0.2398882359266281, 0.06376805901527405, -0.012547483667731285, -0.010845723561942577, 1.5297863483428955, 0.2805746793746948, 0.020912472158670425, -0.0629051998257637]","[337.0, 2.0, 1.0, 4.0, 10.0, 935.0]","[0.0, 1.0, 0.0, 2.0, 302.0, 626.0]","[0.0023033507168293, 0.17108580470085144, 0.10806283354759216, 0.9220669269561768, -1.050658106803894, -0.3010371923446655, 0.00815349817276001, -0.01269116997718811, -0.48227518796920776, -0.006270378828048706, 0.024402767419815063, 0.3660176694393158, -0.29470139741897583, -0.17338114976882935, 0.30000025033950806, 0.30000030994415283, 0.29999998211860657, 0.19999970495700836, 0.10000045597553253, 0.0, 0.8855557441711426, 0.8848227858543396, 0.8847794532775879, 0.8824026584625244, 0.7821853160858154, 0.0]","[-0.24485652148723602, 1.7899587154388428, 0.8455418944358826, 2.031081438064575, -1.2951180934906006, 0.10129750519990921, -0.22988823056221008, 0.053768061101436615, -0.022547483444213867, -0.006270378828048706, 1.5197863578796387, 0.29057466983795166, 0.010912472382187843, -0.07290519773960114]","[287.0, 0.30000030994415283, 0.2999999523162842, 0.19999980926513672, 0.10000038146972656, 885.0]","[0.8855557441711426, 0.8848227858543396, 0.8847794532775879, 0.8824026584625244, 252.0, 576.0]","[0.3687186539173126, 0.2130076140165329, -0.2025453895330429, 0.13923272490501404, -1.1976076364517212, -0.0909123346209526, 0.2874176800251007, 0.34772229194641113, -0.43253466486930847, 0.2710232436656952, 0.26015356183052063, 0.43188750743865967, -0.09501093626022339, 0.10700714588165283, 0.30000001192092896, 0.29899999499320984, 0.29899999499320984, 0.19900000095367432, 1.0, 0.0, 0.8980000019073486, 0.8989999890327454, 0.8999999761581421, 0.8999999761581421, 0.8009999990463257, 0.0]","[0.25537216663360596, 0.2854381799697876, -0.14580973982810974, -0.0632423385977745, -1.0961565971374512, -0.21434271335601807, 0.13511966168880463, 0.2777915894985199, -0.4296104609966278, 0.3083878457546234, 0.22066162526607513, 0.4206000566482544, -0.17053291201591492, 0.14633610844612122, 0.30000001192092896, 0.30000001192092896, 0.30000001192092896, 0.20000000298023224, 0.10000000149011612, 0.0, 0.8999999761581421, 0.8999999761581421, 0.8999999761581421, 0.8999999761581421, 0.800000011920929, 0.0]"
21,21,21,0.0104746819997672,0.07218672999988485,True,"[-0.2547966241836548, 1.7999587059020996, 0.8555058836936951, 2.041093349456787, -1.3050581216812134, 0.11126154661178589, -0.23980434238910675, 0.06409163773059845, -0.012535499408841133, -0.010845723561942577, 1.5297743082046509, 0.28053873777389526, 0.02087652124464512, -0.06301305443048477]","[337.0, 2.0, 1.0, 4.0, 10.0, 935.0]","[0.0, 1.0, 0.0, 2.0, 299.0, 626.0]","[0.013573449105024338, 0.17006801068782806, 0.11999791860580444, 0.9296008348464966, -1.049606204032898, -0.3053205609321594, 0.016524016857147217, 0.02220064401626587, -0.4783228635787964, -0.015667974948883057, 0.01401558518409729, 0.3830244541168213, -0.2898394465446472, -0.14535562694072723, 0.30000025033950806, 0.30000030994415283, 0.29999998211860657, 0.19999970495700836, 0.10000044852495193, 0.0, 0.8850318193435669, 0.8843008875846863, 0.8842588663101196, 0.8817968368530273, 0.7815759181976318, 0.0]","[-0.24479661881923676, 1.7899587154388428, 0.8455058932304382, 2.0310933589935303, -1.2950581312179565, 0.10126154869794846, -0.22980433702468872, 0.05409163981676102, -0.022535499185323715, -0.015667974948883057, 1.519774317741394, 0.2905387282371521, 0.010876521468162537, -0.0730130523443222]","[287.0, 0.30000030994415283, 0.2999999523162842, 0.19999980926513672, 0.10000038146972656, 885.0]","[0.8850318193435669, 0.8843008875846863, 0.8842588663101196, 0.8817968368530273, 249.0, 576.0]","[0.368802547454834, 0.2130076140165329, -0.20321650803089142, 0.13922074437141418, -1.1953545808792114, -0.0908883661031723, 0.2874176800251007, 0.3476863503456116, -0.43253466486930847, 0.2726171612739563, 0.2601415812969208, 0.42914313077926636, -0.09501093626022339, 0.1074385792016983, 0.30000001192092896, 0.29899999499320984, 0.29899999499320984, 0.19900000095367432, 1.0, 0.0, 0.8980000019073486, 0.8989999890327454, 0.8999999761581421, 0.8999999761581421, 0.8009999990463257, 0.0]","[0.25542905926704407, 0.2870965301990509, -0.14516137540340424, -0.06493117660284042, -1.0961320400238037, -0.21327124536037445, 0.13717694580554962, 0.2770364582538605, -0.43209612369537354, 0.30878493189811707, 0.2168765813112259, 0.40761056542396545, -0.17177802324295044, 0.15143783390522003, 0.30000001192092896, 0.30000001192092896, 0.30000001192092896, 0.20000000298023224, 0.10000000149011612, 0.0, 0.8999999761581421, 0.8999999761581421, 0.8999999761581421, 0.8999999761581421, 0.800000011920929, 0.0]"
22,22,22,0.0164476720001403,0.09965260399985709,True,"[-0.2548205852508545, 1.7999587059020996, 0.8555178642272949, 2.041081428527832, -1.305082082748413, 0.11123757809400558, -0.2397923618555069, 0.06412758678197861, -0.012559467926621437, -0.010845723561942577, 1.5297503471374512, 0.28053873777389526, 0.02081659995019436, -0.06298908591270447]","[337.0, 2.0, 1.0, 4.0, 10.0, 935.0]","[0.0, 1.0, 0.0, 2.0, 299.0, 626.0]","[0.01002301275730133, 0.17247194051742554, 0.11393579840660095, 0.9173024892807007, -1.0522679090499878, -0.3026297986507416, 0.007693946361541748, 0.007309049367904663, -0.48245543241500854, -0.01355201005935669, 0.01257362961769104, 0.37877216935157776, -0.2898903489112854, -0.14370423555374146, 0.30000025033950806, 0.30000030994415283, 0.29999998211860657, 0.19999971985816956, 0.10000043362379074, 0.0, 0.8867425918579102, 0.8860682249069214, 0.8860325217247009, 0.883845329284668, 0.7836401462554932, 0.0]","[-0.24482057988643646, 1.7899587154388428, 0.8455178737640381, 2.031081438064575, -1.2950820922851562, 0.10123758018016815, -0.22979235649108887, 0.054127588868141174, -0.02255946770310402, -0.01355201005935669, 1.5197503566741943, 0.2905387282371521, 0.010816600173711777, -0.0729890838265419]","[287.0, 0.30000030994415283, 0.2999999523162842, 0.19999980926513672, 0.10000038146972656, 885.0]","[0.8867425918579102, 0.8860682249069214, 0.8860325217247009, 0.883845329284668, 249.0, 576.0]","[0.36881452798843384, 0.2130076140165329, -0.203623965382576, 0.13920876383781433, -1.19507896900177, -0.09090034663677216, 0.2874176800251007, 0.3476623594760895, -0.4325226843357086, 0.273012638092041, 0.26011762022972107, 0.4264107048511505, -0.09503490477800369, 0.10778611898422241, 0.30000001192092896, 0.29899999499320984, 0.29899999499320984, 0.19900000095367432, 1.0, 0.0, 0.8980000019073486, 0.8989999890327454, 0.8999999761581421, 0.8999999761581421, 0.8009999990463257, 0.0]","[0.2562963664531708, 0.287356436252594, -0.14446742832660675, -0.06444334238767624, -1.096207857131958, -0.2130190134048462, 0.13666509091854095, 0.27733102440834045, -0.43512162566185, 0.30909013748168945, 0.211900532245636, 0.401600182056427, -0.17250843346118927, 0.15673644840717316, 0.30000001192092896, 0.30000001192092896, 0.30000001192092896, 0.20000000298023224, 0.10000000149011612, 0.0, 0.8999999761581421, 0.8999999761581421, 0.8999999761581421, 0.8999999761581421, 0.800000011920929, 0.0]"
23,23,23,0.006597653000426362,0.0759194189995469,True,"[-0.2548205852508545, 1.7999707460403442, 0.8555178642272949, 2.041081428527832, -1.305082082748413, 0.11124956607818604, -0.2398402988910675, 0.06383996456861496, -0.012535499408841133, -0.010845723561942577, 1.5296305418014526, 0.2805267572402954, 0.02069675736129284, -0.06325273960828781]","[337.0, 2.0, 1.0, 4.0, 10.0, 935.0]","[6.0, 1.0, 0.0, 4.0, 299.0, 576.0]","[0.006259597837924957, 0.17080849409103394, 0.11768963932991028, 0.9275141954421997, -1.0520976781845093, -0.3060474991798401, 0.019621998071670532, 0.006580650806427002, -0.47917795181274414, -0.019048720598220825, 0.009719312191009521, 0.4012264311313629, -0.28680095076560974, -0.1427554339170456, 0.30000025033950806, 0.30000030994415283, 0.29999998211860657, 0.19999971985816956, 0.10000045597553253, 0.0, 0.8847072720527649, 0.8839871287345886, 0.883953869342804, 0.881432056427002, 0.7812070846557617, 0.0]","[-0.24482057988643646, 1.7899707555770874, 0.8455178737640381, 2.031081438064575, -1.2950820922851562, 0.1012495681643486, -0.22984029352664948, 0.05383996665477753, -0.022535499185323715, -0.019048720598220825, 1.5196305513381958, 0.29052674770355225, 0.010696757584810257, -0.07325273752212524]","[287.0, 0.30000030994415283, 0.2999999523162842, 0.19999980926513672, 0.10000038146972656, 885.0]","[0.8847074508666992, 0.8839871287345886, 0.883953869342804, 0.881432056427002, 249.0, 526.0]","[0.3688504695892334, 0.21299563348293304, -0.20409135520458221, 0.13920876383781433, -1.1948871612548828, -0.09090034663677216, 0.28740569949150085, 0.3475305438041687, -0.4329301416873932, 0.27345603704452515, 0.25997379422187805, 0.4170750081539154, -0.09501093626022339, 0.11009907722473145, 0.30000001192092896, 0.29899999499320984, 0.29899999499320984, 0.19900000095367432, 1.0, 0.0, 0.8980000019073486, 0.8989999890327454, 0.8999999761581421, 0.8999999761581421, 0.8009999990463257, 0.0]","[0.25643524527549744, 0.2886839210987091, -0.1433415561914444, -0.06583522260189056, -1.0969393253326416, -0.2113111913204193, 0.13865292072296143, 0.27664831280708313, -0.4410325288772583, 0.3104521632194519, 0.19979724287986755, 0.39532366394996643, -0.17866481840610504, 0.17146676778793335, 0.30000001192092896, 0.30000001192092896, 0.30000001192092896, 0.20000000298023224, 0.10000000149011612, 0.0, 0.8999999761581421, 0.8999999761581421, 0.8999999761581421, 0.8999999761581421, 0.800000011920929, 0.0]"
24,24,24,0.010791331998916576,0.09659907300010673,True,"[-0.25483256578445435, 1.7999707460403442, 0.8555178642272949, 2.041081428527832, -1.3051060438156128, 0.11127353459596634, -0.2398882359266281, 0.06393583863973618, -0.01251153089106083, -0.01085770782083273, 1.5297024250030518, 0.2805267572402954, 0.020864536985754967, -0.06326472759246826]","[337.0, 2.0, 1.0, 4.0, 10.0, 935.0]","[7.0, 1.0, 0.0, 2.0, 227.0, 556.0]","[0.006988447159528732, 0.16992849111557007, 0.12328042089939117, 0.9292726516723633, -1.0485806465148926, -0.30574408173561096, 0.02005302906036377, 0.0012196004390716553, -0.47985050082206726, -0.03091868758201599, -0.028492510318756104, 0.40987348556518555, -0.29058051109313965, -0.1449146717786789, 0.30000025033950806, 0.30000030994415283, 0.29999998211860657, 0.19999976456165314, 0.10000044107437134, 0.0, 0.8882029056549072, 0.8875167369842529, 0.8874964714050293, 0.8855522871017456, 0.7853238582611084, 0.0]","[-0.24483256042003632, 1.7899707555770874, 0.8455178737640381, 2.031081438064575, -1.295106053352356, 0.1012735366821289, -0.22988823056221008, 0.05393584072589874, -0.02251153066754341, -0.020857706665992737, 1.519702434539795, 0.29052674770355225, 0.010864537209272385, -0.0732647255063057]","[287.0, 0.30000030994415283, 0.2999999523162842, 0.19999980926513672, 0.10000038146972656, 885.0]","[0.8882026672363281, 0.8875167369842529, 0.8874964714050293, 0.8855522871017456, 177.0, 506.0]","[0.36893436312675476, 0.21299563348293304, -0.2042950838804245, 0.13922074437141418, -1.1945515871047974, -0.09087637811899185, 0.28742966055870056, 0.34744665026664734, -0.4355067312717438, 0.2739593982696533, 0.25939854979515076, 0.41224536299705505, -0.09503490477800369, 0.1173735037446022, 0.30000001192092896, 0.29899999499320984, 0.29899999499320984, 0.19900000095367432, 1.0, 0.0, 0.8980000019073486, 0.8989999890327454, 0.8999999761581421, 0.8999999761581421, 0.8009999990463257, 0.0]","[0.25474411249160767, 0.29137325286865234, -0.14343592524528503, -0.0692114382982254, -1.0993103981018066, -0.20886261761188507, 0.14271201193332672, 0.2730638384819031, -0.4477461576461792, 0.3140983283519745, 0.18444325029850006, 0.38699766993522644, -0.18378792703151703, 0.18100762367248535, 0.30000001192092896, 0.30000001192092896, 0.30000001192092896, 0.20000000298023224, 0.10000000149011612, 0.0, 0.8999999761581421, 0.8999999761581421, 0.8999999761581421, 0.8999999761581421, 0.800000011920929, 0.0]"
25,25,25,0.007848449000448454,0.07309064699984447,True,"[-0.25483256578445435, 1.7999707460403442, 0.8555178642272949, 2.041081428527832, -1.305082082748413, 0.11128551512956619, -0.23985227942466736, 0.06500244140625, -0.012583436444401741, -0.010845723561942577, 1.5306012630462646, 0.28053873777389526, 0.02118811011314392, -0.0635044127702713]","[337.0, 2.0, 1.0, 5.0, 10.0, 935.0]","[0.0, 1.0, 0.0, 2.0, 212.0, 542.0]","[0.007787644863128662, 0.17384180426597595, 0.1206241250038147, 0.9043269157409668, -1.056564211845398, -0.3015998601913452, 0.01889979839324951, 0.0140494704246521, -0.4782922863960266, -0.028712719678878784, -0.002911895513534546, 0.4101206362247467, -0.28570258617401123, -0.14382024109363556, 0.30000025033950806, 0.3000003397464752, 0.29999998211860657, 0.19999970495700836, 0.10000049322843552, 0.0, 0.8869917988777161, 0.8861953020095825, 0.8861565589904785, 0.8840172290802002, 0.7837764620780945, 0.0]","[-0.24483256042003632, 1.7899707555770874, 0.8455178737640381, 2.031081438064575, -1.2950820922851562, 0.10128551721572876, -0.22985227406024933, 0.05500244349241257, -0.022583436220884323, -0.020845722407102585, 1.5206012725830078, 0.2905387282371521, 0.011188110336661339, -0.07350441068410873]","[287.0, 0.30000030994415283, 0.2999999523162842, 0.19999980926513672, 0.10000038146972656, 885.0]","[0.8869917988777161, 0.8861953020095825, 0.8861565589904785, 0.8840172290802002, 162.0, 492.0]","[0.3689942955970764, 0.21304357051849365, -0.20433104038238525, 0.13920876383781433, -1.194503664970398, -0.0908883661031723, 0.28742966055870056, 0.3474107086658478, -0.43989297747612, 0.2748701870441437, 0.25692981481552124, 0.4092133641242981, -0.09503490477800369, 0.12826716899871826, 0.30000001192092896, 0.29899999499320984, 0.29899999499320984, 0.19900000095367432, 1.0, 0.0, 0.8980000019073486, 0.8989999890327454, 0.8999999761581421, 0.8999999761581421, 0.8009999990463257, 0.0]","[0.25306999683380127, 0.2938031256198883, -0.14466597139835358, -0.0710282251238823, -1.1016950607299805, -0.20783229172229767, 0.1453450620174408, 0.26878318190574646, -0.4530826210975647, 0.318289577960968, 0.17322060465812683, 0.3728616237640381, -0.19114838540554047, 0.1838170737028122, 0.30000001192092896, 0.30000001192092896, 0.30000001192092896, 0.20000000298023224, 0.10000000149011612, 0.0, 0.8999999761581421, 0.8999999761581421, 0.8999999761581421, 0.8999999761581421, 0.800000011920929, 0.0]"
26,26,26,0.01001416200051608,0.09319802800018806,True,"[-0.2547726333141327, 1.7999707460403442, 0.8555058836936951, 2.041081428527832, -1.3050581216812134, 0.11122559756040573, -0.23978038132190704, 0.06506235897541046, -0.012811136431992054, -0.010833739303052425, 1.530409574508667, 0.2805267572402954, 0.020744694396853447, -0.06277336925268173]","[337.0, 2.0, 1.0, 4.0, 10.0, 935.0]","[0.0, 1.0, 0.0, 2.0, 230.0, 527.0]","[0.005540154874324799, 0.17124977707862854, 0.12196469306945801, 0.9100161790847778, -1.059149980545044, -0.30464261770248413, 0.02380049228668213, 0.012809574604034424, -0.4777274429798126, -0.02803337574005127, -0.0052200257778167725, 0.40799564123153687, -0.2874358296394348, -0.14988532662391663, 0.30000025033950806, 0.3000003397464752, 0.29999998211860657, 0.19999967515468597, 0.10000050812959671, 0.0, 0.884908139705658, 0.8840499520301819, 0.8840090036392212, 0.8815268278121948, 0.7812689542770386, 0.0]","[-0.24477262794971466, 1.7899707555770874, 0.8455058932304382, 2.031081438064575, -1.2950581312179565, 0.1012255996465683, -0.229780375957489, 0.05506236106157303, -0.02281113713979721, -0.020833738148212433, 1.5204095840454102, 0.29052674770355225, 0.010744694620370865, -0.07277336716651917]","[287.0, 0.30000030994415283, 0.2999999523162842, 0.19999957084655762, 0.10000038146972656, 885.0]","[0.884908139705658, 0.8840499520301819, 0.8840090036392212, 0.8815268278121948, 180.0, 477.0]","[0.3689942955970764, 0.21304357051849365, -0.20437897741794586, 0.13920876383781433, -1.1945276260375977, -0.0908883661031723, 0.2874416410923004, 0.346907377243042, -0.44252949953079224, 0.2766318619251251, 0.2544251084327698, 0.40295758843421936, -0.09513077884912491, 0.13156282901763916, 0.30000001192092896, 0.29899999499320984, 0.29899999499320984, 0.19900000095367432, 1.0, 0.0, 0.8980000019073486, 0.8989999890327454, 0.8999999761581421, 0.8999999761581421, 0.8009999990463257, 0.0]","[0.2523694336414337, 0.29450875520706177, -0.14321045577526093, -0.06948627531528473, -1.1017658710479736, -0.20699599385261536, 0.14358405768871307, 0.26376593112945557, -0.46075716614723206, 0.3203946352005005, 0.15932263433933258, 0.3656252324581146, -0.19348782300949097, 0.18789009749889374, 0.30000001192092896, 0.30000001192092896, 0.30000001192092896, 0.20000000298023224, 0.10000000149011612, 0.0, 0.8999999761581421, 0.8999999761581421, 0.8999999761581421, 0.8999999761581421, 0.800000011920929, 0.0]"
27,27,27,0.006560439998793299,0.07518123600129911,True,"[-0.2548205852508545, 1.7999707460403442, 0.8555178642272949, 2.041081428527832, -1.3050581216812134, 0.11122559756040573, -0.2397923618555069, 0.06337258219718933, -0.012547483667731285, -0.010821755044162273, 1.5297983884811401, 0.28051474690437317, 0.020445087924599648, -0.06267749518156052]","[337.0, 2.0, 1.0, 5.0, 10.0, 935.0]","[3.0, 1.0, 0.0, 5.0, 202.0, 516.0]","[0.005943711847066879, 0.17185887694358826, 0.12529407441616058, 0.9050480127334595, -1.0549802780151367, -0.3060554265975952, 0.038427263498306274, 0.02468743920326233, -0.4650599956512451, -0.03611597418785095, 0.00995662808418274, 0.43068698048591614, -0.28041359782218933, -0.14827218651771545, 0.30000025033950806, 0.3000003695487976, 0.2999999523162842, 0.19999967515468597, 0.1000005304813385, 0.0, 0.8899402618408203, 0.8890201449394226, 0.8889830112457275, 0.88733971118927, 0.7870569229125977, 0.0]","[-0.24482057988643646, 1.7899707555770874, 0.8455178737640381, 2.031081438064575, -1.2950581312179565, 0.1012255996465683, -0.22979235649108887, 0.0533725842833519, -0.022547483444213867, -0.02082175388932228, 1.5197983980178833, 0.29051473736763, 0.010445088148117065, -0.07267749309539795]","[287.0, 0.3000004291534424, 0.2999999523162842, 0.19999980926513672, 0.10000038146972656, 885.0]","[0.8899402618408203, 0.8890201449394226, 0.8889830112457275, 0.8873395919799805, 152.0, 466.0]","[0.3689463436603546, 0.21306754648685455, -0.20451080799102783, 0.13916082680225372, -1.1945276260375977, -0.0908883661031723, 0.28742966055870056, 0.3439113199710846, -0.4624113440513611, 0.29003024101257324, 0.236496701836586, 0.3821290135383606, -0.09501093626022339, 0.13842979073524475, 0.30000001192092896, 0.29899999499320984, 0.29899999499320984, 0.19900000095367432, 1.0, 0.0, 0.8980000019073486, 0.8989999890327454, 0.8999999761581421, 0.8999999761581421, 0.8009999990463257, 0.0]","[0.24853846430778503, 0.29801735281944275, -0.14233694970607758, -0.07444348931312561, -1.1020479202270508, -0.2026599496603012, 0.149842768907547, 0.24956659972667694, -0.47641924023628235, 0.3257269859313965, 0.11613180488348007, 0.3664149343967438, -0.1900414526462555, 0.18980996310710907, 0.30000001192092896, 0.30000001192092896, 0.30000001192092896, 0.20000000298023224, 0.10000000149011612, 0.0, 0.8999999761581421, 0.8999999761581421, 0.8999999761581421, 0.8999999761581421, 0.800000011920929, 0.0]"
28,28,28,0.0071236650001083035,0.0844183190001786,True,"[-0.2548685073852539, 1.799994707107544, 0.8555658459663391, 2.0410573482513428, -1.3051180839538574, 0.11154916882514954, -0.24003204703330994, 0.06446314603090286, -0.012559467926621437, -0.010833739303052425, 1.5303256511688232, 0.2805267572402954, 0.021032314747571945, -0.06316885352134705]","[337.0, 2.0, 1.0, 4.0, 10.0, 935.0]","[3.0, 1.0, 0.0, 5.0, 164.0, 513.0]","[0.009772896766662598, 0.17014865577220917, 0.12589164078235626, 0.9119559526443481, -1.0555658340454102, -0.31162118911743164, 0.028062522411346436, 0.029810279607772827, -0.47647494077682495, -0.03356042504310608, -0.023657172918319702, 0.4236116111278534, -0.28590571880340576, -0.13497120141983032, 0.30000025033950806, 0.30000030994415283, 0.29999998211860657, 0.19999973475933075, 0.10000047832727432, 0.0, 0.8821324110031128, 0.8813738226890564, 0.8813455104827881, 0.8783970475196838, 0.7781538367271423, 0.0]","[-0.24486850202083588, 1.789994716644287, 0.8455658555030823, 2.031057357788086, -1.2951180934906006, 0.1015491709113121, -0.2300320416688919, 0.05446314811706543, -0.02255946770310402, -0.020833738148212433, 1.5203256607055664, 0.29052674770355225, 0.011032314971089363, -0.07316885143518448]","[287.0, 0.30000030994415283, 0.2999999523162842, 0.19999980926513672, 0.10000038146972656, 885.0]","[0.8821325302124023, 0.8813738226890564, 0.8813455104827881, 0.8783969879150391, 114.0, 463.0]","[0.36898231506347656, 0.21316342055797577, -0.20460668206214905, 0.13916082680225372, -1.1945276260375977, -0.09087637811899185, 0.28742966055870056, 0.3443547189235687, -0.4803517162799835, 0.2989345192909241, 0.2132832556962967, 0.37340450286865234, -0.09503490477800369, 0.14695057272911072, 0.30000001192092896, 0.29899999499320984, 0.29899999499320984, 0.19900000095367432, 1.0, 0.0, 0.8980000019073486, 0.8989999890327454, 0.8999999761581421, 0.8999999761581421, 0.8009999990463257, 0.0]","[0.2450847178697586, 0.30282846093177795, -0.14240482449531555, -0.08087607473134995, -1.1039408445358276, -0.19864723086357117, 0.15725891292095184, 0.23377540707588196, -0.49168074131011963, 0.3279549777507782, 0.0708700567483902, 0.3722994923591614, -0.1852293461561203, 0.18778236210346222, 0.30000001192092896, 0.30000001192092896, 0.30000001192092896, 0.20000000298023224, 0.10000000149011612, 0.0, 0.8999999761581421, 0.8999999761581421, 0.8999999761581421, 0.8999999761581421, 0.800000011920929, 0.0]"
29,29,29,0.004450417000043672,0.08047289699970861,True,"[-0.25485652685165405, 1.7999707460403442, 0.8555538654327393, 2.0410454273223877, -1.3051060438156128, 0.11146527528762817, -0.24000808596611023, 0.06548180431127548, -0.012535499408841133, -0.010833739303052425, 1.5307570695877075, 0.2805027663707733, 0.021200094372034073, -0.0631568655371666]","[337.0, 1.0, 1.0, 4.0, 10.0, 935.0]","[3.0, 0.0, 0.0, 5.0, 155.0, 511.0]","[0.0040572211146354675, 0.16853220760822296, 0.12010021507740021, 0.9149178266525269, -1.0606420040130615, -0.30924177169799805, 0.03301107883453369, 0.019334107637405396, -0.47469502687454224, -0.03226423263549805, 0.009609699249267578, 0.43340134620666504, -0.2812148928642273, -0.14246483147144318, 0.30000025033950806, 0.3000003397464752, 0.29999998211860657, 0.19999969005584717, 0.10000051558017731, 0.0, 0.8823762536048889, 0.8815051317214966, 0.8814715147018433, 0.8785616755485535, 0.7782979011535645, 0.0]","[-0.24485652148723602, 1.7899707555770874, 0.8455538749694824, 2.031045436859131, -1.295106053352356, 0.10146527737379074, -0.2300080806016922, 0.05548180639743805, -0.022535499185323715, -0.020833738148212433, 1.5207570791244507, 0.29050275683403015, 0.01120009459555149, -0.07315686345100403]","[287.0, 0.30000030994415283, 0.2999999523162842, 0.19999980926513672, 0.10000038146972656, 885.0]","[0.8823761940002441, 0.8815051317214966, 0.8814715147018433, 0.8785614967346191, 105.0, 461.0]","[0.36893436312675476, 0.2140023112297058, -0.2046186625957489, 0.13911288976669312, -1.1945276260375977, -0.0908404290676117, 0.28745362162590027, 0.3435637652873993, -0.4897952973842621, 0.30056437849998474, 0.19178356230258942, 0.3733445703983307, -0.09462743997573853, 0.15447665750980377, 0.30000001192092896, 0.29899999499320984, 0.29899999499320984, 0.19900000095367432, 1.0, 0.0, 0.8980000019073486, 0.8989999890327454, 0.8999999761581421, 0.8999999761581421, 0.8009999990463257, 0.0]","[0.24290435016155243, 0.30435675382614136, -0.14265860617160797, -0.08382982015609741, -1.1042401790618896, -0.19627657532691956, 0.1614980697631836, 0.2244250327348709, -0.5010159611701965, 0.3277832865715027, 0.03903043270111084, 0.3731313943862915, -0.18858012557029724, 0.18825401365756989, 0.30000001192092896, 0.30000001192092896, 0.30000001192092896, 0.20000000298023224, 0.10000000149011612, 0.0, 0.8999999761581421, 0.8999999761581421, 0.8999999761581421, 0.8999999761581421, 0.800000011920929, 0.0]"
30,30,30,0.006209628001670353,0.09322513900042395,True,"[-0.2547966241836548, 1.799994707107544, 0.8554939031600952, 2.041081428527832, -1.3050581216812134, 0.11108178645372391, -0.23966053128242493, 0.06493053585290909, -0.01251153089106083, -0.010809770785272121, 1.5302537679672241, 0.2805267572402954, 0.02058889903128147, -0.06256964057683945]","[337.0, 2.0, 1.0, 4.0, 10.0, 935.0]","[2.0, 1.0, 0.0, 5.0, 171.0, 492.0]","[0.0035255923867225647, 0.1709861010313034, 0.12189598381519318, 0.9039627313613892, -1.0563158988952637, -0.30692946910858154, 0.03315901756286621, 0.019415587186813354, -0.4746878743171692, -0.041053205728530884, -0.009151935577392578, 0.4463271498680115, -0.28161555528640747, -0.14660368859767914, 0.30000025033950806, 0.3000003397464752, 0.29999998211860657, 0.19999969005584717, 0.1000005304813385, 0.0, 0.8805684447288513, 0.8796696066856384, 0.8796343803405762, 0.8764266967773438, 0.7761542797088623, 0.0]","[-0.24479661881923676, 1.789994716644287, 0.8454939126968384, 2.031081438064575, -1.2950581312179565, 0.10108178853988647, -0.2296605259180069, 0.054930537939071655, -0.02251153066754341, -0.02080976963043213, 1.5202537775039673, 0.29052674770355225, 0.01058889925479889, -0.07256963849067688]","[287.0, 0.30000030994415283, 0.2999999523162842, 0.19999980926513672, 0.10000038146972656, 885.0]","[0.8805685043334961, 0.8796696066856384, 0.8796343803405762, 0.8764266967773438, 121.0, 442.0]","[0.3689703345298767, 0.21408620476722717, -0.2048943042755127, 0.13913685083389282, -1.1945276260375977, -0.09076852351427078, 0.2875494956970215, 0.34339597821235657, -0.5053628087043762, 0.30275747179985046, 0.15113306045532227, 0.37338051199913025, -0.09449561685323715, 0.15544737875461578, 0.30000001192092896, 0.29899999499320984, 0.29899999499320984, 0.19900000095367432, 1.0, 0.0, 0.8980000019073486, 0.8989999890327454, 0.8999999761581421, 0.8999999761581421, 0.8009999990463257, 0.0]","[0.24011269211769104, 0.3047749400138855, -0.14241288602352142, -0.084497831761837, -1.1037813425064087, -0.19422706961631775, 0.16382768750190735, 0.21507519483566284, -0.5113738179206848, 0.3253043591976166, 0.007636566646397114, 0.3817562162876129, -0.19003239274024963, 0.1891138106584549, 0.30000001192092896, 0.30000001192092896, 0.30000001192092896, 0.20000000298023224, 0.10000000149011612, 0.0, 0.8999999761581421, 0.8999999761581421, 0.8999999761581421, 0.8999999761581421, 0.800000011920929, 0.0]"
31,31,31,0.010759329999928013,0.07070891500006837,True,"[-0.2548205852508545, 1.7999826669692993, 0.8555178642272949, 2.041081428527832, -1.305082082748413, 0.11115369200706482, -0.23978038132190704, 0.06412758678197861, -0.01251153089106083, -0.010821755044162273, 1.5300140380859375, 0.28053873777389526, 0.02052897773683071, -0.06273742020130157]","[337.0, 2.0, 1.0, 4.0, 10.0, 935.0]","[3.0, 1.0, 0.0, 5.0, 70.0, 494.0]","[0.0039310455322265625, 0.17099963128566742, 0.12588368356227875, 0.8909013271331787, -1.0644947290420532, -0.3089039921760559, 0.04325371980667114, 0.03780278563499451, -0.46559178829193115, -0.04843747615814209, 0.002346247434616089, 0.4617014229297638, -0.2742946743965149, -0.14939793944358826, 0.30000022053718567, 0.30000039935112, 0.2999999523162842, 0.1999996304512024, 0.10000059753656387, 0.0, 0.8804059028625488, 0.8793240785598755, 0.8792746663093567, 0.8760471343994141, 0.7757378816604614, 0.0]","[-0.24482057988643646, 1.7899826765060425, 0.8455178737640381, 2.031081438064575, -1.2950820922851562, 0.10115369409322739, -0.229780375957489, 0.054127588868141174, -0.02251153066754341, -0.02082175388932228, 1.5200140476226807, 0.2905387282371521, 0.01052897796034813, -0.07273741811513901]","[287.0, 0.3000004291534424, 0.2999999523162842, 0.19999957084655762, 0.10000038146972656, 885.0]","[0.8804059028625488, 0.8793240785598755, 0.8792746663093567, 0.8760471343994141, 20.0, 444.0]","[0.3689223825931549, 0.21411016583442688, -0.2049901783466339, 0.1390409767627716, -1.1945276260375977, -0.09079249203205109, 0.28753751516342163, 0.3417421579360962, -0.5186532735824585, 0.3025777041912079, 0.10701913386583328, 0.3737400472164154, -0.09460347145795822, 0.15547135472297668, 0.30000001192092896, 0.29899999499320984, 0.29899999499320984, 0.19900000095367432, 1.0, 0.0, 0.8980000019073486, 0.8989999890327454, 0.8999999761581421, 0.8999999761581421, 0.8009999990463257, 0.0]","[0.2375427633523941, 0.30498409271240234, -0.14159269630908966, -0.08433442562818527, -1.1027891635894775, -0.19239671528339386, 0.16622653603553772, 0.20364326238632202, -0.5254572629928589, 0.3143369257450104, -0.029083028435707092, 0.3961579501628876, -0.18862232565879822, 0.19832491874694824, 0.30000001192092896, 0.30000001192092896, 0.30000001192092896, 0.20000000298023224, 0.10000000149011612, 0.0, 0.8999999761581421, 0.8999999761581421, 0.8999999761581421, 0.8999999761581421, 0.800000011920929, 0.0]"
32,32,32,0.009584696999809239,0.08137145200089435,True,"[-0.25485652685165405, 1.7999707460403442, 0.8555538654327393, 2.0410454273223877, -1.3051420450210571, 0.11145329475402832, -0.23997212946414948, 0.0646788626909256, -0.01251153089106083, -0.010821755044162273, 1.5306971073150635, 0.28053873777389526, 0.021403826773166656, -0.06303702294826508]","[337.0, 2.0, 1.0, 4.0, 10.0, 935.0]","[3.0, 1.0, 0.0, 5.0, 67.0, 496.0]","[0.0034172050654888153, 0.170047327876091, 0.12781472504138947, 0.9106331467628479, -1.051547646522522, -0.31087905168533325, 0.044881731271743774, 0.013794958591461182, -0.4743407964706421, -0.04871287941932678, -0.0342843234539032, 0.4515688419342041, -0.28315460681915283, -0.14967432618141174, 0.30000025033950806, 0.30000030994415283, 0.29999998211860657, 0.19999976456165314, 0.10000048577785492, 0.0, 0.8877256512641907, 0.8869534134864807, 0.8869401216506958, 0.8849151730537415, 0.7846559286117554, 0.0]","[-0.24485652148723602, 1.7899707555770874, 0.8455538749694824, 2.031045436859131, -1.2951420545578003, 0.10145329684019089, -0.22997212409973145, 0.054678864777088165, -0.02251153066754341, -0.02082175388932228, 1.5206971168518066, 0.2905387282371521, 0.011403826996684074, -0.07303702086210251]","[287.0, 0.30000030994415283, 0.2999999523162842, 0.19999980926513672, 0.10000038146972656, 885.0]","[0.8877255916595459, 0.8869534134864807, 0.8869401216506958, 0.8849153518676758, 17.0, 446.0]","[0.3689223825931549, 0.21461351215839386, -0.20497818291187286, 0.13905297219753265, -1.1945276260375977, -0.09079249203205109, 0.2875974476337433, 0.3349471092224121, -0.5279290676116943, 0.3017508089542389, 0.07088669389486313, 0.37453100085258484, -0.09461545944213867, 0.15702930092811584, 0.30000001192092896, 0.29899999499320984, 0.29899999499320984, 0.19900000095367432, 1.0, 0.0, 0.8980000019073486, 0.8989999890327454, 0.8999999761581421, 0.8999999761581421, 0.8009999990463257, 0.0]","[0.23487502336502075, 0.3046906292438507, -0.1425829827785492, -0.08724818378686905, -1.100848913192749, -0.19072943925857544, 0.1714242696762085, 0.1907428801059723, -0.5392971038818359, 0.3018544912338257, -0.06826136261224747, 0.42730429768562317, -0.18920041620731354, 0.21040387451648712, 0.30000001192092896, 0.30000001192092896, 0.30000001192092896, 0.20000000298023224, 0.10000000149011612, 0.0, 0.8999999761581421, 0.8999999761581421, 0.8999999761581421, 0.8999999761581421, 0.800000011920929, 0.0]"
33,33,33,0.009171548999802326,0.07688833300016995,True,"[-0.25483256578445435, 1.7999707460403442, 0.8555178642272949, 2.0410335063934326, -1.3051060438156128, 0.11136940866708755, -0.23993617296218872, 0.0644271969795227, -0.01251153089106083, -0.010821755044162273, 1.530289649963379, 0.28053873777389526, 0.020780647173523903, -0.06259360909461975]","[337.0, 2.0, 1.0, 4.0, 10.0, 935.0]","[2.0, 1.0, 0.0, 5.0, 101.0, 501.0]","[0.003200933337211609, 0.17274105548858643, 0.12124037742614746, 0.9000669121742249, -1.0536669492721558, -0.3073647618293762, 0.04346427321434021, 0.027675330638885498, -0.47666293382644653, -0.04467654228210449, -0.012832224369049072, 0.4581347107887268, -0.28205448389053345, -0.14069825410842896, 0.30000025033950806, 0.3000003397464752, 0.29999998211860657, 0.19999970495700836, 0.10000051558017731, 0.0, 0.8821659088134766, 0.8813176155090332, 0.8812930583953857, 0.8783411383628845, 0.7780778408050537, 0.0]","[-0.24483256042003632, 1.7899707555770874, 0.8455178737640381, 2.031033515930176, -1.295106053352356, 0.10136941075325012, -0.2299361675977707, 0.05442719906568527, -0.02251153066754341, -0.02082175388932228, 1.520289659500122, 0.2905387282371521, 0.01078064739704132, -0.07259360700845718]","[287.0, 0.30000030994415283, 0.2999999523162842, 0.19999980926513672, 0.10000038146972656, 885.0]","[0.8821659088134766, 0.8813176155090332, 0.8812930583953857, 0.8783411979675293, 51.0, 451.0]","[0.36888644099235535, 0.21467342972755432, -0.20513398945331573, 0.1390409767627716, -1.1945396661758423, -0.09073256701231003, 0.2876933217048645, 0.3235620856285095, -0.5405844449996948, 0.3014032542705536, 0.03627625107765198, 0.3754657804965973, -0.09435180574655533, 0.16371649503707886, 0.30000001192092896, 0.29899999499320984, 0.29899999499320984, 0.19900000095367432, 1.0, 0.0, 0.8980000019073486, 0.8989999890327454, 0.8999999761581421, 0.8999999761581421, 0.8009999990463257, 0.0]","[0.23355719447135925, 0.30475500226020813, -0.14249210059642792, -0.0896063894033432, -1.1001214981079102, -0.18838155269622803, 0.17508754134178162, 0.1836235374212265, -0.5473169684410095, 0.29303979873657227, -0.09515056014060974, 0.44298285245895386, -0.19790011644363403, 0.21704962849617004, 0.30000001192092896, 0.30000001192092896, 0.30000001192092896, 0.20000000298023224, 0.10000000149011612, 0.0, 0.8999999761581421, 0.8999999761581421, 0.8999999761581421, 0.8999999761581421, 0.800000011920929, 0.0]"
34,34,34,0.01053666099869588,0.08281098899897188,True,"[-0.2547966241836548, 1.7999467849731445, 0.8555058836936951, 2.041081428527832, -1.3050581216812134, 0.11127353459596634, -0.23978038132190704, 0.06343250721693039, -0.0121879568323493, -0.010821755044162273, 1.52945077419281, 0.28051474690437317, 0.020241355523467064, -0.0626055896282196]","[337.0, 2.0, 1.0, 4.0, 10.0, 935.0]","[2.0, 1.0, 0.0, 6.0, 35.0, 492.0]","[0.004603918641805649, 0.1707761436700821, 0.12573741376399994, 0.9017505645751953, -1.0559107065200806, -0.30850356817245483, 0.051445603370666504, 0.036430299282073975, -0.4705698788166046, -0.0503840446472168, -0.0015539824962615967, 0.46633395552635193, -0.27604636549949646, -0.1449546068906784, 0.30000025033950806, 0.3000003695487976, 0.29999998211860657, 0.19999969005584717, 0.10000055283308029, 0.0, 0.8815415501594543, 0.8805849552154541, 0.8805503249168396, 0.8774999976158142, 0.7772175669670105, 0.0]","[-0.24479661881923676, 1.7899467945098877, 0.8455058932304382, 2.031081438064575, -1.2950581312179565, 0.1012735366821289, -0.229780375957489, 0.05343250930309296, -0.022187955677509308, -0.02082175388932228, 1.5194507837295532, 0.29051473736763, 0.010241355746984482, -0.07260558754205704]","[287.0, 0.3000004291534424, 0.2999999523162842, 0.19999980926513672, 0.10000038146972656, 885.0]","[0.8815414905548096, 0.8805849552154541, 0.8805503249168396, 0.877500057220459, 0.7772178649902344, 442.0]","[0.3688265085220337, 0.21468541026115417, -0.20612867176532745, 0.13900503516197205, -1.194443702697754, -0.09072058647871017, 0.2876933217048645, 0.31363916397094727, -0.5538989305496216, 0.2979997396469116, 0.0008868326549418271, 0.38041526079177856, -0.094507597386837, 0.17238110303878784, 0.30000001192092896, 0.29899999499320984, 0.29899999499320984, 0.19900000095367432, 1.0, 0.0, 0.8980000019073486, 0.8989999890327454, 0.8999999761581421, 0.8999999761581421, 0.8009999990463257, 0.0]","[0.23221546411514282, 0.3038790822029114, -0.14082063734531403, -0.08907045423984528, -1.1000398397445679, -0.18591274321079254, 0.17592453956604004, 0.17443270981311798, -0.5545076727867126, 0.28049957752227783, -0.12022583931684494, 0.46416234970092773, -0.20043040812015533, 0.22787050902843475, 0.30000001192092896, 0.30000001192092896, 0.30000001192092896, 0.20000000298023224, 0.10000000149011612, 0.0, 0.8999999761581421, 0.8999999761581421, 0.8999999761581421, 0.8999999761581421, 0.800000011920929, 0.0]"
35,35,35,0.010814909999680822,0.08760003200040956,True,"[-0.25483256578445435, 1.799994707107544, 0.8555538654327393, 2.041081428527832, -1.3051180839538574, 0.11134544014930725, -0.239912211894989, 0.06441520899534225, -0.0121879568323493, -0.01079778652638197, 1.5300021171569824, 0.28051474690437317, 0.0207566786557436, -0.06264154613018036]","[337.0, 2.0, 1.0, 4.0, 10.0, 935.0]","[3.0, 1.0, 0.0, 8.0, 0.0, 489.0]","[0.0032635964453220367, 0.17488203942775726, 0.1236996203660965, 0.8687807321548462, -1.05802321434021, -0.30835407972335815, 0.04597499966621399, 0.04092946648597717, -0.46821221709251404, -0.06147170066833496, -0.016188889741897583, 0.47850102186203003, -0.2773565351963043, -0.1493348330259323, 0.30000025033950806, 0.3000003397464752, 0.29999998211860657, 0.19999970495700836, 0.10000055283308029, 0.0, 0.8783951997756958, 0.8774628639221191, 0.8774343132972717, 0.8738599419593811, 0.7735737562179565, 0.0]","[-0.24483256042003632, 1.789994716644287, 0.8455538749694824, 2.031081438064575, -1.2951180934906006, 0.10134544223546982, -0.22991220653057098, 0.05441521108150482, -0.022187955677509308, -0.020797785371541977, 1.5200021266937256, 0.29051473736763, 0.010756678879261017, -0.07264154404401779]","[287.0, 0.30000030994415283, 0.2999999523162842, 0.19999980926513672, 0.10000038146972656, 885.0]","[0.8783950805664062, 0.8774628639221191, 0.8774343132972717, 0.8738598823547363, 0.7735737562179565, 439.0]","[0.36886247992515564, 0.2150808870792389, -0.2061166912317276, 0.13905297219753265, -1.194048285484314, -0.09073256701231003, 0.2879449725151062, 0.30063626170158386, -0.5606340169906616, 0.28846031427383423, -0.037714358419179916, 0.39861929416656494, -0.09577792882919312, 0.18337063491344452, 0.30000001192092896, 0.29899999499320984, 0.29899999499320984, 0.19900000095367432, 1.0, 0.0, 0.8980000019073486, 0.8989999890327454, 0.8999999761581421, 0.8999999761581421, 0.8009999990463257, 0.0]","[0.22944939136505127, 0.30220919847488403, -0.1405228227376938, -0.08330253511667252, -1.097985863685608, -0.18670348823070526, 0.17602486908435822, 0.16295260190963745, -0.5609265565872192, 0.2630552351474762, -0.1559779942035675, 0.4870436191558838, -0.21158896386623383, 0.23751318454742432, 0.30000001192092896, 0.30000001192092896, 0.30000001192092896, 0.20000000298023224, 0.10000000149011612, 0.0, 0.8999999761581421, 0.8999999761581421, 0.8999999761581421, 0.8999999761581421, 0.800000011920929, 0.0]"
36,36,36,0.007412598000883008,0.07926713800043217,True,"[-0.2548205852508545, 1.800006628036499, 0.8555178642272949, 2.0410454273223877, -1.305082082748413, 0.11132147163152695, -0.23985227942466736, 0.06403171271085739, -0.011420967057347298, -0.010809770785272121, 1.529834270477295, 0.2805027663707733, 0.02058889903128147, -0.06264154613018036]","[337.0, 2.0, 1.0, 4.0, 10.0, 935.0]","[3.0, 1.0, 0.0, 8.0, 45.0, 494.0]","[-0.0022716857492923737, 0.17525671422481537, 0.11515386402606964, 0.8619875907897949, -1.067816138267517, -0.30442702770233154, 0.04590266942977905, 0.03858840465545654, -0.47237008810043335, -0.048969775438308716, 0.015205621719360352, 0.47325342893600464, -0.27498137950897217, -0.15256090462207794, 0.30000025033950806, 0.30000039935112, 0.2999999523162842, 0.1999996304512024, 0.10000061243772507, 0.0, 0.8717445731163025, 0.8706691265106201, 0.8706200122833252, 0.8659421801567078, 0.7656422257423401, 0.0]","[-0.24482057988643646, 1.7900066375732422, 0.8455178737640381, 2.031045436859131, -1.2950820922851562, 0.10132147371768951, -0.22985227406024933, 0.05403171479701996, -0.02142096683382988, -0.02080976963043213, 1.519834280014038, 0.29050275683403015, 0.01058889925479889, -0.07264154404401779]","[287.0, 0.3000004291534424, 0.2999999523162842, 0.19999957084655762, 0.10000038146972656, 885.0]","[0.8717446327209473, 0.8706691265106201, 0.8706200122833252, 0.8659420013427734, 0.7656440734863281, 444.0]","[0.3688744604587555, 0.2154044657945633, -0.20612867176532745, 0.1390649527311325, -1.1939404010772705, -0.09069661796092987, 0.28802886605262756, 0.29237914085388184, -0.5624077320098877, 0.28488901257514954, -0.05372528359293938, 0.4049709439277649, -0.09608951956033707, 0.18780478835105896, 0.30000001192092896, 0.29899999499320984, 0.29899999499320984, 0.19900000095367432, 1.0, 0.0, 0.8980000019073486, 0.8989999890327454, 0.8999999761581421, 0.8999999761581421, 0.8009999990463257, 0.0]","[0.2282264083623886, 0.3019157946109772, -0.13986501097679138, -0.08193427324295044, -1.097455620765686, -0.1863139569759369, 0.17638307809829712, 0.15965938568115234, -0.5630112886428833, 0.25798970460891724, -0.16667988896369934, 0.4934913218021393, -0.22426776587963104, 0.23837363719940186, 0.30000001192092896, 0.30000001192092896, 0.30000001192092896, 0.20000000298023224, 0.10000000149011612, 0.0, 0.8999999761581421, 0.8999999761581421, 0.8999999761581421, 0.8999999761581421, 0.800000011920929, 0.0]"
37,37,37,0.00643083300019498,0.0775197319999279,True,"[-0.2548205852508545, 1.7999826669692993, 0.8555418848991394, 2.041069269180298, -1.305082082748413, 0.11132147163152695, -0.23985227942466736, 0.0641036182641983, -0.011277155950665474, -0.010785802267491817, 1.5298702716827393, 0.28051474690437317, 0.02058889903128147, -0.06262955814599991]","[337.0, 2.0, 1.0, 5.0, 10.0, 935.0]","[3.0, 1.0, 0.0, 8.0, 0.0, 491.0]","[-0.004537474364042282, 0.18155625462532043, 0.11160959303379059, 0.8391239047050476, -1.05728280544281, -0.2997140884399414, 0.045448869466781616, 0.030517131090164185, -0.47414281964302063, -0.05364927649497986, -0.00899919867515564, 0.4697490632534027, -0.28538042306900024, -0.1656143069267273, 0.30000025033950806, 0.30000039935112, 0.2999999523162842, 0.1999996453523636, 0.10000060498714447, 0.0, 0.8768642544746399, 0.8758199214935303, 0.8757763504981995, 0.8719457387924194, 0.771652102470398, 0.0]","[-0.24482057988643646, 1.7899826765060425, 0.8455418944358826, 2.031069278717041, -1.2950820922851562, 0.10132147371768951, -0.22985227406024933, 0.05410362035036087, -0.021277155727148056, -0.020785801112651825, 1.5198702812194824, 0.29051473736763, 0.01058889925479889, -0.07262955605983734]","[287.0, 0.3000004291534424, 0.2999999523162842, 0.19999980926513672, 0.10000038146972656, 885.0]","[0.8768641948699951, 0.8758199214935303, 0.8757763504981995, 0.871945858001709, 0.771652102470398, 441.0]","[0.3687666058540344, 0.21563217043876648, -0.20618858933448792, 0.1390409767627716, -1.1935689449310303, -0.09068462997674942, 0.2880648076534271, 0.2781059443950653, -0.5639656782150269, 0.27735093235969543, -0.08462061733007431, 0.4234865605831146, -0.09785120189189911, 0.19748805463314056, 0.30000001192092896, 0.29899999499320984, 0.29899999499320984, 0.19900000095367432, 1.0, 0.0, 0.8980000019073486, 0.8989999890327454, 0.8999999761581421, 0.8999999761581421, 0.8009999990463257, 0.0]","[0.22714726626873016, 0.30093997716903687, -0.13759970664978027, -0.08127183467149734, -1.097434163093567, -0.18337172269821167, 0.17686735093593597, 0.15254922211170197, -0.564424991607666, 0.24523738026618958, -0.1853889524936676, 0.5104750394821167, -0.2303231656551361, 0.24177849292755127, 0.30000001192092896, 0.30000001192092896, 0.30000001192092896, 0.20000000298023224, 0.10000000149011612, 0.0, 0.8999999761581421, 0.8999999761581421, 0.8999999761581421, 0.8999999761581421, 0.800000011920929, 0.0]"
38,38,38,0.012676037000346696,0.09104140700037533,True,"[-0.2548205852508545, 1.7999707460403442, 0.8555298447608948, 2.0410573482513428, -1.3051060438156128, 0.1113574206829071, -0.2398642748594284, 0.06411560624837875, -0.011361045762896538, -0.01079778652638197, 1.5298223495483398, 0.2805267572402954, 0.020612867549061775, -0.06262955814599991]","[337.0, 2.0, 1.0, 4.0, 10.0, 935.0]","[2.0, 1.0, 0.0, 8.0, 0.0, 496.0]","[-0.006184946745634079, 0.18011455237865448, 0.10637195408344269, 0.8428983092308044, -1.0612432956695557, -0.3029552102088928, 0.0508841872215271, 0.02900838851928711, -0.4680599272251129, -0.05225053429603577, 0.020890384912490845, 0.4811193346977234, -0.27797815203666687, -0.1657387614250183, 0.30000025033950806, 0.30000039935112, 0.2999999523162842, 0.1999996453523636, 0.10000059753656387, 0.0, 0.874738335609436, 0.8736818432807922, 0.8736394643783569, 0.8694545030593872, 0.7691576480865479, 0.0]","[-0.24482057988643646, 1.7899707555770874, 0.8455298542976379, 2.031057357788086, -1.295106053352356, 0.10135742276906967, -0.22986426949501038, 0.05411560833454132, -0.02136104553937912, -0.020797785371541977, 1.519822359085083, 0.29052674770355225, 0.010612867772579193, -0.07262955605983734]","[287.0, 0.3000004291534424, 0.2999999523162842, 0.19999957084655762, 0.10000038146972656, 885.0]","[0.874738335609436, 0.8736818432807922, 0.8736394643783569, 0.8694543838500977, 0.7691576480865479, 446.0]","[0.3687785863876343, 0.21566811203956604, -0.2061406522989273, 0.13900503516197205, -1.1927180290222168, -0.09069661796092987, 0.2880648076534271, 0.27095136046409607, -0.5636061429977417, 0.2697888910770416, -0.11247195303440094, 0.4381432831287384, -0.10402307659387589, 0.20091553032398224, 0.30000001192092896, 0.29899999499320984, 0.29899999499320984, 0.19900000095367432, 1.0, 0.0, 0.8980000019073486, 0.8989999890327454, 0.8999999761581421, 0.8999999761581421, 0.8009999990463257, 0.0]","[0.22485393285751343, 0.298979789018631, -0.13206128776073456, -0.07822123914957047, -1.0980162620544434, -0.1764623522758484, 0.17682954668998718, 0.14234134554862976, -0.5677737593650818, 0.22256246209144592, -0.21032394468784332, 0.5347662568092346, -0.24441160261631012, 0.24538418650627136, 0.30000001192092896, 0.30000001192092896, 0.30000001192092896, 0.20000000298023224, 0.10000000149011612, 0.0, 0.8999999761581421, 0.8999999761581421, 0.8999999761581421, 0.8999999761581421, 0.800000011920929, 0.0]"
39,39,39,0.006611202999920351,0.07459662199835293,True,"[-0.2548205852508545, 1.7999707460403442, 0.8555298447608948, 2.0410573482513428, -1.305082082748413, 0.11132147163152695, -0.2398642748594284, 0.06411560624837875, -0.011349061504006386, -0.010785802267491817, 1.5298463106155396, 0.28051474690437317, 0.02058889903128147, -0.06262955814599991]","[337.0, 2.0, 1.0, 4.0, 10.0, 935.0]","[2.0, 0.0, 0.0, 8.0, 7.0, 495.0]","[-0.014797016978263855, 0.18191146850585938, 0.11160933971405029, 0.8537529110908508, -1.0520236492156982, -0.3019169270992279, 0.05592221021652222, 0.02024555206298828, -0.47005850076675415, -0.05742466449737549, -0.005564838647842407, 0.49320149421691895, -0.2785557508468628, -0.17096039652824402, 0.30000022053718567, 0.30000039935112, 0.2999999523162842, 0.19999966025352478, 0.10000061243772507, 0.0, 0.8749053478240967, 0.8738486766815186, 0.8738195896148682, 0.8696632385253906, 0.7693451046943665, 0.0]","[-0.24482057988643646, 1.7899707555770874, 0.8455298542976379, 2.031057357788086, -1.2950820922851562, 0.10132147371768951, -0.22986426949501038, 0.05411560833454132, -0.021349061280488968, -0.020785801112651825, 1.5198463201522827, 0.29051473736763, 0.01058889925479889, -0.07262955605983734]","[287.0, 0.3000004291534424, 0.2999999523162842, 0.19999957084655762, 0.10000038146972656, 885.0]","[0.8749053478240967, 0.8738486766815186, 0.8738195896148682, 0.8696632385253906, 0.7693452835083008, 445.0]","[0.368802547454834, 0.21617145836353302, -0.20546954870224, 0.13907693326473236, -1.1925742626190186, -0.0902412161231041, 0.28823259472846985, 0.2630537450313568, -0.563438355922699, 0.2587634027004242, -0.14035925269126892, 0.4511941075325012, -0.10868494212627411, 0.20822592079639435, 0.30000001192092896, 0.29899999499320984, 0.29899999499320984, 0.19900000095367432, 1.0, 0.0, 0.8980000019073486, 0.8989999890327454, 0.8999999761581421, 0.8999999761581421, 0.8009999990463257, 0.0]","[0.2220872938632965, 0.29599806666374207, -0.12804341316223145, -0.07188238948583603, -1.0963863134384155, -0.17326486110687256, 0.17540772259235382, 0.13556906580924988, -0.5656095147132874, 0.206601083278656, -0.22471129894256592, 0.5452398061752319, -0.26228269934654236, 0.24550557136535645, 0.30000001192092896, 0.30000001192092896, 0.30000001192092896, 0.20000000298023224, 0.10000000149011612, 0.0, 0.8999999761581421, 0.8999999761581421, 0.8999999761581421, 0.8999999761581421, 0.800000011920929, 0.0]"
40,40,40,0.006806833000155166,0.09722599999986414,True,"[-0.25483256578445435, 1.7999707460403442, 0.8555298447608948, 2.0410573482513428, -1.3051060438156128, 0.1113334521651268, -0.23987625539302826, 0.06409163773059845, -0.01137303002178669, -0.010785802267491817, 1.5298582315444946, 0.2805267572402954, 0.02058889903128147, -0.06262955814599991]","[337.0, 2.0, 1.0, 4.0, 10.0, 935.0]","[2.0, 1.0, 0.0, 8.0, 0.0, 495.0]","[-0.014017816632986069, 0.18218795955181122, 0.10629668831825256, 0.8429207801818848, -1.0506550073623657, -0.30658090114593506, 0.06239321827888489, 0.025405287742614746, -0.46930405497550964, -0.05381596088409424, -0.006055325269699097, 0.48464393615722656, -0.28104645013809204, -0.18115095794200897, 0.30000022053718567, 0.3000003695487976, 0.2999999523162842, 0.19999969005584717, 0.10000059008598328, 0.0, 0.8758872747421265, 0.8748689293861389, 0.8748406171798706, 0.8708483576774597, 0.7705401182174683, 0.0]","[-0.24483256042003632, 1.7899707555770874, 0.8455298542976379, 2.031057357788086, -1.295106053352356, 0.10133345425128937, -0.22987625002861023, 0.05409163981676102, -0.021373029798269272, -0.020785801112651825, 1.5198582410812378, 0.29052674770355225, 0.01058889925479889, -0.07262955605983734]","[287.0, 0.3000004291534424, 0.2999999523162842, 0.19999980926513672, 0.10000038146972656, 885.0]","[0.8758872747421265, 0.8748689293861389, 0.8748406171798706, 0.8708481788635254, 0.7705401182174683, 445.0]","[0.36879056692123413, 0.21619541943073273, -0.20417524874210358, 0.13910090923309326, -1.1924303770065308, -0.08806008845567703, 0.2884722948074341, 0.2513810992240906, -0.5632825493812561, 0.24416659772396088, -0.16129568219184875, 0.4728615880012512, -0.12389291822910309, 0.21994648873806, 0.30000001192092896, 0.29899999499320984, 0.29899999499320984, 0.19900000095367432, 1.0, 0.0, 0.8980000019073486, 0.8989999890327454, 0.8999999761581421, 0.8999999761581421, 0.8009999990463257, 0.0]","[0.22282305359840393, 0.29306870698928833, -0.12003851681947708, -0.07226594537496567, -1.0953898429870605, -0.16436026990413666, 0.1750577688217163, 0.1321675330400467, -0.5630221962928772, 0.1805824488401413, -0.2527225613594055, 0.5533004999160767, -0.27601954340934753, 0.23577843606472015, 0.30000001192092896, 0.30000001192092896, 0.30000001192092896, 0.20000000298023224, 0.10000000149011612, 0.0, 0.8999999761581421, 0.8999999761581421, 0.8999999761581421, 0.8999999761581421, 0.800000011920929, 0.0]"
41,41,41,0.007162609001170495,0.0648059020004439,True,"[-0.2548205852508545, 1.7999707460403442, 0.8555298447608948, 2.0410454273223877, -1.3050941228866577, 0.11132147163152695, -0.23987625539302826, 0.06409163773059845, -0.011361045762896538, -0.010785802267491817, 1.529834270477295, 0.2805267572402954, 0.02058889903128147, -0.06259360909461975]","[337.0, 2.0, 1.0, 5.0, 10.0, 935.0]","[2.0, 0.0, 0.0, 8.0, 0.0, 495.0]","[0.004055481404066086, 0.17448018491268158, 0.12256084382534027, 0.860725462436676, -1.0565235614776611, -0.3119870722293854, 0.06285429000854492, 0.057179272174835205, -0.4669806957244873, -0.0671047568321228, 0.0082625150680542, 0.49670106172561646, -0.2675224840641022, -0.15613633394241333, 0.30000025033950806, 0.3000003695487976, 0.2999999523162842, 0.19999970495700836, 0.10000055283308029, 0.0, 0.8725160360336304, 0.8715711236000061, 0.8715463280677795, 0.8669865131378174, 0.766703188419342, 0.0]","[-0.24482057988643646, 1.7899707555770874, 0.8455298542976379, 2.031045436859131, -1.2950941324234009, 0.10132147371768951, -0.22987625002861023, 0.057179272174835205, -0.02136104553937912, -0.020785801112651825, 1.519834280014038, 0.29052674770355225, 0.01058889925479889, -0.07259360700845718]","[287.0, 0.3000004291534424, 0.2999999523162842, 0.19999980926513672, 0.10000038146972656, 885.0]","[0.8725160360336304, 0.8715711236000061, 0.8715463280677795, 0.8669862747192383, 0.766703188419342, 445.0]","[0.36874261498451233, 0.21619541943073273, -0.20315659046173096, 0.13908891379833221, -1.192046880722046, -0.08677777647972107, 0.28846031427383423, 0.2467791587114334, -0.5632585883140564, 0.23943284153938293, -0.16751550137996674, 0.4760853350162506, -0.1282072365283966, 0.22035394608974457, 0.30000001192092896, 0.29899999499320984, 0.29899999499320984, 0.19900000095367432, 1.0, 0.0, 0.8980000019073486, 0.8989999890327454, 0.8999999761581421, 0.8999999761581421, 0.8009999990463257, 0.0]","[0.22382791340351105, 0.2923801839351654, -0.11785844713449478, -0.07309707999229431, -1.095289945602417, -0.16199250519275665, 0.17508772015571594, 0.1322133094072342, -0.5617595911026001, 0.1745285540819168, -0.25863081216812134, 0.5530502200126648, -0.2800059914588928, 0.2319107949733734, 0.30000001192092896, 0.30000001192092896, 0.30000001192092896, 0.20000000298023224, 0.10000000149011612, 0.0, 0.8999999761581421, 0.8999999761581421, 0.8999999761581421, 0.8999999761581421, 0.800000011920929, 0.0]"
42,42,42,0.007256041000800906,0.0844291820012586,True,"[-0.2548205852508545, 1.799994707107544, 0.8555298447608948, 2.0410454273223877, -1.305082082748413, 0.1113334521651268, -0.2398642748594284, 0.06411560624837875, -0.011361045762896538, -0.010785802267491817, 1.529834270477295, 0.2805267572402954, 0.020552946254611015, -0.06262955814599991]","[337.0, 2.0, 1.0, 4.0, 10.0, 935.0]","[2.0, 1.0, 0.0, 8.0, 0.0, 495.0]","[0.0002538822591304779, 0.17982247471809387, 0.11819171905517578, 0.8342339992523193, -1.0562328100204468, -0.30518433451652527, 0.06565183401107788, 0.05730929970741272, -0.45898938179016113, -0.06653058528900146, 0.02035430073738098, 0.5014196038246155, -0.26643651723861694, -0.1628303825855255, 0.30000022053718567, 0.30000039935112, 0.2999999225139618, 0.19999966025352478, 0.10000060498714447, 0.0, 0.8798606395721436, 0.8787639141082764, 0.8787297010421753, 0.8753975033760071, 0.7750781774520874, 0.0]","[-0.24482057988643646, 1.789994716644287, 0.8455298542976379, 2.031045436859131, -1.2950820922851562, 0.10133345425128937, -0.22986426949501038, 0.05730929970741272, -0.02136104553937912, -0.020785801112651825, 1.519834280014038, 0.29052674770355225, 0.010552946478128433, -0.07262955605983734]","[287.0, 0.3000004291534424, 0.2999999523162842, 0.19999957084655762, 0.10000038146972656, 885.0]","[0.8798606395721436, 0.8787639141082764, 0.8787297010421753, 0.8753976821899414, 0.7750781774520874, 445.0]","[0.3682512640953064, 0.21611154079437256, -0.2016226053237915, 0.13900503516197205, -1.1916154623031616, -0.08318250626325607, 0.288448303937912, 0.24414263665676117, -0.5621200799942017, 0.22428476810455322, -0.1829991191625595, 0.483599454164505, -0.1366441398859024, 0.2210969775915146, 0.30000001192092896, 0.29899999499320984, 0.29899999499320984, 0.19900000095367432, 1.0, 0.0, 0.8980000019073486, 0.8989999890327454, 0.8999999761581421, 0.8999999761581421, 0.8009999990463257, 0.0]","[0.22600314021110535, 0.2897275388240814, -0.11303184181451797, -0.0714099258184433, -1.0935957431793213, -0.15884867310523987, 0.17204643785953522, 0.1321992725133896, -0.5590304136276245, 0.15875551104545593, -0.2718571126461029, 0.5486587882041931, -0.29110613465309143, 0.22129926085472107, 0.30000001192092896, 0.30000001192092896, 0.30000001192092896, 0.20000000298023224, 0.10000000149011612, 0.0, 0.8999999761581421, 0.8999999761581421, 0.8999999761581421, 0.8999999761581421, 0.800000011920929, 0.0]"
43,43,43,0.006859229000838241,0.07415527800003474,True,"[-0.2548205852508545, 1.799994707107544, 0.8555298447608948, 2.041069269180298, -1.3051060438156128, 0.11132147163152695, -0.2398642748594284, 0.0641036182641983, -0.011349061504006386, -0.010809770785272121, 1.5298463106155396, 0.2805267572402954, 0.020600883290171623, -0.06261757761240005]","[337.0, 2.0, 1.0, 4.0, 10.0, 935.0]","[3.0, 1.0, 0.0, 8.0, 0.0, 495.0]","[-0.018751217052340508, 0.18540474772453308, 0.10186740756034851, 0.8343919515609741, -1.0532268285751343, -0.29992830753326416, 0.06596815586090088, 0.01757436990737915, -0.46780702471733093, -0.058084726333618164, 0.022402852773666382, 0.5078737735748291, -0.2749389111995697, -0.1861090511083603, 0.30000025033950806, 0.30000039935112, 0.2999999523162842, 0.19999966025352478, 0.10000062733888626, 0.0, 0.8730154037475586, 0.8719325065612793, 0.8719033598899841, 0.8674191832542419, 0.7671115398406982, 0.0]","[-0.24482057988643646, 1.789994716644287, 0.8455298542976379, 2.031069278717041, -1.295106053352356, 0.10132147371768951, -0.22986426949501038, 0.05410362035036087, -0.021349061280488968, -0.02080976963043213, 1.5198463201522827, 0.29052674770355225, 0.010600883513689041, -0.07261757552623749]","[287.0, 0.3000004291534424, 0.2999999523162842, 0.19999957084655762, 0.10000038146972656, 885.0]","[0.8730154037475586, 0.8719325065612793, 0.8719033598899841, 0.8674192428588867, 0.7671115398406982, 445.0]","[0.36826324462890625, 0.21590779721736908, -0.19688883423805237, 0.1390409767627716, -1.1895781755447388, -0.07512910664081573, 0.28846031427383423, 0.24362730979919434, -0.5606819987297058, 0.20681177079677582, -0.19477961957454681, 0.48381516337394714, -0.14729811251163483, 0.2208452969789505, 0.30000001192092896, 0.29899999499320984, 0.29899999499320984, 0.19900000095367432, 1.0, 0.0, 0.8980000019073486, 0.8989999890327454, 0.8999999761581421, 0.8999999761581421, 0.8009999990463257, 0.0]","[0.2294059842824936, 0.2872258424758911, -0.10938026010990143, -0.07216264307498932, -1.0915638208389282, -0.15679948031902313, 0.17071503400802612, 0.13496020436286926, -0.5559458136558533, 0.14348173141479492, -0.28536397218704224, 0.5454563498497009, -0.29344460368156433, 0.21232707798480988, 0.30000001192092896, 0.30000001192092896, 0.30000001192092896, 0.20000000298023224, 0.10000000149011612, 0.0, 0.8999999761581421, 0.8999999761581421, 0.8999999761581421, 0.8999999761581421, 0.800000011920929, 0.0]"
44,44,44,0.010195028999078204,0.09529746799853456,True,"[-0.25483256578445435, 1.7999707460403442, 0.8555298447608948, 2.041069269180298, -1.3051060438156128, 0.11134544014930725, -0.23987625539302826, 0.0641036182641983, -0.011349061504006386, -0.01079778652638197, 1.5298582315444946, 0.2805267572402954, 0.02058889903128147, -0.06261757761240005]","[337.0, 2.0, 1.0, 4.0, 10.0, 935.0]","[2.0, 1.0, 0.0, 8.0, 0.0, 495.0]","[-0.0200787540525198, 0.18666566908359528, 0.10279546678066254, 0.8239665031433105, -1.055711269378662, -0.3053107261657715, 0.08151733875274658, 0.019513428211212158, -0.4557534456253052, -0.05460232496261597, 0.047289252281188965, 0.511336624622345, -0.2599543631076813, -0.18565267324447632, 0.30000022053718567, 0.3000003695487976, 0.2999999225139618, 0.19999967515468597, 0.10000060498714447, 0.0, 0.8794025778770447, 0.8783469200134277, 0.8783291578292847, 0.8749074339866638, 0.7745879292488098, 0.0]","[-0.24483256042003632, 1.7899707555770874, 0.8455298542976379, 2.031069278717041, -1.295106053352356, 0.10134544223546982, -0.22987625002861023, 0.05410362035036087, -0.021349061280488968, -0.020797785371541977, 1.5198582410812378, 0.29052674770355225, 0.01058889925479889, -0.07261757552623749]","[287.0, 0.3000004291534424, 0.2999999523162842, 0.19999957084655762, 0.10000038146972656, 885.0]","[0.8794026374816895, 0.8783469200134277, 0.8783291578292847, 0.8749074935913086, 0.7745879292488098, 445.0]","[0.36835911870002747, 0.21566811203956604, -0.1891949623823166, 0.13902899622917175, -1.1864622831344604, -0.06608101725578308, 0.288448303937912, 0.2437831163406372, -0.5604302883148193, 0.18588732182979584, -0.20847758650779724, 0.48374325037002563, -0.15456055104732513, 0.22065354883670807, 0.30000001192092896, 0.29899999499320984, 0.29899999499320984, 0.19900000095367432, 1.0, 0.0, 0.8980000019073486, 0.8989999890327454, 0.8999999761581421, 0.8999999761581421, 0.8009999990463257, 0.0]","[0.23320825397968292, 0.28539103269577026, -0.10237674415111542, -0.07695821672677994, -1.0915874242782593, -0.15035560727119446, 0.1710509955883026, 0.1400640606880188, -0.5517220497131348, 0.121794693171978, -0.29990601539611816, 0.5362876057624817, -0.29944348335266113, 0.19255337119102478, 0.30000001192092896, 0.30000001192092896, 0.30000001192092896, 0.20000000298023224, 0.10000000149011612, 0.0, 0.8999999761581421, 0.8999999761581421, 0.8999999761581421, 0.8999999761581421, 0.800000011920929, 0.0]"
45,45,45,0.009836699000516091,0.07876723900153593,True,"[-0.25483256578445435, 1.7999587059020996, 0.8555178642272949, 2.041069269180298, -1.3051060438156128, 0.1113334521651268, -0.23987625539302826, 0.06411560624837875, -0.011349061504006386, -0.01079778652638197, 1.5298463106155396, 0.28051474690437317, 0.020564930513501167, -0.06259360909461975]","[337.0, 2.0, 1.0, 4.0, 10.0, 935.0]","[3.0, 1.0, 0.0, 8.0, 0.0, 495.0]","[-0.016629738733172417, 0.18722887337207794, 0.10380621254444122, 0.8151689767837524, -1.0550496578216553, -0.3054482340812683, 0.07039651274681091, 0.036447674036026, -0.4601168632507324, -0.061931490898132324, 0.04051277041435242, 0.5122994184494019, -0.2692788541316986, -0.1883140206336975, 0.30000022053718567, 0.3000003695487976, 0.2999999523162842, 0.19999969005584717, 0.10000059008598328, 0.0, 0.8756657838821411, 0.8746461868286133, 0.8746221661567688, 0.8705841302871704, 0.7702810168266296, 0.0]","[-0.24483256042003632, 1.7899587154388428, 0.8455178737640381, 2.031069278717041, -1.295106053352356, 0.10133345425128937, -0.22987625002861023, 0.05411560833454132, -0.021349061280488968, -0.020797785371541977, 1.5198463201522827, 0.29051473736763, 0.010564930737018585, -0.07259360700845718]","[287.0, 0.3000004291534424, 0.2999999523162842, 0.19999980926513672, 0.10000038146972656, 885.0]","[0.8756656646728516, 0.8746461868286133, 0.8746221661567688, 0.8705840110778809, 0.7702810168266296, 445.0]","[0.3683711290359497, 0.21546438336372375, -0.18226808309555054, 0.13900503516197205, -1.1852997541427612, -0.05989715829491615, 0.288448303937912, 0.24389097094535828, -0.5575301051139832, 0.16449548304080963, -0.22005434334278107, 0.4833837151527405, -0.16357268393039703, 0.21825671195983887, 0.30000001192092896, 0.29899999499320984, 0.29899999499320984, 0.19900000095367432, 1.0, 0.0, 0.8980000019073486, 0.8989999890327454, 0.8999999761581421, 0.8999999761581421, 0.8009999990463257, 0.0]","[0.23750269412994385, 0.2842710614204407, -0.09574860334396362, -0.0815010517835617, -1.0909806489944458, -0.14526885747909546, 0.17092667520046234, 0.14685764908790588, -0.5480362176895142, 0.10522222518920898, -0.3091367483139038, 0.5255296230316162, -0.3103882670402527, 0.17699098587036133, 0.30000001192092896, 0.30000001192092896, 0.30000001192092896, 0.20000000298023224, 0.10000000149011612, 0.0, 0.8999999761581421, 0.8999999761581421, 0.8999999761581421, 0.8999999761581421, 0.800000011920929, 0.0]"
46,46,46,0.007333771000048728,0.08514347300115332,True,"[-0.25483256578445435, 1.7999467849731445, 0.8555178642272949, 2.0410573482513428, -1.3051180839538574, 0.1113334521651268, -0.23987625539302826, 0.0641036182641983, -0.011349061504006386, -0.01079778652638197, 1.5298463106155396, 0.28051474690437317, 0.020564930513501167, -0.0626055896282196]","[337.0, 2.0, 1.0, 5.0, 10.0, 935.0]","[2.0, 1.0, 0.0, 8.0, 0.0, 495.0]","[-0.01950889080762863, 0.18601270020008087, 0.10006169974803925, 0.8216315507888794, -1.0561614036560059, -0.30576637387275696, 0.08144789934158325, 0.03149726986885071, -0.4576433300971985, -0.051494747400283813, 0.06247982382774353, 0.5173442363739014, -0.255921870470047, -0.18619894981384277, 0.30000022053718567, 0.3000004291534424, 0.2999999225139618, 0.1999996155500412, 0.10000064224004745, 0.0, 0.8749905824661255, 0.8738192319869995, 0.8737891316413879, 0.8696320056915283, 0.7693050503730774, 0.0]","[-0.24483256042003632, 1.7899467945098877, 0.8455178737640381, 2.031057357788086, -1.2951180934906006, 0.10133345425128937, -0.22987625002861023, 0.05410362035036087, -0.021349061280488968, -0.020797785371541977, 1.5198463201522827, 0.29051473736763, 0.010564930737018585, -0.07260558754205704]","[287.0, 0.3000004291534424, 0.2999999523162842, 0.19999980926513672, 0.10000038146972656, 885.0]","[0.8749905824661255, 0.8738192319869995, 0.8737891316413879, 0.8696317672729492, 0.7693050503730774, 445.0]","[0.36838310956954956, 0.21554827690124512, -0.17855297029018402, 0.1390409767627716, -1.1850001811981201, -0.054312508553266525, 0.28846031427383423, 0.24390295147895813, -0.5540666580200195, 0.14741794764995575, -0.2271370142698288, 0.4833238124847412, -0.17150624096393585, 0.21082648634910583, 0.30000001192092896, 0.29899999499320984, 0.29899999499320984, 0.19900000095367432, 1.0, 0.0, 0.8980000019073486, 0.8989999890327454, 0.8999999761581421, 0.8999999761581421, 0.8009999990463257, 0.0]","[0.24090833961963654, 0.2829367518424988, -0.09157738834619522, -0.08407565951347351, -1.090039610862732, -0.1433749794960022, 0.17066185176372528, 0.1532699167728424, -0.544643759727478, 0.09049042314291, -0.3179476261138916, 0.5181829929351807, -0.32492005825042725, 0.1593417525291443, 0.30000001192092896, 0.30000001192092896, 0.30000001192092896, 0.20000000298023224, 0.10000000149011612, 0.0, 0.8999999761581421, 0.8999999761581421, 0.8999999761581421, 0.8999999761581421, 0.800000011920929, 0.0]"
47,47,47,0.007200932999694487,0.07917485200050578,True,"[-0.2548205852508545, 1.799994707107544, 0.8555298447608948, 2.0410573482513428, -1.3051060438156128, 0.1113334521651268, -0.2398642748594284, 0.06411560624837875, -0.011349061504006386, -0.010809770785272121, 1.5298463106155396, 0.28051474690437317, 0.02058889903128147, -0.06259360909461975]","[337.0, 2.0, 1.0, 4.0, 10.0, 935.0]","[3.0, 1.0, 0.0, 8.0, 0.0, 495.0]","[-0.02184174209833145, 0.18418437242507935, 0.09529241919517517, 0.8097336888313293, -1.0548893213272095, -0.308698832988739, 0.07214400172233582, 0.0305844247341156, -0.46025893092155457, -0.04915359616279602, 0.04612526297569275, 0.5125611424446106, -0.2657007575035095, -0.1970313936471939, 0.30000022053718567, 0.3000003695487976, 0.2999999523162842, 0.19999967515468597, 0.10000060498714447, 0.0, 0.866641640663147, 0.8655810356140137, 0.8655536770820618, 0.8600108623504639, 0.7597088813781738, 0.0]","[-0.24482057988643646, 1.789994716644287, 0.8455298542976379, 2.031057357788086, -1.295106053352356, 0.10133345425128937, -0.22986426949501038, 0.05411560833454132, -0.021349061280488968, -0.02080976963043213, 1.5198463201522827, 0.29051473736763, 0.01058889925479889, -0.07259360700845718]","[287.0, 0.3000004291534424, 0.2999999523162842, 0.19999957084655762, 0.10000038146972656, 885.0]","[0.8666415214538574, 0.8655810356140137, 0.8655536770820618, 0.860011100769043, 0.7597088813781738, 445.0]","[0.36844301223754883, 0.2154763638973236, -0.1777859777212143, 0.13902899622917175, -1.1839455366134644, -0.050645336508750916, 0.2884722948074341, 0.24392692744731903, -0.5511904954910278, 0.126960888504982, -0.22772425413131714, 0.48316800594329834, -0.18681010603904724, 0.19896210730075836, 0.30000001192092896, 0.29899999499320984, 0.29899999499320984, 0.19900000095367432, 1.0, 0.0, 0.8980000019073486, 0.8989999890327454, 0.8999999761581421, 0.8999999761581421, 0.8009999990463257, 0.0]","[0.24555429816246033, 0.2800007164478302, -0.08262990415096283, -0.09052975475788116, -1.0877110958099365, -0.13769052922725677, 0.17321494221687317, 0.16317707300186157, -0.5356988310813904, 0.06246507912874222, -0.3360622525215149, 0.5137578845024109, -0.33383506536483765, 0.14426660537719727, 0.30000001192092896, 0.30000001192092896, 0.30000001192092896, 0.20000000298023224, 0.10000000149011612, 0.0, 0.8999999761581421, 0.8999999761581421, 0.8999999761581421, 0.8999999761581421, 0.800000011920929, 0.0]"
48,48,48,0.012869187999967835,0.0944965910002793,True,"[-0.25483256578445435, 1.7999826669692993, 0.8555298447608948, 2.0410573482513428, -1.3051180839538574, 0.11132147163152695, -0.23987625539302826, 0.0641036182641983, -0.011349061504006386, -0.01079778652638197, 1.529834270477295, 0.28051474690437317, 0.020564930513501167, -0.06259360909461975]","[337.0, 2.0, 1.0, 4.0, 10.0, 935.0]","[3.0, 1.0, 0.0, 8.0, 0.0, 495.0]","[-0.026555078104138374, 0.18673284351825714, 0.09151662886142731, 0.8169609308242798, -1.0523895025253296, -0.306709349155426, 0.07664170861244202, 0.020058870315551758, -0.45956072211265564, -0.047518521547317505, 0.05602002143859863, 0.5213474631309509, -0.2587049901485443, -0.18704357743263245, 0.30000022053718567, 0.3000003397464752, 0.2999999523162842, 0.19999969005584717, 0.10000057518482208, 0.0, 0.8711560368537903, 0.870164155960083, 0.8701514601707458, 0.8653498888015747, 0.7650532126426697, 0.0]","[-0.24483256042003632, 1.7899826765060425, 0.8455298542976379, 2.031057357788086, -1.2951180934906006, 0.10132147371768951, -0.22987625002861023, 0.05410362035036087, -0.021349061280488968, -0.020797785371541977, 1.519834280014038, 0.29051473736763, 0.010564930737018585, -0.07259360700845718]","[287.0, 0.30000030994415283, 0.2999999523162842, 0.19999980926513672, 0.10000038146972656, 885.0]","[0.8711559772491455, 0.870164155960083, 0.8701514601707458, 0.8653497695922852, 0.7650532126426697, 445.0]","[0.3684549927711487, 0.21511684358119965, -0.17652763426303864, 0.1389690786600113, -1.183609962463379, -0.04850015789270401, 0.28850823640823364, 0.24425049126148224, -0.5495007038116455, 0.11299926042556763, -0.2289106845855713, 0.4829762578010559, -0.19090871512889862, 0.18761304020881653, 0.30000001192092896, 0.29899999499320984, 0.29899999499320984, 0.19900000095367432, 1.0, 0.0, 0.8980000019073486, 0.8989999890327454, 0.8999999761581421, 0.8999999761581421, 0.8009999990463257, 0.0]","[0.24639856815338135, 0.27850142121315, -0.07951848953962326, -0.08935654908418655, -1.0867583751678467, -0.13707846403121948, 0.1722085028886795, 0.1660079061985016, -0.5316401124000549, 0.050861816853284836, -0.3404647707939148, 0.5083190202713013, -0.3392258286476135, 0.13405610620975494, 0.30000001192092896, 0.30000001192092896, 0.30000001192092896, 0.20000000298023224, 0.10000000149011612, 0.0, 0.8999999761581421, 0.8999999761581421, 0.8999999761581421, 0.8999999761581421, 0.800000011920929, 0.0]"
49,49,49,0.007660826000574161,0.07607747700058098,True,"[-0.2548205852508545, 1.7999826669692993, 0.8555298447608948, 2.041069269180298, -1.3050941228866577, 0.11132147163152695, -0.23987625539302826, 0.0641036182641983, -0.011349061504006386, -0.010809770785272121, 1.529834270477295, 0.28051474690437317, 0.02058889903128147, -0.06262955814599991]","[337.0, 2.0, 1.0, 4.0, 10.0, 935.0]","[3.0, 1.0, 0.0, 8.0, 0.0, 495.0]","[-0.021337494254112244, 0.18983368575572968, 0.09965179860591888, 0.8032369613647461, -1.0457144975662231, -0.30147725343704224, 0.07967779040336609, 0.034799933433532715, -0.4540998935699463, -0.0585363507270813, 0.05831149220466614, 0.5241360664367676, -0.2645363509654999, -0.20273949205875397, 0.30000022053718567, 0.3000003695487976, 0.2999999225139618, 0.19999969005584717, 0.10000059753656387, 0.0, 0.8753876090049744, 0.8743309378623962, 0.8743122220039368, 0.8702257871627808, 0.7699092030525208, 0.0]","[-0.24482057988643646, 1.7899826765060425, 0.8455298542976379, 2.031069278717041, -1.2950941324234009, 0.10132147371768951, -0.22987625002861023, 0.05410362035036087, -0.021349061280488968, -0.02080976963043213, 1.519834280014038, 0.29051473736763, 0.01058889925479889, -0.07262955605983734]","[287.0, 0.3000004291534424, 0.2999999523162842, 0.19999980926513672, 0.10000038146972656, 885.0]","[0.8753876686096191, 0.8743309378623962, 0.8743122220039368, 0.8702259063720703, 0.7699092030525208, 445.0]","[0.368431031703949, 0.2151048630475998, -0.17502960562705994, 0.138993039727211, -1.1833943128585815, -0.046426888555288315, 0.28846031427383423, 0.24452613294124603, -0.5480386018753052, 0.10034392029047012, -0.2289346605539322, 0.482856422662735, -0.19572636485099792, 0.1785050332546234, 0.30000001192092896, 0.29899999499320984, 0.29899999499320984, 0.19900000095367432, 1.0, 0.0, 0.8980000019073486, 0.8989999890327454, 0.8999999761581421, 0.8999999761581421, 0.8009999990463257, 0.0]","[0.24670594930648804, 0.27731528878211975, -0.07758939266204834, -0.09020887315273285, -1.086196780204773, -0.13632607460021973, 0.17339107394218445, 0.16795837879180908, -0.5285378098487854, 0.04009021446108818, -0.34530389308929443, 0.5057535171508789, -0.3426981568336487, 0.12441803514957428, 0.30000001192092896, 0.30000001192092896, 0.30000001192092896, 0.20000000298023224, 0.10000000149011612, 0.0, 0.8999999761581421, 0.8999999761581421, 0.8999999761581421, 0.8999999761581421, 0.800000011920929, 0.0]"
50,50,50,0.008261325001512887,0.09512565400109452,True,"[-0.2548205852508545, 1.7999826669692993, 0.8555298447608948, 2.041081428527832, -1.3050941228866577, 0.1113334521651268, -0.23987625539302826, 0.064079649746418, -0.011361045762896538, -0.010809770785272121, 1.5298582315444946, 0.2805267572402954, 0.02058889903128147, -0.06261757761240005]","[337.0, 2.0, 1.0, 4.0, 10.0, 935.0]","[3.0, 1.0, 0.0, 8.0, 0.0, 495.0]","[-0.02625417709350586, 0.19059480726718903, 0.0934642106294632, 0.8011613488197327, -1.0522541999816895, -0.2951870560646057, 0.0760134756565094, 0.018711477518081665, -0.4578826129436493, -0.0566960871219635, 0.07198604941368103, 0.5289850831031799, -0.2603145241737366, -0.1967059224843979, 0.30000022053718567, 0.3000004291534424, 0.2999999225139618, 0.19999960064888, 0.10000066459178925, 0.0, 0.8751516342163086, 0.8739618062973022, 0.8739338517189026, 0.8697925806045532, 0.7694675326347351, 0.0]","[-0.24482057988643646, 1.7899826765060425, 0.8455298542976379, 2.031081438064575, -1.2950941324234009, 0.10133345425128937, -0.22987625002861023, 0.054079651832580566, -0.02136104553937912, -0.02080976963043213, 1.5198582410812378, 0.29052674770355225, 0.01058889925479889, -0.07261757552623749]","[287.0, 0.3000004291534424, 0.2999999523162842, 0.19999957084655762, 0.10000038146972656, 885.0]","[0.8751516342163086, 0.8739618062973022, 0.8739338517189026, 0.8697924613952637, 0.7694675326347351, 445.0]","[0.3684549927711487, 0.21504493057727814, -0.17380721867084503, 0.138993039727211, -1.1833103895187378, -0.045108623802661896, 0.2884722948074341, 0.2446100264787674, -0.5466604232788086, 0.08991764485836029, -0.22892266511917114, 0.4827845096588135, -0.2012990266084671, 0.16539429128170013, 0.30000001192092896, 0.29899999499320984, 0.29899999499320984, 0.19900000095367432, 1.0, 0.0, 0.8980000019073486, 0.8989999890327454, 0.8999999761581421, 0.8999999761581421, 0.8009999990463257, 0.0]","[0.2472183257341385, 0.2772909104824066, -0.0773056223988533, -0.0908101424574852, -1.086419701576233, -0.13654069602489471, 0.17471471428871155, 0.169129878282547, -0.5270655155181885, 0.03318076580762863, -0.3474506735801697, 0.5032573342323303, -0.3445891737937927, 0.11446128785610199, 0.30000001192092896, 0.30000001192092896, 0.30000001192092896, 0.20000000298023224, 0.10000000149011612, 0.0, 0.8999999761581421, 0.8999999761581421, 0.8999999761581421, 0.8999999761581421, 0.800000011920929, 0.0]"
51,51,51,0.012076008000803995,0.07170535999830463,True,"[-0.25483256578445435, 1.7999826669692993, 0.8555178642272949, 2.041069269180298, -1.3050941228866577, 0.1113334521651268, -0.23987625539302826, 0.06409163773059845, -0.011349061504006386, -0.01079778652638197, 1.529834270477295, 0.2805027663707733, 0.020564930513501167, -0.06259360909461975]","[337.0, 2.0, 1.0, 4.0, 10.0, 935.0]","[2.0, 1.0, 0.0, 8.0, 0.0, 495.0]","[-0.03411093354225159, 0.18864330649375916, 0.08162902295589447, 0.7926058769226074, -1.0598771572113037, -0.29715994000434875, 0.07564541697502136, 0.0042969584465026855, -0.4537588059902191, -0.04429557919502258, 0.09645527601242065, 0.5358031392097473, -0.25558316707611084, -0.2037399858236313, 0.30000022053718567, 0.30000039935112, 0.2999999225139618, 0.19999966025352478, 0.10000061243772507, 0.0, 0.8668870329856873, 0.865809440612793, 0.8657882213592529, 0.860266387462616, 0.7599735260009766, 0.0]","[-0.24483256042003632, 1.7899826765060425, 0.8455178737640381, 2.031069278717041, -1.2950941324234009, 0.10133345425128937, -0.22987625002861023, 0.05409163981676102, -0.021349061280488968, -0.020797785371541977, 1.519834280014038, 0.29050275683403015, 0.010564930737018585, -0.07259360700845718]","[287.0, 0.3000004291534424, 0.2999999523162842, 0.19999957084655762, 0.10000038146972656, 885.0]","[0.866887092590332, 0.865809440612793, 0.8657882213592529, 0.8602662086486816, 0.7599735260009766, 445.0]","[0.3684549927711487, 0.21506890654563904, -0.17351959645748138, 0.13898105919361115, -1.183286428451538, -0.04468917474150658, 0.28848427534103394, 0.24466994404792786, -0.5447549223899841, 0.08042613416910172, -0.22927021980285645, 0.4827006161212921, -0.20748288929462433, 0.15181615948677063, 0.30000001192092896, 0.29899999499320984, 0.29899999499320984, 0.19900000095367432, 1.0, 0.0, 0.8980000019073486, 0.8989999890327454, 0.8999999761581421, 0.8999999761581421, 0.8009999990463257, 0.0]","[0.24702095985412598, 0.27753952145576477, -0.07615935057401657, -0.08875900506973267, -1.087781310081482, -0.13743005692958832, 0.17494697868824005, 0.16948671638965607, -0.5254801511764526, 0.02493775635957718, -0.3446311950683594, 0.49533453583717346, -0.3547252118587494, 0.09697332233190536, 0.30000001192092896, 0.30000001192092896, 0.30000001192092896, 0.20000000298023224, 0.10000000149011612, 0.0, 0.8999999761581421, 0.8999999761581421, 0.8999999761581421, 0.8999999761581421, 0.800000011920929, 0.0]"
52,52,52,0.008725118001166265,0.08563080400017498,True,"[-0.25483256578445435, 1.7999587059020996, 0.8555298447608948, 2.041081428527832, -1.3051060438156128, 0.1113334521651268, -0.2398882359266281, 0.06409163773059845, -0.01137303002178669, -0.01079778652638197, 1.529834270477295, 0.28051474690437317, 0.02058889903128147, -0.0626055896282196]","[337.0, 2.0, 1.0, 4.0, 10.0, 935.0]","[2.0, 1.0, 0.0, 8.0, 0.0, 496.0]","[-0.01815192401409149, 0.18963345885276794, 0.09234845638275146, 0.7709816098213196, -1.0593503713607788, -0.3015710115432739, 0.07502448558807373, 0.04662215709686279, -0.4448758661746979, -0.05292397737503052, 0.10756474733352661, 0.5366089940071106, -0.24690258502960205, -0.19696055352687836, 0.30000022053718567, 0.3000003695487976, 0.2999999225139618, 0.19999970495700836, 0.10000056773424149, 0.0, 0.8731876015663147, 0.8721635937690735, 0.8721422553062439, 0.8676856756210327, 0.7673885822296143, 0.0]","[-0.24483256042003632, 1.7899587154388428, 0.8455298542976379, 2.031081438064575, -1.295106053352356, 0.10133345425128937, -0.22988823056221008, 0.05409163981676102, -0.021373029798269272, -0.020797785371541977, 1.519834280014038, 0.29051473736763, 0.01058889925479889, -0.07260558754205704]","[287.0, 0.3000004291534424, 0.2999999523162842, 0.19999980926513672, 0.10000038146972656, 885.0]","[0.8731875419616699, 0.8721635937690735, 0.8721422553062439, 0.8676857948303223, 0.7673885822296143, 446.0]","[0.36844301223754883, 0.21498501300811768, -0.173567533493042, 0.13898105919361115, -1.1831187009811401, -0.04447345808148384, 0.28846031427383423, 0.24472986161708832, -0.5422981977462769, 0.07147391885519028, -0.22946196794509888, 0.48208943009376526, -0.21082648634910583, 0.1405390053987503, 0.30000001192092896, 0.29899999499320984, 0.29899999499320984, 0.19900000095367432, 1.0, 0.0, 0.8980000019073486, 0.8989999890327454, 0.8999999761581421, 0.8999999761581421, 0.8009999990463257, 0.0]","[0.2459937185049057, 0.27786147594451904, -0.07333694398403168, -0.08568882197141647, -1.0898741483688354, -0.13731829822063446, 0.17263303697109222, 0.1684720367193222, -0.5260511636734009, 0.01774284616112709, -0.3429515063762665, 0.49389052391052246, -0.3582056164741516, 0.08064387738704681, 0.30000001192092896, 0.30000001192092896, 0.30000001192092896, 0.20000000298023224, 0.10000000149011612, 0.0, 0.8999999761581421, 0.8999999761581421, 0.8999999761581421, 0.8999999761581421, 0.800000011920929, 0.0]"
53,53,53,0.006808911000916851,0.0759469579988945,True,"[-0.25483256578445435, 1.7999707460403442, 0.8555178642272949, 2.0410573482513428, -1.3051060438156128, 0.11132147163152695, -0.23987625539302826, 0.06411560624837875, -0.011349061504006386, -0.010809770785272121, 1.5298463106155396, 0.2805267572402954, 0.02058889903128147, -0.06259360909461975]","[337.0, 2.0, 1.0, 4.0, 10.0, 935.0]","[2.0, 1.0, 0.0, 8.0, 0.0, 496.0]","[-0.04339277371764183, 0.18560074269771576, 0.07526862621307373, 0.7981709837913513, -1.0647586584091187, -0.3050285875797272, 0.09350457787513733, -0.021434545516967773, -0.448603093624115, -0.03509506583213806, 0.10344001650810242, 0.5349237322807312, -0.24448882043361664, -0.22489294409751892, 0.30000022053718567, 0.3000003695487976, 0.2999999225139618, 0.19999969005584717, 0.10000059753656387, 0.0, 0.8671109676361084, 0.8660714626312256, 0.866060733795166, 0.8605743050575256, 0.7602792978286743, 0.0]","[-0.24483256042003632, 1.7899707555770874, 0.8455178737640381, 2.031057357788086, -1.295106053352356, 0.10132147371768951, -0.22987625002861023, 0.05411560833454132, -0.021349061280488968, -0.02080976963043213, 1.5198463201522827, 0.29052674770355225, 0.01058889925479889, -0.07259360700845718]","[287.0, 0.3000004291534424, 0.2999999523162842, 0.19999980926513672, 0.10000038146972656, 885.0]","[0.8671109676361084, 0.8660714626312256, 0.866060733795166, 0.8605742454528809, 0.7602792978286743, 446.0]","[0.36851492524147034, 0.21502096951007843, -0.1733398288488388, 0.13902899622917175, -1.1830108165740967, -0.043778374791145325, 0.2884962558746338, 0.2448616921901703, -0.5417109727859497, 0.06741126626729965, -0.22947394847869873, 0.4819576144218445, -0.21444572508335114, 0.12681707739830017, 0.30000001192092896, 0.29899999499320984, 0.29899999499320984, 0.19900000095367432, 1.0, 0.0, 0.8980000019073486, 0.8989999890327454, 0.8999999761581421, 0.8999999761581421, 0.8009999990463257, 0.0]","[0.24506667256355286, 0.2793106734752655, -0.0719337984919548, -0.08637414127588272, -1.0923010110855103, -0.13689441978931427, 0.17341072857379913, 0.168106809258461, -0.5260350108146667, 0.01167403906583786, -0.3416288495063782, 0.4919717013835907, -0.3649872839450836, 0.05903930962085724, 0.30000001192092896, 0.30000001192092896, 0.30000001192092896, 0.20000000298023224, 0.10000000149011612, 0.0, 0.8999999761581421, 0.8999999761581421, 0.8999999761581421, 0.8999999761581421, 0.800000011920929, 0.0]"
54,54,54,0.007118030998753966,0.1535685029994056,True,"[-0.2548205852508545, 1.799994707107544, 0.8555418848991394, 2.0410573482513428, -1.3051060438156128, 0.1113334521651268, -0.2398642748594284, 0.06411560624837875, -0.011349061504006386, -0.01079778652638197, 1.5298463106155396, 0.28051474690437317, 0.020600883290171623, -0.0626055896282196]","[337.0, 2.0, 1.0, 4.0, 10.0, 935.0]","[2.0, 1.0, 0.0, 8.0, 0.0, 496.0]","[-0.02873573638498783, 0.18876904249191284, 0.08224572241306305, 0.7719933390617371, -1.0654116868972778, -0.2982623875141144, 0.07622739672660828, 0.016300708055496216, -0.45045626163482666, -0.04562622308731079, 0.11058357357978821, 0.5418869256973267, -0.24854379892349243, -0.2046826332807541, 0.30000022053718567, 0.30000039935112, 0.2999999225139618, 0.1999996304512024, 0.10000061988830566, 0.0, 0.8662117719650269, 0.8650858402252197, 0.86506187915802, 0.8594272136688232, 0.7591261267662048, 0.0]","[-0.24482057988643646, 1.789994716644287, 0.8455418944358826, 2.031057357788086, -1.295106053352356, 0.10133345425128937, -0.22986426949501038, 0.05411560833454132, -0.021349061280488968, -0.020797785371541977, 1.5198463201522827, 0.29051473736763, 0.010600883513689041, -0.07260558754205704]","[287.0, 0.3000004291534424, 0.2999999523162842, 0.19999957084655762, 0.10000038146972656, 885.0]","[0.8662117719650269, 0.8650858402252197, 0.86506187915802, 0.8594274520874023, 0.7591261267662048, 446.0]","[0.36849096417427063, 0.21502096951007843, -0.17332784831523895, 0.138993039727211, -1.182986855506897, -0.04302337020635605, 0.288448303937912, 0.2449096292257309, -0.5416510105133057, 0.06464291363954544, -0.22948592901229858, 0.4817298948764801, -0.21834060549736023, 0.11152520030736923, 0.30000001192092896, 0.29899999499320984, 0.29899999499320984, 0.19900000095367432, 1.0, 0.0, 0.8980000019073486, 0.8989999890327454, 0.8999999761581421, 0.8999999761581421, 0.8009999990463257, 0.0]","[0.24637295305728912, 0.27996063232421875, -0.072252057492733, -0.08784202486276627, -1.0930222272872925, -0.13783496618270874, 0.17528729140758514, 0.16967935860157013, -0.5247282385826111, 0.005279610864818096, -0.3408224880695343, 0.4900335967540741, -0.3731163442134857, 0.03234778344631195, 0.30000001192092896, 0.30000001192092896, 0.30000001192092896, 0.20000000298023224, 0.10000000149011612, 0.0, 0.8999999761581421, 0.8999999761581421, 0.8999999761581421, 0.8999999761581421, 0.800000011920929, 0.0]"
55,55,55,0.010487117000593571,0.10042889099895547,True,"[-0.2548205852508545, 1.799994707107544, 0.8555178642272949, 2.0410573482513428, -1.3051060438156128, 0.1113334521651268, -0.23987625539302826, 0.0641036182641983, -0.011361045762896538, -0.01079778652638197, 1.5298702716827393, 0.28053873777389526, 0.020552946254611015, -0.06261757761240005]","[337.0, 2.0, 1.0, 4.0, 10.0, 935.0]","[2.0, 1.0, 0.0, 8.0, 0.0, 496.0]","[-0.04633224382996559, 0.1926383078098297, 0.06820739805698395, 0.7694644927978516, -1.055199146270752, -0.2960975170135498, 0.07312026619911194, -0.018424272537231445, -0.44804656505584717, -0.043406158685684204, 0.10080620646476746, 0.5403289794921875, -0.2601783275604248, -0.2418852299451828, 0.30000022053718567, 0.30000030994415283, 0.2999999523162842, 0.19999976456165314, 0.1000005379319191, 0.0, 0.8709927201271057, 0.8700973987579346, 0.8700923919677734, 0.8652517795562744, 0.7649908065795898, 0.0]","[-0.24482057988643646, 1.789994716644287, 0.8455178737640381, 2.031057357788086, -1.295106053352356, 0.10133345425128937, -0.22987625002861023, 0.05410362035036087, -0.02136104553937912, -0.020797785371541977, 1.5198702812194824, 0.2905387282371521, 0.010552946478128433, -0.07261757552623749]","[287.0, 0.30000030994415283, 0.2999999523162842, 0.19999980926513672, 0.10000038146972656, 885.0]","[0.8709926605224609, 0.8700973987579346, 0.8700923919677734, 0.8652515411376953, 0.7649908065795898, 446.0]","[0.36851492524147034, 0.21502096951007843, -0.17330388724803925, 0.1389690786600113, -1.1829748153686523, -0.04279566928744316, 0.2884722948074341, 0.24507740139961243, -0.541315495967865, 0.063480444252491, -0.22947394847869873, 0.48091498017311096, -0.22433270514011383, 0.09323727339506149, 0.30000001192092896, 0.29899999499320984, 0.29899999499320984, 0.19900000095367432, 1.0, 0.0, 0.8980000019073486, 0.8989999890327454, 0.8999999761581421, 0.8999999761581421, 0.8009999990463257, 0.0]","[0.24906499683856964, 0.2791875898838043, -0.07273036241531372, -0.0873745009303093, -1.0926735401153564, -0.14109839498996735, 0.17474548518657684, 0.17268942296504974, -0.5205096006393433, -0.0021488736383616924, -0.33876726031303406, 0.48660528659820557, -0.3836822509765625, 0.008843007497489452, 0.30000001192092896, 0.30000001192092896, 0.30000001192092896, 0.20000000298023224, 0.10000000149011612, 0.0, 0.8999999761581421, 0.8999999761581421, 0.8999999761581421, 0.8999999761581421, 0.800000011920929, 0.0]"
56,56,56,0.007221166999443085,0.08245680299842206,True,"[-0.2548205852508545, 1.7999826669692993, 0.8555178642272949, 2.0410573482513428, -1.305082082748413, 0.1113334521651268, -0.23987625539302826, 0.06411560624837875, -0.011361045762896538, -0.01079778652638197, 1.529834270477295, 0.28051474690437317, 0.02058889903128147, -0.06261757761240005]","[337.0, 2.0, 1.0, 4.0, 10.0, 935.0]","[2.0, 1.0, 0.0, 8.0, 0.0, 496.0]","[-0.03163851797580719, 0.19252245128154755, 0.08178342878818512, 0.7520101070404053, -1.0624477863311768, -0.29555776715278625, 0.08416798710823059, 0.021920114755630493, -0.4412682056427002, -0.05131646990776062, 0.11834108829498291, 0.5445044636726379, -0.24790802597999573, -0.22476156055927277, 0.30000022053718567, 0.3000004291534424, 0.2999998927116394, 0.1999996304512024, 0.10000064224004745, 0.0, 0.8733335733413696, 0.8721449971199036, 0.872114896774292, 0.8676778078079224, 0.7673539519309998, 0.0]","[-0.24482057988643646, 1.7899826765060425, 0.8455178737640381, 2.031057357788086, -1.2950820922851562, 0.10133345425128937, -0.22987625002861023, 0.05411560833454132, -0.02136104553937912, -0.020797785371541977, 1.519834280014038, 0.29051473736763, 0.01058889925479889, -0.07261757552623749]","[287.0, 0.3000004291534424, 0.2999998927116394, 0.19999957084655762, 0.10000038146972656, 885.0]","[0.8733335733413696, 0.8721449971199036, 0.872114896774292, 0.8676776885986328, 0.7673539519309998, 446.0]","[0.36883848905563354, 0.21500898897647858, -0.17330388724803925, 0.1390170156955719, -1.1829748153686523, -0.04279566928744316, 0.28848427534103394, 0.24547287821769714, -0.5395058393478394, 0.06227003410458565, -0.22952188551425934, 0.4806992709636688, -0.23122364282608032, 0.07001184672117233, 0.30000001192092896, 0.29899999499320984, 0.29899999499320984, 0.19900000095367432, 1.0, 0.0, 0.8980000019073486, 0.8989999890327454, 0.8999999761581421, 0.8999999761581421, 0.8009999990463257, 0.0]","[0.2511994242668152, 0.2791382074356079, -0.07227016240358353, -0.08805664628744125, -1.0928832292556763, -0.1421654224395752, 0.1746201515197754, 0.17559711635112762, -0.5156075358390808, -0.007474066223949194, -0.33622366189956665, 0.4730004370212555, -0.3908662497997284, -0.016839535906910896, 0.30000001192092896, 0.30000001192092896, 0.30000001192092896, 0.20000000298023224, 0.10000000149011612, 0.0, 0.8999999761581421, 0.8999999761581421, 0.8999999761581421, 0.8999999761581421, 0.800000011920929, 0.0]"
57,57,57,0.003894849000062095,0.07181788900015817,True,"[-0.25483256578445435, 1.7999707460403442, 0.8555298447608948, 2.041069269180298, -1.3050941228866577, 0.1113094836473465, -0.2398642748594284, 0.06411560624837875, -0.011361045762896538, -0.010785802267491817, 1.529834270477295, 0.28051474690437317, 0.020564930513501167, -0.0626055896282196]","[337.0, 2.0, 1.0, 4.0, 10.0, 935.0]","[2.0, 1.0, 0.0, 8.0, 0.0, 496.0]","[-0.038811322301626205, 0.19180971384048462, 0.07305614650249481, 0.7542464733123779, -1.0631836652755737, -0.2976694107055664, 0.07969051599502563, -0.00018575787544250488, -0.4413939416408539, -0.041607290506362915, 0.13159114122390747, 0.5506747961044312, -0.24378719925880432, -0.22220343351364136, 0.30000022053718567, 0.3000003695487976, 0.2999999225139618, 0.19999970495700836, 0.10000056773424149, 0.0, 0.87114417552948, 0.8701472282409668, 0.8701400756835938, 0.8653179407119751, 0.7650390863418579, 0.0]","[-0.24483256042003632, 1.7899707555770874, 0.8455298542976379, 2.031069278717041, -1.2950941324234009, 0.10130948573350906, -0.22986426949501038, 0.05411560833454132, -0.02136104553937912, -0.020785801112651825, 1.519834280014038, 0.29051473736763, 0.010564930737018585, -0.07260558754205704]","[287.0, 0.3000004291534424, 0.2999999523162842, 0.19999980926513672, 0.10000038146972656, 885.0]","[0.87114417552948, 0.8701472282409668, 0.8701400756835938, 0.8653178215026855, 0.7650390863418579, 446.0]","[0.36925795674324036, 0.21500898897647858, -0.1732918918132782, 0.13900503516197205, -1.1829628944396973, -0.042819637805223465, 0.28846031427383423, 0.2458084374666214, -0.5365936756134033, 0.05886651575565338, -0.22950990498065948, 0.4798124134540558, -0.23533423244953156, 0.054132744669914246, 0.30000001192092896, 0.29899999499320984, 0.29899999499320984, 0.19900000095367432, 1.0, 0.0, 0.8980000019073486, 0.8989999890327454, 0.8999999761581421, 0.8999999761581421, 0.8009999990463257, 0.0]","[0.25375837087631226, 0.27915605902671814, -0.07168670743703842, -0.08900110423564911, -1.0932327508926392, -0.1428242027759552, 0.17480304837226868, 0.17946814000606537, -0.5092563629150391, -0.014394555240869522, -0.3327949345111847, 0.4362027645111084, -0.40378350019454956, -0.058264777064323425, 0.30000001192092896, 0.30000001192092896, 0.30000001192092896, 0.20000000298023224, 0.10000000149011612, 0.0, 0.8999999761581421, 0.8999999761581421, 0.8999999761581421, 0.8999999761581421, 0.800000011920929, 0.0]"
58,58,58,0.006370568000420462,0.08609208899906662,True,"[-0.25483256578445435, 1.800006628036499, 0.8555178642272949, 2.0410454273223877, -1.305082082748413, 0.1113334521651268, -0.2398642748594284, 0.06409163773059845, -0.011361045762896538, -0.010809770785272121, 1.5298463106155396, 0.28051474690437317, 0.02058889903128147, -0.06259360909461975]","[337.0, 2.0, 1.0, 4.0, 10.0, 935.0]","[2.0, 1.0, 0.0, 8.0, 0.0, 496.0]","[-0.05301352217793465, 0.19183816015720367, 0.06297887861728668, 0.7716893553733826, -1.0632141828536987, -0.2980084717273712, 0.09087187051773071, -0.0323852002620697, -0.4461270272731781, -0.03375726938247681, 0.13039705157279968, 0.5504443049430847, -0.24470116198062897, -0.23825013637542725, 0.30000022053718567, 0.30000039935112, 0.2999999225139618, 0.19999966025352478, 0.10000061988830566, 0.0, 0.8664304614067078, 0.8653378486633301, 0.8653264045715332, 0.85971599817276, 0.7594223022460938, 0.0]","[-0.24483256042003632, 1.7900066375732422, 0.8455178737640381, 2.031045436859131, -1.2950820922851562, 0.10133345425128937, -0.22986426949501038, 0.05409163981676102, -0.02136104553937912, -0.02080976963043213, 1.5198463201522827, 0.29051473736763, 0.01058889925479889, -0.07259360700845718]","[287.0, 0.3000004291534424, 0.2999999523162842, 0.19999957084655762, 0.10000038146972656, 885.0]","[0.8664305210113525, 0.8653378486633301, 0.8653264045715332, 0.8597159385681152, 0.7594223022460938, 446.0]","[0.3692699372768402, 0.2147812843322754, -0.17330388724803925, 0.138993039727211, -1.1829748153686523, -0.04277170076966286, 0.2884722948074341, 0.24863672256469727, -0.5266827344894409, 0.05289836972951889, -0.22947394847869873, 0.4574618339538574, -0.2509257197380066, 0.013458284549415112, 0.30000001192092896, 0.29899999499320984, 0.29899999499320984, 0.19900000095367432, 1.0, 0.0, 0.8980000019073486, 0.8989999890327454, 0.8999999761581421, 0.8999999761581421, 0.8009999990463257, 0.0]","[0.25727418065071106, 0.27919599413871765, -0.07235114276409149, -0.0920179933309555, -1.093913197517395, -0.14470021426677704, 0.17711463570594788, 0.18527564406394958, -0.5070282220840454, -0.023696675896644592, -0.3329261541366577, 0.40798312425613403, -0.40893784165382385, -0.09826185554265976, 0.30000001192092896, 0.30000001192092896, 0.30000001192092896, 0.20000000298023224, 0.10000000149011612, 0.0, 0.8999999761581421, 0.8999999761581421, 0.8999999761581421, 0.8999999761581421, 0.800000011920929, 0.0]"
59,59,59,0.010788474000946735,0.07375267499992333,True,"[-0.2548205852508545, 1.799994707107544, 0.8555418848991394, 2.0410573482513428, -1.3050941228866577, 0.1113094836473465, -0.2398642748594284, 0.06409163773059845, -0.011349061504006386, -0.010785802267491817, 1.529834270477295, 0.2805267572402954, 0.020600883290171623, -0.06261757761240005]","[337.0, 2.0, 1.0, 4.0, 10.0, 935.0]","[2.0, 1.0, 0.0, 8.0, 0.0, 496.0]","[-0.05250340327620506, 0.19279366731643677, 0.06617306172847748, 0.7512223124504089, -1.0626670122146606, -0.2929171323776245, 0.09529304504394531, -0.02698493003845215, -0.43602868914604187, -0.03778010606765747, 0.14296883344650269, 0.552953839302063, -0.2401513159275055, -0.24572083353996277, 0.30000022053718567, 0.3000003695487976, 0.2999999225139618, 0.19999969005584717, 0.10000060498714447, 0.0, 0.8741790056228638, 0.873092770576477, 0.8730789422988892, 0.8687692880630493, 0.7684658169746399, 0.0]","[-0.24482057988643646, 1.789994716644287, 0.8455418944358826, 2.031057357788086, -1.2950941324234009, 0.10130948573350906, -0.22986426949501038, 0.05409163981676102, -0.021349061280488968, -0.020785801112651825, 1.519834280014038, 0.29052674770355225, 0.010600883513689041, -0.07261757552623749]","[287.0, 0.3000004291534424, 0.2999999523162842, 0.19999980926513672, 0.10000038146972656, 885.0]","[0.8741790056228638, 0.873092770576477, 0.8730789422988892, 0.8687691688537598, 0.7684658169746399, 446.0]","[0.3692938983440399, 0.2143258899450302, -0.17339976131916046, 0.13900503516197205, -1.1829748153686523, -0.042699795216321945, 0.28848427534103394, 0.24897228181362152, -0.5159688591957092, 0.0457557737827301, -0.2295338660478592, 0.4400967061519623, -0.25867950916290283, -0.016598151996731758, 0.30000001192092896, 0.29899999499320984, 0.29899999499320984, 0.19900000095367432, 1.0, 0.0, 0.8980000019073486, 0.8989999890327454, 0.8999999761581421, 0.8999999761581421, 0.8009999990463257, 0.0]","[0.2583187520503998, 0.2806284427642822, -0.0714777484536171, -0.09557224810123444, -1.09749174118042, -0.1455836445093155, 0.18336857855319977, 0.19140806794166565, -0.5071431398391724, -0.03362756222486496, -0.33360639214515686, 0.3933123052120209, -0.4227616786956787, -0.13425470888614655, 0.30000001192092896, 0.30000001192092896, 0.30000001192092896, 0.20000000298023224, 0.10000000149011612, 0.0, 0.8999999761581421, 0.8999999761581421, 0.8999999761581421, 0.8999999761581421, 0.800000011920929, 0.0]"
60,60,60,0.006459311000071466,0.08463475600001402,True,"[-0.25483256578445435, 1.7999826669692993, 0.8555298447608948, 2.041081428527832, -1.3051060438156128, 0.1113094836473465, -0.2398642748594284, 0.06409163773059845, -0.011361045762896538, -0.01079778652638197, 1.529834270477295, 0.2805267572402954, 0.020600883290171623, -0.06261757761240005]","[337.0, 2.0, 1.0, 4.0, 10.0, 935.0]","[2.0, 0.0, 0.0, 8.0, 0.0, 496.0]","[-0.05529758706688881, 0.1935092657804489, 0.05975821614265442, 0.7644742131233215, -1.0635582208633423, -0.292508065700531, 0.09276920557022095, -0.03904831409454346, -0.4440286457538605, -0.035919398069381714, 0.14361828565597534, 0.5592339634895325, -0.23759302496910095, -0.24206987023353577, 0.30000022053718567, 0.3000003695487976, 0.2999999225139618, 0.19999967515468597, 0.10000060498714447, 0.0, 0.8703795075416565, 0.869317352771759, 0.8693108558654785, 0.8643536567687988, 0.7640644907951355, 0.0]","[-0.24483256042003632, 1.7899826765060425, 0.8455298542976379, 2.031081438064575, -1.295106053352356, 0.10130948573350906, -0.22986426949501038, 0.05409163981676102, -0.02136104553937912, -0.020797785371541977, 1.519834280014038, 0.29052674770355225, 0.010600883513689041, -0.07261757552623749]","[287.0, 0.3000004291534424, 0.2999999523162842, 0.19999957084655762, 0.10000038146972656, 885.0]","[0.8703794479370117, 0.869317352771759, 0.8693108558654785, 0.8643536567687988, 0.7640644907951355, 446.0]","[0.3692459762096405, 0.21364277601242065, -0.17344769835472107, 0.13898105919361115, -1.1830227375030518, -0.04242415726184845, 0.28850823640823364, 0.24982315301895142, -0.509413480758667, 0.03844539448618889, -0.22970163822174072, 0.4253081679344177, -0.2664572596549988, -0.050825100392103195, 0.30000001192092896, 0.29899999499320984, 0.29899999499320984, 0.19900000095367432, 1.0, 0.0, 0.8980000019073486, 0.8989999890327454, 0.8999999761581421, 0.8999999761581421, 0.8009999990463257, 0.0]","[0.26277387142181396, 0.2829584777355194, -0.06862162053585052, -0.09973647445440292, -1.09938383102417, -0.14602994918823242, 0.18542039394378662, 0.19890950620174408, -0.5069786310195923, -0.04444081708788872, -0.3374822735786438, 0.3922162353992462, -0.43249639868736267, -0.16188618540763855, 0.30000001192092896, 0.30000001192092896, 0.30000001192092896, 0.20000000298023224, 0.10000000149011612, 0.0, 0.8999999761581421, 0.8999999761581421, 0.8999999761581421, 0.8999999761581421, 0.800000011920929, 0.0]"
61,61,61,0.01643609100028698,0.08032379500036768,True,"[-0.2548205852508545, 1.800006628036499, 0.8555178642272949, 2.041081428527832, -1.3050941228866577, 0.11132147163152695, -0.23987625539302826, 0.06409163773059845, -0.011361045762896538, -0.010785802267491817, 1.529834270477295, 0.2805267572402954, 0.02058889903128147, -0.06261757761240005]","[337.0, 2.0, 1.0, 4.0, 10.0, 935.0]","[2.0, 1.0, 0.0, 8.0, 0.0, 496.0]","[-0.06515146791934967, 0.19417241215705872, 0.05294068157672882, 0.7455755472183228, -1.0640313625335693, -0.28575560450553894, 0.08431297540664673, -0.06079244613647461, -0.43491604924201965, -0.031121760606765747, 0.1733168363571167, 0.5691744089126587, -0.23476630449295044, -0.2532689571380615, 0.30000022053718567, 0.3000003397464752, 0.2999999225139618, 0.19999971985816956, 0.10000056028366089, 0.0, 0.8708261251449585, 0.8698644638061523, 0.8698621988296509, 0.8649719953536987, 0.7647140622138977, 0.0]","[-0.24482057988643646, 1.7900066375732422, 0.8455178737640381, 2.031081438064575, -1.2950941324234009, 0.10132147371768951, -0.22987625002861023, 0.05409163981676102, -0.02136104553937912, -0.020785801112651825, 1.519834280014038, 0.29052674770355225, 0.01058889925479889, -0.07261757552623749]","[287.0, 0.30000030994415283, 0.2999999523162842, 0.19999980926513672, 0.10000038146972656, 885.0]","[0.8708261251449585, 0.8698644638061523, 0.8698621988296509, 0.8649721145629883, 0.7647140622138977, 446.0]","[0.36925795674324036, 0.21329523622989655, -0.17350761592388153, 0.13858558237552643, -1.1830227375030518, -0.0412137508392334, 0.28850823640823364, 0.2538738250732422, -0.5089340806007385, 0.027575701475143433, -0.22997727990150452, 0.4130602777004242, -0.27806997299194336, -0.08688563108444214, 0.30000001192092896, 0.29899999499320984, 0.29899999499320984, 0.19900000095367432, 1.0, 0.0, 0.8980000019073486, 0.8989999890327454, 0.8999999761581421, 0.8999999761581421, 0.8009999990463257, 0.0]","[0.2668752074241638, 0.28331854939460754, -0.06547841429710388, -0.09853600710630417, -1.1020740270614624, -0.14685600996017456, 0.1816524714231491, 0.20546050369739532, -0.5030819177627563, -0.056055888533592224, -0.33876076340675354, 0.3882148563861847, -0.44162997603416443, -0.18465809524059296, 0.30000001192092896, 0.30000001192092896, 0.30000001192092896, 0.20000000298023224, 0.10000000149011612, 0.0, 0.8999999761581421, 0.8999999761581421, 0.8999999761581421, 0.8999999761581421, 0.800000011920929, 0.0]"
62,62,62,0.06751831200017477,0.17428320699946198,True,"[-0.2548205852508545, 1.8000186681747437, 0.8555178642272949, 2.041081428527832, -1.3050941228866577, 0.1113334521651268, -0.2398642748594284, 0.06409163773059845, -0.011361045762896538, -0.010785802267491817, 1.5298463106155396, 0.28051474690437317, 0.02058889903128147, -0.06261757761240005]","[337.0, 2.0, 1.0, 4.0, 10.0, 935.0]","[2.0, 1.0, 0.0, 8.0, 0.0, 496.0]","[-0.05173727124929428, 0.19245469570159912, 0.06259520351886749, 0.742233395576477, -1.0636004209518433, -0.2928081154823303, 0.07698041200637817, -0.024157673120498657, -0.43814903497695923, -0.03836202621459961, 0.12927594780921936, 0.5536850690841675, -0.24643804132938385, -0.2497505247592926, 0.30000022053718567, 0.3000003695487976, 0.2999999225139618, 0.19999970495700836, 0.10000058263540268, 0.0, 0.8688368201255798, 0.8678023815155029, 0.8677884340286255, 0.8625905513763428, 0.762304425239563, 0.0]","[-0.24482057988643646, 1.7900186777114868, 0.8455178737640381, 2.031081438064575, -1.2950941324234009, 0.10133345425128937, -0.22986426949501038, 0.05409163981676102, -0.02136104553937912, -0.020785801112651825, 1.5198463201522827, 0.29051473736763, 0.01058889925479889, -0.07261757552623749]","[287.0, 0.3000004291534424, 0.2999999523162842, 0.19999980926513672, 0.10000038146972656, 885.0]","[0.8688368797302246, 0.8678023815155029, 0.8677884340286255, 0.8625907897949219, 0.762304425239563, 446.0]","[0.3694497048854828, 0.21331921219825745, -0.17349563539028168, 0.13860954344272614, -1.183058738708496, -0.039500005543231964, 0.2885202169418335, 0.2589071989059448, -0.5070165991783142, 0.013110741972923279, -0.23006117343902588, 0.4126048982143402, -0.28935912251472473, -0.11455720663070679, 0.30000001192092896, 0.29899999499320984, 0.29899999499320984, 0.19900000095367432, 1.0, 0.0, 0.8980000019073486, 0.8989999890327454, 0.8999999761581421, 0.8999999761581421, 0.8009999990463257, 0.0]","[0.26815998554229736, 0.2832534611225128, -0.06550311297178268, -0.09410462528467178, -1.1040444374084473, -0.15038499236106873, 0.17800027132034302, 0.20769348740577698, -0.4993443191051483, -0.06366746127605438, -0.3354877531528473, 0.3736433982849121, -0.452772855758667, -0.2040279507637024, 0.30000001192092896, 0.30000001192092896, 0.30000001192092896, 0.20000000298023224, 0.10000000149011612, 0.0, 0.8999999761581421, 0.8999999761581421, 0.8999999761581421, 0.8999999761581421, 0.800000011920929, 0.0]"
63,63,63,0.009860492998996051,0.08263562800129876,True,"[-0.2548205852508545, 1.800006628036499, 0.8555298447608948, 2.041069269180298, -1.3051060438156128, 0.1113334521651268, -0.23987625539302826, 0.06411560624837875, -0.01137303002178669, -0.01079778652638197, 1.5298463106155396, 0.28051474690437317, 0.020552946254611015, -0.0626055896282196]","[337.0, 2.0, 1.0, 4.0, 10.0, 935.0]","[2.0, 1.0, 0.0, 8.0, 0.0, 496.0]","[-0.04215560853481293, 0.19346565008163452, 0.06647224724292755, 0.7288002967834473, -1.0694166421890259, -0.29040005803108215, 0.09231969714164734, -0.012404412031173706, -0.42836689949035645, -0.042557477951049805, 0.18292376399040222, 0.570828378200531, -0.22470492124557495, -0.2324858158826828, 0.30000022053718567, 0.3000003695487976, 0.2999999225139618, 0.19999967515468597, 0.10000059753656387, 0.0, 0.8741734027862549, 0.8731047511100769, 0.8730937242507935, 0.8687705397605896, 0.7684807777404785, 0.0]","[-0.24482057988643646, 1.7900066375732422, 0.8455298542976379, 2.031069278717041, -1.295106053352356, 0.10133345425128937, -0.22987625002861023, 0.05411560833454132, -0.021373029798269272, -0.020797785371541977, 1.5198463201522827, 0.29051473736763, 0.010552946478128433, -0.07260558754205704]","[287.0, 0.3000004291534424, 0.2999999523162842, 0.19999957084655762, 0.10000038146972656, 885.0]","[0.8741734027862549, 0.8731047511100769, 0.8730937242507935, 0.8687705993652344, 0.7684807777404785, 446.0]","[0.3704443871974945, 0.21331921219825745, -0.17344769835472107, 0.1386454999446869, -1.1830947399139404, -0.036551885306835175, 0.28850823640823364, 0.26156771183013916, -0.5031097531318665, -0.004350273869931698, -0.22998926043510437, 0.4113345742225647, -0.29749640822410583, -0.14389459788799286, 0.30000001192092896, 0.29899999499320984, 0.29899999499320984, 0.19900000095367432, 1.0, 0.0, 0.8980000019073486, 0.8989999890327454, 0.8999999761581421, 0.8999999761581421, 0.8009999990463257, 0.0]","[0.27040693163871765, 0.28387120366096497, -0.06508489698171616, -0.08970081061124802, -1.1076734066009521, -0.15435954928398132, 0.17429713904857635, 0.21173879504203796, -0.49809762835502625, -0.07139813899993896, -0.3337063789367676, 0.35361334681510925, -0.4622366726398468, -0.2259410172700882, 0.30000001192092896, 0.30000001192092896, 0.30000001192092896, 0.20000000298023224, 0.10000000149011612, 0.0, 0.8999999761581421, 0.8999999761581421, 0.8999999761581421, 0.8999999761581421, 0.800000011920929, 0.0]"
64,64,64,0.011054621998482617,0.08598587199958274,True,"[-0.2548205852508545, 1.8000186681747437, 0.8555298447608948, 2.041069269180298, -1.3050941228866577, 0.11132147163152695, -0.2398642748594284, 0.06409163773059845, -0.01137303002178669, -0.010785802267491817, 1.5298582315444946, 0.2805267572402954, 0.020612867549061775, -0.06256964057683945]","[337.0, 2.0, 1.0, 4.0, 10.0, 935.0]","[3.0, 1.0, 0.0, 8.0, 0.0, 496.0]","[-0.06359037011861801, 0.2004714161157608, 0.05189816653728485, 0.708170473575592, -1.059504508972168, -0.2792712450027466, 0.07889673113822937, -0.044249773025512695, -0.43176767230033875, -0.03597217798233032, 0.15844133496284485, 0.5726813077926636, -0.24609199166297913, -0.2661525011062622, 0.30000022053718567, 0.3000004291534424, 0.2999998927116394, 0.1999996453523636, 0.10000064224004745, 0.0, 0.8758552074432373, 0.8746850490570068, 0.8746635913848877, 0.8706363439559937, 0.7703183889389038, 0.0]","[-0.24482057988643646, 1.7900186777114868, 0.8455298542976379, 2.031069278717041, -1.2950941324234009, 0.10132147371768951, -0.22986426949501038, 0.05409163981676102, -0.021373029798269272, -0.020785801112651825, 1.5198582410812378, 0.29052674770355225, 0.010612867772579193, -0.07256963849067688]","[287.0, 0.3000004291534424, 0.2999998927116394, 0.19999957084655762, 0.10000038146972656, 885.0]","[0.8758552074432373, 0.8746850490570068, 0.8746635913848877, 0.8706364631652832, 0.7703183889389038, 446.0]","[0.3710196316242218, 0.21331921219825745, -0.17344769835472107, 0.13868145644664764, -1.1831306219100952, -0.035113781690597534, 0.2884962558746338, 0.2617594599723816, -0.5016716718673706, -0.012403673492372036, -0.22997727990150452, 0.40887778997421265, -0.2998572885990143, -0.15815581381320953, 0.30000001192092896, 0.29899999499320984, 0.29899999499320984, 0.19900000095367432, 1.0, 0.0, 0.8980000019073486, 0.8989999890327454, 0.8999999761581421, 0.8999999761581421, 0.8009999990463257, 0.0]","[0.27164068818092346, 0.2840522229671478, -0.06551618129014969, -0.0903785303235054, -1.1090033054351807, -0.15575948357582092, 0.1753413826227188, 0.2140507996082306, -0.4988582134246826, -0.07476046681404114, -0.3330923914909363, 0.3508078157901764, -0.4669650197029114, -0.23105424642562866, 0.30000001192092896, 0.30000001192092896, 0.30000001192092896, 0.20000000298023224, 0.10000000149011612, 0.0, 0.8999999761581421, 0.8999999761581421, 0.8999999761581421, 0.8999999761581421, 0.800000011920929, 0.0]"
65,65,65,0.006649951999861514,0.08627807099946949,True,"[-0.2548205852508545, 1.800006628036499, 0.8555298447608948, 2.041069269180298, -1.3051060438156128, 0.1113334521651268, -0.23987625539302826, 0.06409163773059845, -0.011349061504006386, -0.01079778652638197, 1.5298463106155396, 0.2805267572402954, 0.02058889903128147, -0.06256964057683945]","[337.0, 2.0, 1.0, 4.0, 10.0, 935.0]","[3.0, 1.0, 0.0, 8.0, 0.0, 496.0]","[-0.06726855039596558, 0.19491524994373322, 0.050484150648117065, 0.7377919554710388, -1.066451907157898, -0.283975213766098, 0.0796007513999939, -0.06817403435707092, -0.43383610248565674, -0.032096028327941895, 0.16150712966918945, 0.5712238550186157, -0.23784089088439941, -0.26613396406173706, 0.30000022053718567, 0.3000003695487976, 0.2999999225139618, 0.19999970495700836, 0.10000057518482208, 0.0, 0.8699631094932556, 0.8689479827880859, 0.8689370155334473, 0.8639070391654968, 0.7636483311653137, 0.0]","[-0.24482057988643646, 1.7900066375732422, 0.8455298542976379, 2.031069278717041, -1.295106053352356, 0.10133345425128937, -0.22987625002861023, 0.05409163981676102, -0.021349061280488968, -0.020797785371541977, 1.5198463201522827, 0.29052674770355225, 0.01058889925479889, -0.07256963849067688]","[287.0, 0.3000004291534424, 0.2999999523162842, 0.19999980926513672, 0.10000038146972656, 885.0]","[0.8699631690979004, 0.8689479827880859, 0.8689370155334473, 0.8639068603515625, 0.7636483311653137, 446.0]","[0.3741954565048218, 0.21291173994541168, -0.17349563539028168, 0.13865748047828674, -1.1831905841827393, -0.0339992456138134, 0.2884962558746338, 0.2629339098930359, -0.5003174543380737, -0.029157619923353195, -0.2299533188343048, 0.3911411464214325, -0.3136031925678253, -0.19337746500968933, 0.30000001192092896, 0.29899999499320984, 0.29899999499320984, 0.19900000095367432, 1.0, 0.0, 0.8980000019073486, 0.8989999890327454, 0.8999999761581421, 0.8999999761581421, 0.8009999990463257, 0.0]","[0.274670273065567, 0.28579509258270264, -0.06652858108282089, -0.09435022622346878, -1.1145150661468506, -0.15776421129703522, 0.18017883598804474, 0.22229716181755066, -0.5010986924171448, -0.08711965382099152, -0.3367154896259308, 0.35210609436035156, -0.47917020320892334, -0.25675323605537415, 0.30000001192092896, 0.30000001192092896, 0.30000001192092896, 0.20000000298023224, 0.10000000149011612, 0.0, 0.8999999761581421, 0.8999999761581421, 0.8999999761581421, 0.8999999761581421, 0.800000011920929, 0.0]"
66,66,66,0.008740063000004739,0.08574530500118271,True,"[-0.2548205852508545, 1.799994707107544, 0.8555418848991394, 2.0410573482513428, -1.3051060438156128, 0.1113334521651268, -0.2398642748594284, 0.06409163773059845, -0.011361045762896538, -0.010785802267491817, 1.5298103094100952, 0.2805267572402954, 0.02058889903128147, -0.06261757761240005]","[337.0, 2.0, 1.0, 4.0, 10.0, 935.0]","[2.0, 1.0, 0.0, 8.0, 0.0, 496.0]","[-0.08550064265727997, 0.19889870285987854, 0.03637586534023285, 0.7370241284370422, -1.0636680126190186, -0.2842786908149719, 0.09089195728302002, -0.10250374674797058, -0.4377936124801636, -0.026817917823791504, 0.15169626474380493, 0.5583794116973877, -0.24914658069610596, -0.30261364579200745, 0.30000022053718567, 0.3000003695487976, 0.2999999225139618, 0.19999969005584717, 0.10000061988830566, 0.0, 0.8721359968185425, 0.8710958957672119, 0.8710870742797852, 0.8664234280586243, 0.7661458849906921, 0.0]","[-0.24482057988643646, 1.789994716644287, 0.8455418944358826, 2.031057357788086, -1.295106053352356, 0.10133345425128937, -0.22986426949501038, 0.05409163981676102, -0.02136104553937912, -0.020785801112651825, 1.5198103189468384, 0.29052674770355225, 0.01058889925479889, -0.07261757552623749]","[287.0, 0.3000004291534424, 0.2999999523162842, 0.19999980926513672, 0.10000038146972656, 885.0]","[0.8721359968185425, 0.8710958957672119, 0.8710870742797852, 0.8664236068725586, 0.7661458849906921, 446.0]","[0.3750343322753906, 0.21291173994541168, -0.17350761592388153, 0.1386454999446869, -1.183214545249939, -0.033975277096033096, 0.2884962558746338, 0.2643001079559326, -0.5003294348716736, -0.032417330890893936, -0.23000125586986542, 0.39087748527526855, -0.320865660905838, -0.20250943303108215, 0.30000001192092896, 0.29899999499320984, 0.29899999499320984, 0.19900000095367432, 1.0, 0.0, 0.8980000019073486, 0.8989999890327454, 0.8999999761581421, 0.8999999761581421, 0.8009999990463257, 0.0]","[0.2751763164997101, 0.28636881709098816, -0.06669757515192032, -0.0954304113984108, -1.114741563796997, -0.15753087401390076, 0.18089747428894043, 0.22422796487808228, -0.5014911890029907, -0.09000178426504135, -0.3382894694805145, 0.35487765073776245, -0.48505139350891113, -0.2664143145084381, 0.30000001192092896, 0.30000001192092896, 0.30000001192092896, 0.20000000298023224, 0.10000000149011612, 0.0, 0.8999999761581421, 0.8999999761581421, 0.8999999761581421, 0.8999999761581421, 0.800000011920929, 0.0]"
67,67,67,0.009581861999322427,0.08093457899849454,True,"[-0.2548205852508545, 1.800006628036499, 0.8555298447608948, 2.0410454273223877, -1.3050941228866577, 0.11132147163152695, -0.23987625539302826, 0.06409163773059845, -0.011349061504006386, -0.01079778652638197, 1.529834270477295, 0.28053873777389526, 0.02058889903128147, -0.06259360909461975]","[337.0, 2.0, 1.0, 4.0, 10.0, 935.0]","[3.0, 1.0, 0.0, 8.0, 0.0, 496.0]","[-0.0827634185552597, 0.1978839933872223, 0.036103859543800354, 0.7196376323699951, -1.071977972984314, -0.27760955691337585, 0.08937892317771912, -0.1038532555103302, -0.43408021330833435, -0.0257260799407959, 0.1798568069934845, 0.5687304139137268, -0.23849698901176453, -0.2868407368659973, 0.30000022053718567, 0.3000004291534424, 0.2999998927116394, 0.19999960064888, 0.10000067949295044, 0.0, 0.8711073398590088, 0.8698952794075012, 0.8698656558990479, 0.865027666091919, 0.7647376656532288, 0.0]","[-0.24482057988643646, 1.7900066375732422, 0.8455298542976379, 2.031045436859131, -1.2950941324234009, 0.10132147371768951, -0.22987625002861023, 0.05409163981676102, -0.021349061280488968, -0.020797785371541977, 1.519834280014038, 0.2905387282371521, 0.01058889925479889, -0.07259360700845718]","[287.0, 0.3000004291534424, 0.2999998927116394, 0.19999957084655762, 0.10000038146972656, 885.0]","[0.8711073398590088, 0.8698952794075012, 0.8698656558990479, 0.8650274276733398, 0.7647376656532288, 446.0]","[0.3757414221763611, 0.21287579834461212, -0.17355555295944214, 0.13862153887748718, -1.1833343505859375, -0.03386741876602173, 0.2884962558746338, 0.2694413363933563, -0.500293493270874, -0.04224439337849617, -0.23081618547439575, 0.3909134566783905, -0.3359657824039459, -0.22267888486385345, 0.30000001192092896, 0.29899999499320984, 0.29899999499320984, 0.19900000095367432, 1.0, 0.0, 0.8980000019073486, 0.8989999890327454, 0.8999999761581421, 0.8999999761581421, 0.8009999990463257, 0.0]","[0.2769054174423218, 0.28704142570495605, -0.06555062532424927, -0.09024187177419662, -1.116578221321106, -0.15947578847408295, 0.17623268067836761, 0.22578540444374084, -0.49927574396133423, -0.09911005198955536, -0.3362467288970947, 0.3643256425857544, -0.49475374817848206, -0.2678593099117279, 0.30000001192092896, 0.30000001192092896, 0.30000001192092896, 0.20000000298023224, 0.10000000149011612, 0.0, 0.8999999761581421, 0.8999999761581421, 0.8999999761581421, 0.8999999761581421, 0.800000011920929, 0.0]"
68,68,68,0.009767334000571282,0.09522030699918105,True,"[-0.2548205852508545, 1.800006628036499, 0.8555298447608948, 2.041069269180298, -1.3051060438156128, 0.11132147163152695, -0.2398642748594284, 0.06409163773059845, -0.011349061504006386, -0.010785802267491817, 1.529834270477295, 0.2805267572402954, 0.02058889903128147, -0.0626055896282196]","[337.0, 2.0, 1.0, 4.0, 10.0, 935.0]","[2.0, 0.0, 0.0, 8.0, 0.0, 496.0]","[-0.09852051734924316, 0.1996839940547943, 0.023711293935775757, 0.7126028537750244, -1.0638129711151123, -0.2735881805419922, 0.08508777618408203, -0.13770458102226257, -0.43704748153686523, -0.01951676607131958, 0.15609878301620483, 0.5639551877975464, -0.24485956132411957, -0.31493720412254333, 0.30000022053718567, 0.30000039935112, 0.2999998927116394, 0.19999966025352478, 0.10000064224004745, 0.0, 0.8706895709037781, 0.8695499300956726, 0.8695290684700012, 0.8646256923675537, 0.7643397450447083, 0.0]","[-0.24482057988643646, 1.7900066375732422, 0.8455298542976379, 2.031069278717041, -1.295106053352356, 0.10132147371768951, -0.22986426949501038, 0.05409163981676102, -0.021349061280488968, -0.01951676607131958, 1.519834280014038, 0.29052674770355225, 0.01058889925479889, -0.07260558754205704]","[287.0, 0.3000004291534424, 0.2999998927116394, 0.19999957084655762, 0.10000038146972656, 885.0]","[0.8706896305084229, 0.8695499300956726, 0.8695290684700012, 0.8646259307861328, 0.7643397450447083, 446.0]","[0.375717431306839, 0.21287579834461212, -0.17355555295944214, 0.1386694759130478, -1.183382272720337, -0.03383146598935127, 0.2884962558746338, 0.27419906854629517, -0.5001856088638306, -0.05065732076764107, -0.23442342877388, 0.39124900102615356, -0.34277281165122986, -0.23900140821933746, 0.30000001192092896, 0.29899999499320984, 0.29899999499320984, 0.19900000095367432, 1.0, 0.0, 0.8980000019073486, 0.8989999890327454, 0.8999999761581421, 0.8999999761581421, 0.8009999990463257, 0.0]","[0.27697664499282837, 0.2878720164299011, -0.06606508046388626, -0.08746496587991714, -1.1185393333435059, -0.1611771285533905, 0.1743558645248413, 0.22632282972335815, -0.49804940819740295, -0.1044655293226242, -0.33372762799263, 0.36991482973098755, -0.5038496851921082, -0.26720839738845825, 0.30000001192092896, 0.30000001192092896, 0.30000001192092896, 0.20000000298023224, 0.10000000149011612, 0.0, 0.8999999761581421, 0.8999999761581421, 0.8999999761581421, 0.8999999761581421, 0.800000011920929, 0.0]"
69,69,69,0.012540974999865284,0.07456318000004103,True,"[-0.2548205852508545, 1.800006628036499, 0.8555178642272949, 2.0410454273223877, -1.3050941228866577, 0.1113334521651268, -0.2398642748594284, 0.06411560624837875, -0.011361045762896538, -0.010809770785272121, 1.529834270477295, 0.28051474690437317, 0.02058889903128147, -0.0626055896282196]","[337.0, 2.0, 1.0, 4.0, 10.0, 935.0]","[3.0, 1.0, 0.0, 8.0, 0.0, 496.0]","[-0.08211831748485565, 0.19866862893104553, 0.03122773766517639, 0.6995483040809631, -1.0727899074554443, -0.2773873209953308, 0.0763874351978302, -0.09153443574905396, -0.4317784905433655, -0.02834293246269226, 0.17208117246627808, 0.56554114818573, -0.24319975078105927, -0.2992432713508606, 0.30000022053718567, 0.30000039935112, 0.2999998927116394, 0.1999996453523636, 0.10000064224004745, 0.0, 0.8709620237350464, 0.8698223233222961, 0.8697971701622009, 0.8649448156356812, 0.7646579742431641, 0.0]","[-0.24482057988643646, 1.7900066375732422, 0.8455178737640381, 2.031045436859131, -1.2950941324234009, 0.10133345425128937, -0.22986426949501038, 0.05411560833454132, -0.02136104553937912, -0.02080976963043213, 1.519834280014038, 0.29051473736763, 0.01058889925479889, -0.07260558754205704]","[287.0, 0.3000004291534424, 0.2999998927116394, 0.19999957084655762, 0.10000038146972656, 885.0]","[0.8709621429443359, 0.8698223233222961, 0.8697971701622009, 0.8649449348449707, 0.7646579742431641, 446.0]","[0.375861257314682, 0.21234849095344543, -0.17392705380916595, 0.13863351941108704, -1.1835860013961792, -0.033843450248241425, 0.28846031427383423, 0.27999943494796753, -0.49974218010902405, -0.059909142553806305, -0.23480692505836487, 0.391812264919281, -0.3547450602054596, -0.2446100264787674, 0.30000001192092896, 0.29899999499320984, 0.29899999499320984, 0.19900000095367432, 1.0, 0.0, 0.8980000019073486, 0.8989999890327454, 0.8999999761581421, 0.8999999761581421, 0.8009999990463257, 0.0]","[0.2769334614276886, 0.28930842876434326, -0.06647418439388275, -0.08872657269239426, -1.1225531101226807, -0.16096729040145874, 0.17595341801643372, 0.22617563605308533, -0.4972046911716461, -0.1096155196428299, -0.33224743604660034, 0.3745397627353668, -0.5132437944412231, -0.2692967355251312, 0.30000001192092896, 0.30000001192092896, 0.30000001192092896, 0.20000000298023224, 0.10000000149011612, 0.0, 0.8999999761581421, 0.8999999761581421, 0.8999999761581421, 0.8999999761581421, 0.800000011920929, 0.0]"
70,70,70,0.006360268000207725,0.0905341950001457,True,"[-0.2548205852508545, 1.799994707107544, 0.8555298447608948, 2.041069269180298, -1.3050941228866577, 0.1113094836473465, -0.2398642748594284, 0.06409163773059845, -0.011361045762896538, -0.01079778652638197, 1.529834270477295, 0.2805267572402954, 0.020600883290171623, -0.0626055896282196]","[337.0, 2.0, 1.0, 4.0, 10.0, 935.0]","[2.0, 1.0, 0.0, 8.0, 0.0, 496.0]","[-0.08861710876226425, 0.19723768532276154, 0.02922731637954712, 0.6950244903564453, -1.0735033750534058, -0.2753860354423523, 0.08054372668266296, -0.12111552059650421, -0.42481088638305664, -0.022512763738632202, 0.1761125922203064, 0.5824078917503357, -0.233212411403656, -0.3074816167354584, 0.30000022053718567, 0.30000039935112, 0.2999999225139618, 0.19999969005584717, 0.10000061988830566, 0.0, 0.8711956143379211, 0.8701109886169434, 0.8700889945030212, 0.8652682900428772, 0.7650033235549927, 0.0]","[-0.24482057988643646, 1.789994716644287, 0.8455298542976379, 2.031069278717041, -1.2950941324234009, 0.10130948573350906, -0.22986426949501038, 0.05409163981676102, -0.02136104553937912, -0.020797785371541977, 1.519834280014038, 0.29052674770355225, 0.010600883513689041, -0.07260558754205704]","[287.0, 0.3000004291534424, 0.2999999523162842, 0.19999980926513672, 0.10000038146972656, 885.0]","[0.8711955547332764, 0.8701109886169434, 0.8700889945030212, 0.8652682304382324, 0.7650033235549927, 446.0]","[0.3769158720970154, 0.21258817613124847, -0.17375928163528442, 0.13865748047828674, -1.1838496923446655, -0.033843450248241425, 0.2884962558746338, 0.28301945328712463, -0.49979013204574585, -0.06364822387695312, -0.23514248430728912, 0.3928668797016144, -0.365770548582077, -0.2505781650543213, 0.30000001192092896, 0.29899999499320984, 0.29899999499320984, 0.19900000095367432, 1.0, 0.0, 0.8980000019073486, 0.8989999890327454, 0.8999999761581421, 0.8999999761581421, 0.8009999990463257, 0.0]","[0.27610889077186584, 0.28965315222740173, -0.06754671037197113, -0.08951424062252045, -1.123652458190918, -0.1607598215341568, 0.17761409282684326, 0.2240445911884308, -0.4973904490470886, -0.11097489297389984, -0.3300516903400421, 0.3735421299934387, -0.5190878510475159, -0.27719569206237793, 0.30000001192092896, 0.30000001192092896, 0.30000001192092896, 0.20000000298023224, 0.10000000149011612, 0.0, 0.8999999761581421, 0.8999999761581421, 0.8999999761581421, 0.8999999761581421, 0.800000011920929, 0.0]"
71,71,71,0.01153957799942873,0.08177378200161911,True,"[-0.2548205852508545, 1.8000305891036987, 0.8555298447608948, 2.041069269180298, -1.3050941228866577, 0.11134544014930725, -0.23987625539302826, 0.06409163773059845, -0.011349061504006386, -0.01079778652638197, 1.529834270477295, 0.2805027663707733, 0.02058889903128147, -0.06264154613018036]","[337.0, 2.0, 1.0, 5.0, 10.0, 935.0]","[2.0, 1.0, 0.0, 8.0, 0.0, 496.0]","[-0.08388634771108627, 0.19735580682754517, 0.03222113847732544, 0.7021117806434631, -1.0742788314819336, -0.270391047000885, 0.07026427984237671, -0.10761898756027222, -0.42979466915130615, -0.029422909021377563, 0.19308443367481232, 0.5703776478767395, -0.23633325099945068, -0.3004154562950134, 0.30000022053718567, 0.30000039935112, 0.2999999225139618, 0.19999969005584717, 0.10000059753656387, 0.0, 0.8696566224098206, 0.8685885667800903, 0.8685641288757324, 0.8634856939315796, 0.7632296085357666, 0.0]","[-0.24482057988643646, 1.790030598640442, 0.8455298542976379, 2.031069278717041, -1.2950941324234009, 0.10134544223546982, -0.22987625002861023, 0.05409163981676102, -0.021349061280488968, -0.020797785371541977, 1.519834280014038, 0.29050275683403015, 0.01058889925479889, -0.07264154404401779]","[287.0, 0.3000004291534424, 0.2999999523162842, 0.19999980926513672, 0.10000038146972656, 885.0]","[0.8696565628051758, 0.8685885667800903, 0.8685641288757324, 0.8634858131408691, 0.7632296085357666, 446.0]","[0.3772154748439789, 0.21257618069648743, -0.17410682141780853, 0.13865748047828674, -1.1839934587478638, -0.0336996428668499, 0.2884962558746338, 0.2855960726737976, -0.4997541904449463, -0.06358829885721207, -0.23539415001869202, 0.39299869537353516, -0.3756095767021179, -0.2575889229774475, 0.30000001192092896, 0.29899999499320984, 0.29899999499320984, 0.19900000095367432, 1.0, 0.0, 0.8980000019073486, 0.8989999890327454, 0.8999999761581421, 0.8999999761581421, 0.8009999990463257, 0.0]","[0.2745516896247864, 0.2894913852214813, -0.06893263757228851, -0.08950561285018921, -1.1232450008392334, -0.16077767312526703, 0.17888346314430237, 0.22043682634830475, -0.49699869751930237, -0.11188778281211853, -0.3273765444755554, 0.37163862586021423, -0.5247621536254883, -0.2859303653240204, 0.30000001192092896, 0.30000001192092896, 0.30000001192092896, 0.20000000298023224, 0.10000000149011612, 0.0, 0.8999999761581421, 0.8999999761581421, 0.8999999761581421, 0.8999999761581421, 0.800000011920929, 0.0]"
72,72,72,0.006646030999036157,0.07404776699877402,True,"[-0.2548205852508545, 1.799994707107544, 0.8555178642272949, 2.041069269180298, -1.3050941228866577, 0.11132147163152695, -0.23987625539302826, 0.06409163773059845, -0.011349061504006386, -0.010809770785272121, 1.529834270477295, 0.28051474690437317, 0.02058889903128147, -0.06259360909461975]","[337.0, 2.0, 1.0, 4.0, 10.0, 935.0]","[2.0, 1.0, 0.0, 8.0, 0.0, 496.0]","[-0.12213961780071259, 0.2005094587802887, 0.003999724984169006, 0.6882011890411377, -1.0726567506790161, -0.25791293382644653, 0.08104848861694336, -0.20538584887981415, -0.43010222911834717, -0.010031849145889282, 0.17486977577209473, 0.5773187279701233, -0.23671415448188782, -0.36819374561309814, 0.3000001907348633, 0.30000045895576477, 0.299999862909317, 0.19999960064888, 0.10000071674585342, 0.0, 0.868757963180542, 0.8674561977386475, 0.8674100637435913, 0.8621926307678223, 0.7618928551673889, 0.0]","[-0.24482057988643646, 1.789994716644287, 0.8455178737640381, 2.031069278717041, -1.2950941324234009, 0.10132147371768951, -0.22987625002861023, 0.05409163981676102, -0.021349061280488968, -0.010031849145889282, 1.519834280014038, 0.29051473736763, 0.01058889925479889, -0.07259360700845718]","[287.0, 0.3000004291534424, 0.29999983310699463, 0.19999957084655762, 0.10000038146972656, 885.0]","[0.868757963180542, 0.8674561977386475, 0.8674100637435913, 0.8621926307678223, 0.7618928551673889, 446.0]","[0.3771675229072571, 0.2119050770998001, -0.17447833716869354, 0.13862153887748718, -1.184029459953308, -0.03363972157239914, 0.28848427534103394, 0.287393718957901, -0.4996583163738251, -0.06354036182165146, -0.23568177223205566, 0.39299869537353516, -0.3835551142692566, -0.2662535309791565, 0.30000001192092896, 0.29899999499320984, 0.29899999499320984, 0.19900000095367432, 1.0, 0.0, 0.8980000019073486, 0.8989999890327454, 0.8999999761581421, 0.8999999761581421, 0.8009999990463257, 0.0]","[0.2726227641105652, 0.2906031906604767, -0.07265791296958923, -0.08939601480960846, -1.1240220069885254, -0.16347895562648773, 0.18112844228744507, 0.21570615470409393, -0.4974564015865326, -0.11354628205299377, -0.32607021927833557, 0.3644792139530182, -0.5328804850578308, -0.30228713154792786, 0.30000001192092896, 0.30000001192092896, 0.30000001192092896, 0.20000000298023224, 0.10000000149011612, 0.0, 0.8999999761581421, 0.8999999761581421, 0.8999999761581421, 0.8999999761581421, 0.800000011920929, 0.0]"
73,73,73,0.007836003000193159,0.07673077899926284,True,"[-0.25480860471725464, 1.800006628036499, 0.8555178642272949, 2.041069269180298, -1.3051060438156128, 0.11132147163152695, -0.2398642748594284, 0.06411560624837875, -0.011361045762896538, -0.01079778652638197, 1.529834270477295, 0.2805507183074951, 0.02058889903128147, -0.0626055896282196]","[337.0, 2.0, 1.0, 4.0, 10.0, 935.0]","[2.0, 1.0, 0.0, 8.0, 0.0, 496.0]","[-0.09542914479970932, 0.20112942159175873, 0.018129900097846985, 0.6666887402534485, -1.08433198928833, -0.2613101005554199, 0.06164991855621338, -0.13101892173290253, -0.4224090576171875, -0.021070361137390137, 0.21185742318630219, 0.5898244380950928, -0.23412257432937622, -0.3183041214942932, 0.3000001907348633, 0.30000045895576477, 0.2999998927116394, 0.19999960064888, 0.10000069439411163, 0.0, 0.8694759607315063, 0.868190586566925, 0.8681393265724182, 0.863045334815979, 0.7627506852149963, 0.0]","[-0.2448085993528366, 1.7900066375732422, 0.8455178737640381, 2.031069278717041, -1.295106053352356, 0.10132147371768951, -0.22986426949501038, 0.05411560833454132, -0.02136104553937912, -0.020797785371541977, 1.519834280014038, 0.29055070877075195, 0.01058889925479889, -0.07260558754205704]","[287.0, 0.3000004291534424, 0.2999998927116394, 0.19999957084655762, 0.10000038146972656, 885.0]","[0.8694759607315063, 0.868190586566925, 0.8681393265724182, 0.8630452156066895, 0.7627506852149963, 446.0]","[0.3772154748439789, 0.2119050770998001, -0.17450229823589325, 0.13863351941108704, -1.1840054988861084, -0.03362773731350899, 0.2884962558746338, 0.287393718957901, -0.4996822774410248, -0.06355234980583191, -0.23631693422794342, 0.3929148018360138, -0.3879653215408325, -0.274810254573822, 0.30000001192092896, 0.29899999499320984, 0.29899999499320984, 0.19900000095367432, 1.0, 0.0, 0.8980000019073486, 0.8989999890327454, 0.8999999761581421, 0.8999999761581421, 0.8009999990463257, 0.0]","[0.271525502204895, 0.29130324721336365, -0.07353439182043076, -0.08888746052980423, -1.1253187656402588, -0.16434095799922943, 0.18241481482982635, 0.21427136659622192, -0.49792081117630005, -0.11410412192344666, -0.3248752951622009, 0.35666221380233765, -0.5360636115074158, -0.31333237886428833, 0.30000001192092896, 0.30000001192092896, 0.30000001192092896, 0.20000000298023224, 0.10000000149011612, 0.0, 0.8999999761581421, 0.8999999761581421, 0.8999999761581421, 0.8999999761581421, 0.800000011920929, 0.0]"
74,74,74,0.010447804999785149,0.08655306399850815,True,"[-0.2548205852508545, 1.8000186681747437, 0.8555178642272949, 2.041069269180298, -1.3051180839538574, 0.1113334521651268, -0.2398642748594284, 0.06411560624837875, -0.01137303002178669, -0.010785802267491817, 1.529834270477295, 0.28053873777389526, 0.020552946254611015, -0.0625816211104393]","[337.0, 2.0, 1.0, 4.0, 10.0, 935.0]","[3.0, 1.0, 0.0, 8.0, 0.0, 496.0]","[-0.10477519035339355, 0.19520103931427002, 0.01912538707256317, 0.7049823999404907, -1.07941734790802, -0.27440738677978516, 0.08705928921699524, -0.1529226303100586, -0.42723384499549866, -0.02340024709701538, 0.15435343980789185, 0.5682554244995117, -0.2445128858089447, -0.35991138219833374, 0.3000001907348633, 0.30000045895576477, 0.2999998927116394, 0.1999996155500412, 0.10000070184469223, 0.0, 0.8725666403770447, 0.8713065385818481, 0.8712695837020874, 0.8666896820068359, 0.766384482383728, 0.0]","[-0.24482057988643646, 1.7900186777114868, 0.8455178737640381, 2.031069278717041, -1.2951180934906006, 0.10133345425128937, -0.22986426949501038, 0.05411560833454132, -0.021373029798269272, -0.020785801112651825, 1.519834280014038, 0.2905387282371521, 0.010552946478128433, -0.07258161902427673]","[287.0, 0.3000004291534424, 0.2999998927116394, 0.19999957084655762, 0.10000038146972656, 885.0]","[0.8725666999816895, 0.8713065385818481, 0.8712695837020874, 0.8666896820068359, 0.766384482383728, 446.0]","[0.3772154748439789, 0.2119050770998001, -0.17450229823589325, 0.13862153887748718, -1.184029459953308, -0.03365170583128929, 0.2884962558746338, 0.287393718957901, -0.4996223449707031, -0.0635044127702713, -0.2364247888326645, 0.39239948987960815, -0.39559927582740784, -0.2839781939983368, 0.30000001192092896, 0.29899999499320984, 0.29899999499320984, 0.19900000095367432, 1.0, 0.0, 0.8980000019073486, 0.8989999890327454, 0.8999999761581421, 0.8999999761581421, 0.8009999990463257, 0.0]","[0.2691032290458679, 0.2918832004070282, -0.0738949403166771, -0.08525891602039337, -1.1259692907333374, -0.16566097736358643, 0.18154573440551758, 0.21242885291576385, -0.500022828578949, -0.11834240704774857, -0.3207745850086212, 0.3481275737285614, -0.5432442426681519, -0.33486559987068176, 0.30000001192092896, 0.30000001192092896, 0.30000001192092896, 0.20000000298023224, 0.10000000149011612, 0.0, 0.8999999761581421, 0.8999999761581421, 0.8999999761581421, 0.8999999761581421, 0.800000011920929, 0.0]"
75,75,75,0.009914801999912015,0.07833029600078589,True,"[-0.25483256578445435, 1.800006628036499, 0.8555178642272949, 2.0410454273223877, -1.3051180839538574, 0.11132147163152695, -0.23987625539302826, 0.06411560624837875, -0.011361045762896538, -0.010785802267491817, 1.529834270477295, 0.28053873777389526, 0.02058889903128147, -0.06261757761240005]","[337.0, 2.0, 1.0, 4.0, 10.0, 935.0]","[2.0, 1.0, 0.0, 8.0, 0.0, 496.0]","[-0.1244121789932251, 0.20361009240150452, -0.003916315734386444, 0.6698600649833679, -1.0801401138305664, -0.25623899698257446, 0.06940063834190369, -0.2085496485233307, -0.4230334162712097, -0.016138970851898193, 0.19472281634807587, 0.591460108757019, -0.23662948608398438, -0.3836269676685333, 0.3000001907348633, 0.30000045895576477, 0.2999998927116394, 0.19999960064888, 0.10000072419643402, 0.0, 0.8736563324928284, 0.8723772168159485, 0.8723286390304565, 0.8679265379905701, 0.767635703086853, 0.0]","[-0.24483256042003632, 1.7900066375732422, 0.8455178737640381, 2.031045436859131, -1.2951180934906006, 0.10132147371768951, -0.22987625002861023, 0.05411560833454132, -0.02136104553937912, -0.016138970851898193, 1.519834280014038, 0.2905387282371521, 0.01058889925479889, -0.07261757552623749]","[287.0, 0.3000004291534424, 0.2999998927116394, 0.19999957084655762, 0.10000038146972656, 885.0]","[0.8736562728881836, 0.8723772168159485, 0.8723286390304565, 0.8679265975952148, 0.767635703086853, 446.0]","[0.3772394359111786, 0.21191705763339996, -0.17447833716869354, 0.13865748047828674, -1.1840773820877075, -0.03365170583128929, 0.2884962558746338, 0.287393718957901, -0.49961036443710327, -0.06355234980583191, -0.23648472130298615, 0.39175233244895935, -0.40300554037094116, -0.2918398678302765, 0.30000001192092896, 0.29899999499320984, 0.29899999499320984, 0.19900000095367432, 1.0, 0.0, 0.8980000019073486, 0.8989999890327454, 0.8999999761581421, 0.8999999761581421, 0.8009999990463257, 0.0]","[0.268466591835022, 0.2921649217605591, -0.07503760606050491, -0.08461270481348038, -1.125604271888733, -0.16677723824977875, 0.18249809741973877, 0.21151864528656006, -0.5003556609153748, -0.1208045706152916, -0.32043707370758057, 0.3433845043182373, -0.5452638268470764, -0.3508014976978302, 0.30000001192092896, 0.30000001192092896, 0.30000001192092896, 0.20000000298023224, 0.10000000149011612, 0.0, 0.8999999761581421, 0.8999999761581421, 0.8999999761581421, 0.8999999761581421, 0.800000011920929, 0.0]"
76,76,76,0.010118049998709466,0.08577671099919826,True,"[-0.2548205852508545, 1.800006628036499, 0.8555418848991394, 2.041081428527832, -1.3051060438156128, 0.11132147163152695, -0.23985227942466736, 0.06409163773059845, -0.011349061504006386, -0.010809770785272121, 1.529834270477295, 0.2805267572402954, 0.02058889903128147, -0.0626055896282196]","[337.0, 2.0, 1.0, 4.0, 10.0, 935.0]","[3.0, 1.0, 0.0, 8.0, 0.0, 496.0]","[-0.11908513307571411, 0.1993291825056076, 0.009327128529548645, 0.6914787292480469, -1.075026273727417, -0.26423609256744385, 0.08558470010757446, -0.18762844800949097, -0.42911815643310547, -0.018842995166778564, 0.17065858840942383, 0.5729888677597046, -0.2362075001001358, -0.375469833612442, 0.3000001907348633, 0.30000045895576477, 0.299999862909317, 0.19999960064888, 0.10000070929527283, 0.0, 0.8734831213951111, 0.8722208738327026, 0.8721797466278076, 0.8677446842193604, 0.767453670501709, 0.0]","[-0.24482057988643646, 1.7900066375732422, 0.8455418944358826, 2.031081438064575, -1.295106053352356, 0.10132147371768951, -0.22985227406024933, 0.05409163981676102, -0.021349061280488968, -0.018842995166778564, 1.519834280014038, 0.29052674770355225, 0.01058889925479889, -0.07260558754205704]","[287.0, 0.3000004291534424, 0.29999983310699463, 0.19999957084655762, 0.10000038146972656, 885.0]","[0.8734831809997559, 0.8722208738327026, 0.8721797466278076, 0.8677444458007812, 0.767453670501709, 446.0]","[0.37722745537757874, 0.21192903816699982, -0.1744903177022934, 0.13863351941108704, -1.1840894222259521, -0.03365170583128929, 0.2884722948074341, 0.287393718957901, -0.49956244230270386, -0.06351639330387115, -0.23904934525489807, 0.3906617760658264, -0.4073677957057953, -0.30498653650283813, 0.30000001192092896, 0.29899999499320984, 0.29899999499320984, 0.19900000095367432, 1.0, 0.0, 0.8980000019073486, 0.8989999890327454, 0.8999999761581421, 0.8999999761581421, 0.8009999990463257, 0.0]","[0.2676410973072052, 0.2909912168979645, -0.07604657113552094, -0.08236227184534073, -1.1249769926071167, -0.16830547153949738, 0.18222405016422272, 0.2093224972486496, -0.49736103415489197, -0.12425906211137772, -0.31611305475234985, 0.33625897765159607, -0.5519797801971436, -0.3722206950187683, 0.30000001192092896, 0.30000001192092896, 0.30000001192092896, 0.20000000298023224, 0.10000000149011612, 0.0, 0.8999999761581421, 0.8999999761581421, 0.8999999761581421, 0.8999999761581421, 0.800000011920929, 0.0]"
77,77,77,0.006567627000549692,0.07065659200088703,True,"[-0.2548205852508545, 1.800006628036499, 0.8555178642272949, 2.041081428527832, -1.3051060438156128, 0.11132147163152695, -0.2398642748594284, 0.06411560624837875, -0.011349061504006386, -0.010785802267491817, 1.529834270477295, 0.2805267572402954, 0.020600883290171623, -0.06262955814599991]","[337.0, 2.0, 1.0, 4.0, 10.0, 935.0]","[2.0, 0.0, 0.0, 8.0, 0.0, 496.0]","[-0.10215909779071808, 0.1976998746395111, 0.01708833873271942, 0.6927930116653442, -1.0860674381256104, -0.25818267464637756, 0.08128705620765686, -0.17225705087184906, -0.4239121377468109, -0.028060555458068848, 0.19477248191833496, 0.5937526822090149, -0.22914482653141022, -0.3594980537891388, 0.30000022053718567, 0.3000004291534424, 0.2999998927116394, 0.1999996453523636, 0.10000067949295044, 0.0, 0.8722490668296814, 0.8710602521896362, 0.871019721031189, 0.8663696646690369, 0.7661103010177612, 0.0]","[-0.24482057988643646, 1.7900066375732422, 0.8455178737640381, 2.031081438064575, -1.295106053352356, 0.10132147371768951, -0.22986426949501038, 0.05411560833454132, -0.021349061280488968, -0.020785801112651825, 1.519834280014038, 0.29052674770355225, 0.010600883513689041, -0.07262955605983734]","[287.0, 0.3000004291534424, 0.2999998927116394, 0.19999957084655762, 0.10000038146972656, 885.0]","[0.8722491264343262, 0.8710602521896362, 0.871019721031189, 0.8663697242736816, 0.7661103010177612, 446.0]","[0.3772394359111786, 0.21191705763339996, -0.17457421123981476, 0.1386694759130478, -1.1841133832931519, -0.03362773731350899, 0.28848427534103394, 0.28733378648757935, -0.4995744228363037, -0.06355234980583191, -0.24135030806064606, 0.39025431871414185, -0.41309624910354614, -0.32147684693336487, 0.30000001192092896, 0.29899999499320984, 0.29899999499320984, 0.19900000095367432, 1.0, 0.0, 0.8980000019073486, 0.8989999890327454, 0.8999999761581421, 0.8999999761581421, 0.8009999990463257, 0.0]","[0.26715198159217834, 0.2907361388206482, -0.07687121629714966, -0.08212468028068542, -1.1241965293884277, -0.1698119044303894, 0.1832406371831894, 0.20873749256134033, -0.4964516758918762, -0.12721732258796692, -0.3158872723579407, 0.33638671040534973, -0.5534981489181519, -0.3824785649776459, 0.30000001192092896, 0.30000001192092896, 0.30000001192092896, 0.20000000298023224, 0.10000000149011612, 0.0, 0.8999999761581421, 0.8999999761581421, 0.8999999761581421, 0.8999999761581421, 0.800000011920929, 0.0]"
78,78,78,0.007112199000403052,0.0894708570012881,True,"[-0.2548205852508545, 1.8000426292419434, 0.8555418848991394, 2.041069269180298, -1.3051060438156128, 0.1113334521651268, -0.23987625539302826, 0.06409163773059845, -0.011361045762896538, -0.010809770785272121, 1.5298582315444946, 0.28051474690437317, 0.020600883290171623, -0.06261757761240005]","[337.0, 2.0, 1.0, 4.0, 10.0, 935.0]","[3.0, 1.0, 0.0, 8.0, 0.0, 496.0]","[-0.13572566211223602, 0.2012942135334015, -0.009847447276115417, 0.664455771446228, -1.0941277742385864, -0.2508891224861145, 0.06808564066886902, -0.23820599913597107, -0.41455456614494324, -0.014743596315383911, 0.22039534151554108, 0.5983346700668335, -0.23030777275562286, -0.40894758701324463, 0.3000001907348633, 0.3000004291534424, 0.2999998927116394, 0.1999996304512024, 0.10000070184469223, 0.0, 0.8753727078437805, 0.8741267323493958, 0.8740748763084412, 0.8699606657028198, 0.7696869373321533, 0.0]","[-0.24482057988643646, 1.7900426387786865, 0.8455418944358826, 2.031069278717041, -1.295106053352356, 0.10133345425128937, -0.22987625002861023, 0.05409163981676102, -0.02136104553937912, -0.014743596315383911, 1.5198582410812378, 0.29051473736763, 0.010600883513689041, -0.07261757552623749]","[287.0, 0.3000004291534424, 0.2999998927116394, 0.19999957084655762, 0.10000038146972656, 885.0]","[0.8753726482391357, 0.8741267323493958, 0.8740748763084412, 0.8699607849121094, 0.7696869373321533, 446.0]","[0.37725141644477844, 0.21192903816699982, -0.1745861917734146, 0.13862153887748718, -1.1841133832931519, -0.03366369009017944, 0.2884962558746338, 0.28730982542037964, -0.4994545578956604, -0.06362425535917282, -0.24162594974040985, 0.38912779092788696, -0.41950780153274536, -0.33543846011161804, 0.30000001192092896, 0.29899999499320984, 0.29899999499320984, 0.19900000095367432, 1.0, 0.0, 0.8980000019073486, 0.8989999890327454, 0.8999999761581421, 0.8999999761581421, 0.8009999990463257, 0.0]","[0.26755696535110474, 0.29066815972328186, -0.07735075056552887, -0.08150733262300491, -1.1240736246109009, -0.17069853842258453, 0.18299630284309387, 0.2093602567911148, -0.49563226103782654, -0.1295340359210968, -0.31638920307159424, 0.3388011157512665, -0.552242636680603, -0.3845309615135193, 0.30000001192092896, 0.30000001192092896, 0.30000001192092896, 0.20000000298023224, 0.10000000149011612, 0.0, 0.8999999761581421, 0.8999999761581421, 0.8999999761581421, 0.8999999761581421, 0.800000011920929, 0.0]"
79,79,79,0.007008524000411853,0.07320709600026021,True,"[-0.25480860471725464, 1.8000186681747437, 0.8555418848991394, 2.041081428527832, -1.3051060438156128, 0.11132147163152695, -0.23985227942466736, 0.0641036182641983, -0.011349061504006386, -0.01079778652638197, 1.5298223495483398, 0.2805267572402954, 0.020600883290171623, -0.06261757761240005]","[337.0, 2.0, 1.0, 4.0, 10.0, 935.0]","[2.0, 1.0, 0.0, 8.0, 0.0, 496.0]","[-0.1341347098350525, 0.19684754312038422, -0.01131688803434372, 0.6783105731010437, -1.0885980129241943, -0.2550928294658661, 0.07020950317382812, -0.2515338361263275, -0.4189108610153198, -0.013434827327728271, 0.19746056199073792, 0.6015084981918335, -0.22826486825942993, -0.4111005663871765, 0.3000001907348633, 0.3000004291534424, 0.2999998927116394, 0.19999966025352478, 0.10000070184469223, 0.0, 0.8708862066268921, 0.8696513772010803, 0.8696084022521973, 0.8647452592849731, 0.7644602060317993, 0.0]","[-0.2448085993528366, 1.7900186777114868, 0.8455418944358826, 2.031081438064575, -1.295106053352356, 0.10132147371768951, -0.22985227406024933, 0.05410362035036087, -0.021349061280488968, -0.013434827327728271, 1.519822359085083, 0.29052674770355225, 0.010600883513689041, -0.07261757552623749]","[287.0, 0.3000004291534424, 0.2999998927116394, 0.19999957084655762, 0.10000038146972656, 885.0]","[0.8708862066268921, 0.8696513772010803, 0.8696084022521973, 0.8647451400756836, 0.7644602060317993, 446.0]","[0.37729936838150024, 0.21191705763339996, -0.17457421123981476, 0.13865748047828674, -1.1841013431549072, -0.03366369009017944, 0.2884962558746338, 0.2873218059539795, -0.499406635761261, -0.06362425535917282, -0.24247683584690094, 0.38760578632354736, -0.4242415726184845, -0.3492083251476288, 0.30000001192092896, 0.29899999499320984, 0.29899999499320984, 0.19900000095367432, 1.0, 0.0, 0.8980000019073486, 0.8989999890327454, 0.8999999761581421, 0.8999999761581421, 0.8009999990463257, 0.0]","[0.26809796690940857, 0.29190847277641296, -0.0781378224492073, -0.07855156809091568, -1.1263020038604736, -0.17217786610126495, 0.18110498785972595, 0.21027550101280212, -0.4962446689605713, -0.13165950775146484, -0.3142065107822418, 0.3421300947666168, -0.5484698414802551, -0.3818235695362091, 0.30000001192092896, 0.30000001192092896, 0.30000001192092896, 0.20000000298023224, 0.10000000149011612, 0.0, 0.8999999761581421, 0.8999999761581421, 0.8999999761581421, 0.8999999761581421, 0.800000011920929, 0.0]"
80,80,80,0.008488706000207458,0.08731140599957143,True,"[-0.2548205852508545, 1.800006628036499, 0.8555418848991394, 2.041069269180298, -1.3051060438156128, 0.1113334521651268, -0.2398642748594284, 0.06411560624837875, -0.01137303002178669, -0.01079778652638197, 1.529834270477295, 0.28051474690437317, 0.02058889903128147, -0.06261757761240005]","[337.0, 2.0, 1.0, 4.0, 10.0, 935.0]","[3.0, 0.0, 0.0, 8.0, 0.0, 496.0]","[-0.145384281873703, 0.1996522843837738, -0.026498816907405853, 0.6662431955337524, -1.0987205505371094, -0.2516722083091736, 0.06267738342285156, -0.2826926112174988, -0.42213335633277893, -0.011055201292037964, 0.2040826976299286, 0.5957216620445251, -0.23325109481811523, -0.4311330318450928, 0.3000001907348633, 0.30000045895576477, 0.299999862909317, 0.19999957084655762, 0.10000075399875641, 0.0, 0.868036150932312, 0.8667140007019043, 0.8666535019874573, 0.8613086342811584, 0.7610387802124023, 0.0]","[-0.24482057988643646, 1.7900066375732422, 0.8455418944358826, 2.031069278717041, -1.295106053352356, 0.10133345425128937, -0.22986426949501038, 0.05411560833454132, -0.021373029798269272, -0.011055201292037964, 1.519834280014038, 0.29051473736763, 0.01058889925479889, -0.07261757552623749]","[287.0, 0.3000004291534424, 0.29999983310699463, 0.19999957084655762, 0.10000038146972656, 885.0]","[0.8680362701416016, 0.8667140007019043, 0.8666535019874573, 0.8613085746765137, 0.7610387802124023, 446.0]","[0.37739524245262146, 0.21192903816699982, -0.17457421123981476, 0.1386454999446869, -1.184125304222107, -0.033675674349069595, 0.2884962558746338, 0.2873218059539795, -0.49941861629486084, -0.06369615346193314, -0.24295619130134583, 0.3858680725097656, -0.4258594512939453, -0.35683029890060425, 0.30000001192092896, 0.29899999499320984, 0.29899999499320984, 0.19900000095367432, 1.0, 0.0, 0.8980000019073486, 0.8989999890327454, 0.8999999761581421, 0.8999999761581421, 0.8009999990463257, 0.0]","[0.2679482400417328, 0.292235404253006, -0.07873627543449402, -0.07496990263462067, -1.1273273229599, -0.17393620312213898, 0.1785089522600174, 0.21019382774829865, -0.4945339262485504, -0.12970031797885895, -0.30865907669067383, 0.34177371859550476, -0.5468493700027466, -0.37761378288269043, 0.30000001192092896, 0.30000001192092896, 0.30000001192092896, 0.20000000298023224, 0.10000000149011612, 0.0, 0.8999999761581421, 0.8999999761581421, 0.8999999761581421, 0.8999999761581421, 0.800000011920929, 0.0]"
81,81,81,0.0038902880005480256,0.06612434999988182,True,"[-0.25483256578445435, 1.800006628036499, 0.8555418848991394, 2.041069269180298, -1.3051060438156128, 0.1113334521651268, -0.2398642748594284, 0.0641036182641983, -0.011361045762896538, -0.01079778652638197, 1.5298223495483398, 0.2805267572402954, 0.020600883290171623, -0.0626055896282196]","[337.0, 2.0, 1.0, 4.0, 10.0, 935.0]","[3.0, 1.0, 0.0, 8.0, 0.0, 496.0]","[-0.13280706107616425, 0.19902154803276062, -0.010298483073711395, 0.6542522311210632, -1.0900284051895142, -0.2501611113548279, 0.07154420018196106, -0.2514936923980713, -0.41068142652511597, -0.015144526958465576, 0.2077980935573578, 0.605797290802002, -0.2188647985458374, -0.4107736647129059, 0.3000001907348633, 0.30000048875808716, 0.299999862909317, 0.1999995857477188, 0.10000075399875641, 0.0, 0.8749817609786987, 0.8735886216163635, 0.8735246062278748, 0.8693507313728333, 0.7690464854240417, 0.0]","[-0.24483256042003632, 1.7900066375732422, 0.8455418944358826, 2.031069278717041, -1.295106053352356, 0.10133345425128937, -0.22986426949501038, 0.05410362035036087, -0.02136104553937912, -0.015144526958465576, 1.519822359085083, 0.29052674770355225, 0.010600883513689041, -0.07260558754205704]","[287.0, 0.3000004291534424, 0.29999983310699463, 0.19999957084655762, 0.10000038146972656, 885.0]","[0.8749818801879883, 0.8735886216163635, 0.8735246062278748, 0.8693509101867676, 0.7690464854240417, 446.0]","[0.378030389547348, 0.21195301413536072, -0.1745622307062149, 0.1386694759130478, -1.1842811107635498, -0.033675674349069595, 0.28848427534103394, 0.2873218059539795, -0.4989991784095764, -0.06373210996389389, -0.24290825426578522, 0.3851729929447174, -0.4262069761753082, -0.3600061237812042, 0.30000001192092896, 0.29899999499320984, 0.29899999499320984, 0.19900000095367432, 1.0, 0.0, 0.8980000019073486, 0.8989999890327454, 0.8999999761581421, 0.8999999761581421, 0.8009999990463257, 0.0]","[0.26870858669281006, 0.29227563738822937, -0.07945035398006439, -0.0727768987417221, -1.1270941495895386, -0.17516036331653595, 0.17722322046756744, 0.2104555070400238, -0.49268436431884766, -0.127603217959404, -0.3045777976512909, 0.3437207043170929, -0.5428647994995117, -0.36997249722480774, 0.30000001192092896, 0.30000001192092896, 0.30000001192092896, 0.20000000298023224, 0.10000000149011612, 0.0, 0.8999999761581421, 0.8999999761581421, 0.8999999761581421, 0.8999999761581421, 0.800000011920929, 0.0]"
82,82,82,0.006606823999391054,0.08007981400078279,True,"[-0.25480860471725464, 1.7999826669692993, 0.8555298447608948, 2.041081428527832, -1.3050941228866577, 0.1113334521651268, -0.2398642748594284, 0.0641036182641983, -0.01137303002178669, -0.010809770785272121, 1.529834270477295, 0.2805267572402954, 0.020552946254611015, -0.0626055896282196]","[337.0, 2.0, 1.0, 4.0, 10.0, 935.0]","[2.0, 1.0, 0.0, 8.0, 0.0, 496.0]","[-0.14554762840270996, 0.20271936058998108, -0.023417912423610687, 0.6630551815032959, -1.0867736339569092, -0.24421386420726776, 0.06112241744995117, -0.27789705991744995, -0.420957088470459, -0.014466583728790283, 0.19218437373638153, 0.5903356671333313, -0.23551230132579803, -0.4498600363731384, 0.3000001907348633, 0.30000048875808716, 0.299999862909317, 0.19999955594539642, 0.10000079870223999, 0.0, 0.8732576370239258, 0.8718115091323853, 0.8717389106750488, 0.8672874569892883, 0.7669708132743835, 0.0]","[-0.2448085993528366, 1.7899826765060425, 0.8455298542976379, 2.031081438064575, -1.2950941324234009, 0.10133345425128937, -0.22986426949501038, 0.05410362035036087, -0.021373029798269272, -0.014466583728790283, 1.519834280014038, 0.29052674770355225, 0.010552946478128433, -0.07260558754205704]","[287.0, 0.3000004291534424, 0.29999983310699463, 0.19999957084655762, 0.10000038146972656, 885.0]","[0.8732576370239258, 0.8718115091323853, 0.8717389106750488, 0.8672876358032227, 0.7669708132743835, 446.0]","[0.37856969237327576, 0.21192903816699982, -0.1745622307062149, 0.1386694759130478, -1.1842691898345947, -0.0336996428668499, 0.28848427534103394, 0.2873697280883789, -0.49582335352897644, -0.06370814144611359, -0.24292024970054626, 0.3835311532020569, -0.4262189567089081, -0.360137939453125, 0.30000001192092896, 0.29899999499320984, 0.29899999499320984, 0.19900000095367432, 1.0, 0.0, 0.8980000019073486, 0.8989999890327454, 0.8999999761581421, 0.8999999761581421, 0.8009999990463257, 0.0]","[0.2700003385543823, 0.29339417815208435, -0.0801408439874649, -0.07202589511871338, -1.1290342807769775, -0.17504368722438812, 0.17743611335754395, 0.2136930376291275, -0.4935051500797272, -0.12299992144107819, -0.2998694181442261, 0.34781545400619507, -0.5368853807449341, -0.35992738604545593, 0.30000001192092896, 0.30000001192092896, 0.30000001192092896, 0.20000000298023224, 0.10000000149011612, 0.0, 0.8999999761581421, 0.8999999761581421, 0.8999999761581421, 0.8999999761581421, 0.800000011920929, 0.0]"
83,83,83,0.006430066001485102,0.07287706599890953,True,"[-0.25480860471725464, 1.8000186681747437, 0.8555178642272949, 2.041093349456787, -1.3051060438156128, 0.11132147163152695, -0.23987625539302826, 0.0641036182641983, -0.011361045762896538, -0.01079778652638197, 1.5298582315444946, 0.28053873777389526, 0.020600883290171623, -0.0626055896282196]","[337.0, 2.0, 1.0, 4.0, 10.0, 935.0]","[3.0, 1.0, 0.0, 8.0, 0.0, 496.0]","[-0.15376822650432587, 0.20088693499565125, -0.02917211502790451, 0.6458650231361389, -1.102311372756958, -0.24398602545261383, 0.06244608759880066, -0.30503642559051514, -0.4113457202911377, -0.009252846240997314, 0.22239111363887787, 0.6129222512245178, -0.21953701972961426, -0.447663277387619, 0.3000001907348633, 0.3000004291534424, 0.2999998927116394, 0.1999996453523636, 0.10000071674585342, 0.0, 0.8760095834732056, 0.8747798204421997, 0.8747225999832153, 0.8707054257392883, 0.7704520225524902, 0.0]","[-0.2448085993528366, 1.7900186777114868, 0.8455178737640381, 2.0310933589935303, -1.295106053352356, 0.10132147371768951, -0.22987625002861023, 0.05410362035036087, -0.02136104553937912, -0.009252846240997314, 1.5198582410812378, 0.2905387282371521, 0.010600883513689041, -0.07260558754205704]","[287.0, 0.3000004291534424, 0.2999998927116394, 0.19999957084655762, 0.10000038146972656, 885.0]","[0.876009464263916, 0.8747798204421997, 0.8747225999832153, 0.8707056045532227, 0.7704520225524902, 446.0]","[0.37884533405303955, 0.21192903816699982, -0.17459817230701447, 0.1386694759130478, -1.1842811107635498, -0.033675674349069595, 0.28848427534103394, 0.2877172827720642, -0.4898671805858612, -0.06368417292833328, -0.24287231266498566, 0.3834712505340576, -0.4261949956417084, -0.35987430810928345, 0.30000001192092896, 0.29899999499320984, 0.29899999499320984, 0.19900000095367432, 1.0, 0.0, 0.8980000019073486, 0.8989999890327454, 0.8999999761581421, 0.8999999761581421, 0.8009999990463257, 0.0]","[0.27102917432785034, 0.29386401176452637, -0.07858407497406006, -0.07524941116571426, -1.129884123802185, -0.1723961979150772, 0.17981967329978943, 0.21626070141792297, -0.49454981088638306, -0.12187561392784119, -0.3013814687728882, 0.3516019582748413, -0.5303195118904114, -0.3540171682834625, 0.30000001192092896, 0.30000001192092896, 0.30000001192092896, 0.20000000298023224, 0.10000000149011612, 0.0, 0.8999999761581421, 0.8999999761581421, 0.8999999761581421, 0.8999999761581421, 0.800000011920929, 0.0]"
84,84,84,0.009411993998583057,0.0902798030001577,True,"[-0.2548205852508545, 1.799994707107544, 0.8555298447608948, 2.041069269180298, -1.3050941228866577, 0.1113334521651268, -0.23987625539302826, 0.0641036182641983, -0.01137303002178669, -0.010785802267491817, 1.5298463106155396, 0.2805267572402954, 0.02058889903128147, -0.0626055896282196]","[337.0, 2.0, 1.0, 4.0, 10.0, 935.0]","[2.0, 1.0, 0.0, 8.0, 0.0, 496.0]","[-0.13792186975479126, 0.20406334102153778, -0.017959266901016235, 0.6477983593940735, -1.087437629699707, -0.23769089579582214, 0.05843803286552429, -0.264716237783432, -0.4123436510562897, -0.01530483365058899, 0.1903226673603058, 0.609315037727356, -0.23147663474082947, -0.4392356276512146, 0.3000001907348633, 0.30000048875808716, 0.299999862909317, 0.1999995857477188, 0.1000007763504982, 0.0, 0.8771713376045227, 0.8757779598236084, 0.8757074475288391, 0.8718900084495544, 0.7716083526611328, 0.0]","[-0.24482057988643646, 1.789994716644287, 0.8455298542976379, 2.031069278717041, -1.2950941324234009, 0.10133345425128937, -0.22987625002861023, 0.05410362035036087, -0.021373029798269272, -0.01530483365058899, 1.5198463201522827, 0.29052674770355225, 0.01058889925479889, -0.07260558754205704]","[287.0, 0.3000004291534424, 0.29999983310699463, 0.19999957084655762, 0.10000038146972656, 885.0]","[0.8771712779998779, 0.8757779598236084, 0.8757074475288391, 0.8718900680541992, 0.7716083526611328, 446.0]","[0.3788812756538391, 0.21194101870059967, -0.17459817230701447, 0.13865748047828674, -1.1842931509017944, -0.03368765860795975, 0.28850823640823364, 0.2880408465862274, -0.48708686232566833, -0.06368417292833328, -0.24289627373218536, 0.38348323106765747, -0.4260871410369873, -0.3594069182872772, 0.30000001192092896, 0.29899999499320984, 0.29899999499320984, 0.19900000095367432, 1.0, 0.0, 0.8980000019073486, 0.8989999890327454, 0.8999999761581421, 0.8999999761581421, 0.8009999990463257, 0.0]","[0.2732742726802826, 0.29401251673698425, -0.07781011611223221, -0.07939475774765015, -1.1300544738769531, -0.16939090192317963, 0.1828700304031372, 0.22069381177425385, -0.49527472257614136, -0.11675112694501877, -0.3019157946109772, 0.3559912145137787, -0.5197917222976685, -0.3448944091796875, 0.30000001192092896, 0.30000001192092896, 0.30000001192092896, 0.20000000298023224, 0.10000000149011612, 0.0, 0.8999999761581421, 0.8999999761581421, 0.8999999761581421, 0.8999999761581421, 0.800000011920929, 0.0]"
85,85,85,0.010637517998475232,0.07697670000015933,True,"[-0.25483256578445435, 1.799994707107544, 0.8555418848991394, 2.041081428527832, -1.3051060438156128, 0.11132147163152695, -0.23987625539302826, 0.06411560624837875, -0.011361045762896538, -0.01079778652638197, 1.5298463106155396, 0.2805267572402954, 0.02058889903128147, -0.0626055896282196]","[337.0, 2.0, 1.0, 4.0, 10.0, 935.0]","[3.0, 1.0, 0.0, 8.0, 0.0, 496.0]","[-0.16753171384334564, 0.19975173473358154, -0.030842266976833344, 0.6767784953117371, -1.0869964361190796, -0.23346427083015442, 0.06199008226394653, -0.3343724012374878, -0.4133392572402954, -0.007782638072967529, 0.22308093309402466, 0.613923192024231, -0.22353950142860413, -0.464699923992157, 0.30000022053718567, 0.3000004291534424, 0.2999998927116394, 0.19999967515468597, 0.10000069439411163, 0.0, 0.8762476444244385, 0.8750618696212769, 0.8750261068344116, 0.8710399866104126, 0.7707774043083191, 0.0]","[-0.24483256042003632, 1.789994716644287, 0.8455418944358826, 2.031081438064575, -1.295106053352356, 0.10132147371768951, -0.22987625002861023, 0.05411560833454132, -0.02136104553937912, -0.007782638072967529, 1.5198463201522827, 0.29052674770355225, 0.01058889925479889, -0.07260558754205704]","[287.0, 0.3000004291534424, 0.2999998927116394, 0.19999957084655762, 0.10000038146972656, 885.0]","[0.8762476444244385, 0.8750618696212769, 0.8750261068344116, 0.871039867401123, 0.7707774043083191, 446.0]","[0.3791808784008026, 0.21204888820648193, -0.1745861917734146, 0.13862153887748718, -1.1843050718307495, -0.033675674349069595, 0.2884962558746338, 0.2885681688785553, -0.4862000048160553, -0.06363623589277267, -0.24289627373218536, 0.38363900780677795, -0.4259073734283447, -0.35775309801101685, 0.30000001192092896, 0.29899999499320984, 0.29899999499320984, 0.19900000095367432, 1.0, 0.0, 0.8980000019073486, 0.8989999890327454, 0.8999999761581421, 0.8999999761581421, 0.8009999990463257, 0.0]","[0.2742531895637512, 0.29365041851997375, -0.07888992130756378, -0.08153798431158066, -1.129508137702942, -0.16896575689315796, 0.18523114919662476, 0.2244185507297516, -0.49430161714553833, -0.10795387625694275, -0.2981530725955963, 0.35797131061553955, -0.5166168808937073, -0.338253915309906, 0.30000001192092896, 0.30000001192092896, 0.30000001192092896, 0.20000000298023224, 0.10000000149011612, 0.0, 0.8999999761581421, 0.8999999761581421, 0.8999999761581421, 0.8999999761581421, 0.800000011920929, 0.0]"
86,86,86,0.006316606000837055,0.0844457240000338,True,"[-0.2548205852508545, 1.799994707107544, 0.8555298447608948, 2.041069269180298, -1.3051060438156128, 0.1113334521651268, -0.23987625539302826, 0.064079649746418, -0.011361045762896538, -0.010785802267491817, 1.529834270477295, 0.2805267572402954, 0.02058889903128147, -0.06261757761240005]","[337.0, 2.0, 1.0, 4.0, 10.0, 935.0]","[3.0, 1.0, 0.0, 8.0, 0.0, 496.0]","[-0.1655672937631607, 0.20520201325416565, -0.03970010578632355, 0.6239076852798462, -1.0943101644515991, -0.23472806811332703, 0.046576499938964844, -0.3499334752559662, -0.4066047966480255, 0.000973135232925415, 0.20974783599376678, 0.6277530193328857, -0.2182038128376007, -0.46620357036590576, 0.3000001609325409, 0.30000045895576477, 0.299999862909317, 0.1999996304512024, 0.10000074654817581, 0.0, 0.8720879554748535, 0.8707581162452698, 0.8707032799720764, 0.8660342693328857, 0.7657529711723328, 0.0]","[-0.24482057988643646, 1.789994716644287, 0.8455298542976379, 2.031069278717041, -1.295106053352356, 0.10133345425128937, -0.22987625002861023, 0.054079651832580566, -0.02136104553937912, -0.0007858024910092354, 1.519834280014038, 0.29052674770355225, 0.01058889925479889, -0.07261757552623749]","[287.0, 0.3000004291534424, 0.29999983310699463, 0.19999957084655762, 0.10000038146972656, 885.0]","[0.8720879554748535, 0.8707581162452698, 0.8707032799720764, 0.8660345077514648, 0.7657529711723328, 446.0]","[0.3798519968986511, 0.21202491223812103, -0.1746101677417755, 0.1386454999446869, -1.1843171119689941, -0.03368765860795975, 0.28850823640823364, 0.2889396846294403, -0.4848457872867584, -0.06324075907468796, -0.2427884191274643, 0.3836509883403778, -0.42584747076034546, -0.35585957765579224, 0.30000001192092896, 0.29899999499320984, 0.29899999499320984, 0.19900000095367432, 1.0, 0.0, 0.8980000019073486, 0.8989999890327454, 0.8999999761581421, 0.8999999761581421, 0.8009999990463257, 0.0]","[0.2757587730884552, 0.29412269592285156, -0.08243848383426666, -0.08377113193273544, -1.1302556991577148, -0.17245836555957794, 0.18763116002082825, 0.22719718515872955, -0.49391528964042664, -0.09687350690364838, -0.291502982378006, 0.3612220883369446, -0.518491804599762, -0.33412009477615356, 0.30000001192092896, 0.30000001192092896, 0.30000001192092896, 0.20000000298023224, 0.10000000149011612, 0.0, 0.8999999761581421, 0.8999999761581421, 0.8999999761581421, 0.8999999761581421, 0.800000011920929, 0.0]"
87,87,87,0.0064512829994782805,0.08005116000094858,True,"[-0.25480860471725464, 1.799994707107544, 0.8555298447608948, 2.041069269180298, -1.3050941228866577, 0.1113334521651268, -0.23987625539302826, 0.064079649746418, -0.011349061504006386, -0.01079778652638197, 1.529834270477295, 0.2805267572402954, 0.020624851807951927, -0.0626055896282196]","[337.0, 2.0, 1.0, 4.0, 10.0, 935.0]","[3.0, 1.0, 0.0, 8.0, 0.0, 496.0]","[-0.13770323991775513, 0.20398300886154175, -0.016950510442256927, 0.6286453604698181, -1.098351001739502, -0.23585021495819092, 0.06423953175544739, -0.2601105272769928, -0.40036875009536743, -0.02712172269821167, 0.2077433466911316, 0.6243021488189697, -0.22067388892173767, -0.44831526279449463, 0.3000001907348633, 0.30000045895576477, 0.299999862909317, 0.1999996155500412, 0.1000007688999176, 0.0, 0.8860048055648804, 0.8846544027328491, 0.8845947980880737, 0.8822479248046875, 0.7819551229476929, 0.0]","[-0.2448085993528366, 1.789994716644287, 0.8455298542976379, 2.031069278717041, -1.2950941324234009, 0.10133345425128937, -0.22987625002861023, 0.054079651832580566, -0.021349061280488968, -0.020797785371541977, 1.519834280014038, 0.29052674770355225, 0.010624852031469345, -0.07260558754205704]","[287.0, 0.3000004291534424, 0.29999983310699463, 0.19999957084655762, 0.10000038146972656, 885.0]","[0.8860049247741699, 0.8846544027328491, 0.8845947980880737, 0.8822479248046875, 0.7819551229476929, 446.0]","[0.38217693567276, 0.2120608687400818, -0.17493373155593872, 0.1386694759130478, -1.1842931509017944, -0.03371162712574005, 0.2885202169418335, 0.2898384928703308, -0.48186174035072327, -0.059238024055957794, -0.24242889881134033, 0.38375887274742126, -0.42582347989082336, -0.35445743799209595, 0.30000001192092896, 0.29899999499320984, 0.29899999499320984, 0.19900000095367432, 1.0, 0.0, 0.8980000019073486, 0.8989999890327454, 0.8999999761581421, 0.8999999761581421, 0.8009999990463257, 0.0]","[0.2753541171550751, 0.29646947979927063, -0.08873230963945389, -0.08337845653295517, -1.1329609155654907, -0.17974257469177246, 0.18916767835617065, 0.2265876978635788, -0.495939701795578, -0.0854741632938385, -0.2836078703403473, 0.3644247055053711, -0.5198730826377869, -0.332956463098526, 0.30000001192092896, 0.30000001192092896, 0.30000001192092896, 0.20000000298023224, 0.10000000149011612, 0.0, 0.8999999761581421, 0.8999999761581421, 0.8999999761581421, 0.8999999761581421, 0.800000011920929, 0.0]"
88,88,88,0.006248073999813641,0.08559348199923988,True,"[-0.2548205852508545, 1.800006628036499, 0.8555298447608948, 2.041081428527832, -1.305082082748413, 0.11134544014930725, -0.2398642748594284, 0.06409163773059845, -0.011361045762896538, -0.01079778652638197, 1.529834270477295, 0.28051474690437317, 0.02058889903128147, -0.0626055896282196]","[337.0, 2.0, 1.0, 5.0, 10.0, 935.0]","[2.0, 1.0, 0.0, 8.0, 0.0, 496.0]","[-0.15276595950126648, 0.2029350847005844, -0.029274046421051025, 0.6512070298194885, -1.088347315788269, -0.2374604493379593, 0.05540826916694641, -0.31074652075767517, -0.41590020060539246, -0.01350054144859314, 0.19253407418727875, 0.6268470287322998, -0.22226235270500183, -0.45617592334747314, 0.3000001907348633, 0.3000004291534424, 0.299999862909317, 0.19999967515468597, 0.10000070929527283, 0.0, 0.8761094808578491, 0.8749014139175415, 0.8748549222946167, 0.8708463311195374, 0.7705985307693481, 0.0]","[-0.24482057988643646, 1.7900066375732422, 0.8455298542976379, 2.031081438064575, -1.2950820922851562, 0.10134544223546982, -0.22986426949501038, 0.05409163981676102, -0.02136104553937912, -0.01350054144859314, 1.519834280014038, 0.29051473736763, 0.01058889925479889, -0.07260558754205704]","[287.0, 0.3000004291534424, 0.29999983310699463, 0.19999980926513672, 0.10000038146972656, 885.0]","[0.8761094808578491, 0.8749014139175415, 0.8748549222946167, 0.8708462715148926, 0.7705985307693481, 446.0]","[0.3838787078857422, 0.21222864091396332, -0.17530524730682373, 0.1386694759130478, -1.1842931509017944, -0.0337236113846302, 0.28855618834495544, 0.29100096225738525, -0.481849730014801, -0.05801563337445259, -0.2419854700565338, 0.383746862411499, -0.4257396161556244, -0.35153329372406006, 0.30000001192092896, 0.29899999499320984, 0.29899999499320984, 0.19900000095367432, 1.0, 0.0, 0.8980000019073486, 0.8989999890327454, 0.8999999761581421, 0.8999999761581421, 0.8009999990463257, 0.0]","[0.2701456844806671, 0.2984669506549835, -0.09786025434732437, -0.08192835003137589, -1.1328790187835693, -0.18880781531333923, 0.19329990446567535, 0.22041161358356476, -0.4948648512363434, -0.06846309453248978, -0.2717979848384857, 0.35208484530448914, -0.5240761637687683, -0.34342774748802185, 0.30000001192092896, 0.30000001192092896, 0.30000001192092896, 0.20000000298023224, 0.10000000149011612, 0.0, 0.8999999761581421, 0.8999999761581421, 0.8999999761581421, 0.8999999761581421, 0.800000011920929, 0.0]"
89,89,89,0.007056631000523339,0.0561066270001902,True,"[-0.25480860471725464, 1.800006628036499, 0.8555298447608948, 2.041081428527832, -1.305070161819458, 0.11132147163152695, -0.23987625539302826, 0.06411560624837875, -0.01137303002178669, -0.01079778652638197, 1.529834270477295, 0.2805267572402954, 0.020600883290171623, -0.0625816211104393]","[337.0, 2.0, 1.0, 4.0, 10.0, 935.0]","[2.0, 1.0, 0.0, 8.0, 0.0, 496.0]","[-0.16563628613948822, 0.20805084705352783, -0.04417141526937485, 0.6293361783027649, -1.0990421772003174, -0.23593123257160187, 0.0453430712223053, -0.3578949272632599, -0.40587154030799866, -0.014262020587921143, 0.21751728653907776, 0.6448013782501221, -0.2164553701877594, -0.4846400022506714, 0.3000001609325409, 0.30000048875808716, 0.29999983310699463, 0.1999996155500412, 0.1000007838010788, 0.0, 0.8765040636062622, 0.8751115798950195, 0.875042200088501, 0.8711128234863281, 0.7708321213722229, 0.0]","[-0.2448085993528366, 1.7900066375732422, 0.8455298542976379, 2.031081438064575, -1.2950701713562012, 0.10132147371768951, -0.22987625002861023, 0.05411560833454132, -0.021373029798269272, -0.014262020587921143, 1.519834280014038, 0.29052674770355225, 0.010600883513689041, -0.07258161902427673]","[287.0, 0.3000004291534424, 0.29999983310699463, 0.19999957084655762, 0.10000038146972656, 885.0]","[0.8765040636062622, 0.8751115798950195, 0.875042200088501, 0.8711128234863281, 0.7708321213722229, 446.0]","[0.3846217393875122, 0.21226459741592407, -0.1754370778799057, 0.13865748047828674, -1.1842691898345947, -0.03381948545575142, 0.2885681688785553, 0.2914204001426697, -0.4818257689476013, -0.05766809359192848, -0.24169784784317017, 0.383746862411499, -0.42575159668922424, -0.35116177797317505, 0.30000001192092896, 0.29899999499320984, 0.29899999499320984, 0.19900000095367432, 1.0, 0.0, 0.8980000019073486, 0.8989999890327454, 0.8999999761581421, 0.8999999761581421, 0.8009999990463257, 0.0]","[0.2691797614097595, 0.2988181412220001, -0.09870432317256927, -0.0818973258137703, -1.1331684589385986, -0.18989813327789307, 0.19392403960227966, 0.21886089444160461, -0.49478623270988464, -0.06607647240161896, -0.2702378034591675, 0.3486577868461609, -0.5252267122268677, -0.3468996584415436, 0.30000001192092896, 0.30000001192092896, 0.30000001192092896, 0.20000000298023224, 0.10000000149011612, 0.0, 0.8999999761581421, 0.8999999761581421, 0.8999999761581421, 0.8999999761581421, 0.800000011920929, 0.0]"
90,90,90,0.009528694999971776,0.0993547119996947,True,"[-0.2548205852508545, 1.800006628036499, 0.8555178642272949, 2.041069269180298, -1.3050941228866577, 0.11134544014930725, -0.2398642748594284, 0.06411560624837875, -0.011349061504006386, -0.01079778652638197, 1.529834270477295, 0.2805267572402954, 0.02058889903128147, -0.06261757761240005]","[337.0, 2.0, 1.0, 4.0, 10.0, 935.0]","[3.0, 1.0, 0.0, 8.0, 0.0, 496.0]","[-0.16056641936302185, 0.20232784748077393, -0.042701005935668945, 0.6242623329162598, -1.0970200300216675, -0.23306384682655334, 0.05252531170845032, -0.34221625328063965, -0.3974193036556244, -0.010923117399215698, 0.21851705014705658, 0.6469336748123169, -0.20241500437259674, -0.480853796005249, 0.3000001907348633, 0.30000045895576477, 0.299999862909317, 0.1999996453523636, 0.10000075399875641, 0.0, 0.8824389576911926, 0.8811320662498474, 0.8810631036758423, 0.8781203627586365, 0.7778619527816772, 0.0]","[-0.24482057988643646, 1.7900066375732422, 0.8455178737640381, 2.031069278717041, -1.2950941324234009, 0.10134544223546982, -0.22986426949501038, 0.05411560833454132, -0.021349061280488968, -0.010923117399215698, 1.519834280014038, 0.29052674770355225, 0.01058889925479889, -0.07261757552623749]","[287.0, 0.3000004291534424, 0.29999983310699463, 0.19999957084655762, 0.10000038146972656, 885.0]","[0.8824388980865479, 0.8811320662498474, 0.8810631036758423, 0.8781204223632812, 0.7778619527816772, 446.0]","[0.3854007124900818, 0.21403826773166656, -0.17650367319583893, 0.1386694759130478, -1.1842931509017944, -0.03413107246160507, 0.2886880040168762, 0.2913365066051483, -0.48166999220848083, -0.05415671318769455, -0.2404155433177948, 0.3835311532020569, -0.42584747076034546, -0.3515452742576599, 0.30000001192092896, 0.29899999499320984, 0.29899999499320984, 0.19900000095367432, 1.0, 0.0, 0.8980000019073486, 0.8989999890327454, 0.8999999761581421, 0.8999999761581421, 0.8009999990463257, 0.0]","[0.2620110809803009, 0.29952579736709595, -0.1054694652557373, -0.08258292824029922, -1.1329773664474487, -0.19598117470741272, 0.20031899213790894, 0.20902788639068604, -0.49492570757865906, -0.0499441884458065, -0.2582435607910156, 0.3357480466365814, -0.5251302123069763, -0.36074298620224, 0.30000001192092896, 0.30000001192092896, 0.30000001192092896, 0.20000000298023224, 0.10000000149011612, 0.0, 0.8999999761581421, 0.8999999761581421, 0.8999999761581421, 0.8999999761581421, 0.800000011920929, 0.0]"
91,91,91,0.006643951999649289,0.06792522600153461,True,"[-0.2548205852508545, 1.800006628036499, 0.8555418848991394, 2.041081428527832, -1.3051060438156128, 0.11132147163152695, -0.2398642748594284, 0.06409163773059845, -0.01137303002178669, -0.010809770785272121, 1.529834270477295, 0.28053873777389526, 0.020600883290171623, -0.0626055896282196]","[337.0, 2.0, 1.0, 4.0, 10.0, 935.0]","[3.0, 1.0, 0.0, 8.0, 0.0, 496.0]","[-0.1699758917093277, 0.1998811960220337, -0.04450058192014694, 0.6193841695785522, -1.1001108884811401, -0.23055347800254822, 0.047965794801712036, -0.3577859699726105, -0.39560285210609436, -0.0021924972534179688, 0.2230623960494995, 0.632453203201294, -0.204288512468338, -0.4861624836921692, 0.3000001907348633, 0.30000045895576477, 0.299999862909317, 0.1999996453523636, 0.10000073164701462, 0.0, 0.8768743276596069, 0.8755881190299988, 0.8755229711532593, 0.8716564178466797, 0.7713961601257324, 0.0]","[-0.24482057988643646, 1.7900066375732422, 0.8455418944358826, 2.031081438064575, -1.295106053352356, 0.10132147371768951, -0.22986426949501038, 0.05409163981676102, -0.021373029798269272, -0.0021924972534179688, 1.519834280014038, 0.2905387282371521, 0.010600883513689041, -0.07260558754205704]","[287.0, 0.3000004291534424, 0.29999983310699463, 0.19999957084655762, 0.10000038146972656, 885.0]","[0.8768744468688965, 0.8755881190299988, 0.8755229711532593, 0.8716564178466797, 0.7713961601257324, 446.0]","[0.38573625683784485, 0.21406222879886627, -0.1765396147966385, 0.1386694759130478, -1.1842811107635498, -0.03443067893385887, 0.2889876067638397, 0.2911088168621063, -0.48169395327568054, -0.051484230905771255, -0.2395886331796646, 0.3827042579650879, -0.42587143182754517, -0.352252334356308, 0.30000001192092896, 0.29899999499320984, 0.29899999499320984, 0.19900000095367432, 1.0, 0.0, 0.8980000019073486, 0.8989999890327454, 0.8999999761581421, 0.8999999761581421, 0.8009999990463257, 0.0]","[0.26031821966171265, 0.30018067359924316, -0.10787703841924667, -0.08210213482379913, -1.1335593461990356, -0.19932705163955688, 0.20045968890190125, 0.20593227446079254, -0.4962751567363739, -0.0473022498190403, -0.25779199600219727, 0.3352714478969574, -0.5236586332321167, -0.36409792304039, 0.30000001192092896, 0.30000001192092896, 0.30000001192092896, 0.20000000298023224, 0.10000000149011612, 0.0, 0.8999999761581421, 0.8999999761581421, 0.8999999761581421, 0.8999999761581421, 0.800000011920929, 0.0]"
92,92,92,0.010199709000517032,0.08911294199970143,True,"[-0.25483256578445435, 1.7999826669692993, 0.8555418848991394, 2.041069269180298, -1.3051060438156128, 0.11132147163152695, -0.23987625539302826, 0.06411560624837875, -0.011361045762896538, -0.01079778652638197, 1.5298582315444946, 0.28051474690437317, 0.020600883290171623, -0.06259360909461975]","[337.0, 2.0, 1.0, 4.0, 10.0, 935.0]","[3.0, 1.0, 0.0, 8.0, 0.0, 496.0]","[-0.17271125316619873, 0.21008777618408203, -0.05167202651500702, 0.6093544363975525, -1.1001113653182983, -0.22771260142326355, 0.03836148977279663, -0.3924655616283417, -0.39905688166618347, -0.004022091627120972, 0.2081461250782013, 0.6604628562927246, -0.21012574434280396, -0.5138386487960815, 0.3000001907348633, 0.30000048875808716, 0.299999862909317, 0.1999996453523636, 0.1000007763504982, 0.0, 0.8763077855110168, 0.8749641180038452, 0.8748960494995117, 0.8709275722503662, 0.770667314529419, 0.0]","[-0.24483256042003632, 1.7899826765060425, 0.8455418944358826, 2.031069278717041, -1.295106053352356, 0.10132147371768951, -0.22987625002861023, 0.05411560833454132, -0.02136104553937912, -0.004022091627120972, 1.5198582410812378, 0.29051473736763, 0.010600883513689041, -0.07259360700845718]","[287.0, 0.3000004291534424, 0.29999983310699463, 0.19999957084655762, 0.10000038146972656, 885.0]","[0.8763077259063721, 0.8749641180038452, 0.8748960494995117, 0.8709278106689453, 0.770667314529419, 446.0]","[0.385951966047287, 0.21407420933246613, -0.17675533890724182, 0.1386934369802475, -1.1842691898345947, -0.03476623818278313, 0.2899223864078522, 0.29097700119018555, -0.48171791434288025, -0.04441354051232338, -0.23715583980083466, 0.38176947832107544, -0.42584747076034546, -0.35318711400032043, 0.30000001192092896, 0.29899999499320984, 0.29899999499320984, 0.19900000095367432, 1.0, 0.0, 0.8980000019073486, 0.8989999890327454, 0.8999999761581421, 0.8999999761581421, 0.8009999990463257, 0.0]","[0.2526205778121948, 0.3034265339374542, -0.11509579420089722, -0.07806381583213806, -1.136673927307129, -0.20916983485221863, 0.20123018324375153, 0.19425079226493835, -0.5001639723777771, -0.03684438019990921, -0.2516760528087616, 0.329484224319458, -0.5204092860221863, -0.3793072998523712, 0.30000001192092896, 0.30000001192092896, 0.30000001192092896, 0.20000000298023224, 0.10000000149011612, 0.0, 0.8999999761581421, 0.8999999761581421, 0.8999999761581421, 0.8999999761581421, 0.800000011920929, 0.0]"
93,93,93,0.0065869110003404785,0.06731589700029872,True,"[-0.2548205852508545, 1.799994707107544, 0.8555298447608948, 2.041081428527832, -1.305082082748413, 0.11132147163152695, -0.2398642748594284, 0.0641036182641983, -0.011349061504006386, -0.01079778652638197, 1.529834270477295, 0.2805267572402954, 0.02058889903128147, -0.06261757761240005]","[337.0, 2.0, 1.0, 4.0, 10.0, 935.0]","[2.0, 1.0, 0.0, 8.0, 0.0, 496.0]","[-0.17664729058742523, 0.20437636971473694, -0.04979346692562103, 0.6280416250228882, -1.100341796875, -0.22721979022026062, 0.04192692041397095, -0.38644808530807495, -0.40502703189849854, -0.009516358375549316, 0.20004120469093323, 0.6381913423538208, -0.2107410430908203, -0.514739990234375, 0.3000001907348633, 0.30000045895576477, 0.299999862909317, 0.19999967515468597, 0.10000073909759521, 0.0, 0.8780118227005005, 0.8767533302307129, 0.8766998648643494, 0.8730146884918213, 0.7727564573287964, 0.0]","[-0.24482057988643646, 1.789994716644287, 0.8455298542976379, 2.031081438064575, -1.2950820922851562, 0.10132147371768951, -0.22986426949501038, 0.05410362035036087, -0.021349061280488968, -0.009516358375549316, 1.519834280014038, 0.29052674770355225, 0.01058889925479889, -0.07261757552623749]","[287.0, 0.3000004291534424, 0.29999983310699463, 0.19999957084655762, 0.10000038146972656, 885.0]","[0.8780118227005005, 0.8767533302307129, 0.8766998648643494, 0.8730144500732422, 0.7727564573287964, 446.0]","[0.3857003152370453, 0.21613550186157227, -0.18047045171260834, 0.1386934369802475, -1.1843050718307495, -0.039679769426584244, 0.2905695140361786, 0.28816068172454834, -0.481885701417923, -0.02966095693409443, -0.23209848999977112, 0.37782666087150574, -0.42587143182754517, -0.3586638867855072, 0.30000001192092896, 0.29899999499320984, 0.29899999499320984, 0.19900000095367432, 1.0, 0.0, 0.8980000019073486, 0.8989999890327454, 0.8999999761581421, 0.8999999761581421, 0.8009999990463257, 0.0]","[0.237491175532341, 0.30779558420181274, -0.12475015968084335, -0.07288050651550293, -1.141983151435852, -0.22287459671497345, 0.20258565247058868, 0.17457754909992218, -0.5072252154350281, -0.023344768211245537, -0.23769782483577728, 0.32676470279693604, -0.518432080745697, -0.39915624260902405, 0.30000001192092896, 0.30000001192092896, 0.30000001192092896, 0.20000000298023224, 0.10000000149011612, 0.0, 0.8999999761581421, 0.8999999761581421, 0.8999999761581421, 0.8999999761581421, 0.800000011920929, 0.0]"
94,94,94,0.008466307001071982,0.07958715600034338,True,"[-0.2548205852508545, 1.799994707107544, 0.8555298447608948, 2.041069269180298, -1.3050941228866577, 0.1113334521651268, -0.2398642748594284, 0.0641036182641983, -0.011361045762896538, -0.01079778652638197, 1.529834270477295, 0.28053873777389526, 0.02058889903128147, -0.06261757761240005]","[337.0, 2.0, 1.0, 4.0, 10.0, 935.0]","[2.0, 1.0, 0.0, 8.0, 0.0, 496.0]","[-0.17836345732212067, 0.2064557820558548, -0.057721517980098724, 0.6220192909240723, -1.1028060913085938, -0.22699272632598877, 0.03407195210456848, -0.40105822682380676, -0.4010201096534729, 0.001637488603591919, 0.21537186205387115, 0.649230420589447, -0.20362645387649536, -0.5117119550704956, 0.3000001907348633, 0.3000004291534424, 0.299999862909317, 0.19999970495700836, 0.10000070929527283, 0.0, 0.8766620755195618, 0.8754681348800659, 0.8754070997238159, 0.8714897036552429, 0.7712714076042175, 0.0]","[-0.24482057988643646, 1.789994716644287, 0.8455298542976379, 2.031069278717041, -1.2950941324234009, 0.10133345425128937, -0.22986426949501038, 0.05410362035036087, -0.02136104553937912, -0.0007977867498993874, 1.519834280014038, 0.2905387282371521, 0.01058889925479889, -0.07261757552623749]","[287.0, 0.3000004291534424, 0.29999983310699463, 0.19999980926513672, 0.10000038146972656, 885.0]","[0.876662015914917, 0.8754681348800659, 0.8754070997238159, 0.8714895248413086, 0.7712714076042175, 446.0]","[0.3838547468185425, 0.216902494430542, -0.18515628576278687, 0.13870541751384735, -1.184472918510437, -0.05065732076764107, 0.29055753350257874, 0.2811738848686218, -0.48246094584465027, -0.017844511196017265, -0.22170816361904144, 0.3713911473751068, -0.4266144633293152, -0.3640807569026947, 0.30000001192092896, 0.29899999499320984, 0.29899999499320984, 0.19900000095367432, 1.0, 0.0, 0.8980000019073486, 0.8989999890327454, 0.8999999761581421, 0.8999999761581421, 0.8009999990463257, 0.0]","[0.22712865471839905, 0.3096412420272827, -0.12945690751075745, -0.07134399563074112, -1.145487666130066, -0.22965501248836517, 0.2026354819536209, 0.16178064048290253, -0.5117043852806091, -0.01730935648083687, -0.23237048089504242, 0.33225610852241516, -0.5185578465461731, -0.40739864110946655, 0.30000001192092896, 0.30000001192092896, 0.30000001192092896, 0.20000000298023224, 0.10000000149011612, 0.0, 0.8999999761581421, 0.8999999761581421, 0.8999999761581421, 0.8999999761581421, 0.800000011920929, 0.0]"
95,95,95,0.009873182998489938,0.06747667399940838,True,"[-0.2548205852508545, 1.8000186681747437, 0.8555298447608948, 2.0410573482513428, -1.3051060438156128, 0.11132147163152695, -0.2398642748594284, 0.06409163773059845, -0.01137303002178669, -0.010785802267491817, 1.529834270477295, 0.2805267572402954, 0.02058889903128147, -0.06261757761240005]","[337.0, 2.0, 1.0, 4.0, 10.0, 935.0]","[3.0, 1.0, 0.0, 8.0, 0.0, 496.0]","[-0.1716831475496292, 0.2169732004404068, -0.05341838300228119, 0.6012623906135559, -1.0935378074645996, -0.22228644788265228, 0.030684560537338257, -0.383574903011322, -0.4042157530784607, -0.019112855195999146, 0.21554692089557648, 0.6893424987792969, -0.19995486736297607, -0.5071868896484375, 0.3000001907348633, 0.3000004291534424, 0.299999862909317, 0.19999969005584717, 0.10000074654817581, 0.0, 0.8809815645217896, 0.8797242641448975, 0.8796636462211609, 0.8764623999595642, 0.7762277126312256, 0.0]","[-0.24482057988643646, 1.7900186777114868, 0.8455298542976379, 2.031057357788086, -1.295106053352356, 0.10132147371768951, -0.22986426949501038, 0.05409163981676102, -0.021373029798269272, -0.019112855195999146, 1.519834280014038, 0.29052674770355225, 0.01058889925479889, -0.07261757552623749]","[287.0, 0.3000004291534424, 0.29999983310699463, 0.19999980926513672, 0.10000038146972656, 885.0]","[0.8809814453125, 0.8797242641448975, 0.8796636462211609, 0.876462459564209, 0.7762277126312256, 446.0]","[0.380607008934021, 0.2169264554977417, -0.18695391714572906, 0.13870541751384735, -1.1845927238464355, -0.054731957614421844, 0.29062944650650024, 0.27848944067955017, -0.4824729263782501, -0.013913685455918312, -0.217274010181427, 0.3714990019798279, -0.426482617855072, -0.3679037392139435, 0.30000001192092896, 0.29899999499320984, 0.29899999499320984, 0.19900000095367432, 1.0, 0.0, 0.8980000019073486, 0.8989999890327454, 0.8999999761581421, 0.8999999761581421, 0.8009999990463257, 0.0]","[0.22378772497177124, 0.31016528606414795, -0.13108666241168976, -0.07115979492664337, -1.1462645530700684, -0.23145999014377594, 0.20338174700737, 0.1579413115978241, -0.5124329924583435, -0.015491953119635582, -0.23107488453388214, 0.33255451917648315, -0.5182595252990723, -0.4092552661895752, 0.30000001192092896, 0.30000001192092896, 0.30000001192092896, 0.20000000298023224, 0.10000000149011612, 0.0, 0.8999999761581421, 0.8999999761581421, 0.8999999761581421, 0.8999999761581421, 0.800000011920929, 0.0]"
96,96,96,0.004645254999559256,0.08576732499932405,True,"[-0.2548205852508545, 1.8000186681747437, 0.8555178642272949, 2.041069269180298, -1.3050941228866577, 0.1113334521651268, -0.23987625539302826, 0.06409163773059845, -0.011361045762896538, -0.01079778652638197, 1.5298463106155396, 0.28053873777389526, 0.02058889903128147, -0.06261757761240005]","[337.0, 2.0, 1.0, 4.0, 10.0, 935.0]","[3.0, 1.0, 0.0, 8.0, 0.0, 496.0]","[-0.18473310768604279, 0.21496732532978058, -0.0590633824467659, 0.6088982224464417, -1.0944184064865112, -0.21698172390460968, 0.02348974347114563, -0.4227556586265564, -0.401113361120224, -0.008181244134902954, 0.2420606166124344, 0.6790107488632202, -0.19507601857185364, -0.5328894257545471, 0.3000001907348633, 0.3000004291534424, 0.299999862909317, 0.19999971985816956, 0.10000070929527283, 0.0, 0.8807118535041809, 0.8795218467712402, 0.8794753551483154, 0.8762221336364746, 0.7759878635406494, 0.0]","[-0.24482057988643646, 1.7900186777114868, 0.8455178737640381, 2.031069278717041, -1.2950941324234009, 0.10133345425128937, -0.22987625002861023, 0.05409163981676102, -0.02136104553937912, -0.008181244134902954, 1.5198463201522827, 0.2905387282371521, 0.01058889925479889, -0.07261757552623749]","[287.0, 0.3000004291534424, 0.29999983310699463, 0.19999980926513672, 0.10000038146972656, 885.0]","[0.8807117938995361, 0.8795218467712402, 0.8794753551483154, 0.8762221336364746, 0.7759878635406494, 446.0]","[0.37255361676216125, 0.216902494430542, -0.19032147526741028, 0.13872939348220825, -1.1846287250518799, -0.05728459730744362, 0.29062944650650024, 0.2778303027153015, -0.48276054859161377, -0.009958891198039055, -0.2094123512506485, 0.3715469241142273, -0.4263388216495514, -0.3744830787181854, 0.30000001192092896, 0.29899999499320984, 0.29899999499320984, 0.19900000095367432, 1.0, 0.0, 0.8980000019073486, 0.8989999890327454, 0.8999999761581421, 0.8999999761581421, 0.8009999990463257, 0.0]","[0.21301324665546417, 0.3104414641857147, -0.1370854675769806, -0.06971423327922821, -1.1474133729934692, -0.23742486536502838, 0.20536410808563232, 0.14584635198116302, -0.5130082964897156, -0.008051130920648575, -0.2246418297290802, 0.33658289909362793, -0.517978847026825, -0.40990322828292847, 0.30000001192092896, 0.30000001192092896, 0.30000001192092896, 0.20000000298023224, 0.10000000149011612, 0.0, 0.8999999761581421, 0.8999999761581421, 0.8999999761581421, 0.8999999761581421, 0.800000011920929, 0.0]"
97,97,97,0.00921046100120293,0.08149346500067622,True,"[-0.2548205852508545, 1.7999707460403442, 0.8555178642272949, 2.041081428527832, -1.3050941228866577, 0.11132147163152695, -0.23985227942466736, 0.06409163773059845, -0.011361045762896538, -0.01079778652638197, 1.5298463106155396, 0.2805267572402954, 0.02058889903128147, -0.06261757761240005]","[337.0, 2.0, 1.0, 4.0, 10.0, 935.0]","[3.0, 0.0, 0.0, 8.0, 0.0, 496.0]","[-0.18901565670967102, 0.20859035849571228, -0.061778947710990906, 0.6137824654579163, -1.1020305156707764, -0.22228406369686127, 0.03061547875404358, -0.41851234436035156, -0.4001086354255676, -0.007169097661972046, 0.23821429908275604, 0.6726580858230591, -0.19828978180885315, -0.5246812105178833, 0.3000001907348633, 0.3000004291534424, 0.299999862909317, 0.19999969005584717, 0.10000070929527283, 0.0, 0.880858302116394, 0.8796859979629517, 0.879632294178009, 0.8764026761054993, 0.776187002658844, 0.0]","[-0.24482057988643646, 1.7899707555770874, 0.8455178737640381, 2.031081438064575, -1.2950941324234009, 0.10132147371768951, -0.22985227406024933, 0.05409163981676102, -0.02136104553937912, -0.007169097661972046, 1.5198463201522827, 0.29052674770355225, 0.01058889925479889, -0.07261757552623749]","[287.0, 0.3000004291534424, 0.29999983310699463, 0.19999980926513672, 0.10000038146972656, 885.0]","[0.8808584213256836, 0.8796859979629517, 0.879632294178009, 0.8764028549194336, 0.776187002658844, 446.0]","[0.35655465722084045, 0.21689051389694214, -0.1962776482105255, 0.13905297219753265, -1.1848443746566772, -0.06334861367940903, 0.29095301032066345, 0.2722935676574707, -0.48316800594329834, -0.004458131734281778, -0.19471968710422516, 0.37303298711776733, -0.4261949956417084, -0.38508909940719604, 0.30000001192092896, 0.29899999499320984, 0.29899999499320984, 0.19900000095367432, 1.0, 0.0, 0.8980000019073486, 0.8989999890327454, 0.8999999761581421, 0.8999999761581421, 0.8009999990463257, 0.0]","[0.18737109005451202, 0.3095041811466217, -0.151245579123497, -0.06613925099372864, -1.1496658325195312, -0.25520098209381104, 0.20645061135292053, 0.11273107677698135, -0.5136516094207764, 0.010545535013079643, -0.20230332016944885, 0.3459014594554901, -0.5269168019294739, -0.4114682972431183, 0.30000001192092896, 0.30000001192092896, 0.30000001192092896, 0.20000000298023224, 0.10000000149011612, 0.0, 0.8999999761581421, 0.8999999761581421, 0.8999999761581421, 0.8999999761581421, 0.800000011920929, 0.0]"
98,98,98,0.012995843000680907,0.09886181900037627,True,"[-0.2548205852508545, 1.7999826669692993, 0.8555178642272949, 2.041081428527832, -1.305082082748413, 0.11132147163152695, -0.23987625539302826, 0.06409163773059845, -0.011349061504006386, -0.01079778652638197, 1.529834270477295, 0.2805267572402954, 0.020600883290171623, -0.06259360909461975]","[337.0, 2.0, 1.0, 4.0, 10.0, 935.0]","[2.0, 1.0, 0.0, 8.0, 0.0, 496.0]","[-0.1822136789560318, 0.21230262517929077, -0.05827901512384415, 0.623333752155304, -1.0937384366989136, -0.223215714097023, 0.024506032466888428, -0.44251418113708496, -0.4118969738483429, -0.011816680431365967, 0.22611403465270996, 0.6702173948287964, -0.19382596015930176, -0.5350536704063416, 0.3000001907348633, 0.3000003695487976, 0.299999862909317, 0.19999976456165314, 0.10000067204236984, 0.0, 0.8769428133964539, 0.8758124709129333, 0.8757771849632263, 0.871906578540802, 0.7716677784919739, 0.0]","[-0.24482057988643646, 1.7899826765060425, 0.8455178737640381, 2.031081438064575, -1.2950820922851562, 0.10132147371768951, -0.22987625002861023, 0.05409163981676102, -0.021349061280488968, -0.011816680431365967, 1.519834280014038, 0.29052674770355225, 0.010600883513689041, -0.07259360700845718]","[287.0, 0.3000004291534424, 0.29999983310699463, 0.19999980926513672, 0.10000038146972656, 885.0]","[0.8769428730010986, 0.8758124709129333, 0.8757771849632263, 0.8719067573547363, 0.7716677784919739, 446.0]","[0.35198867321014404, 0.2169264554977417, -0.1988542526960373, 0.13910090923309326, -1.1853597164154053, -0.06846588104963303, 0.2909889817237854, 0.2646716237068176, -0.483683317899704, 0.001306280493736267, -0.1875411421060562, 0.37375202775001526, -0.4262189567089081, -0.39013445377349854, 0.30000001192092896, 0.29899999499320984, 0.29899999499320984, 0.19900000095367432, 1.0, 0.0, 0.8980000019073486, 0.8989999890327454, 0.8999999761581421, 0.8999999761581421, 0.8009999990463257, 0.0]","[0.18514864146709442, 0.3094117045402527, -0.15180820226669312, -0.06613615900278091, -1.149754285812378, -0.25610822439193726, 0.2068508416414261, 0.10974191129207611, -0.5135461688041687, 0.011837968602776527, -0.20026138424873352, 0.3453100025653839, -0.5284138917922974, -0.4115990698337555, 0.30000001192092896, 0.30000001192092896, 0.30000001192092896, 0.20000000298023224, 0.10000000149011612, 0.0, 0.8999999761581421, 0.8999999761581421, 0.8999999761581421, 0.8999999761581421, 0.800000011920929, 0.0]"
99,99,99,0.011489538001114852,0.08149271500042232,True,"[-0.2548205852508545, 1.7999707460403442, 0.8555298447608948, 2.041081428527832, -1.305082082748413, 0.1113334521651268, -0.23987625539302826, 0.06409163773059845, -0.01137303002178669, -0.01079778652638197, 1.5298463106155396, 0.2805267572402954, 0.02058889903128147, -0.06259360909461975]","[337.0, 2.0, 1.0, 4.0, 10.0, 935.0]","[2.0, 1.0, 0.0, 8.0, 0.0, 496.0]","[-0.17528150975704193, 0.21410945057868958, -0.05656684935092926, 0.5988583564758301, -1.0975093841552734, -0.2131044864654541, 0.017046958208084106, -0.4069896340370178, -0.3969404399394989, -0.017688333988189697, 0.22451169788837433, 0.68436598777771, -0.18933811783790588, -0.5340151190757751, 0.30000022053718567, 0.30000039935112, 0.299999862909317, 0.19999974966049194, 0.10000070929527283, 0.0, 0.8846563100814819, 0.8834668397903442, 0.8834136724472046, 0.8808259963989258, 0.7805919647216797, 0.0]","[-0.24482057988643646, 1.7899707555770874, 0.8455298542976379, 2.031081438064575, -1.2950820922851562, 0.10133345425128937, -0.22987625002861023, 0.05409163981676102, -0.021373029798269272, -0.017688333988189697, 1.5198463201522827, 0.29052674770355225, 0.01058889925479889, -0.07259360700845718]","[287.0, 0.3000004291534424, 0.29999983310699463, 0.19999980926513672, 0.10000038146972656, 885.0]","[0.8846563100814819, 0.8834668397903442, 0.8834136724472046, 0.8808259963989258, 0.7805919647216797, 446.0]","[0.3386502265930176, 0.21713019907474518, -0.20546954870224, 0.13907693326473236, -1.1858031749725342, -0.07854460924863815, 0.2909889817237854, 0.24030768871307373, -0.48496565222740173, 0.014848454855382442, -0.1649269014596939, 0.3738838732242584, -0.4261949956417084, -0.3967497646808624, 0.30000001192092896, 0.29899999499320984, 0.29899999499320984, 0.19900000095367432, 1.0, 0.0, 0.8980000019073486, 0.8989999890327454, 0.8999999761581421, 0.8999999761581421, 0.8009999990463257, 0.0]","[0.1739622950553894, 0.3092566728591919, -0.16001084446907043, -0.06750715523958206, -1.1512235403060913, -0.26524996757507324, 0.21074867248535156, 0.09373585134744644, -0.5118273496627808, 0.022159205749630928, -0.19236809015274048, 0.3434571325778961, -0.5315588712692261, -0.4119322597980499, 0.30000001192092896, 0.30000001192092896, 0.30000001192092896, 0.20000000298023224, 0.10000000149011612, 0.0, 0.8999999761581421, 0.8999999761581421, 0.8999999761581421, 0.8999999761581421, 0.800000011920929, 0.0]"
100,100,100,1.1561872469992522,1.2398459789983463,True,"[-0.25480860471725464, 1.800006628036499, 0.8555418848991394, 2.041069269180298, -1.3051060438156128, 0.1113334521651268, -0.2398642748594284, 0.0641036182641983, -0.011361045762896538, -0.01079778652638197, 1.529834270477295, 0.28051474690437317, 0.020600883290171623, -0.06259360909461975]","[337.0, 2.0, 1.0, 4.0, 10.0, 935.0]","[3.0, 1.0, 0.0, 8.0, 0.0, 496.0]","[0.002430342137813568, 0.16381077468395233, 0.06844669580459595, 0.9998573064804077, -1.1311354637145996, -0.3093908727169037, 0.052713096141815186, -0.010390102863311768, -0.4758232831954956, 0.02185887098312378, 0.12623509764671326, 0.37278035283088684, -0.32294249534606934, -0.34700801968574524, 0.30000025033950806, 0.30000030994415283, 0.2999999225139618, 0.19999979436397552, 0.10000033676624298, 0.0, 0.9009798169136047, 0.900592565536499, 0.9005696773529053, 0.9007513523101807, 0.8005917072296143, 0.0]","[-0.2448085993528366, 1.7900066375732422, 0.8455418944358826, 2.031069278717041, -1.295106053352356, 0.10133345425128937, -0.22986426949501038, 0.05410362035036087, -0.02136104553937912, -0.0007977867498993874, 1.519834280014038, 0.29051473736763, 0.010600883513689041, -0.07259360700845718]","[287.0, 0.30000030994415283, 0.2999999523162842, 0.19999980926513672, 0.10000038146972656, 885.0]","[0.90097975730896, 0.900592565536499, 0.9005696773529053, 0.9007511138916016, 0.8005917072296143, 446.0]","[0.3158082962036133, 0.21753765642642975, -0.21873608231544495, 0.14025138318538666, -1.1873011589050293, -0.08567522466182709, 0.29173198342323303, 0.22405707836151123, -0.4853491485118866, 0.020085562020540237, -0.14731009304523468, 0.3739677369594574, -0.42614707350730896, -0.39804404973983765, 0.30000001192092896, 0.29899999499320984, 0.29899999499320984, 0.19900000095367432, 1.0, 0.0, 0.8980000019073486, 0.8989999890327454, 0.8999999761581421, 0.8999999761581421, 0.8009999990463257, 0.0]","[0.16621094942092896, 0.30974987149238586, -0.16640804708003998, -0.06802209466695786, -1.151157259941101, -0.27131617069244385, 0.21368113160133362, 0.08173199743032455, -0.512064516544342, 0.031536657363176346, -0.18793942034244537, 0.3391687273979187, -0.5331586599349976, -0.4160104990005493, 0.30000001192092896, 0.30000001192092896, 0.30000001192092896, 0.20000000298023224, 0.10000000149011612, 0.0, 0.8999999761581421, 0.8999999761581421, 0.8999999761581421, 0.8999999761581421, 0.800000011920929, 0.0]"
101,101,101,0.0215093530005106,0.10242928699881304,True,"[-0.2548205852508545, 1.800006628036499, 0.8555298447608948, 2.041081428527832, -1.3051060438156128, 0.1113334521651268, -0.2398642748594284, 0.06411560624837875, -0.01137303002178669, -0.01079778652638197, 1.5298582315444946, 0.2805267572402954, 0.02058889903128147, -0.06259360909461975]","[337.0, 2.0, 1.0, 4.0, 10.0, 935.0]","[3.0, 1.0, 0.0, 8.0, 0.0, 495.0]","[0.005218464881181717, 0.15747950971126556, 0.07735824584960938, 1.0059462785720825, -1.1412878036499023, -0.3141706585884094, 0.05637118220329285, 0.001438230276107788, -0.47312840819358826, 0.006398826837539673, 0.12102174758911133, 0.37009334564208984, -0.3295134902000427, -0.3712844252586365, 0.30000025033950806, 0.30000030994415283, 0.2999999225139618, 0.1999998390674591, 0.1000002920627594, 0.0, 0.9014004468917847, 0.9011341333389282, 0.9011335372924805, 0.9013595581054688, 0.8012315034866333, 0.0]","[-0.24482057988643646, 1.7900066375732422, 0.8455298542976379, 2.031081438064575, -1.295106053352356, 0.10133345425128937, -0.22986426949501038, 0.05411560833454132, -0.021373029798269272, -0.0007977867498993874, 1.5198582410812378, 0.29052674770355225, 0.01058889925479889, -0.07259360700845718]","[287.0, 0.30000030994415283, 0.2999999523162842, 0.19999980926513672, 0.10000038146972656, 885.0]","[0.9014005661010742, 0.9011341333389282, 0.9011335372924805, 0.9013595581054688, 0.8012315034866333, 445.0]","[0.3019784986972809, 0.21576398611068726, -0.22777219116687775, 0.14015550911426544, -1.1874449253082275, -0.09490308165550232, 0.29167208075523376, 0.2070154994726181, -0.4854809641838074, 0.02955309860408306, -0.1300048828125, 0.37400370836257935, -0.42584747076034546, -0.39861929416656494, 0.30000001192092896, 0.29899999499320984, 0.29899999499320984, 0.19900000095367432, 1.0, 0.0, 0.8980000019073486, 0.8989999890327454, 0.8999999761581421, 0.8999999761581421, 0.8009999990463257, 0.0]","[0.15893618762493134, 0.31086474657058716, -0.17166289687156677, -0.0688209980726242, -1.1506093740463257, -0.275981068611145, 0.2157806158065796, 0.07039611786603928, -0.5131433010101318, 0.04031729698181152, -0.18339766561985016, 0.33595791459083557, -0.5349553227424622, -0.42194151878356934, 0.30000001192092896, 0.30000001192092896, 0.30000001192092896, 0.20000000298023224, 0.10000000149011612, 0.0, 0.8999999761581421, 0.8999999761581421, 0.8999999761581421, 0.8999999761581421, 0.800000011920929, 0.0]"
102,102,102,0.0155632930000138,0.08721206699920003,True,"[-0.2548205852508545, 1.800006628036499, 0.8555178642272949, 2.0410573482513428, -1.3051060438156128, 0.1113334521651268, -0.2398882359266281, 0.06409163773059845, -0.01137303002178669, -0.010785802267491817, 1.529834270477295, 0.2805267572402954, 0.020564930513501167, -0.06261757761240005]","[337.0, 2.0, 1.0, 4.0, 10.0, 935.0]","[3.0, 1.0, 0.0, 8.0, 0.0, 495.0]","[0.017815787345170975, 0.16015762090682983, 0.0764840841293335, 0.9723222255706787, -1.134886622428894, -0.31662482023239136, 0.05392134189605713, 0.0069328248500823975, -0.4831697940826416, 0.001183629035949707, 0.054015934467315674, 0.3649117350578308, -0.34625953435897827, -0.38152530789375305, 0.30000025033950806, 0.30000028014183044, 0.2999999523162842, 0.1999998539686203, 0.1000002920627594, 0.0, 0.9002907872200012, 0.9000489115715027, 0.9000492691993713, 0.9000985026359558, 0.7999663949012756, 0.0]","[-0.24482057988643646, 1.7900066375732422, 0.8455178737640381, 2.031057357788086, -1.295106053352356, 0.10133345425128937, -0.22988823056221008, 0.05409163981676102, -0.021373029798269272, -0.0007858024910092354, 1.519834280014038, 0.29052674770355225, 0.010564930737018585, -0.07261757552623749]","[287.0, 0.30000030994415283, 0.2999999523162842, 0.19999980926513672, 0.10000038146972656, 885.0]","[0.9002907276153564, 0.9000489115715027, 0.9000492691993713, 0.9000983238220215, 0.7999663949012756, 445.0]","[0.29120469093322754, 0.21442176401615143, -0.23279356956481934, 0.1402154415845871, -1.1874090433120728, -0.09702428430318832, 0.2917200028896332, 0.197907492518425, -0.48556485772132874, 0.039739690721035004, -0.12104067206382751, 0.3740396499633789, -0.4251164197921753, -0.39993757009506226, 0.30000001192092896, 0.29899999499320984, 0.29899999499320984, 0.19900000095367432, 1.0, 0.0, 0.8980000019073486, 0.8989999890327454, 0.8999999761581421, 0.8999999761581421, 0.8009999990463257, 0.0]","[0.14829105138778687, 0.31184980273246765, -0.1800033301115036, -0.07078654319047928, -1.1491280794143677, -0.2820552587509155, 0.22133414447307587, 0.055300839245319366, -0.5130822062492371, 0.05139670893549919, -0.17606090009212494, 0.32999593019485474, -0.5391774773597717, -0.4320151209831238, 0.30000001192092896, 0.30000001192092896, 0.30000001192092896, 0.20000000298023224, 0.10000000149011612, 0.0, 0.8999999761581421, 0.8999999761581421, 0.8999999761581421, 0.8999999761581421, 0.800000011920929, 0.0]"
103,103,103,0.008846037999319378,0.08417371899849968,True,"[-0.25480860471725464, 1.8000186681747437, 0.8555418848991394, 2.041069269180298, -1.3051060438156128, 0.1113334521651268, -0.23987625539302826, 0.06411560624837875, -0.01137303002178669, -0.01079778652638197, 1.5298463106155396, 0.2805267572402954, 0.02058889903128147, -0.0626055896282196]","[337.0, 2.0, 1.0, 4.0, 10.0, 935.0]","[3.0, 1.0, 0.0, 8.0, 0.0, 495.0]","[0.01110570877790451, 0.1543761044740677, 0.07585442066192627, 0.9867093563079834, -1.1472729444503784, -0.3197769820690155, 0.05611160397529602, -0.003557831048965454, -0.4776619076728821, -0.0013917088508605957, 0.08170521259307861, 0.3561233580112457, -0.3472966253757477, -0.40463483333587646, 0.30000028014183044, 0.30000025033950806, 0.29999998211860657, 0.1999998837709427, 0.10000026226043701, 0.0, 0.9007173776626587, 0.9005653858184814, 0.9005801677703857, 0.9006829857826233, 0.8005789518356323, 0.0]","[-0.2448085993528366, 1.7900186777114868, 0.8455418944358826, 2.031069278717041, -1.295106053352356, 0.10133345425128937, -0.22987625002861023, 0.05411560833454132, -0.021373029798269272, -0.0013917088508605957, 1.5198463201522827, 0.29052674770355225, 0.01058889925479889, -0.07260558754205704]","[287.0, 0.3000001907348633, 0.2999999523162842, 0.19999980926513672, 0.10000038146972656, 885.0]","[0.9007172584533691, 0.9005653858184814, 0.9005801677703857, 0.9006829261779785, 0.8005789518356323, 445.0]","[0.2788130044937134, 0.21533255279064178, -0.23703598976135254, 0.14010757207870483, -1.1873970031738281, -0.10256099700927734, 0.29189977049827576, 0.18667827546596527, -0.48596033453941345, 0.05300622805953026, -0.11999804526567459, 0.37368011474609375, -0.42540404200553894, -0.4036886394023895, 0.30000001192092896, 0.29899999499320984, 0.29899999499320984, 0.19900000095367432, 1.0, 0.0, 0.8980000019073486, 0.8989999890327454, 0.8999999761581421, 0.8999999761581421, 0.8009999990463257, 0.0]","[0.14356236159801483, 0.31139618158340454, -0.18452738225460052, -0.07158052921295166, -1.1477397680282593, -0.2853280305862427, 0.22358757257461548, 0.04824380204081535, -0.5110864043235779, 0.058328527957201004, -0.1714445799589157, 0.3235427439212799, -0.5421048998832703, -0.44066300988197327, 0.30000001192092896, 0.30000001192092896, 0.30000001192092896, 0.20000000298023224, 0.10000000149011612, 0.0, 0.8999999761581421, 0.8999999761581421, 0.8999999761581421, 0.8999999761581421, 0.800000011920929, 0.0]"
104,104,104,0.007271931001014309,0.08798669700081518,True,"[-0.2548205852508545, 1.800006628036499, 0.8555418848991394, 2.0410454273223877, -1.3051060438156128, 0.1113334521651268, -0.23985227942466736, 0.06411560624837875, -0.01137303002178669, -0.01079778652638197, 1.5298463106155396, 0.28053873777389526, 0.020600883290171623, -0.0626055896282196]","[337.0, 2.0, 1.0, 4.0, 10.0, 935.0]","[2.0, 1.0, 0.0, 8.0, 0.0, 495.0]","[0.020911548286676407, 0.15554703772068024, 0.0783434808254242, 0.9632338285446167, -1.1455633640289307, -0.32325369119644165, 0.053919076919555664, 0.011217445135116577, -0.4809888005256653, -0.007045716047286987, 0.037980347871780396, 0.35534971952438354, -0.3555005192756653, -0.40814119577407837, 0.30000028014183044, 0.30000022053718567, 0.29999998211860657, 0.19999991357326508, 0.10000024735927582, 0.0, 0.8999761939048767, 0.8998695015907288, 0.8998894691467285, 0.8998737335205078, 0.7997691631317139, 0.0]","[-0.24482057988643646, 1.7900066375732422, 0.8455418944358826, 2.031045436859131, -1.295106053352356, 0.10133345425128937, -0.22985227406024933, 0.05411560833454132, -0.021373029798269272, -0.007045716047286987, 1.5198463201522827, 0.2905387282371521, 0.010600883513689041, -0.07260558754205704]","[287.0, 0.3000001907348633, 0.2999999523162842, 0.19999980926513672, 0.10000038146972656, 885.0]","[0.8999762535095215, 0.8998695015907288, 0.8998894691467285, 0.8998737335205078, 0.7997691631317139, 445.0]","[0.26271817088127136, 0.21576398611068726, -0.24300412833690643, 0.14013154804706573, -1.1876007318496704, -0.11243600398302078, 0.29240310192108154, 0.1687738448381424, -0.48588842153549194, 0.06753110885620117, -0.11516840755939484, 0.37330862879753113, -0.4254879355430603, -0.41159820556640625, 0.30000001192092896, 0.29899999499320984, 0.29899999499320984, 0.19900000095367432, 1.0, 0.0, 0.8980000019073486, 0.8989999890327454, 0.8999999761581421, 0.8999999761581421, 0.8009999990463257, 0.0]","[0.14114098250865936, 0.3107145130634308, -0.18798255920410156, -0.07228878140449524, -1.1457479000091553, -0.2872845232486725, 0.22498589754104614, 0.043701425194740295, -0.5085790753364563, 0.06399867683649063, -0.16729407012462616, 0.3158215880393982, -0.5450864434242249, -0.4501461386680603, 0.30000001192092896, 0.30000001192092896, 0.30000001192092896, 0.20000000298023224, 0.10000000149011612, 0.0, 0.8999999761581421, 0.8999999761581421, 0.8999999761581421, 0.8999999761581421, 0.800000011920929, 0.0]"
105,105,105,0.011946956001338549,0.09030513300058374,True,"[-0.2548205852508545, 1.8000186681747437, 0.8555538654327393, 2.0410454273223877, -1.3051180839538574, 0.1113574206829071, -0.23987625539302826, 0.06409163773059845, -0.01137303002178669, -0.01079778652638197, 1.529834270477295, 0.28051474690437317, 0.020552946254611015, -0.0626055896282196]","[337.0, 2.0, 1.0, 4.0, 10.0, 935.0]","[2.0, 1.0, 0.0, 8.0, 0.0, 495.0]","[0.01630501076579094, 0.15225926041603088, 0.08242537081241608, 0.9745081663131714, -1.1483789682388306, -0.32569295167922974, 0.055267333984375, 0.010665565729141235, -0.47841542959213257, -0.014159530401229858, 0.050224363803863525, 0.34808921813964844, -0.3581681549549103, -0.41804948449134827, 0.30000028014183044, 0.30000022053718567, 0.29999998211860657, 0.19999992847442627, 0.10000021755695343, 0.0, 0.9005319476127625, 0.9005172848701477, 0.9005541205406189, 0.9006091952323914, 0.8005297183990479, 0.0]","[-0.24482057988643646, 1.7900186777114868, 0.8455538749694824, 2.031045436859131, -1.2951180934906006, 0.10135742276906967, -0.22987625002861023, 0.05409163981676102, -0.021373029798269272, -0.014159530401229858, 1.519834280014038, 0.29051473736763, 0.010552946478128433, -0.07260558754205704]","[287.0, 0.3000001907348633, 0.2999999523162842, 0.19999980926513672, 0.10000038146972656, 885.0]","[0.9005320072174072, 0.9005172848701477, 0.9005541205406189, 0.900609016418457, 0.8005297183990479, 445.0]","[0.24786972999572754, 0.2157520055770874, -0.24923592805862427, 0.14038321375846863, -1.1875169277191162, -0.11616309732198715, 0.2929064631462097, 0.15859924256801605, -0.4858285188674927, 0.07504522055387497, -0.10914033651351929, 0.37294909358024597, -0.4254879355430603, -0.41920819878578186, 0.30000001192092896, 0.29899999499320984, 0.29899999499320984, 0.19900000095367432, 1.0, 0.0, 0.8980000019073486, 0.8989999890327454, 0.8999999761581421, 0.8999999761581421, 0.8009999990463257, 0.0]","[0.1378956437110901, 0.31061258912086487, -0.19343028962612152, -0.07151559740304947, -1.1440778970718384, -0.29247432947158813, 0.22350184619426727, 0.03720898553729057, -0.5077213644981384, 0.06967908889055252, -0.15863487124443054, 0.3033347427845001, -0.5529866218566895, -0.47168731689453125, 0.30000001192092896, 0.30000001192092896, 0.30000001192092896, 0.20000000298023224, 0.10000000149011612, 0.0, 0.8999999761581421, 0.8999999761581421, 0.8999999761581421, 0.8999999761581421, 0.800000011920929, 0.0]"
106,106,106,0.00810889300009876,0.0860968450015207,True,"[-0.25483256578445435, 1.800006628036499, 0.8555418848991394, 2.0410454273223877, -1.3050941228866577, 0.11132147163152695, -0.2398642748594284, 0.06409163773059845, -0.01137303002178669, -0.01079778652638197, 1.529834270477295, 0.28053873777389526, 0.02058889903128147, -0.06259360909461975]","[337.0, 2.0, 1.0, 4.0, 10.0, 935.0]","[2.0, 1.0, 0.0, 8.0, 0.0, 495.0]","[0.02288217470049858, 0.15408900380134583, 0.07732604444026947, 0.9518115520477295, -1.1466660499572754, -0.32475745677948, 0.05660101771354675, 0.017806410789489746, -0.48206228017807007, -0.009033381938934326, 0.0317954421043396, 0.3488764464855194, -0.35721248388290405, -0.4156792163848877, 0.30000028014183044, 0.30000022053718567, 0.29999998211860657, 0.19999991357326508, 0.10000023245811462, 0.0, 0.8994804620742798, 0.8994114398956299, 0.8994386792182922, 0.8993309736251831, 0.7992379069328308, 0.0]","[-0.24483256042003632, 1.7900066375732422, 0.8455418944358826, 2.031045436859131, -1.2950941324234009, 0.10132147371768951, -0.22986426949501038, 0.05409163981676102, -0.021373029798269272, -0.009033381938934326, 1.519834280014038, 0.2905387282371521, 0.01058889925479889, -0.07259360700845718]","[287.0, 0.3000001907348633, 0.2999999523162842, 0.19999980926513672, 0.10000038146972656, 885.0]","[0.8994804620742798, 0.8994114398956299, 0.8994386792182922, 0.8993310928344727, 0.7992379069328308, 445.0]","[0.2400440275669098, 0.21619541943073273, -0.2536221444606781, 0.14046710729599, -1.1864622831344604, -0.11845207959413528, 0.2932899296283722, 0.15481221675872803, -0.48584049940109253, 0.07983890920877457, -0.10241718590259552, 0.37158289551734924, -0.4255838096141815, -0.42552387714385986, 0.30000001192092896, 0.29899999499320984, 0.29899999499320984, 0.19900000095367432, 1.0, 0.0, 0.8980000019073486, 0.8989999890327454, 0.8999999761581421, 0.8999999761581421, 0.8009999990463257, 0.0]","[0.1355372667312622, 0.3104424476623535, -0.19675469398498535, -0.07027573138475418, -1.1429096460342407, -0.2951299846172333, 0.22237639129161835, 0.032926034182310104, -0.5069348216056824, 0.07198705524206161, -0.15377983450889587, 0.29541388154029846, -0.5542122721672058, -0.48600468039512634, 0.30000001192092896, 0.30000001192092896, 0.30000001192092896, 0.20000000298023224, 0.10000000149011612, 0.0, 0.8999999761581421, 0.8999999761581421, 0.8999999761581421, 0.8999999761581421, 0.800000011920929, 0.0]"
107,107,107,0.010058769999886863,0.06262351400073385,True,"[-0.25480860471725464, 1.799994707107544, 0.8555298447608948, 2.0410573482513428, -1.3051060438156128, 0.11132147163152695, -0.2398642748594284, 0.06411560624837875, -0.01137303002178669, -0.01079778652638197, 1.5298463106155396, 0.2805267572402954, 0.020600883290171623, -0.0626055896282196]","[337.0, 2.0, 1.0, 4.0, 10.0, 935.0]","[3.0, 1.0, 0.0, 8.0, 0.0, 495.0]","[0.01968560740351677, 0.15279768407344818, 0.0815274566411972, 0.9683445692062378, -1.1444568634033203, -0.32368528842926025, 0.05812263488769531, 0.022282809019088745, -0.4748072922229767, -0.012890845537185669, 0.05574125051498413, 0.35506489872932434, -0.3492720127105713, -0.4053501486778259, 0.30000028014183044, 0.30000022053718567, 0.29999998211860657, 0.19999991357326508, 0.10000024735927582, 0.0, 0.8999430537223816, 0.8998410701751709, 0.8998687267303467, 0.8998333215713501, 0.7997349500656128, 0.0]","[-0.2448085993528366, 1.789994716644287, 0.8455298542976379, 2.031057357788086, -1.295106053352356, 0.10132147371768951, -0.22986426949501038, 0.05411560833454132, -0.021373029798269272, -0.012890845537185669, 1.5198463201522827, 0.29052674770355225, 0.010600883513689041, -0.07260558754205704]","[287.0, 0.3000001907348633, 0.2999999523162842, 0.19999980926513672, 0.10000038146972656, 885.0]","[0.8999431133270264, 0.8998410701751709, 0.8998687267303467, 0.8998332023620605, 0.7997349500656128, 445.0]","[0.2344713658094406, 0.21675868332386017, -0.25675004720687866, 0.14047908782958984, -1.1854196786880493, -0.12325775623321533, 0.2932659685611725, 0.14998257160186768, -0.485768586397171, 0.08496815711259842, -0.09492705017328262, 0.36833515763282776, -0.4256197512149811, -0.4379635155200958, 0.30000001192092896, 0.29899999499320984, 0.29899999499320984, 0.19900000095367432, 1.0, 0.0, 0.8980000019073486, 0.8989999890327454, 0.8999999761581421, 0.8999999761581421, 0.8009999990463257, 0.0]","[0.13180343806743622, 0.30950647592544556, -0.20140574872493744, -0.0673227459192276, -1.1420637369155884, -0.29956042766571045, 0.2186964601278305, 0.026547301560640335, -0.5049432516098022, 0.07313302904367447, -0.14562584459781647, 0.275992214679718, -0.5549799203872681, -0.5181392431259155, 0.30000001192092896, 0.30000001192092896, 0.30000001192092896, 0.20000000298023224, 0.10000000149011612, 0.0, 0.8999999761581421, 0.8999999761581421, 0.8999999761581421, 0.8999999761581421, 0.800000011920929, 0.0]"
108,108,108,0.012230896998516982,0.09525597600077162,True,"[-0.2548205852508545, 1.7999707460403442, 0.8555418848991394, 2.0410573482513428, -1.3051060438156128, 0.11132147163152695, -0.2398882359266281, 0.06409163773059845, -0.011349061504006386, -0.01079778652638197, 1.5298463106155396, 0.28051474690437317, 0.02058889903128147, -0.0626055896282196]","[337.0, 2.0, 1.0, 5.0, 10.0, 935.0]","[2.0, 1.0, 0.0, 8.0, 0.0, 495.0]","[0.023232970386743546, 0.15203018486499786, 0.07606345415115356, 0.9508997201919556, -1.1468958854675293, -0.3258572220802307, 0.057972252368927, 0.019017785787582397, -0.4811345338821411, -0.012115150690078735, 0.03259161114692688, 0.3456858992576599, -0.3573594093322754, -0.42191949486732483, 0.30000028014183044, 0.3000001907348633, 0.30000001192092896, 0.19999992847442627, 0.10000021755695343, 0.0, 0.8992303013801575, 0.8991965651512146, 0.8992304801940918, 0.8990738391876221, 0.7989904284477234, 0.0]","[-0.24482057988643646, 1.7899707555770874, 0.8455418944358826, 2.031057357788086, -1.295106053352356, 0.10132147371768951, -0.22988823056221008, 0.05409163981676102, -0.021349061280488968, -0.012115150690078735, 1.5198463201522827, 0.29051473736763, 0.01058889925479889, -0.07260558754205704]","[287.0, 0.3000001907348633, 0.30000001192092896, 0.19999980926513672, 0.10000038146972656, 885.0]","[0.8992302417755127, 0.8991965651512146, 0.8992304801940918, 0.899073600769043, 0.7989904284477234, 445.0]","[0.22567494213581085, 0.2203179895877838, -0.26292192935943604, 0.1404431313276291, -1.18537175655365, -0.13425926864147186, 0.2930862009525299, 0.14480538666248322, -0.48561277985572815, 0.08835969120264053, -0.08791627734899521, 0.34876492619514465, -0.426111102104187, -0.4663781225681305, 0.30000001192092896, 0.29899999499320984, 0.29899999499320984, 0.19900000095367432, 1.0, 0.0, 0.8980000019073486, 0.8989999890327454, 0.8999999761581421, 0.8999999761581421, 0.8009999990463257, 0.0]","[0.1262551248073578, 0.30771738290786743, -0.20926807820796967, -0.06376584619283676, -1.1389092206954956, -0.3070096969604492, 0.21591369807720184, 0.019735338166356087, -0.5013535618782043, 0.0688207671046257, -0.12559103965759277, 0.2353714108467102, -0.5455710291862488, -0.5957212448120117, 0.30000001192092896, 0.30000001192092896, 0.30000001192092896, 0.20000000298023224, 0.10000000149011612, 0.0, 0.8999999761581421, 0.8999999761581421, 0.8999999761581421, 0.8999999761581421, 0.800000011920929, 0.0]"
109,109,109,0.010809250999955111,0.08284139900024456,True,"[-0.2548205852508545, 1.8000186681747437, 0.8555298447608948, 2.041069269180298, -1.3051060438156128, 0.1113334521651268, -0.23987625539302826, 0.06409163773059845, -0.01137303002178669, -0.010785802267491817, 1.5298463106155396, 0.2805267572402954, 0.02058889903128147, -0.06259360909461975]","[337.0, 2.0, 1.0, 4.0, 10.0, 935.0]","[2.0, 1.0, 0.0, 8.0, 0.0, 495.0]","[0.020950686186552048, 0.1512131243944168, 0.07489077746868134, 0.9364732503890991, -1.156623363494873, -0.3314884305000305, 0.06140205264091492, 0.020350873470306396, -0.47675836086273193, -0.005514323711395264, 0.04697480797767639, 0.3274904191493988, -0.3610798418521881, -0.4351503849029541, 0.30000028014183044, 0.3000001907348633, 0.30000001192092896, 0.19999994337558746, 0.10000018775463104, 0.0, 0.8994108438491821, 0.899434506893158, 0.8994742035865784, 0.8993416428565979, 0.7992746233940125, 0.0]","[-0.24482057988643646, 1.7900186777114868, 0.8455298542976379, 2.031069278717041, -1.295106053352356, 0.10133345425128937, -0.22987625002861023, 0.05409163981676102, -0.021373029798269272, -0.005514323711395264, 1.5198463201522827, 0.29052674770355225, 0.01058889925479889, -0.07259360700845718]","[287.0, 0.3000001907348633, 0.30000001192092896, 0.20000004768371582, 0.10000038146972656, 885.0]","[0.8994108438491821, 0.899434506893158, 0.8994742035865784, 0.8993415832519531, 0.7992746233940125, 445.0]","[0.22267888486385345, 0.22035394608974457, -0.2629339098930359, 0.1404910683631897, -1.185443639755249, -0.13750700652599335, 0.29307422041893005, 0.14322347939014435, -0.48566073179244995, 0.08887501806020737, -0.08742492645978928, 0.34018421173095703, -0.4260871410369873, -0.48067528009414673, 0.30000001192092896, 0.29899999499320984, 0.29899999499320984, 0.19900000095367432, 1.0, 0.0, 0.8980000019073486, 0.8989999890327454, 0.8999999761581421, 0.8999999761581421, 0.8009999990463257, 0.0]","[0.12510380148887634, 0.30697113275527954, -0.21032117307186127, -0.06372147053480148, -1.1382821798324585, -0.30816081166267395, 0.21599364280700684, 0.018190717324614525, -0.5004163384437561, 0.06724587827920914, -0.12082675099372864, 0.2271086573600769, -0.5442337989807129, -0.6099302768707275, 0.30000001192092896, 0.30000001192092896, 0.30000001192092896, 0.20000000298023224, 0.10000000149011612, 0.0, 0.8999999761581421, 0.8999999761581421, 0.8999999761581421, 0.8999999761581421, 0.800000011920929, 0.0]"
110,110,110,0.006671459999779472,0.09951014299986127,True,"[-0.2548205852508545, 1.800006628036499, 0.8555178642272949, 2.041069269180298, -1.3051060438156128, 0.11132147163152695, -0.23987625539302826, 0.06411560624837875, -0.011361045762896538, -0.010785802267491817, 1.529834270477295, 0.28051474690437317, 0.02058889903128147, -0.0626055896282196]","[337.0, 2.0, 1.0, 5.0, 10.0, 935.0]","[3.0, 0.0, 0.0, 8.0, 0.0, 495.0]","[0.02151336893439293, 0.1522756963968277, 0.0725758969783783, 0.9369022846221924, -1.150956630706787, -0.3263862133026123, 0.060084640979766846, 0.02210727334022522, -0.47744691371917725, -0.006291687488555908, 0.044092148542404175, 0.3432541787624359, -0.35801711678504944, -0.4236459732055664, 0.30000028014183044, 0.3000001907348633, 0.30000001192092896, 0.19999992847442627, 0.10000022500753403, 0.0, 0.8990347981452942, 0.8989779353141785, 0.8990112543106079, 0.8988229036331177, 0.7987325191497803, 0.0]","[-0.24482057988643646, 1.7900066375732422, 0.8455178737640381, 2.031069278717041, -1.295106053352356, 0.10132147371768951, -0.22987625002861023, 0.05411560833454132, -0.02136104553937912, -0.006291687488555908, 1.519834280014038, 0.29051473736763, 0.01058889925479889, -0.07260558754205704]","[287.0, 0.3000001907348633, 0.30000001192092896, 0.19999980926513672, 0.10000038146972656, 885.0]","[0.8990347385406494, 0.8989779353141785, 0.8990112543106079, 0.8988227844238281, 0.7987325191497803, 445.0]","[0.2181248813867569, 0.2204977571964264, -0.2628380358219147, 0.14055100083351135, -1.185910940170288, -0.1434391885995865, 0.2931341528892517, 0.13902899622917175, -0.4839589595794678, 0.08976184576749802, -0.08191218227148056, 0.31257256865501404, -0.42607516050338745, -0.5202112197875977, 0.30000001192092896, 0.29899999499320984, 0.29899999499320984, 0.19900000095367432, 1.0, 0.0, 0.8980000019073486, 0.8989999890327454, 0.8999999761581421, 0.8999999761581421, 0.8009999990463257, 0.0]","[0.12050818651914597, 0.3048344850540161, -0.2145444005727768, -0.06643553823232651, -1.1364121437072754, -0.31151241064071655, 0.21841716766357422, 0.008582157082855701, -0.49688720703125, 0.061720360070466995, -0.10253996402025223, 0.19639405608177185, -0.5405471920967102, -0.6816014647483826, 0.30000001192092896, 0.30000001192092896, 0.30000001192092896, 0.20000000298023224, 0.10000000149011612, 0.0, 0.8999999761581421, 0.8999999761581421, 0.8999999761581421, 0.8999999761581421, 0.800000011920929, 0.0]"
111,111,111,0.011314236000544042,0.09901056800117658,True,"[-0.25480860471725464, 1.800006628036499, 0.8555418848991394, 2.041081428527832, -1.3050941228866577, 0.1113334521651268, -0.23987625539302826, 0.06409163773059845, -0.011361045762896538, -0.010785802267491817, 1.5298463106155396, 0.28053873777389526, 0.02058889903128147, -0.0626055896282196]","[337.0, 2.0, 1.0, 4.0, 10.0, 935.0]","[3.0, 1.0, 0.0, 8.0, 0.0, 495.0]","[0.02306731417775154, 0.1493745595216751, 0.08030162751674652, 0.964672327041626, -1.1500376462936401, -0.3281240165233612, 0.06150946021080017, 0.03079807758331299, -0.4701278507709503, -0.015780329704284668, 0.06344518065452576, 0.35067659616470337, -0.3495885133743286, -0.41730836033821106, 0.30000028014183044, 0.30000022053718567, 0.29999998211860657, 0.19999992847442627, 0.10000021755695343, 0.0, 0.8996230363845825, 0.89959317445755, 0.8996308445930481, 0.8995315432548523, 0.799454391002655, 0.0]","[-0.2448085993528366, 1.7900066375732422, 0.8455418944358826, 2.031081438064575, -1.2950941324234009, 0.10133345425128937, -0.22987625002861023, 0.05409163981676102, -0.02136104553937912, -0.015780329704284668, 1.5198463201522827, 0.2905387282371521, 0.01058889925479889, -0.07260558754205704]","[287.0, 0.3000001907348633, 0.2999999523162842, 0.19999980926513672, 0.10000038146972656, 885.0]","[0.899622917175293, 0.89959317445755, 0.8996308445930481, 0.899531364440918, 0.799454391002655, 445.0]","[0.2118571400642395, 0.2206176072359085, -0.2628380358219147, 0.1405869424343109, -1.185910940170288, -0.1473820060491562, 0.2931341528892517, 0.12857875227928162, -0.48271259665489197, 0.09074455499649048, -0.06916096061468124, 0.28436169028282166, -0.4262669086456299, -0.5643491744995117, 0.30000001192092896, 0.29899999499320984, 0.29899999499320984, 0.19900000095367432, 1.0, 0.0, 0.8980000019073486, 0.8989999890327454, 0.8999999761581421, 0.8999999761581421, 0.8009999990463257, 0.0]","[0.12018037587404251, 0.3024252951145172, -0.218998521566391, -0.06771282106637955, -1.1335313320159912, -0.3157828450202942, 0.21865656971931458, 0.003679990768432617, -0.4911527931690216, 0.05774357169866562, -0.09714342653751373, 0.18141521513462067, -0.5401634573936462, -0.7098813652992249, 0.30000001192092896, 0.30000001192092896, 0.30000001192092896, 0.20000000298023224, 0.10000000149011612, 0.0, 0.8999999761581421, 0.8999999761581421, 0.8999999761581421, 0.8999999761581421, 0.800000011920929, 0.0]"
112,112,112,0.013540542999180616,0.11880672000006598,True,"[-0.2548205852508545, 1.799994707107544, 0.8555178642272949, 2.041081428527832, -1.3051060438156128, 0.11132147163152695, -0.23987625539302826, 0.06411560624837875, -0.01137303002178669, -0.010785802267491817, 1.529834270477295, 0.2805267572402954, 0.02058889903128147, -0.06259360909461975]","[337.0, 2.0, 1.0, 4.0, 10.0, 935.0]","[3.0, 1.0, 0.0, 8.0, 0.0, 495.0]","[0.016251493245363235, 0.1493418663740158, 0.07394486665725708, 0.9531570672988892, -1.1537050008773804, -0.32793211936950684, 0.06642237305641174, 0.026591628789901733, -0.46550261974334717, -0.008164972066879272, 0.08043822646141052, 0.35320141911506653, -0.34807872772216797, -0.41781675815582275, 0.30000028014183044, 0.30000022053718567, 0.29999998211860657, 0.19999991357326508, 0.10000022500753403, 0.0, 0.8995819091796875, 0.8995130062103271, 0.899551510810852, 0.8994414210319519, 0.7993557453155518, 0.0]","[-0.24482057988643646, 1.789994716644287, 0.8455178737640381, 2.031081438064575, -1.295106053352356, 0.10132147371768951, -0.22987625002861023, 0.05411560833454132, -0.021373029798269272, -0.008164972066879272, 1.519834280014038, 0.29052674770355225, 0.01058889925479889, -0.07259360700845718]","[287.0, 0.3000001907348633, 0.2999999523162842, 0.19999980926513672, 0.10000038146972656, 885.0]","[0.8995819091796875, 0.8995130062103271, 0.899551510810852, 0.8994412422180176, 0.7993557453155518, 445.0]","[0.20410333573818207, 0.2206176072359085, -0.26382073760032654, 0.14055100083351135, -1.1858271360397339, -0.147525817155838, 0.2931581139564514, 0.11785287410020828, -0.48005211353302, 0.09122392535209656, -0.060927800834178925, 0.2614598274230957, -0.4266384243965149, -0.6090143322944641, 0.30000001192092896, 0.29899999499320984, 0.29899999499320984, 0.19900000095367432, 1.0, 0.0, 0.8980000019073486, 0.8989999890327454, 0.8999999761581421, 0.8999999761581421, 0.8009999990463257, 0.0]","[0.11987000703811646, 0.300611287355423, -0.22317230701446533, -0.06803872436285019, -1.1312164068222046, -0.3200969696044922, 0.2192436307668686, 0.000252155790803954, -0.4865758419036865, 0.05535252392292023, -0.09413906931877136, 0.16669465601444244, -0.5401124954223633, -0.7353756427764893, 0.30000001192092896, 0.30000001192092896, 0.30000001192092896, 0.20000000298023224, 0.10000000149011612, 0.0, 0.8999999761581421, 0.8999999761581421, 0.8999999761581421, 0.8999999761581421, 0.800000011920929, 0.0]"
113,113,113,0.012357473000520258,0.10286699400057842,True,"[-0.2548205852508545, 1.8000305891036987, 0.8555298447608948, 2.0410454273223877, -1.3051060438156128, 0.1113334521651268, -0.2398642748594284, 0.064079649746418, -0.01137303002178669, -0.01079778652638197, 1.5298463106155396, 0.28051474690437317, 0.02058889903128147, -0.0626055896282196]","[337.0, 2.0, 1.0, 4.0, 10.0, 935.0]","[2.0, 1.0, 0.0, 8.0, 0.0, 495.0]","[0.02204388752579689, 0.15125113725662231, 0.0705491453409195, 0.9279575943946838, -1.1529045104980469, -0.330208420753479, 0.06428241729736328, 0.04118800163269043, -0.4695361852645874, -0.005331367254257202, 0.06691128015518188, 0.33905357122421265, -0.3526464104652405, -0.42059391736984253, 0.30000028014183044, 0.30000022053718567, 0.29999998211860657, 0.19999991357326508, 0.10000022500753403, 0.0, 0.8993743062019348, 0.8993034362792969, 0.8993380665779114, 0.8992031216621399, 0.7991099953651428, 0.0]","[-0.24482057988643646, 1.790030598640442, 0.8455298542976379, 2.031045436859131, -1.295106053352356, 0.10133345425128937, -0.22986426949501038, 0.054079651832580566, -0.021373029798269272, -0.005331367254257202, 1.5198463201522827, 0.29051473736763, 0.01058889925479889, -0.07260558754205704]","[287.0, 0.3000001907348633, 0.2999999523162842, 0.19999980926513672, 0.10000038146972656, 885.0]","[0.89937424659729, 0.8993034362792969, 0.8993380665779114, 0.8992033004760742, 0.7991099953651428, 445.0]","[0.1974281221628189, 0.22064156830310822, -0.26412034034729004, 0.14052702486515045, -1.1857552528381348, -0.1486762911081314, 0.2931341528892517, 0.1043706163764, -0.4746951758861542, 0.09117598831653595, -0.05971739441156387, 0.24771393835544586, -0.4268062114715576, -0.6442359685897827, 0.30000001192092896, 0.29899999499320984, 0.29899999499320984, 0.19900000095367432, 1.0, 0.0, 0.8980000019073486, 0.8989999890327454, 0.8999999761581421, 0.8999999761581421, 0.8009999990463257, 0.0]","[0.11975903064012527, 0.3006085455417633, -0.2231893539428711, -0.0679856464266777, -1.1311709880828857, -0.3201669156551361, 0.21928419172763824, 0.00019237629021517932, -0.48642945289611816, 0.055605318397283554, -0.09426859021186829, 0.16583667695522308, -0.5399962067604065, -0.7362549304962158, 0.30000001192092896, 0.30000001192092896, 0.30000001192092896, 0.20000000298023224, 0.10000000149011612, 0.0, 0.8999999761581421, 0.8999999761581421, 0.8999999761581421, 0.8999999761581421, 0.800000011920929, 0.0]"
114,114,114,0.01086772300004668,0.1182316289996379,True,"[-0.2548205852508545, 1.7999826669692993, 0.8555298447608948, 2.0410573482513428, -1.3051060438156128, 0.11132147163152695, -0.23987625539302826, 0.06411560624837875, -0.01137303002178669, -0.01079778652638197, 1.529834270477295, 0.2805507183074951, 0.02058889903128147, -0.0626055896282196]","[337.0, 2.0, 1.0, 4.0, 10.0, 935.0]","[2.0, 1.0, 0.0, 8.0, 0.0, 495.0]","[0.021660324186086655, 0.15086974203586578, 0.06852523982524872, 0.9334884881973267, -1.1518118381500244, -0.32922661304473877, 0.06563201546669006, 0.03201362490653992, -0.47131508588790894, -0.007931947708129883, 0.053037405014038086, 0.337371289730072, -0.3577492833137512, -0.4305923879146576, 0.30000028014183044, 0.30000022053718567, 0.29999998211860657, 0.19999991357326508, 0.10000023245811462, 0.0, 0.8993436694145203, 0.8992499709129333, 0.8992840051651001, 0.8991420865058899, 0.7990481853485107, 0.0]","[-0.24482057988643646, 1.7899826765060425, 0.8455298542976379, 2.031057357788086, -1.295106053352356, 0.10132147371768951, -0.22987625002861023, 0.05411560833454132, -0.021373029798269272, -0.007931947708129883, 1.519834280014038, 0.29055070877075195, 0.01058889925479889, -0.07260558754205704]","[287.0, 0.3000001907348633, 0.2999999523162842, 0.19999980926513672, 0.10000038146972656, 885.0]","[0.899343729019165, 0.8992499709129333, 0.8992840051651001, 0.8991422653198242, 0.7990481853485107, 445.0]","[0.19352127611637115, 0.2206176072359085, -0.264384001493454, 0.14052702486515045, -1.1857792139053345, -0.1504739373922348, 0.29314613342285156, 0.0923384577035904, -0.4705486297607422, 0.09117598831653595, -0.05621800199151039, 0.2349507361650467, -0.42704588174819946, -0.6680606603622437, 0.30000001192092896, 0.29899999499320984, 0.29899999499320984, 0.19900000095367432, 1.0, 0.0, 0.8980000019073486, 0.8989999890327454, 0.8999999761581421, 0.8999999761581421, 0.8009999990463257, 0.0]","[0.12169268727302551, 0.2954750061035156, -0.23366455733776093, -0.07328397035598755, -1.126028299331665, -0.33142584562301636, 0.2225068360567093, -0.008620049804449081, -0.476982444524765, 0.047128479927778244, -0.09687347710132599, 0.1452723741531372, -0.5395250916481018, -0.7736225128173828, 0.30000001192092896, 0.30000001192092896, 0.30000001192092896, 0.20000000298023224, 0.10000000149011612, 0.0, 0.8999999761581421, 0.8999999761581421, 0.8999999761581421, 0.8999999761581421, 0.800000011920929, 0.0]"
115,115,115,0.01710821499909798,0.13668360599876905,True,"[-0.2548205852508545, 1.7999826669692993, 0.8555298447608948, 2.0410573482513428, -1.3051180839538574, 0.11132147163152695, -0.2398642748594284, 0.06409163773059845, -0.01137303002178669, -0.010785802267491817, 1.529834270477295, 0.28051474690437317, 0.020600883290171623, -0.0626055896282196]","[337.0, 2.0, 1.0, 4.0, 10.0, 935.0]","[2.0, 1.0, 0.0, 8.0, 0.0, 495.0]","[0.026238467544317245, 0.15146169066429138, 0.0751211941242218, 0.9371083974838257, -1.1494410037994385, -0.3311614990234375, 0.06710764765739441, 0.042295634746551514, -0.4707556664943695, -0.014734148979187012, 0.04913055896759033, 0.34588420391082764, -0.3559991121292114, -0.4245569109916687, 0.30000028014183044, 0.3000001907348633, 0.29999998211860657, 0.19999992847442627, 0.10000022500753403, 0.0, 0.898964524269104, 0.8989225029945374, 0.8989642858505249, 0.8987553119659424, 0.7986686825752258, 0.0]","[-0.24482057988643646, 1.7899826765060425, 0.8455298542976379, 2.031057357788086, -1.2951180934906006, 0.10132147371768951, -0.22986426949501038, 0.05409163981676102, -0.021373029798269272, -0.014734148979187012, 1.519834280014038, 0.29051473736763, 0.010600883513689041, -0.07260558754205704]","[287.0, 0.3000001907348633, 0.2999999523162842, 0.19999980926513672, 0.10000038146972656, 885.0]","[0.898964524269104, 0.8989225029945374, 0.8989642858505249, 0.8987550735473633, 0.7986686825752258, 445.0]","[0.18925487995147705, 0.22073744237422943, -0.2687702178955078, 0.14050306379795074, -1.1857792139053345, -0.15513579547405243, 0.2931581139564514, 0.083673857152462, -0.47014114260673523, 0.09070859849452972, -0.055882442742586136, 0.2249918431043625, -0.4270099401473999, -0.692700207233429, 0.30000001192092896, 0.29899999499320984, 0.29899999499320984, 0.19900000095367432, 1.0, 0.0, 0.8980000019073486, 0.8989999890327454, 0.8999999761581421, 0.8999999761581421, 0.8009999990463257, 0.0010000000474974513]","[0.12065750360488892, 0.2937800884246826, -0.24031655490398407, -0.07022766023874283, -1.1283154487609863, -0.3399134576320648, 0.21943852305412292, -0.017250671982765198, -0.47444525361061096, 0.041193343698978424, -0.09129329770803452, 0.1438995599746704, -0.5406357049942017, -0.7747082114219666, 0.30000001192092896, 0.30000001192092896, 0.30000001192092896, 0.20000000298023224, 0.10000000149011612, 0.0, 0.8999999761581421, 0.8999999761581421, 0.8999999761581421, 0.8999999761581421, 0.800000011920929, 0.0]"
116,116,116,0.008294245999422856,0.11772556200048712,True,"[-0.25480860471725464, 1.799994707107544, 0.8555538654327393, 2.0410573482513428, -1.3051060438156128, 0.11132147163152695, -0.2398882359266281, 0.06409163773059845, -0.01137303002178669, -0.010785802267491817, 1.529834270477295, 0.2805267572402954, 0.020564930513501167, -0.06261757761240005]","[337.0, 2.0, 1.0, 4.0, 10.0, 935.0]","[2.0, 1.0, 0.0, 8.0, 0.0, 495.0]","[0.02165732905268669, 0.14897780120372772, 0.07278086245059967, 0.9399338960647583, -1.1571109294891357, -0.3371092677116394, 0.06869170069694519, 0.025942713022232056, -0.4735619127750397, -0.00859418511390686, 0.04678043723106384, 0.3414059579372406, -0.3554001450538635, -0.4322490096092224, 0.30000028014183044, 0.3000001609325409, 0.30000001192092896, 0.19999997317790985, 0.10000018030405045, 0.0, 0.8986362218856812, 0.8986995220184326, 0.8987552523612976, 0.8984837532043457, 0.7984182834625244, 0.0]","[-0.2448085993528366, 1.789994716644287, 0.8455538749694824, 2.031057357788086, -1.295106053352356, 0.10132147371768951, -0.22988823056221008, 0.05409163981676102, -0.021373029798269272, -0.00859418511390686, 1.519834280014038, 0.29052674770355225, 0.010564930737018585, -0.07261757552623749]","[287.0, 0.3000001907348633, 0.30000001192092896, 0.20000004768371582, 0.10000038146972656, 885.0]","[0.8986362218856812, 0.8986995220184326, 0.8987552523612976, 0.8984837532043457, 0.7984182834625244, 445.0]","[0.18817630410194397, 0.2205696702003479, -0.27442678809165955, 0.1405150443315506, -1.1856952905654907, -0.16214656829833984, 0.293110191822052, 0.0782330259680748, -0.46978163719177246, 0.09068462997674942, -0.055822521448135376, 0.2162793129682541, -0.42722564935684204, -0.7149309515953064, 0.30000001192092896, 0.29899999499320984, 0.29899999499320984, 0.19900000095367432, 1.0, 0.0, 0.8980000019073486, 0.8989999890327454, 0.8999999761581421, 0.8999999761581421, 0.8009999990463257, 0.0010000000474974513]","[0.11983931809663773, 0.2927836775779724, -0.24147097766399384, -0.06873329728841782, -1.1294163465499878, -0.34081462025642395, 0.2183573991060257, -0.02132708579301834, -0.4739506244659424, 0.039719775319099426, -0.08634651452302933, 0.1466832011938095, -0.5395936965942383, -0.7659885883331299, 0.30000001192092896, 0.30000001192092896, 0.30000001192092896, 0.20000000298023224, 0.10000000149011612, 0.0, 0.8999999761581421, 0.8999999761581421, 0.8999999761581421, 0.8999999761581421, 0.800000011920929, 0.0]"
117,117,117,0.007346612999754143,0.09178667200103519,True,"[-0.2548205852508545, 1.800006628036499, 0.8555298447608948, 2.041081428527832, -1.3051060438156128, 0.11132147163152695, -0.23987625539302826, 0.0641036182641983, -0.01137303002178669, -0.010785802267491817, 1.5298463106155396, 0.28051474690437317, 0.02058889903128147, -0.06259360909461975]","[337.0, 2.0, 1.0, 5.0, 10.0, 935.0]","[2.0, 1.0, 0.0, 8.0, 0.0, 495.0]","[0.01405240222811699, 0.15003927052021027, 0.069546177983284, 0.941501259803772, -1.15378999710083, -0.33085495233535767, 0.07319080829620361, 0.03104865550994873, -0.46325814723968506, -0.009985804557800293, 0.07900175452232361, 0.35179880261421204, -0.3522877097129822, -0.4214584231376648, 0.30000028014183044, 0.30000025033950806, 0.29999998211860657, 0.19999989867210388, 0.10000025480985641, 0.0, 0.8993563055992126, 0.8992148637771606, 0.8992505073547363, 0.8991064429283142, 0.799001157283783, 0.0]","[-0.24482057988643646, 1.7900066375732422, 0.8455298542976379, 2.031081438064575, -1.295106053352356, 0.10132147371768951, -0.22987625002861023, 0.05410362035036087, -0.021373029798269272, -0.009985804557800293, 1.5198463201522827, 0.29051473736763, 0.01058889925479889, -0.07259360700845718]","[287.0, 0.3000001907348633, 0.2999999523162842, 0.19999980926513672, 0.10000038146972656, 885.0]","[0.8993563652038574, 0.8992148637771606, 0.8992505073547363, 0.899106502532959, 0.799001157283783, 445.0]","[0.18823622167110443, 0.22062958776950836, -0.27809393405914307, 0.14055100083351135, -1.1857192516326904, -0.1658736616373062, 0.2931341528892517, 0.07558450847864151, -0.4692783057689667, 0.09044494479894638, -0.05424060299992561, 0.21599169075489044, -0.4274653196334839, -0.7236195206642151, 0.30000001192092896, 0.29899999499320984, 0.29899999499320984, 0.19900000095367432, 1.0, 0.0, 0.8980000019073486, 0.8989999890327454, 0.8999999761581421, 0.8999999761581421, 0.8009999990463257, 0.0]","[0.11899013817310333, 0.2912965416908264, -0.24407492578029633, -0.06952456384897232, -1.1292959451675415, -0.34133782982826233, 0.21964673697948456, -0.028701048344373703, -0.4731994569301605, 0.04245857894420624, -0.0809905007481575, 0.14115118980407715, -0.5352829694747925, -0.7636111974716187, 0.30000001192092896, 0.30000001192092896, 0.30000001192092896, 0.20000000298023224, 0.10000000149011612, 0.0, 0.8999999761581421, 0.8999999761581421, 0.8999999761581421, 0.8999999761581421, 0.800000011920929, 0.0]"
118,118,118,0.013585710999905132,0.12873913700059347,True,"[-0.2548205852508545, 1.800006628036499, 0.8555298447608948, 2.041081428527832, -1.3051060438156128, 0.1113334521651268, -0.23987625539302826, 0.06409163773059845, -0.011361045762896538, -0.010785802267491817, 1.529834270477295, 0.2805267572402954, 0.02058889903128147, -0.06259360909461975]","[337.0, 2.0, 1.0, 5.0, 10.0, 935.0]","[3.0, 0.0, 0.0, 8.0, 0.0, 495.0]","[0.027714785188436508, 0.15147599577903748, 0.06851060688495636, 0.9185312986373901, -1.152733325958252, -0.33608269691467285, 0.0683753490447998, 0.05003586411476135, -0.4700959026813507, -0.007450789213180542, 0.0638313889503479, 0.3314284086227417, -0.35901808738708496, -0.4315214455127716, 0.30000028014183044, 0.3000001907348633, 0.29999998211860657, 0.19999992847442627, 0.10000020265579224, 0.0, 0.8989703059196472, 0.8989521265029907, 0.8989951610565186, 0.8987894058227539, 0.798704981803894, 0.0]","[-0.24482057988643646, 1.7900066375732422, 0.8455298542976379, 2.031081438064575, -1.295106053352356, 0.10133345425128937, -0.22987625002861023, 0.05409163981676102, -0.02136104553937912, -0.007450789213180542, 1.519834280014038, 0.29052674770355225, 0.01058889925479889, -0.07259360700845718]","[287.0, 0.3000001907348633, 0.2999999523162842, 0.19999980926513672, 0.10000038146972656, 885.0]","[0.898970365524292, 0.8989521265029907, 0.8989951610565186, 0.8987894058227539, 0.798704981803894, 445.0]","[0.18884742259979248, 0.22094117105007172, -0.28381043672561646, 0.14057496190071106, -1.1857432126998901, -0.17317205667495728, 0.29314613342285156, 0.06888532638549805, -0.46833154559135437, 0.09044494479894638, -0.04464123770594597, 0.21594375371932983, -0.4276091456413269, -0.7283293008804321, 0.30000001192092896, 0.29899999499320984, 0.29899999499320984, 0.19900000095367432, 1.0, 0.0, 0.8980000019073486, 0.8989999890327454, 0.8999999761581421, 0.8999999761581421, 0.8009999990463257, 0.0]","[0.11842173337936401, 0.29100045561790466, -0.245702862739563, -0.07283297181129456, -1.1290364265441895, -0.3402937650680542, 0.22201736271381378, -0.0325111486017704, -0.4733308255672455, 0.046216193586587906, -0.08032318204641342, 0.13228294253349304, -0.5307499170303345, -0.7680395245552063, 0.30000001192092896, 0.30000001192092896, 0.30000001192092896, 0.20000000298023224, 0.10000000149011612, 0.0, 0.8999999761581421, 0.8999999761581421, 0.8999999761581421, 0.8999999761581421, 0.800000011920929, 0.0]"
119,119,119,0.014968555000450579,0.11565107499882288,True,"[-0.2548205852508545, 1.8000186681747437, 0.8555418848991394, 2.041081428527832, -1.3050941228866577, 0.11132147163152695, -0.2398882359266281, 0.06409163773059845, -0.011361045762896538, -0.01079778652638197, 1.5298463106155396, 0.28051474690437317, 0.020564930513501167, -0.06259360909461975]","[337.0, 2.0, 1.0, 5.0, 10.0, 935.0]","[3.0, 1.0, 0.0, 8.0, 0.0, 495.0]","[0.02422044798731804, 0.15416082739830017, 0.06452558934688568, 0.9038382768630981, -1.1489888429641724, -0.33143773674964905, 0.06960862874984741, 0.039890795946121216, -0.4722226560115814, -0.004964113235473633, 0.044413596391677856, 0.32789066433906555, -0.3645510673522949, -0.43474268913269043, 0.30000028014183044, 0.3000001907348633, 0.30000001192092896, 0.19999991357326508, 0.10000023245811462, 0.0, 0.8985565900802612, 0.8984693884849548, 0.8985059261322021, 0.8982362151145935, 0.7981352806091309, 0.0]","[-0.24482057988643646, 1.7900186777114868, 0.8455418944358826, 2.031081438064575, -1.2950941324234009, 0.10132147371768951, -0.22988823056221008, 0.05409163981676102, -0.02136104553937912, -0.004964113235473633, 1.5198463201522827, 0.29051473736763, 0.010564930737018585, -0.07259360700845718]","[287.0, 0.3000001907348633, 0.30000001192092896, 0.19999980926513672, 0.10000038146972656, 885.0]","[0.8985567092895508, 0.8984693884849548, 0.8985059261322021, 0.8982362747192383, 0.7981352806091309, 445.0]","[0.18767297267913818, 0.22094117105007172, -0.28895166516304016, 0.14050306379795074, -1.1857311725616455, -0.17737852036952972, 0.2931341528892517, 0.0643552914261818, -0.4673967659473419, 0.09045693278312683, -0.04080628603696823, 0.21583589911460876, -0.42757317423820496, -0.7321043610572815, 0.30000001192092896, 0.29899999499320984, 0.29899999499320984, 0.19900000095367432, 1.0, 0.0, 0.8980000019073486, 0.8989999890327454, 0.8999999761581421, 0.8999999761581421, 0.8009999990463257, 0.0]","[0.11825581640005112, 0.2917652726173401, -0.24865330755710602, -0.0787673145532608, -1.1292916536331177, -0.3409139811992645, 0.22501757740974426, -0.03704336658120155, -0.47517266869544983, 0.051111843436956406, -0.08589020371437073, 0.12270290404558182, -0.5184443593025208, -0.7731855511665344, 0.30000001192092896, 0.30000001192092896, 0.30000001192092896, 0.20000000298023224, 0.10000000149011612, 0.0, 0.8999999761581421, 0.8999999761581421, 0.8999999761581421, 0.8999999761581421, 0.800000011920929, 0.0]"
120,120,120,0.019974050999735482,0.1405619069992099,True,"[-0.2548205852508545, 1.8000186681747437, 0.8555298447608948, 2.0410454273223877, -1.3051060438156128, 0.11132147163152695, -0.23987625539302826, 0.06409163773059845, -0.01137303002178669, -0.01079778652638197, 1.529834270477295, 0.2805267572402954, 0.020600883290171623, -0.0625816211104393]","[337.0, 2.0, 1.0, 5.0, 10.0, 935.0]","[3.0, 1.0, 0.0, 8.0, 0.0, 495.0]","[0.02285550907254219, 0.15055856108665466, 0.06436601281166077, 0.9139750003814697, -1.1535142660140991, -0.33642351627349854, 0.07104110717773438, 0.0414658784866333, -0.4661720097064972, -0.0065424442291259766, 0.06309753656387329, 0.3319542109966278, -0.35861676931381226, -0.4396976828575134, 0.30000028014183044, 0.3000001907348633, 0.30000001192092896, 0.19999992847442627, 0.10000021755695343, 0.0, 0.8985161781311035, 0.8984748125076294, 0.8985206484794617, 0.898238480091095, 0.7981457114219666, 0.0]","[-0.24482057988643646, 1.7900186777114868, 0.8455298542976379, 2.031045436859131, -1.295106053352356, 0.10132147371768951, -0.22987625002861023, 0.05409163981676102, -0.021373029798269272, -0.0065424442291259766, 1.519834280014038, 0.29052674770355225, 0.010600883513689041, -0.07258161902427673]","[287.0, 0.3000001907348633, 0.30000001192092896, 0.19999980926513672, 0.10000038146972656, 885.0]","[0.8985161781311035, 0.8984748125076294, 0.8985206484794617, 0.8982386589050293, 0.7981457114219666, 445.0]","[0.18363428115844727, 0.22090522944927216, -0.2948358952999115, 0.14041917026042938, -1.1857311725616455, -0.18124942481517792, 0.29314613342285156, 0.058590877801179886, -0.46731287240982056, 0.09051685035228729, -0.04073438048362732, 0.21257618069648743, -0.427489310503006, -0.7380365133285522, 0.30000001192092896, 0.29899999499320984, 0.29899999499320984, 0.19900000095367432, 1.0, 0.0, 0.8980000019073486, 0.8989999890327454, 0.8999999761581421, 0.8999999761581421, 0.8009999990463257, 0.0]","[0.11616281419992447, 0.2920909821987152, -0.25031185150146484, -0.08070249855518341, -1.1291896104812622, -0.3413478434085846, 0.22487972676753998, -0.041055940091609955, -0.47661784291267395, 0.05115705356001854, -0.08347927778959274, 0.11581646651029587, -0.5139496326446533, -0.7785699963569641, 0.30000001192092896, 0.30000001192092896, 0.30000001192092896, 0.20000000298023224, 0.10000000149011612, 0.0, 0.8999999761581421, 0.8999999761581421, 0.8999999761581421, 0.8999999761581421, 0.800000011920929, 0.0]"
121,121,121,0.019323000000440516,0.10884417899978871,True,"[-0.2548205852508545, 1.799994707107544, 0.8555418848991394, 2.0410573482513428, -1.3050941228866577, 0.1113334521651268, -0.2398642748594284, 0.06409163773059845, -0.01137303002178669, -0.01079778652638197, 1.5298463106155396, 0.2805267572402954, 0.020540961995720863, -0.06259360909461975]","[337.0, 2.0, 1.0, 5.0, 10.0, 935.0]","[3.0, 1.0, 0.0, 8.0, 0.0, 495.0]","[0.022659163922071457, 0.15046261250972748, 0.06890062987804413, 0.9227807521820068, -1.154315710067749, -0.337277889251709, 0.07250717282295227, 0.044029414653778076, -0.464529812335968, -0.008532613515853882, 0.06774041056632996, 0.34019342064857483, -0.3574351668357849, -0.43117183446884155, 0.30000028014183044, 0.3000001907348633, 0.30000001192092896, 0.19999992847442627, 0.10000021010637283, 0.0, 0.8981335163116455, 0.898112416267395, 0.8981614708900452, 0.8978070020675659, 0.7977257966995239, 0.0]","[-0.24482057988643646, 1.789994716644287, 0.8455418944358826, 2.031057357788086, -1.2950941324234009, 0.10133345425128937, -0.22986426949501038, 0.05409163981676102, -0.021373029798269272, -0.008532613515853882, 1.5198463201522827, 0.29052674770355225, 0.010540962219238281, -0.07259360700845718]","[287.0, 0.3000001907348633, 0.30000001192092896, 0.19999980926513672, 0.10000038146972656, 885.0]","[0.8981335163116455, 0.898112416267395, 0.8981614708900452, 0.8978071212768555, 0.7977257966995239, 445.0]","[0.17834924161434174, 0.2207973599433899, -0.29971349239349365, 0.1404431313276291, -1.1857671737670898, -0.18223212659358978, 0.29314613342285156, 0.053881075233221054, -0.4673488438129425, 0.09048090130090714, -0.04048271104693413, 0.20264126360416412, -0.42734548449516296, -0.7458502650260925, 0.30000001192092896, 0.29899999499320984, 0.29899999499320984, 0.19900000095367432, 1.0, 0.0, 0.8980000019073486, 0.8989999890327454, 0.8999999761581421, 0.8999999761581421, 0.8009999990463257, 0.0]","[0.1135222464799881, 0.2910866141319275, -0.2514563798904419, -0.08053921908140182, -1.1284962892532349, -0.3419710397720337, 0.22508327662944794, -0.04458913207054138, -0.47595691680908203, 0.05092649161815643, -0.07926357537508011, 0.1137181743979454, -0.5096566677093506, -0.7810481190681458, 0.30000001192092896, 0.30000001192092896, 0.30000001192092896, 0.20000000298023224, 0.10000000149011612, 0.0, 0.8999999761581421, 0.8999999761581421, 0.8999999761581421, 0.8999999761581421, 0.800000011920929, 0.0]"
122,122,122,0.015885335000348277,0.12721520600098302,True,"[-0.25480860471725464, 1.799994707107544, 0.8555418848991394, 2.041069269180298, -1.3051060438156128, 0.1113334521651268, -0.23987625539302826, 0.06411560624837875, -0.01137303002178669, -0.01079778652638197, 1.5298223495483398, 0.2805267572402954, 0.02058889903128147, -0.0626055896282196]","[337.0, 2.0, 1.0, 5.0, 10.0, 935.0]","[3.0, 1.0, 0.0, 8.0, 0.0, 495.0]","[0.020633529871702194, 0.15229874849319458, 0.05893354117870331, 0.9030637741088867, -1.1509743928909302, -0.33686739206314087, 0.07253852486610413, 0.04599907994270325, -0.4632475972175598, 0.0010873973369598389, 0.08918797969818115, 0.33472996950149536, -0.3558366596698761, -0.42653945088386536, 0.30000028014183044, 0.3000001907348633, 0.29999998211860657, 0.19999992847442627, 0.10000021010637283, 0.0, 0.899105966091156, 0.8990676403045654, 0.8991144895553589, 0.898930013179779, 0.7988346815109253, 0.0]","[-0.2448085993528366, 1.789994716644287, 0.8455418944358826, 2.031069278717041, -1.295106053352356, 0.10133345425128937, -0.22987625002861023, 0.05411560833454132, -0.021373029798269272, -0.0007977867498993874, 1.519822359085083, 0.29052674770355225, 0.01058889925479889, -0.07260558754205704]","[287.0, 0.3000001907348633, 0.2999999523162842, 0.19999980926513672, 0.10000038146972656, 885.0]","[0.8991060256958008, 0.8990676403045654, 0.8991144895553589, 0.8989300727844238, 0.7988346815109253, 445.0]","[0.17190173268318176, 0.22042585909366608, -0.3028174042701721, 0.1404910683631897, -1.1858869791030884, -0.18224410712718964, 0.2931581139564514, 0.049315087497234344, -0.46731287240982056, 0.09048090130090714, -0.040422793477773666, 0.1941564381122589, -0.4273335039615631, -0.74903804063797, 0.30000001192092896, 0.29899999499320984, 0.29899999499320984, 0.19900000095367432, 1.0, 0.0, 0.8980000019073486, 0.8989999890327454, 0.8999999761581421, 0.8999999761581421, 0.8009999990463257, 0.0]","[0.11151216924190521, 0.29222702980041504, -0.2528025507926941, -0.0811392217874527, -1.130314588546753, -0.3444116413593292, 0.2248307466506958, -0.04794372245669365, -0.4766647517681122, 0.053425878286361694, -0.07496098428964615, 0.11451107263565063, -0.5058850646018982, -0.7857811450958252, 0.30000001192092896, 0.30000001192092896, 0.30000001192092896, 0.20000000298023224, 0.10000000149011612, 0.0, 0.8999999761581421, 0.8999999761581421, 0.8999999761581421, 0.8999999761581421, 0.800000011920929, 0.0]"
123,123,123,0.007821705001333612,0.12073846400016919,True,"[-0.2548205852508545, 1.800006628036499, 0.8555418848991394, 2.0410573482513428, -1.3050941228866577, 0.1113334521651268, -0.2398402988910675, 0.06411560624837875, -0.01137303002178669, -0.010785802267491817, 1.5298463106155396, 0.28053873777389526, 0.02058889903128147, -0.06259360909461975]","[337.0, 2.0, 1.0, 4.0, 10.0, 935.0]","[2.0, 1.0, 0.0, 8.0, 0.0, 495.0]","[0.017122779041528702, 0.15270191431045532, 0.05693012475967407, 0.9008227586746216, -1.152811884880066, -0.33847951889038086, 0.07558104395866394, 0.04057741165161133, -0.46001946926116943, -0.0009429752826690674, 0.09029820561408997, 0.3417190909385681, -0.357860267162323, -0.4312056303024292, 0.30000028014183044, 0.3000001907348633, 0.29999998211860657, 0.19999991357326508, 0.10000023245811462, 0.0, 0.898743748664856, 0.8986626863479614, 0.8987060189247131, 0.8984600901603699, 0.7983606457710266, 0.0]","[-0.24482057988643646, 1.7900066375732422, 0.8455418944358826, 2.031057357788086, -1.2950941324234009, 0.10133345425128937, -0.22984029352664948, 0.05411560833454132, -0.021373029798269272, -0.0009429752826690674, 1.5198463201522827, 0.2905387282371521, 0.01058889925479889, -0.07259360700845718]","[287.0, 0.3000001907348633, 0.2999999523162842, 0.19999980926513672, 0.10000038146972656, 885.0]","[0.898743748664856, 0.8986626863479614, 0.8987060189247131, 0.8984599113464355, 0.7983606457710266, 445.0]","[0.16401611268520355, 0.21985061466693878, -0.3036443293094635, 0.14040718972682953, -1.185899019241333, -0.18224410712718964, 0.2931341528892517, 0.045048702508211136, -0.4672050178050995, 0.09260211139917374, -0.0378941185772419, 0.1937130093574524, -0.4267582595348358, -0.7493975758552551, 0.30000001192092896, 0.29899999499320984, 0.29899999499320984, 0.19900000095367432, 1.0, 0.0, 0.8980000019073486, 0.8989999890327454, 0.8999999761581421, 0.8999999761581421, 0.8009999990463257, 0.0]","[0.10814156383275986, 0.2911723554134369, -0.25289568305015564, -0.08029143512248993, -1.1305110454559326, -0.3457200825214386, 0.2224624752998352, -0.05044887587428093, -0.4747698903083801, 0.0558391772210598, -0.06617942452430725, 0.12153173238039017, -0.49546629190444946, -0.792997419834137, 0.30000001192092896, 0.30000001192092896, 0.30000001192092896, 0.20000000298023224, 0.10000000149011612, 0.0, 0.8999999761581421, 0.8999999761581421, 0.8999999761581421, 0.8999999761581421, 0.800000011920929, 0.0]"
124,124,124,0.011147568000524188,0.1173376989991084,True,"[-0.25480860471725464, 1.8000186681747437, 0.8555418848991394, 2.041069269180298, -1.3050941228866577, 0.1113334521651268, -0.2398642748594284, 0.0641036182641983, -0.011385014280676842, -0.01079778652638197, 1.5298582315444946, 0.2805267572402954, 0.020564930513501167, -0.06259360909461975]","[337.0, 2.0, 1.0, 4.0, 10.0, 935.0]","[2.0, 1.0, 0.0, 8.0, 0.0, 495.0]","[0.014127843081951141, 0.15106777846813202, 0.05937492847442627, 0.9128673076629639, -1.1568326950073242, -0.342989057302475, 0.08081421256065369, 0.03115081787109375, -0.4617849290370941, -0.004365026950836182, 0.08063998818397522, 0.3465096056461334, -0.35776305198669434, -0.4339192509651184, 0.30000028014183044, 0.3000001907348633, 0.29999998211860657, 0.19999992847442627, 0.10000023245811462, 0.0, 0.8982278108596802, 0.898161768913269, 0.8982112407684326, 0.8978742361068726, 0.7977787852287292, 0.0]","[-0.2448085993528366, 1.7900186777114868, 0.8455418944358826, 2.031069278717041, -1.2950941324234009, 0.10133345425128937, -0.22986426949501038, 0.05410362035036087, -0.021385014057159424, -0.004365026950836182, 1.5198582410812378, 0.29052674770355225, 0.010564930737018585, -0.07259360700845718]","[287.0, 0.3000001907348633, 0.2999999523162842, 0.19999980926513672, 0.10000038146972656, 885.0]","[0.8982278108596802, 0.898161768913269, 0.8982112407684326, 0.8978743553161621, 0.7977787852287292, 445.0]","[0.15880297124385834, 0.21985061466693878, -0.3036203384399414, 0.14046710729599, -1.1859469413757324, -0.18223212659358978, 0.2931581139564514, 0.040638506412506104, -0.46706122159957886, 0.09269798547029495, -0.03230947256088257, 0.19370102882385254, -0.4249366521835327, -0.7499608397483826, 0.30000001192092896, 0.29899999499320984, 0.29899999499320984, 0.19900000095367432, 1.0, 0.0, 0.8980000019073486, 0.8989999890327454, 0.8999999761581421, 0.8999999761581421, 0.8009999990463257, 0.0]","[0.10541021823883057, 0.29100900888442993, -0.253434419631958, -0.0795309990644455, -1.1298961639404297, -0.34565049409866333, 0.2210080474615097, -0.05301300436258316, -0.47115492820739746, 0.05912192165851593, -0.05734875425696373, 0.11949668079614639, -0.4920818507671356, -0.7987198829650879, 0.30000001192092896, 0.30000001192092896, 0.30000001192092896, 0.20000000298023224, 0.10000000149011612, 0.0, 0.8999999761581421, 0.8999999761581421, 0.8999999761581421, 0.8999999761581421, 0.800000011920929, 0.0]"
125,125,125,0.0075015330003225245,0.08774231899951701,True,"[-0.2548205852508545, 1.8000186681747437, 0.8555418848991394, 2.0410573482513428, -1.3051060438156128, 0.11132147163152695, -0.23987625539302826, 0.06409163773059845, -0.01137303002178669, -0.010785802267491817, 1.5298463106155396, 0.28053873777389526, 0.02058889903128147, -0.0626055896282196]","[337.0, 2.0, 1.0, 4.0, 10.0, 935.0]","[3.0, 1.0, 0.0, 8.0, 0.0, 495.0]","[0.011630311608314514, 0.15487441420555115, 0.05217079818248749, 0.8820452690124512, -1.1564741134643555, -0.3381538987159729, 0.08278432488441467, 0.03254574537277222, -0.45881494879722595, 0.005567103624343872, 0.09444683790206909, 0.34121203422546387, -0.3588303327560425, -0.43326738476753235, 0.30000028014183044, 0.30000022053718567, 0.29999998211860657, 0.19999989867210388, 0.10000026971101761, 0.0, 0.89821457862854, 0.898045003414154, 0.8980820775032043, 0.8977501392364502, 0.7976330518722534, 0.0]","[-0.24482057988643646, 1.7900186777114868, 0.8455418944358826, 2.031057357788086, -1.295106053352356, 0.10132147371768951, -0.22987625002861023, 0.05409163981676102, -0.021373029798269272, -0.0007858024910092354, 1.5198463201522827, 0.2905387282371521, 0.01058889925479889, -0.07260558754205704]","[287.0, 0.3000001907348633, 0.2999999523162842, 0.19999980926513672, 0.10000038146972656, 885.0]","[0.89821457862854, 0.898045003414154, 0.8980820775032043, 0.8977499008178711, 0.7976330518722534, 445.0]","[0.15650199353694916, 0.21985061466693878, -0.3036203384399414, 0.1404431313276291, -1.185958981513977, -0.18229204416275024, 0.29314613342285156, 0.036911413073539734, -0.4667975604534149, 0.09269798547029495, -0.02599378488957882, 0.19355721771717072, -0.4248647391796112, -0.7503323554992676, 0.30000001192092896, 0.29899999499320984, 0.29899999499320984, 0.19900000095367432, 1.0, 0.0, 0.8980000019073486, 0.8989999890327454, 0.8999999761581421, 0.8999999761581421, 0.8009999990463257, 0.0]","[0.10416219383478165, 0.29094982147216797, -0.2541124224662781, -0.07985000312328339, -1.1291298866271973, -0.34589189291000366, 0.22107188403606415, -0.054218411445617676, -0.469634085893631, 0.06114940717816353, -0.054096825420856476, 0.11646868288516998, -0.48983728885650635, -0.803898274898529, 0.30000001192092896, 0.30000001192092896, 0.30000001192092896, 0.20000000298023224, 0.10000000149011612, 0.0, 0.8999999761581421, 0.8999999761581421, 0.8999999761581421, 0.8999999761581421, 0.800000011920929, 0.0]"
