policy_step,dataset_index,dataset_frame,inference_s,loop_s,sent_to_robot,arm_state,left_hand_state,right_hand_state,predicted_action,limited_arm,limited_left_hand,limited_right_hand,dataset_state,dataset_action
0,0,0,1.1335713469998154,1.2201251330006926,True,"[0.20707543194293976, 0.14299577474594116, -0.009958891198039055, 1.0153634548187256, -0.4737124443054199, 0.09809088706970215, 0.08834771066904068, 0.25999775528907776, -0.1318025141954422, 0.03501790761947632, 1.0265687704086304, 0.06956842541694641, 0.051472246646881104, -0.06918492913246155]","[336.0, 2.0, 1.0, 4.0, 10.0, 935.0]","[2.0, 1.0, 0.0, 8.0, 0.0, 503.0]","[-0.024979840964078903, 0.19713492691516876, 0.07951183617115021, 0.9537185430526733, -1.0366055965423584, -0.2537989616394043, -0.03652931749820709, -0.042129337787628174, -0.4905065596103668, 0.017535895109176636, 0.10006603598594666, 0.2742660641670227, -0.3074740469455719, -0.30118924379348755, 0.30000030994415283, 0.3000003397464752, 0.2999999225139618, 0.19999970495700836, 0.10000038146972656, 0.0, 0.8671656250953674, 0.866562008857727, 0.8664940595626831, 0.8610337376594543, 0.7609043717384338, 0.0]","[0.19707542657852173, 0.1529957801103592, 4.110857844352722e-05, 1.0053634643554688, -0.48371243476867676, 0.08809088915586472, 0.07834771275520325, 0.24999774992465973, -0.14180251955986023, 0.025017907842993736, 1.0165687799453735, 0.07956842333078384, 0.04147224873304367, -0.07918492704629898]","[286.0, 0.30000030994415283, 0.2999999523162842, 0.19999980926513672, 0.10000038146972656, 885.0]","[0.8671655654907227, 0.866562008857727, 0.8664940595626831, 0.8610339164733887, 0.7609043717384338, 453.0]","[0.36773595213890076, 0.2125042825937271, -0.19506722688674927, 0.13865748047828674, -1.1988658905029297, -0.09092431515455246, 0.2910129427909851, 0.34811776876449585, -0.39933836460113525, 0.2565223276615143, 0.258667528629303, 0.43556666374206543, -0.10707905143499374, 0.08358997106552124, 0.30000001192092896, 0.29899999499320984, 0.29899999499320984, 0.19900000095367432, 1.0, 0.0, 0.8980000019073486, 0.8989999890327454, 0.8999999761581421, 0.8999999761581421, 0.8009999990463257, 0.0]","[0.24442234635353088, 0.28508755564689636, -0.13917025923728943, -0.055223532021045685, -1.1037503480911255, -0.2001938819885254, 0.139725923538208, 0.2734237611293793, -0.4169085919857025, 0.2973143756389618, 0.24402667582035065, 0.47058749198913574, -0.16312283277511597, 0.12246698141098022, 0.30000001192092896, 0.30000001192092896, 0.30000001192092896, 0.20000000298023224, 0.10000000149011612, 0.0, 0.8999999761581421, 0.8999999761581421, 0.8999999761581421, 0.8999999761581421, 0.800000011920929, 0.0]"
1,1,1,0.007414701000016066,0.05294728899934853,True,"[0.20672789216041565, 0.14479340612888336, -0.00782569870352745, 1.0145485401153564, -0.47775113582611084, 0.0969044417142868, 0.08458466082811356, 0.25715750455856323, -0.13191036880016327, 0.032477252185344696, 1.0258616209030151, 0.07082676887512207, 0.049327071756124496, -0.07049120962619781]","[336.0, 2.0, 1.0, 4.0, 10.0, 935.0]","[2.0, 1.0, 0.0, 8.0, 0.0, 503.0]","[-0.021662214770913124, 0.1882411539554596, 0.08835965394973755, 0.984673261642456, -1.040123701095581, -0.2619556486606598, -0.02206331491470337, -0.030863076448440552, -0.4870855510234833, 0.0048097968101501465, 0.11531630158424377, 0.2838030457496643, -0.3030319809913635, -0.3058171272277832, 0.30000030994415283, 0.3000003397464752, 0.2999999225139618, 0.19999971985816956, 0.10000035911798477, 0.0, 0.8737903237342834, 0.8732507824897766, 0.8731995820999146, 0.868831217288971, 0.7687095999717712, 0.0]","[0.19672788679599762, 0.1547934114933014, 0.0021743010729551315, 1.0045485496520996, -0.4877511262893677, 0.08690444380044937, 0.07458466291427612, 0.2471574991941452, -0.1419103741645813, 0.022477252408862114, 1.0158616304397583, 0.0808267667889595, 0.039327070116996765, -0.08049120754003525]","[286.0, 0.30000030994415283, 0.2999999523162842, 0.19999980926513672, 0.10000038146972656, 885.0]","[0.8737902641296387, 0.8732507824897766, 0.8731995820999146, 0.8688311576843262, 0.7687095999717712, 453.0]","[0.36773595213890076, 0.21249230206012726, -0.195235013961792, 0.1386454999446869, -1.1988658905029297, -0.09092431515455246, 0.2908931076526642, 0.3480578660964966, -0.39961397647857666, 0.2585356831550598, 0.25927871465682983, 0.43553072214126587, -0.10392720252275467, 0.08474045991897583, 0.30000001192092896, 0.29899999499320984, 0.29899999499320984, 0.19900000095367432, 1.0, 0.0, 0.8980000019073486, 0.8989999890327454, 0.8999999761581421, 0.8999999761581421, 0.8009999990463257, 0.0]","[0.24684642255306244, 0.28463566303253174, -0.1363241970539093, -0.06041140854358673, -1.1018574237823486, -0.1937672197818756, 0.13669143617153168, 0.27452579140663147, -0.41791626811027527, 0.29724210500717163, 0.24438706040382385, 0.4686964154243469, -0.16210435330867767, 0.12461793422698975, 0.30000001192092896, 0.30000001192092896, 0.30000001192092896, 0.20000000298023224, 0.10000000149011612, 0.0, 0.8999999761581421, 0.8999999761581421, 0.8999999761581421, 0.8999999761581421, 0.800000011920929, 0.0]"
2,2,2,0.010522595999646,0.10523769999963406,True,"[0.20562534034252167, 0.14801716804504395, -0.005452822428196669, 1.0138415098190308, -0.47969257831573486, 0.09430386871099472, 0.08347012847661972, 0.25595909357070923, -0.1329290270805359, 0.03063168004155159, 1.0258017778396606, 0.07128217071294785, 0.047517452389001846, -0.0725165456533432]","[336.0, 2.0, 1.0, 4.0, 10.0, 935.0]","[2.0, 1.0, 0.0, 8.0, 0.0, 503.0]","[-0.00851636752486229, 0.18678975105285645, 0.08965709805488586, 0.9657540321350098, -1.0390000343322754, -0.2698080241680145, -0.024428516626358032, -0.027317911386489868, -0.5009429454803467, -0.003334730863571167, 0.046092838048934937, 0.26617002487182617, -0.32043129205703735, -0.3255680501461029, 0.3000003397464752, 0.30000028014183044, 0.2999999523162842, 0.19999977946281433, 0.10000031441450119, 0.0, 0.8679844737052917, 0.8676031231880188, 0.8675576448440552, 0.8622193932533264, 0.7621395587921143, 0.0]","[0.19562533497810364, 0.15801717340946198, 0.0045471773482859135, 1.003841519355774, -0.4896925687789917, 0.08430387079715729, 0.07347013056278229, 0.2459590882062912, -0.14292903244495392, 0.020631680265069008, 1.0158017873764038, 0.08128216862678528, 0.037517450749874115, -0.08251654356718063]","[286.0, 0.30000030994415283, 0.2999999523162842, 0.19999980926513672, 0.10000038146972656, 885.0]","[0.8679845333099365, 0.8676031231880188, 0.8675576448440552, 0.8622193336486816, 0.7621395587921143, 453.0]","[0.36775991320610046, 0.21252824366092682, -0.19531890749931335, 0.1387174129486084, -1.1988658905029297, -0.0908883661031723, 0.2907852530479431, 0.3480818271636963, -0.39984169602394104, 0.25965023040771484, 0.2595663368701935, 0.4355546832084656, -0.10284861922264099, 0.08504006266593933, 0.30000001192092896, 0.29899999499320984, 0.29899999499320984, 0.19900000095367432, 1.0, 0.0, 0.8980000019073486, 0.8989999890327454, 0.8999999761581421, 0.8999999761581421, 0.8009999990463257, 0.0]","[0.24689100682735443, 0.2846303880214691, -0.1363029032945633, -0.0604422353208065, -1.1018520593643188, -0.19374361634254456, 0.13668397068977356, 0.2745389938354492, -0.4179222583770752, 0.29726067185401917, 0.2443813979625702, 0.4686882495880127, -0.1621003895998001, 0.12461652606725693, 0.30000001192092896, 0.30000001192092896, 0.30000001192092896, 0.20000000298023224, 0.10000000149011612, 0.0, 0.8999999761581421, 0.8999999761581421, 0.8999999761581421, 0.8999999761581421, 0.800000011920929, 0.0]"
3,3,3,0.0063320339995698305,0.08966038300059154,True,"[0.2024734914302826, 0.15115703642368317, 0.002265018643811345, 1.0129786729812622, -0.48231711983680725, 0.0924103632569313, 0.08213987946510315, 0.2546408176422119, -0.1336001455783844, 0.029349368065595627, 1.025562047958374, 0.07190535217523575, 0.04514457657933235, -0.0739906057715416]","[336.0, 2.0, 1.0, 4.0, 10.0, 935.0]","[2.0, 1.0, 0.0, 8.0, 0.0, 503.0]","[-0.014590002596378326, 0.1810459941625595, 0.09091584384441376, 0.9865034818649292, -1.0442134141921997, -0.27205216884613037, -0.013882279396057129, -0.033907175064086914, -0.4926862418651581, -0.004918962717056274, 0.08879563212394714, 0.2806982398033142, -0.3117709755897522, -0.31719279289245605, 0.30000030994415283, 0.30000028014183044, 0.29999998211860657, 0.19999976456165314, 0.10000032931566238, 0.0, 0.8735730648040771, 0.8731511235237122, 0.873116135597229, 0.868708074092865, 0.7686035633087158, 0.0]","[0.19247348606586456, 0.1611570417881012, 0.012265018187463284, 1.0029786825180054, -0.4923171103000641, 0.08241036534309387, 0.07213988155126572, 0.24464081227779388, -0.14360015094280243, 0.019349368289113045, 1.0155620574951172, 0.08190535008907318, 0.03514457494020462, -0.08399060368537903]","[286.0, 0.30000030994415283, 0.2999999523162842, 0.19999980926513672, 0.10000038146972656, 885.0]","[0.8735730648040771, 0.8731511235237122, 0.873116135597229, 0.8687081336975098, 0.7686035633087158, 453.0]","[0.3681793808937073, 0.2125042825937271, -0.19537882506847382, 0.13887320458889008, -1.1988539695739746, -0.09076852351427078, 0.2907373011112213, 0.348105788230896, -0.3998536765575409, 0.2610164284706116, 0.25985395908355713, 0.435518741607666, -0.0986781120300293, 0.08531569689512253, 0.30000001192092896, 0.29899999499320984, 0.29899999499320984, 0.19900000095367432, 1.0, 0.0, 0.8980000019073486, 0.8989999890327454, 0.8999999761581421, 0.8999999761581421, 0.8009999990463257, 0.0]","[0.24807719886302948, 0.28516489267349243, -0.14065061509609222, -0.06366798281669617, -1.1009148359298706, -0.201852485537529, 0.13203182816505432, 0.276168555021286, -0.41826769709587097, 0.29840776324272156, 0.2408219873905182, 0.466248095035553, -0.16178582608699799, 0.12428159266710281, 0.30000001192092896, 0.30000001192092896, 0.30000001192092896, 0.20000000298023224, 0.10000000149011612, 0.0, 0.8999999761581421, 0.8999999761581421, 0.8999999761581421, 0.8999999761581421, 0.800000011920929, 0.0]"
4,4,4,0.009768289999556146,0.09058408700002474,True,"[0.20090354979038239, 0.15182815492153168, 0.007166566792875528, 1.0126910209655762, -0.4862479567527771, 0.09183511883020401, 0.07848469167947769, 0.2539457380771637, -0.13361212611198425, 0.028414597734808922, 1.0253583192825317, 0.07424227893352509, 0.04375440627336502, -0.07456585019826889]","[336.0, 2.0, 1.0, 5.0, 10.0, 935.0]","[2.0, 1.0, 0.0, 8.0, 0.0, 503.0]","[-0.005375389009714127, 0.18405750393867493, 0.08988992869853973, 0.9549238681793213, -1.0408974885940552, -0.27481675148010254, -0.021745383739471436, -0.02044576406478882, -0.4997437596321106, -0.010701566934585571, 0.033179283142089844, 0.2832598090171814, -0.3157849907875061, -0.3163529634475708, 0.30000030994415283, 0.30000025033950806, 0.29999998211860657, 0.19999979436397552, 0.1000003069639206, 0.0, 0.8716791272163391, 0.871332049369812, 0.8713029026985168, 0.8665802478790283, 0.7664879560470581, 0.0]","[0.19090354442596436, 0.1618281602859497, 0.017166566103696823, 1.0026910305023193, -0.49624794721603394, 0.08183512091636658, 0.06848469376564026, 0.24394573271274567, -0.14361213147640228, 0.01841459795832634, 1.015358328819275, 0.08424227684736252, 0.03375440835952759, -0.08456584811210632]","[286.0, 0.3000001907348633, 0.2999999523162842, 0.19999980926513672, 0.10000038146972656, 885.0]","[0.8716790676116943, 0.871332049369812, 0.8713029026985168, 0.8665800094604492, 0.7664879560470581, 453.0]","[0.36868271231651306, 0.21251626312732697, -0.19572636485099792, 0.13893312215805054, -1.1988539695739746, -0.09076852351427078, 0.29062944650650024, 0.3481297492980957, -0.3999974727630615, 0.26222681999206543, 0.2602614164352417, 0.4354947507381439, -0.09526260942220688, 0.08536363393068314, 0.30000001192092896, 0.29899999499320984, 0.29899999499320984, 0.19900000095367432, 1.0, 0.0, 0.8980000019073486, 0.8989999890327454, 0.8999999761581421, 0.8999999761581421, 0.8009999990463257, 0.0]","[0.25130826234817505, 0.28666701912879944, -0.14098431169986725, -0.06589779257774353, -1.1020902395248413, -0.2014167308807373, 0.13018003106117249, 0.27710941433906555, -0.42045536637306213, 0.29764172434806824, 0.24073772132396698, 0.4670392572879791, -0.16246454417705536, 0.12703220546245575, 0.30000001192092896, 0.30000001192092896, 0.30000001192092896, 0.20000000298023224, 0.10000000149011612, 0.0, 0.8999999761581421, 0.8999999761581421, 0.8999999761581421, 0.8999999761581421, 0.800000011920929, 0.0]"
5,5,5,0.010323766999135842,0.07709307899858686,True,"[0.1994055211544037, 0.15275093913078308, 0.011552792973816395, 1.0126550197601318, -0.4929351508617401, 0.09163138270378113, 0.0698200985789299, 0.2532266676425934, -0.13367204368114471, 0.027719512581825256, 1.0251306295394897, 0.08049803972244263, 0.04292749613523483, -0.07516506314277649]","[336.0, 2.0, 1.0, 4.0, 10.0, 935.0]","[2.0, 1.0, 0.0, 8.0, 0.0, 503.0]","[-0.004684470593929291, 0.17716345191001892, 0.10066904127597809, 0.9890758991241455, -1.0391042232513428, -0.2784169316291809, -0.010661065578460693, -0.014130771160125732, -0.4993492364883423, -0.02179330587387085, 0.03843092918395996, 0.28095898032188416, -0.31488752365112305, -0.3084716796875, 0.30000030994415283, 0.30000025033950806, 0.29999998211860657, 0.1999998241662979, 0.1000002771615982, 0.0, 0.8755632638931274, 0.8752896785736084, 0.8752796053886414, 0.871191143989563, 0.771104633808136, 0.0]","[0.18940551578998566, 0.1627509444952011, 0.02155279368162155, 1.002655029296875, -0.5029351711273193, 0.0816313847899437, 0.05982010066509247, 0.24322666227817535, -0.14367204904556274, 0.017719512805342674, 1.015130639076233, 0.09049803763628006, 0.0329274982213974, -0.08516506105661392]","[286.0, 0.3000001907348633, 0.2999999523162842, 0.19999980926513672, 0.10000038146972656, 885.0]","[0.8755632638931274, 0.8752896785736084, 0.8752796053886414, 0.8711910247802734, 0.771104633808136, 453.0]","[0.3686227798461914, 0.21254023909568787, -0.19567842781543732, 0.13887320458889008, -1.19884192943573, -0.09079249203205109, 0.2885202169418335, 0.3476743698120117, -0.4002012312412262, 0.26253843307495117, 0.26020148396492004, 0.4355067312717438, -0.09521467238664627, 0.0860946774482727, 0.30000001192092896, 0.29899999499320984, 0.29899999499320984, 0.19900000095367432, 1.0, 0.0, 0.8980000019073486, 0.8989999890327454, 0.8999999761581421, 0.8999999761581421, 0.8009999990463257, 0.0]","[0.2549981474876404, 0.2870613932609558, -0.14092257618904114, -0.06805554032325745, -1.1065564155578613, -0.2047654092311859, 0.12537433207035065, 0.2792743444442749, -0.4217317998409271, 0.2964577376842499, 0.2388928234577179, 0.4631003141403198, -0.16382800042629242, 0.13129085302352905, 0.30000001192092896, 0.30000001192092896, 0.30000001192092896, 0.20000000298023224, 0.10000000149011612, 0.0, 0.8999999761581421, 0.8999999761581421, 0.8999999761581421, 0.8999999761581421, 0.800000011920929, 0.0]"
6,6,6,0.006815548000304261,0.0702376169992931,True,"[0.19848273694515228, 0.15278688073158264, 0.015112107619643211, 1.012499213218689, -0.4977288544178009, 0.09155947715044022, 0.06566157191991806, 0.25280722975730896, -0.13366006314754486, 0.027371970936655998, 1.0249748229980469, 0.08420116454362869, 0.04256796836853027, -0.07530887424945831]","[336.0, 2.0, 1.0, 4.0, 10.0, 935.0]","[2.0, 1.0, 0.0, 8.0, 0.0, 503.0]","[0.0005109161138534546, 0.17827555537223816, 0.09347705543041229, 0.97639000415802, -1.038611650466919, -0.27537640929222107, -0.0152779221534729, -0.01327165961265564, -0.5000853538513184, -0.01449352502822876, 0.04118958115577698, 0.2874395251274109, -0.30543890595436096, -0.30292826890945435, 0.30000030994415283, 0.30000028014183044, 0.29999998211860657, 0.19999979436397552, 0.10000031441450119, 0.0, 0.873268187046051, 0.8729099631309509, 0.8728851675987244, 0.8684313893318176, 0.7683255672454834, 0.0]","[0.18848273158073425, 0.16278688609600067, 0.025112107396125793, 1.0024992227554321, -0.5077288746833801, 0.08155947923660278, 0.05566157400608063, 0.24280722439289093, -0.1436600685119629, 0.017371971160173416, 1.01497483253479, 0.09420116245746613, 0.03256797045469284, -0.08530887216329575]","[286.0, 0.30000030994415283, 0.2999999523162842, 0.19999980926513672, 0.10000038146972656, 885.0]","[0.8732681274414062, 0.8729099631309509, 0.8728851675987244, 0.868431568145752, 0.7683255672454834, 453.0]","[0.3686707317829132, 0.21254023909568787, -0.19606192409992218, 0.13888518512248993, -1.1988539695739746, -0.09080447256565094, 0.28740569949150085, 0.34744665026664734, -0.4011719524860382, 0.26253843307495117, 0.2602134943008423, 0.4354468286037445, -0.09520268440246582, 0.0869215875864029, 0.30000001192092896, 0.29899999499320984, 0.29899999499320984, 0.19900000095367432, 1.0, 0.0, 0.8980000019073486, 0.8989999890327454, 0.8999999761581421, 0.8999999761581421, 0.8009999990463257, 0.0]","[0.25489333271980286, 0.2874063551425934, -0.1409178376197815, -0.06747577339410782, -1.1075489521026611, -0.20959724485874176, 0.12356153130531311, 0.2808116674423218, -0.4227813482284546, 0.29641422629356384, 0.23240554332733154, 0.4568215310573578, -0.16366742551326752, 0.1350734531879425, 0.30000001192092896, 0.30000001192092896, 0.30000001192092896, 0.20000000298023224, 0.10000000149011612, 0.0, 0.8999999761581421, 0.8999999761581421, 0.8999999761581421, 0.8999999761581421, 0.800000011920929, 0.0]"
7,7,7,0.010262523999699624,0.08355203499922936,True,"[0.19791947305202484, 0.1527988761663437, 0.020493024960160255, 1.0122356414794922, -0.5010005235671997, 0.0914875790476799, 0.0631568655371666, 0.2527233362197876, -0.13366006314754486, 0.02713228575885296, 1.0248908996582031, 0.08663396537303925, 0.04248407855629921, -0.07589609920978546]","[336.0, 2.0, 1.0, 4.0, 10.0, 935.0]","[2.0, 1.0, 0.0, 8.0, 0.0, 503.0]","[-0.0025091134011745453, 0.1768476516008377, 0.09697897732257843, 0.9904847145080566, -1.0380369424819946, -0.2757599949836731, -0.009326130151748657, -0.007673740386962891, -0.4978293180465698, -0.020614564418792725, 0.05188339948654175, 0.3006436228752136, -0.2973175346851349, -0.29482385516166687, 0.30000030994415283, 0.30000028014183044, 0.29999998211860657, 0.19999977946281433, 0.10000032931566238, 0.0, 0.8743765354156494, 0.8739622831344604, 0.8739404082298279, 0.869674801826477, 0.7695435285568237, 0.0]","[0.1879194676876068, 0.16279888153076172, 0.030493024736642838, 1.0022356510162354, -0.5110005140304565, 0.08148758113384247, 0.05315686762332916, 0.24272333085536957, -0.1436600685119629, 0.017132285982370377, 1.0148909091949463, 0.09663396328687668, 0.03248407691717148, -0.0858960971236229]","[286.0, 0.30000030994415283, 0.2999999523162842, 0.19999980926513672, 0.10000038146972656, 885.0]","[0.8743765354156494, 0.8739622831344604, 0.8739404082298279, 0.8696746826171875, 0.7695435285568237, 453.0]","[0.3686946928501129, 0.21254023909568787, -0.19609788060188293, 0.13893312215805054, -1.1988779306411743, -0.09080447256565094, 0.2874176800251007, 0.34809380769729614, -0.4016273319721222, 0.262550413608551, 0.2602134943008423, 0.4351711869239807, -0.09515474736690521, 0.08778444677591324, 0.30000001192092896, 0.29899999499320984, 0.29899999499320984, 0.19900000095367432, 1.0, 0.0, 0.8980000019073486, 0.8989999890327454, 0.8999999761581421, 0.8999999761581421, 0.8009999990463257, 0.0]","[0.25315022468566895, 0.2873590886592865, -0.14541850984096527, -0.06472344696521759, -1.104962706565857, -0.21491335332393646, 0.12630820274353027, 0.27968114614486694, -0.4240519106388092, 0.2986530065536499, 0.23073317110538483, 0.45636704564094543, -0.16286036372184753, 0.1347084641456604, 0.30000001192092896, 0.30000001192092896, 0.30000001192092896, 0.20000000298023224, 0.10000000149011612, 0.0, 0.8999999761581421, 0.8999999761581421, 0.8999999761581421, 0.8999999761581421, 0.800000011920929, 0.0]"
8,8,8,0.010156357000596472,0.09252886300055252,True,"[0.19747605919837952, 0.15295466780662537, 0.02660498023033142, 1.012115716934204, -0.5052189826965332, 0.09145162254571915, 0.06164685636758804, 0.252543568611145, -0.133648082613945, 0.026976490393280983, 1.0248429775238037, 0.08831175416707993, 0.042460110038518906, -0.07637546956539154]","[336.0, 2.0, 1.0, 4.0, 10.0, 935.0]","[2.0, 1.0, 0.0, 8.0, 0.0, 503.0]","[0.0011999234557151794, 0.17558562755584717, 0.09210826456546783, 0.9739820957183838, -1.0413494110107422, -0.27785566449165344, -0.012511640787124634, -0.0099678635597229, -0.5034770965576172, -0.020914465188980103, 0.029578685760498047, 0.294353187084198, -0.3047425150871277, -0.301523894071579, 0.30000030994415283, 0.30000025033950806, 0.30000001192092896, 0.19999979436397552, 0.10000032186508179, 0.0, 0.8723155856132507, 0.8719449639320374, 0.8719271421432495, 0.8673171997070312, 0.7671952247619629, 0.0]","[0.1874760538339615, 0.1629546731710434, 0.036604978144168854, 1.0021157264709473, -0.51521897315979, 0.08145162463188171, 0.05164685845375061, 0.242543563246727, -0.14364808797836304, 0.0169764906167984, 1.0148429870605469, 0.09831175208091736, 0.032460108399391174, -0.08637546747922897]","[286.0, 0.3000001907348633, 0.30000001192092896, 0.19999980926513672, 0.10000038146972656, 885.0]","[0.8723156452178955, 0.8719449639320374, 0.8719271421432495, 0.8673171997070312, 0.7671952247619629, 453.0]","[0.3686946928501129, 0.21256420016288757, -0.19633756577968597, 0.13895709812641144, -1.1988779306411743, -0.090864397585392, 0.28740569949150085, 0.3479020595550537, -0.40392830967903137, 0.263005793094635, 0.26020148396492004, 0.4349434971809387, -0.09499895572662354, 0.09199091047048569, 0.30000001192092896, 0.29899999499320984, 0.29899999499320984, 0.19900000095367432, 1.0, 0.0, 0.8980000019073486, 0.8989999890327454, 0.8999999761581421, 0.8999999761581421, 0.8009999990463257, 0.0]","[0.25268545746803284, 0.28890952467918396, -0.14564628899097443, -0.06276678293943405, -1.1094121932983398, -0.21706220507621765, 0.12585130333900452, 0.2802010178565979, -0.427080899477005, 0.29866084456443787, 0.22760653495788574, 0.45402583479881287, -0.16312015056610107, 0.13579297065734863, 0.30000001192092896, 0.30000001192092896, 0.30000001192092896, 0.20000000298023224, 0.10000000149011612, 0.0, 0.8999999761581421, 0.8999999761581421, 0.8999999761581421, 0.8999999761581421, 0.800000011920929, 0.0]"
9,9,9,0.010486319999472471,0.07731407400024182,True,"[0.19716447591781616, 0.153242290019989, 0.030463900417089462, 1.0119359493255615, -0.5105639696121216, 0.09142765402793884, 0.06071208417415619, 0.2523997724056244, -0.13367204368114471, 0.026796728372573853, 1.0247831344604492, 0.08977383375167847, 0.0424361415207386, -0.07698666304349899]","[336.0, 2.0, 1.0, 4.0, 10.0, 935.0]","[2.0, 1.0, 0.0, 8.0, 0.0, 503.0]","[0.00038804858922958374, 0.17677389085292816, 0.0920218825340271, 0.9534207582473755, -1.0438168048858643, -0.28187137842178345, -0.00873345136642456, -0.0006204843521118164, -0.4967500865459442, -0.011651337146759033, 0.05075278878211975, 0.2876508831977844, -0.29984593391418457, -0.2958883047103882, 0.30000030994415283, 0.30000025033950806, 0.30000001192092896, 0.1999998241662979, 0.10000026971101761, 0.0, 0.8777554035186768, 0.8774656653404236, 0.877453625202179, 0.8737431764602661, 0.7736454010009766, 0.0]","[0.18716447055339813, 0.16324229538440704, 0.040463902056217194, 1.0019359588623047, -0.5205639600753784, 0.08142765611410141, 0.050712086260318756, 0.24239976704120636, -0.14367204904556274, 0.01679672859609127, 1.0147831439971924, 0.0997738316655159, 0.03243613988161087, -0.08698666095733643]","[286.0, 0.3000001907348633, 0.30000001192092896, 0.19999980926513672, 0.10000038146972656, 885.0]","[0.8777554035186768, 0.8774656653404236, 0.877453625202179, 0.8737430572509766, 0.7736454010009766, 453.0]","[0.3686946928501129, 0.21257618069648743, -0.19662518799304962, 0.1389690786600113, -1.1988779306411743, -0.090864397585392, 0.28740569949150085, 0.3477103114128113, -0.4057978391647339, 0.2632574737071991, 0.2601895034313202, 0.4349434971809387, -0.09499895572662354, 0.09417204558849335, 0.30000001192092896, 0.29899999499320984, 0.29899999499320984, 0.19900000095367432, 1.0, 0.0, 0.8980000019073486, 0.8989999890327454, 0.8999999761581421, 0.8999999761581421, 0.8009999990463257, 0.0]","[0.252299964427948, 0.28918129205703735, -0.14630362391471863, -0.06224444508552551, -1.1108037233352661, -0.21874727308750153, 0.12717337906360626, 0.2800115942955017, -0.42830541729927063, 0.29901713132858276, 0.22527562081813812, 0.45009419322013855, -0.16269159317016602, 0.13778527081012726, 0.30000001192092896, 0.30000001192092896, 0.30000001192092896, 0.20000000298023224, 0.10000000149011612, 0.0, 0.8999999761581421, 0.8999999761581421, 0.8999999761581421, 0.8999999761581421, 0.800000011920929, 0.0]"
10,10,10,0.006721484000081546,0.09179355700143788,True,"[0.19694875180721283, 0.15327824652194977, 0.032944634556770325, 1.0118521451950073, -0.5159688591957092, 0.09139170497655869, 0.05887850001454353, 0.25223198533058167, -0.13366006314754486, 0.02665291726589203, 1.0246992111206055, 0.09112805128097534, 0.0424121730029583, -0.07726229727268219]","[336.0, 2.0, 1.0, 4.0, 10.0, 935.0]","[2.0, 1.0, 0.0, 8.0, 0.0, 503.0]","[0.00029231607913970947, 0.17369024455547333, 0.09475359320640564, 0.9755867719650269, -1.0440680980682373, -0.27870017290115356, -0.004595905542373657, -0.008017510175704956, -0.5001267194747925, -0.017786473035812378, 0.03699323534965515, 0.30502164363861084, -0.29521340131759644, -0.29162687063217163, 0.30000030994415283, 0.30000025033950806, 0.30000001192092896, 0.19999980926513672, 0.10000031441450119, 0.0, 0.8777148127555847, 0.8773492574691772, 0.8773401379585266, 0.8736283779144287, 0.7734970450401306, 0.0]","[0.1869487464427948, 0.1632782518863678, 0.04294463247060776, 1.0018521547317505, -0.5259688496589661, 0.08139170706272125, 0.0488784983754158, 0.24223197996616364, -0.1436600685119629, 0.016652917489409447, 1.0146992206573486, 0.10112804919481277, 0.032412171363830566, -0.08726229518651962]","[286.0, 0.3000001907348633, 0.30000001192092896, 0.19999980926513672, 0.10000038146972656, 885.0]","[0.8777148723602295, 0.8773492574691772, 0.8773401379585266, 0.8736286163330078, 0.7734970450401306, 453.0]","[0.3686946928501129, 0.21260015666484833, -0.19734424352645874, 0.13895709812641144, -1.1988658905029297, -0.09087637811899185, 0.2874176800251007, 0.3476863503456116, -0.4099084436893463, 0.26331740617752075, 0.2601895034313202, 0.43473976850509644, -0.09499895572662354, 0.09741976857185364, 0.30000001192092896, 0.29899999499320984, 0.29899999499320984, 0.19900000095367432, 1.0, 0.0, 0.8980000019073486, 0.8989999890327454, 0.8999999761581421, 0.8999999761581421, 0.8009999990463257, 0.0]","[0.25082939863204956, 0.28751885890960693, -0.1458432972431183, -0.0598161406815052, -1.109033226966858, -0.21911953389644623, 0.1271352916955948, 0.27719858288764954, -0.42869555950164795, 0.2998352348804474, 0.22691300511360168, 0.4493473470211029, -0.16358830034732819, 0.13994048535823822, 0.30000001192092896, 0.30000001192092896, 0.30000001192092896, 0.20000000298023224, 0.10000000149011612, 0.0, 0.8999999761581421, 0.8999999761581421, 0.8999999761581421, 0.8999999761581421, 0.800000011920929, 0.0]"
11,11,11,0.007015011999101262,0.07573906400102715,True,"[0.19691281020641327, 0.15341006219387054, 0.036192361265420914, 1.0117322206497192, -0.5197678208351135, 0.09139170497655869, 0.049327071756124496, 0.25206419825553894, -0.133648082613945, 0.026569027453660965, 1.024591326713562, 0.09175122529268265, 0.042388204485177994, -0.07750198245048523]","[336.0, 2.0, 1.0, 4.0, 10.0, 935.0]","[2.0, 1.0, 0.0, 8.0, 0.0, 503.0]","[0.010250244289636612, 0.1708722561597824, 0.10517416894435883, 0.9996547698974609, -1.0384670495986938, -0.27847862243652344, -0.0016410350799560547, 0.012445777654647827, -0.49996304512023926, -0.03261163830757141, 0.043146729469299316, 0.3150029182434082, -0.28434041142463684, -0.2742445170879364, 0.30000030994415283, 0.30000028014183044, 0.30000001192092896, 0.19999979436397552, 0.10000031441450119, 0.0, 0.88056480884552, 0.8801870346069336, 0.8801785111427307, 0.8769429922103882, 0.7768056392669678, 0.0]","[0.18691280484199524, 0.16341006755828857, 0.046192362904548645, 1.0017322301864624, -0.5297678112983704, 0.08139170706272125, 0.039327070116996765, 0.2420641928911209, -0.14364808797836304, 0.016569027677178383, 1.0145913362503052, 0.10175122320652008, 0.03238820284605026, -0.08750198036432266]","[286.0, 0.30000030994415283, 0.30000001192092896, 0.19999980926513672, 0.10000038146972656, 885.0]","[0.88056480884552, 0.8801870346069336, 0.8801785111427307, 0.8769431114196777, 0.7768056392669678, 453.0]","[0.36868271231651306, 0.21261213719844818, -0.19811122119426727, 0.1390170156955719, -1.1988658905029297, -0.09087637811899185, 0.2874176800251007, 0.3476743698120117, -0.4147021174430847, 0.2636289894580841, 0.26020148396492004, 0.434631884098053, -0.09498696774244308, 0.10029598325490952, 0.30000001192092896, 0.29899999499320984, 0.29899999499320984, 0.19900000095367432, 1.0, 0.0, 0.8980000019073486, 0.8989999890327454, 0.8999999761581421, 0.8999999761581421, 0.8009999990463257, 0.0]","[0.2499750852584839, 0.2862946391105652, -0.1455591470003128, -0.06044862046837807, -1.1060444116592407, -0.21826070547103882, 0.13016201555728912, 0.276179701089859, -0.42830049991607666, 0.3010003864765167, 0.22661350667476654, 0.4477982819080353, -0.16427814960479736, 0.14191170036792755, 0.30000001192092896, 0.30000001192092896, 0.30000001192092896, 0.20000000298023224, 0.10000000149011612, 0.0, 0.8999999761581421, 0.8999999761581421, 0.8999999761581421, 0.8999999761581421, 0.800000011920929, 0.0]"
12,12,12,0.015186348000497674,0.09372184999847377,True,"[0.19644542038440704, 0.15343403816223145, 0.04015913978219032, 1.0116244554519653, -0.5224522948265076, 0.09140368551015854, 0.04357464239001274, 0.25181254744529724, -0.13368403911590576, 0.02641323208808899, 1.0243996381759644, 0.09191900491714478, 0.04236423596739769, -0.07764579355716705]","[336.0, 2.0, 1.0, 4.0, 10.0, 935.0]","[2.0, 1.0, 0.0, 8.0, 0.0, 503.0]","[0.006072245538234711, 0.17203310132026672, 0.09932543337345123, 0.9740965366363525, -1.042506456375122, -0.27747976779937744, 0.004365056753158569, 0.009817779064178467, -0.4948193430900574, -0.024175554513931274, 0.05102694034576416, 0.32824891805648804, -0.27987465262413025, -0.26957669854164124, 0.30000030994415283, 0.30000028014183044, 0.29999998211860657, 0.19999977946281433, 0.10000033676624298, 0.0, 0.8792988061904907, 0.8788317441940308, 0.8788224458694458, 0.8753759264945984, 0.7752161026000977, 0.0]","[0.186445415019989, 0.16343404352664948, 0.050159141421318054, 1.0016244649887085, -0.5324522852897644, 0.0814036875963211, 0.03357464075088501, 0.2418125420808792, -0.1436840444803238, 0.016413232311606407, 1.0143996477127075, 0.10191900283098221, 0.03236423432826996, -0.08764579147100449]","[286.0, 0.30000030994415283, 0.2999999523162842, 0.19999980926513672, 0.10000038146972656, 885.0]","[0.8792988061904907, 0.8788317441940308, 0.8788224458694458, 0.8753757476806641, 0.7752161026000977, 453.0]","[0.3686707317829132, 0.2126840502023697, -0.19878233969211578, 0.13905297219753265, -1.198830008506775, -0.0908883661031723, 0.28740569949150085, 0.3476863503456116, -0.4220125079154968, 0.26431208848953247, 0.2601895034313202, 0.4342483878135681, -0.09498696774244308, 0.105341337621212, 0.30000001192092896, 0.29899999499320984, 0.29899999499320984, 0.19900000095367432, 1.0, 0.0, 0.8980000019073486, 0.8989999890327454, 0.8999999761581421, 0.8999999761581421, 0.8009999990463257, 0.0]","[0.2491384744644165, 0.28690165281295776, -0.14469189941883087, -0.058852922171354294, -1.1055412292480469, -0.21729536354541779, 0.12956728041172028, 0.27553752064704895, -0.42823877930641174, 0.3018815517425537, 0.22851675748825073, 0.4470301568508148, -0.16587397456169128, 0.1425362378358841, 0.30000001192092896, 0.30000001192092896, 0.30000001192092896, 0.20000000298023224, 0.10000000149011612, 0.0, 0.8999999761581421, 0.8999999761581421, 0.8999999761581421, 0.8999999761581421, 0.800000011920929, 0.0]"
13,13,13,0.012292113999137655,0.07119143000090844,True,"[0.19552263617515564, 0.15343403816223145, 0.04225637763738632, 1.011528491973877, -0.5257958769798279, 0.09139170497655869, 0.041836928576231, 0.2515249252319336, -0.13366006314754486, 0.026401247829198837, 1.0243515968322754, 0.09202686697244644, 0.04236423596739769, -0.07783754169940948]","[336.0, 2.0, 1.0, 4.0, 10.0, 935.0]","[2.0, 1.0, 0.0, 8.0, 0.0, 503.0]","[0.008373316377401352, 0.17434607446193695, 0.10067896544933319, 0.9625706672668457, -1.0474390983581543, -0.2793782949447632, -0.00519147515296936, 0.02643635869026184, -0.497038334608078, -0.022570520639419556, 0.04258573055267334, 0.3169330358505249, -0.2816638946533203, -0.2611957788467407, 0.30000030994415283, 0.30000028014183044, 0.29999998211860657, 0.19999977946281433, 0.10000033676624298, 0.0, 0.878782331943512, 0.8783419132232666, 0.8783268928527832, 0.8748061656951904, 0.7746449708938599, 0.0]","[0.1855226308107376, 0.16343404352664948, 0.052256375551223755, 1.0015285015106201, -0.5357958674430847, 0.08139170706272125, 0.03183692693710327, 0.24152491986751556, -0.1436600685119629, 0.016401248052716255, 1.0143516063690186, 0.10202686488628387, 0.03236423432826996, -0.08783753961324692]","[286.0, 0.30000030994415283, 0.2999999523162842, 0.19999980926513672, 0.10000038146972656, 885.0]","[0.8787822723388672, 0.8783419132232666, 0.8783268928527832, 0.8748064041137695, 0.7746449708938599, 453.0]","[0.36868271231651306, 0.21274396777153015, -0.1989501267671585, 0.1390649527311325, -1.19884192943573, -0.0908883661031723, 0.2874176800251007, 0.3476743698120117, -0.4250684976577759, 0.26488733291625977, 0.2601655423641205, 0.43418848514556885, -0.09499895572662354, 0.10644388943910599, 0.30000001192092896, 0.29899999499320984, 0.29899999499320984, 0.19900000095367432, 1.0, 0.0, 0.8980000019073486, 0.8989999890327454, 0.8999999761581421, 0.8999999761581421, 0.8009999990463257, 0.0]","[0.24855397641658783, 0.28726768493652344, -0.14488840103149414, -0.056716468185186386, -1.1043035984039307, -0.21797728538513184, 0.12885341048240662, 0.27492791414260864, -0.428251177072525, 0.30280178785324097, 0.2304433137178421, 0.44608911871910095, -0.167300745844841, 0.1419447958469391, 0.30000001192092896, 0.30000001192092896, 0.30000001192092896, 0.20000000298023224, 0.10000000149011612, 0.0, 0.8999999761581421, 0.8999999761581421, 0.8999999761581421, 0.8999999761581421, 0.800000011920929, 0.0]"
14,14,14,0.006931468000402674,0.0932778189999226,True,"[0.1950073093175888, 0.1534220576286316, 0.04609132930636406, 1.0115165710449219, -0.5293791890144348, 0.09137971699237823, 0.04055461660027504, 0.25114142894744873, -0.13367204368114471, 0.026389263570308685, 1.024303674697876, 0.09217067807912827, 0.04235225170850754, -0.07802928984165192]","[336.0, 2.0, 1.0, 4.0, 10.0, 935.0]","[2.0, 1.0, 0.0, 8.0, 0.0, 503.0]","[0.009181220084428787, 0.17308279871940613, 0.09736853837966919, 0.965482234954834, -1.044823408126831, -0.27908796072006226, -0.0008127987384796143, 0.019794881343841553, -0.4974514842033386, -0.024674594402313232, 0.036560624837875366, 0.3205573558807373, -0.2854487895965576, -0.27325302362442017, 0.30000030994415283, 0.30000028014183044, 0.29999998211860657, 0.19999974966049194, 0.10000035911798477, 0.0, 0.8782615661621094, 0.8777551651000977, 0.8777371644973755, 0.8741264343261719, 0.7739588022232056, 0.0]","[0.18500730395317078, 0.16342206299304962, 0.05609133094549179, 1.001516580581665, -0.5393791794776917, 0.0813797190785408, 0.030554616823792458, 0.2411414235830307, -0.14367204904556274, 0.016389263793826103, 1.0143036842346191, 0.1021706759929657, 0.032352253794670105, -0.08802928775548935]","[286.0, 0.30000030994415283, 0.2999999523162842, 0.19999980926513672, 0.10000038146972656, 885.0]","[0.8782615661621094, 0.8777551651000977, 0.8777371644973755, 0.8741264343261719, 0.7739588022232056, 453.0]","[0.36868271231651306, 0.21281586587429047, -0.19897408783435822, 0.13911288976669312, -1.198830008506775, -0.0908883661031723, 0.28740569949150085, 0.34774625301361084, -0.4293108880519867, 0.2655104994773865, 0.2602134943008423, 0.4340686500072479, -0.09499895572662354, 0.10698317736387253, 0.30000001192092896, 0.29899999499320984, 0.29899999499320984, 0.19900000095367432, 1.0, 0.0, 0.8980000019073486, 0.8989999890327454, 0.8999999761581421, 0.8999999761581421, 0.8009999990463257, 0.0]","[0.24735702574253082, 0.2865605056285858, -0.14575673639774323, -0.054714053869247437, -1.1022804975509644, -0.21803990006446838, 0.12891247868537903, 0.2736210227012634, -0.42803335189819336, 0.3042966425418854, 0.23235781490802765, 0.4452287554740906, -0.16945780813694, 0.14082524180412292, 0.30000001192092896, 0.30000001192092896, 0.30000001192092896, 0.20000000298023224, 0.10000000149011612, 0.0, 0.8999999761581421, 0.8999999761581421, 0.8999999761581421, 0.8999999761581421, 0.800000011920929, 0.0]"
15,15,15,0.007878721999077243,0.0725819399995089,True,"[0.19419237971305847, 0.15361380577087402, 0.050273824483156204, 1.0114326477050781, -0.5343766212463379, 0.09136773645877838, 0.04019509255886078, 0.2507938742637634, -0.13367204368114471, 0.02635331079363823, 1.0242438316345215, 0.09229052066802979, 0.04236423596739769, -0.07830492407083511]","[336.0, 2.0, 1.0, 4.0, 10.0, 935.0]","[2.0, 1.0, 0.0, 8.0, 0.0, 503.0]","[0.01875637099146843, 0.1704837828874588, 0.11289861798286438, 0.9973912239074707, -1.038745641708374, -0.28379249572753906, 0.0011543631553649902, 0.040687739849090576, -0.4986330270767212, -0.03735673427581787, 0.022434234619140625, 0.330252468585968, -0.2830812931060791, -0.25581198930740356, 0.30000030994415283, 0.30000025033950806, 0.30000001192092896, 0.19999979436397552, 0.10000032931566238, 0.0, 0.87934410572052, 0.8789496421813965, 0.8789445161819458, 0.875510573387146, 0.7753567695617676, 0.0]","[0.18419237434864044, 0.16361381113529205, 0.060273826122283936, 1.0014326572418213, -0.5443766117095947, 0.08136773854494095, 0.030195092782378197, 0.2407938688993454, -0.14367204904556274, 0.016353311017155647, 1.0142438411712646, 0.10229051858186722, 0.03236423432826996, -0.08830492198467255]","[286.0, 0.3000001907348633, 0.30000001192092896, 0.19999980926513672, 0.10000038146972656, 885.0]","[0.87934410572052, 0.8789496421813965, 0.8789445161819458, 0.8755106925964355, 0.7753567695617676, 453.0]","[0.3686946928501129, 0.21286380290985107, -0.19910591840744019, 0.13923272490501404, -1.19884192943573, -0.0908883661031723, 0.28740569949150085, 0.3476983308792114, -0.43169575929641724, 0.26569026708602905, 0.26020148396492004, 0.4339008629322052, -0.09499895572662354, 0.10699516534805298, 0.30000001192092896, 0.29899999499320984, 0.29899999499320984, 0.19900000095367432, 1.0, 0.0, 0.8980000019073486, 0.8989999890327454, 0.8999999761581421, 0.8999999761581421, 0.8009999990463257, 0.0]","[0.24637237191200256, 0.28585565090179443, -0.1454000324010849, -0.054658032953739166, -1.1008025407791138, -0.2161467969417572, 0.12908940017223358, 0.27248266339302063, -0.4279784858226776, 0.30493438243865967, 0.23247240483760834, 0.44536468386650085, -0.17082545161247253, 0.14122359454631805, 0.30000001192092896, 0.30000001192092896, 0.30000001192092896, 0.20000000298023224, 0.10000000149011612, 0.0, 0.8999999761581421, 0.8999999761581421, 0.8999999761581421, 0.8999999761581421, 0.800000011920929, 0.0]"
16,16,16,0.0076740990007238,0.08708508500058088,True,"[0.1938328593969345, 0.15362578630447388, 0.052143365144729614, 1.0113128423690796, -0.5386070609092712, 0.09136773645877838, 0.039811596274375916, 0.2500748336315155, -0.13366006314754486, 0.026329342275857925, 1.024147868156433, 0.09237440675497055, 0.04235225170850754, -0.07838881760835648]","[336.0, 2.0, 1.0, 4.0, 10.0, 935.0]","[2.0, 1.0, 0.0, 8.0, 0.0, 503.0]","[0.013131357729434967, 0.1676836758852005, 0.10537542402744293, 0.9908616542816162, -1.0405324697494507, -0.2841395139694214, 0.0039875805377960205, 0.019264131784439087, -0.5021098852157593, -0.03392520546913147, 0.024319738149642944, 0.335662841796875, -0.2791096866130829, -0.25702229142189026, 0.30000030994415283, 0.30000022053718567, 0.30000001192092896, 0.1999998390674591, 0.1000002920627594, 0.0, 0.881698727607727, 0.8813834190368652, 0.8813926577568054, 0.8783445954322815, 0.7782033085823059, 0.0]","[0.18383285403251648, 0.1636257916688919, 0.06214336305856705, 1.0013128519058228, -0.5486070513725281, 0.08136773854494095, 0.029811596497893333, 0.24007482826709747, -0.1436600685119629, 0.016329342499375343, 1.0141478776931763, 0.10237440466880798, 0.032352253794670105, -0.08838881552219391]","[286.0, 0.3000001907348633, 0.30000001192092896, 0.19999980926513672, 0.10000038146972656, 885.0]","[0.881698727607727, 0.8813834190368652, 0.8813926577568054, 0.8783445358276367, 0.7782033085823059, 453.0]","[0.3686946928501129, 0.21287579834461212, -0.1995253711938858, 0.13923272490501404, -1.1988060474395752, -0.0908883661031723, 0.2874176800251007, 0.3476503789424896, -0.4324747323989868, 0.2660258412361145, 0.2601895034313202, 0.433804988861084, -0.09501093626022339, 0.10698317736387253, 0.30000001192092896, 0.29899999499320984, 0.29899999499320984, 0.19900000095367432, 1.0, 0.0, 0.8980000019073486, 0.8989999890327454, 0.8999999761581421, 0.8999999761581421, 0.8009999990463257, 0.0]","[0.24674375355243683, 0.2856728434562683, -0.145380899310112, -0.05598191171884537, -1.0989303588867188, -0.21495096385478973, 0.13138623535633087, 0.2723100483417511, -0.4281614422798157, 0.3055116534233093, 0.23066066205501556, 0.44632935523986816, -0.169511079788208, 0.13948003947734833, 0.30000001192092896, 0.30000001192092896, 0.30000001192092896, 0.20000000298023224, 0.10000000149011612, 0.0, 0.8999999761581421, 0.8999999761581421, 0.8999999761581421, 0.8999999761581421, 0.800000011920929, 0.0]"
17,17,17,0.009187476000079187,0.07984302399927401,True,"[0.19328159093856812, 0.15363776683807373, 0.05537910386919975, 1.0112409591674805, -0.5429573059082031, 0.09135574847459793, 0.039440084248781204, 0.2487805336713791, -0.133648082613945, 0.026317358016967773, 1.024075984954834, 0.09237440675497055, 0.042340267449617386, -0.07847270369529724]","[336.0, 2.0, 1.0, 4.0, 10.0, 935.0]","[2.0, 1.0, 0.0, 8.0, 0.0, 503.0]","[0.008528932929039001, 0.17408016324043274, 0.1041320264339447, 0.9770123958587646, -1.040163516998291, -0.2747768759727478, 0.007589846849441528, 0.03213736414909363, -0.5000947713851929, -0.03928017616271973, 0.027189433574676514, 0.3457954227924347, -0.27404868602752686, -0.2500605285167694, 0.30000030994415283, 0.30000030994415283, 0.29999998211860657, 0.19999973475933075, 0.10000039637088776, 0.0, 0.8840681314468384, 0.8834871649742126, 0.8834754228591919, 0.8808378577232361, 0.7806310057640076, 0.0]","[0.18328158557415009, 0.16363777220249176, 0.06537910550832748, 1.0012409687042236, -0.55295729637146, 0.0813557505607605, 0.029440084472298622, 0.23878052830696106, -0.14364808797836304, 0.01631735824048519, 1.0140759944915771, 0.10237440466880798, 0.032340265810489655, -0.08847270160913467]","[286.0, 0.30000030994415283, 0.2999999523162842, 0.19999980926513672, 0.10000038146972656, 885.0]","[0.8840681314468384, 0.8834871649742126, 0.8834754228591919, 0.8808379173278809, 0.7806310057640076, 453.0]","[0.36870667338371277, 0.21286380290985107, -0.19994480907917023, 0.13924472033977509, -1.1987221240997314, -0.09087637811899185, 0.2874176800251007, 0.3476863503456116, -0.4325226843357086, 0.2668287754058838, 0.2602134943008423, 0.4336491823196411, -0.09499895572662354, 0.10699516534805298, 0.30000001192092896, 0.29899999499320984, 0.29899999499320984, 0.19900000095367432, 1.0, 0.0, 0.8980000019073486, 0.8989999890327454, 0.8999999761581421, 0.8999999761581421, 0.8009999990463257, 0.0]","[0.24793070554733276, 0.2854789197444916, -0.1462482064962387, -0.056893087923526764, -1.098655104637146, -0.2151414304971695, 0.13273178040981293, 0.2728598713874817, -0.4277365803718567, 0.30680051445961, 0.22997498512268066, 0.4450470209121704, -0.16894324123859406, 0.13757272064685822, 0.30000001192092896, 0.30000001192092896, 0.30000001192092896, 0.20000000298023224, 0.10000000149011612, 0.0, 0.8999999761581421, 0.8999999761581421, 0.8999999761581421, 0.8999999761581421, 0.800000011920929, 0.0]"
18,18,18,0.012089397001545876,0.0949447440016229,True,"[0.19298197329044342, 0.15363776683807373, 0.06059224158525467, 1.011013150215149, -0.5470439195632935, 0.09133177995681763, 0.03904460743069649, 0.24757012724876404, -0.13366006314754486, 0.026329342275857925, 1.0240161418914795, 0.09245830029249191, 0.04235225170850754, -0.07852064073085785]","[336.0, 2.0, 1.0, 4.0, 10.0, 935.0]","[2.0, 1.0, 0.0, 8.0, 0.0, 503.0]","[0.023211020976305008, 0.17168493568897247, 0.1154327243566513, 0.9822138547897339, -1.0384997129440308, -0.2846710681915283, -0.00011390447616577148, 0.056882888078689575, -0.5023054480552673, -0.042918652296066284, 0.01324281096458435, 0.335674524307251, -0.2786267101764679, -0.2362823635339737, 0.30000030994415283, 0.30000025033950806, 0.30000001192092896, 0.19999979436397552, 0.10000032186508179, 0.0, 0.8805749416351318, 0.8801841735839844, 0.880182683467865, 0.8769570589065552, 0.7767947316169739, 0.0]","[0.1829819679260254, 0.16363777220249176, 0.0705922394990921, 1.001013159751892, -0.5570439100265503, 0.0813317820429802, 0.029044607654213905, 0.237570121884346, -0.1436600685119629, 0.016329342499375343, 1.0140161514282227, 0.10245829820632935, 0.032352253794670105, -0.08852063864469528]","[286.0, 0.3000001907348633, 0.30000001192092896, 0.19999980926513672, 0.10000038146972656, 885.0]","[0.8805749416351318, 0.8801841735839844, 0.880182683467865, 0.8769569396972656, 0.7767947316169739, 453.0]","[0.36868271231651306, 0.21287579834461212, -0.20049609243869781, 0.13920876383781433, -1.198686122894287, -0.0908883661031723, 0.2874176800251007, 0.3476623594760895, -0.4324986934661865, 0.2676796615123749, 0.2601895034313202, 0.4335533082485199, -0.09499895572662354, 0.10698317736387253, 0.30000001192092896, 0.29899999499320984, 0.29899999499320984, 0.19900000095367432, 1.0, 0.0, 0.8980000019073486, 0.8989999890327454, 0.8999999761581421, 0.8999999761581421, 0.8009999990463257, 0.0]","[0.2496410459280014, 0.2856175899505615, -0.14708510041236877, -0.05775830149650574, -1.0987924337387085, -0.21559378504753113, 0.13357216119766235, 0.27350687980651855, -0.42771536111831665, 0.30792292952537537, 0.22880946099758148, 0.4425937831401825, -0.16821904480457306, 0.13788965344429016, 0.30000001192092896, 0.30000001192092896, 0.30000001192092896, 0.20000000298023224, 0.10000000149011612, 0.0, 0.8999999761581421, 0.8999999761581421, 0.8999999761581421, 0.8999999761581421, 0.800000011920929, 0.0]"
19,19,19,0.009249190999980783,0.07846615299968107,True,"[0.19275428354740143, 0.1537935584783554, 0.06529005616903305, 1.0106297731399536, -0.5507470369338989, 0.09136773645877838, 0.038601189851760864, 0.24571256339550018, -0.13366006314754486, 0.026269420981407166, 1.0239441394805908, 0.09249424934387207, 0.04236423596739769, -0.07858056575059891]","[336.0, 2.0, 1.0, 4.0, 10.0, 935.0]","[2.0, 1.0, 0.0, 8.0, 0.0, 503.0]","[0.014728721231222153, 0.17494554817676544, 0.10416889190673828, 0.9577937126159668, -1.0418754816055298, -0.2789517641067505, -0.0012151598930358887, 0.04071560502052307, -0.5064634084701538, -0.03478708863258362, 0.008138954639434814, 0.32849642634391785, -0.2828841209411621, -0.2472793310880661, 0.30000030994415283, 0.30000028014183044, 0.30000001192092896, 0.19999976456165314, 0.10000035911798477, 0.0, 0.878480076789856, 0.878020167350769, 0.8780093789100647, 0.8744392991065979, 0.7742654085159302, 0.0]","[0.1827542781829834, 0.16379356384277344, 0.07529005408287048, 1.0006297826766968, -0.5607470273971558, 0.08136773854494095, 0.028601190075278282, 0.23571255803108215, -0.1436600685119629, 0.016269421204924583, 1.013944149017334, 0.1024942472577095, 0.03236423432826996, -0.08858056366443634]","[286.0, 0.30000030994415283, 0.30000001192092896, 0.19999980926513672, 0.10000038146972656, 885.0]","[0.878480076789856, 0.878020167350769, 0.8780093789100647, 0.8744392395019531, 0.7742654085159302, 453.0]","[0.36870667338371277, 0.21294769644737244, -0.2018742710351944, 0.13920876383781433, -1.1984584331512451, -0.09090034663677216, 0.2874176800251007, 0.3476863503456116, -0.4325226843357086, 0.2694173753261566, 0.26017752289772034, 0.4324507713317871, -0.09502292424440384, 0.10698317736387253, 0.30000001192092896, 0.29899999499320984, 0.29899999499320984, 0.19900000095367432, 1.0, 0.0, 0.8980000019073486, 0.8989999890327454, 0.8999999761581421, 0.8999999761581421, 0.8009999990463257, 0.0]","[0.2522291839122772, 0.28537362813949585, -0.1475476175546646, -0.05973705276846886, -1.0964072942733765, -0.21562545001506805, 0.13453291356563568, 0.27535003423690796, -0.42779844999313354, 0.30940353870391846, 0.22515060007572174, 0.43091464042663574, -0.16948916018009186, 0.1409388780593872, 0.30000001192092896, 0.30000001192092896, 0.30000001192092896, 0.20000000298023224, 0.10000000149011612, 0.0, 0.8999999761581421, 0.8999999761581421, 0.8999999761581421, 0.8999999761581421, 0.800000011920929, 0.0]"
20,20,20,0.009438898001462803,0.10376096199979656,True,"[0.19262245297431946, 0.15384149551391602, 0.06948453933000565, 1.0104140043258667, -0.5532277822494507, 0.09131979942321777, 0.03814578801393509, 0.24347151815891266, -0.13368403911590576, 0.026257436722517014, 1.0238603353500366, 0.09254218637943268, 0.04235225170850754, -0.07884421944618225]","[336.0, 2.0, 1.0, 4.0, 10.0, 935.0]","[2.0, 1.0, 0.0, 8.0, 0.0, 503.0]","[0.012407273054122925, 0.17165616154670715, 0.10442306101322174, 0.9627130031585693, -1.0428764820098877, -0.27865999937057495, 0.0028910934925079346, 0.034235984086990356, -0.5026409029960632, -0.03739058971405029, 0.011327117681503296, 0.3357110619544983, -0.27703988552093506, -0.2562689781188965, 0.30000030994415283, 0.30000028014183044, 0.30000001192092896, 0.19999976456165314, 0.10000037401914597, 0.0, 0.8800005912780762, 0.8794823884963989, 0.8794711232185364, 0.8761591911315918, 0.7759666442871094, 0.0]","[0.18262244760990143, 0.16384150087833405, 0.07948453724384308, 1.0004140138626099, -0.5632277727127075, 0.08131980150938034, 0.028145788237452507, 0.23347151279449463, -0.1436840444803238, 0.01625743694603443, 1.0138603448867798, 0.10254218429327011, 0.032352253794670105, -0.08884421736001968]","[286.0, 0.30000030994415283, 0.30000001192092896, 0.19999980926513672, 0.10000038146972656, 885.0]","[0.8800005912780762, 0.8794823884963989, 0.8794711232185364, 0.8761591911315918, 0.7759666442871094, 453.0]","[0.3687186539173126, 0.2130076140165329, -0.2025453895330429, 0.13923272490501404, -1.1976076364517212, -0.0909123346209526, 0.2874176800251007, 0.34772229194641113, -0.43253466486930847, 0.2710232436656952, 0.26015356183052063, 0.43188750743865967, -0.09501093626022339, 0.10700714588165283, 0.30000001192092896, 0.29899999499320984, 0.29899999499320984, 0.19900000095367432, 1.0, 0.0, 0.8980000019073486, 0.8989999890327454, 0.8999999761581421, 0.8999999761581421, 0.8009999990463257, 0.0]","[0.25537216663360596, 0.2854381799697876, -0.14580973982810974, -0.0632423385977745, -1.0961565971374512, -0.21434271335601807, 0.13511966168880463, 0.2777915894985199, -0.4296104609966278, 0.3083878457546234, 0.22066162526607513, 0.4206000566482544, -0.17053291201591492, 0.14633610844612122, 0.30000001192092896, 0.30000001192092896, 0.30000001192092896, 0.20000000298023224, 0.10000000149011612, 0.0, 0.8999999761581421, 0.8999999761581421, 0.8999999761581421, 0.8999999761581421, 0.800000011920929, 0.0]"
21,21,21,0.008992008999484824,0.07559142999889445,True,"[0.19247864186763763, 0.15388943254947662, 0.0712941586971283, 1.0102221965789795, -0.5566433072090149, 0.09133177995681763, 0.0369953028857708, 0.2401638776063919, -0.13366006314754486, 0.026269420981407166, 1.0238003730773926, 0.09272195398807526, 0.04235225170850754, -0.0788561999797821]","[336.0, 2.0, 1.0, 4.0, 10.0, 935.0]","[2.0, 1.0, 0.0, 8.0, 0.0, 503.0]","[0.022658858448266983, 0.17017032206058502, 0.11371693015098572, 0.9735207557678223, -1.0390956401824951, -0.2837422490119934, 0.009853661060333252, 0.06678760051727295, -0.5009554028511047, -0.04466411471366882, 0.004580497741699219, 0.3591071665287018, -0.26888954639434814, -0.2237548530101776, 0.30000030994415283, 0.30000028014183044, 0.30000001192092896, 0.19999976456165314, 0.10000035911798477, 0.0, 0.8781896233558655, 0.8776980042457581, 0.8776929378509521, 0.8740783333778381, 0.7738854289054871, 0.0]","[0.1824786365032196, 0.16388943791389465, 0.08129415661096573, 1.0002222061157227, -0.5666432976722717, 0.0813317820429802, 0.026995303109288216, 0.23016387224197388, -0.1436600685119629, 0.016269421204924583, 1.0138003826141357, 0.10272195190191269, 0.032352253794670105, -0.08885619789361954]","[286.0, 0.30000030994415283, 0.30000001192092896, 0.19999980926513672, 0.10000038146972656, 885.0]","[0.8781895637512207, 0.8776980042457581, 0.8776929378509521, 0.8740782737731934, 0.7738854289054871, 453.0]","[0.368802547454834, 0.2130076140165329, -0.20321650803089142, 0.13922074437141418, -1.1953545808792114, -0.0908883661031723, 0.2874176800251007, 0.3476863503456116, -0.43253466486930847, 0.2726171612739563, 0.2601415812969208, 0.42914313077926636, -0.09501093626022339, 0.1074385792016983, 0.30000001192092896, 0.29899999499320984, 0.29899999499320984, 0.19900000095367432, 1.0, 0.0, 0.8980000019073486, 0.8989999890327454, 0.8999999761581421, 0.8999999761581421, 0.8009999990463257, 0.0]","[0.25542905926704407, 0.2870965301990509, -0.14516137540340424, -0.06493117660284042, -1.0961320400238037, -0.21327124536037445, 0.13717694580554962, 0.2770364582538605, -0.43209612369537354, 0.30878493189811707, 0.2168765813112259, 0.40761056542396545, -0.17177802324295044, 0.15143783390522003, 0.30000001192092896, 0.30000001192092896, 0.30000001192092896, 0.20000000298023224, 0.10000000149011612, 0.0, 0.8999999761581421, 0.8999999761581421, 0.8999999761581421, 0.8999999761581421, 0.800000011920929, 0.0]"
22,22,22,0.00880558799872233,0.10048199899938481,True,"[0.19244268536567688, 0.15392538905143738, 0.0728161558508873, 1.010042428970337, -0.5591719746589661, 0.09133177995681763, 0.03194994479417801, 0.23800671100616455, -0.13367204368114471, 0.026221483945846558, 1.02362060546875, 0.09276989102363586, 0.04236423596739769, -0.07892810553312302]","[336.0, 2.0, 1.0, 4.0, 10.0, 935.0]","[2.0, 1.0, 0.0, 8.0, 0.0, 503.0]","[0.019368518143892288, 0.17329026758670807, 0.10875304043292999, 0.9576740264892578, -1.0426844358444214, -0.28105559945106506, 0.003597348928451538, 0.05625990033149719, -0.5028443336486816, -0.04181891679763794, 0.010092943906784058, 0.35173895955085754, -0.27028852701187134, -0.22175003588199615, 0.30000030994415283, 0.30000025033950806, 0.30000001192092896, 0.19999977946281433, 0.10000035166740417, 0.0, 0.8811059594154358, 0.8806520104408264, 0.8806515336036682, 0.8775153756141663, 0.7773313522338867, 0.0]","[0.18244268000125885, 0.1639253944158554, 0.08281615376472473, 1.00004243850708, -0.5691719651222229, 0.0813317820429802, 0.021949945017695427, 0.22800670564174652, -0.14367204904556274, 0.016221484169363976, 1.0136206150054932, 0.1027698889374733, 0.03236423432826996, -0.08892810344696045]","[286.0, 0.3000001907348633, 0.30000001192092896, 0.19999980926513672, 0.10000038146972656, 885.0]","[0.881105899810791, 0.8806520104408264, 0.8806515336036682, 0.8775153160095215, 0.7773313522338867, 453.0]","[0.36881452798843384, 0.2130076140165329, -0.203623965382576, 0.13920876383781433, -1.19507896900177, -0.09090034663677216, 0.2874176800251007, 0.3476623594760895, -0.4325226843357086, 0.273012638092041, 0.26011762022972107, 0.4264107048511505, -0.09503490477800369, 0.10778611898422241, 0.30000001192092896, 0.29899999499320984, 0.29899999499320984, 0.19900000095367432, 1.0, 0.0, 0.8980000019073486, 0.8989999890327454, 0.8999999761581421, 0.8999999761581421, 0.8009999990463257, 0.0]","[0.2562963664531708, 0.287356436252594, -0.14446742832660675, -0.06444334238767624, -1.096207857131958, -0.2130190134048462, 0.13666509091854095, 0.27733102440834045, -0.43512162566185, 0.30909013748168945, 0.211900532245636, 0.401600182056427, -0.17250843346118927, 0.15673644840717316, 0.30000001192092896, 0.30000001192092896, 0.30000001192092896, 0.20000000298023224, 0.10000000149011612, 0.0, 0.8999999761581421, 0.8999999761581421, 0.8999999761581421, 0.8999999761581421, 0.800000011920929, 0.0]"
23,23,23,0.01479046699932951,0.0787408090000099,True,"[0.19225093722343445, 0.15390141308307648, 0.07390671968460083, 1.0098387002944946, -0.5634143948554993, 0.09134376794099808, 0.024759409949183464, 0.23625701665878296, -0.13367204368114471, 0.02624545246362686, 1.0229854583740234, 0.0929376631975174, 0.04231629893183708, -0.07896406203508377]","[336.0, 2.0, 1.0, 4.0, 10.0, 935.0]","[2.0, 1.0, 0.0, 8.0, 0.0, 503.0]","[0.01686519756913185, 0.17182807624340057, 0.11076189577579498, 0.9682601690292358, -1.0425300598144531, -0.2838228940963745, 0.01279720664024353, 0.05675819516181946, -0.5000172257423401, -0.044841468334198, 0.006329447031021118, 0.3782119154930115, -0.2639615833759308, -0.21473880112171173, 0.30000030994415283, 0.30000028014183044, 0.30000001192092896, 0.19999977946281433, 0.10000036656856537, 0.0, 0.8784649968147278, 0.8779720067977905, 0.8779717683792114, 0.874398946762085, 0.7742025256156921, 0.0]","[0.18225093185901642, 0.1639014184474945, 0.08390671759843826, 0.9998387098312378, -0.5734143853187561, 0.08134377002716064, 0.014759410172700882, 0.22625701129436493, -0.14367204904556274, 0.01624545268714428, 1.0129854679107666, 0.10293766111135483, 0.03231629729270935, -0.0889640599489212]","[286.0, 0.30000030994415283, 0.30000001192092896, 0.19999980926513672, 0.10000038146972656, 885.0]","[0.878464937210083, 0.8779720067977905, 0.8779717683792114, 0.8743991851806641, 0.7742025256156921, 453.0]","[0.3688504695892334, 0.21299563348293304, -0.20409135520458221, 0.13920876383781433, -1.1948871612548828, -0.09090034663677216, 0.28740569949150085, 0.3475305438041687, -0.4329301416873932, 0.27345603704452515, 0.25997379422187805, 0.4170750081539154, -0.09501093626022339, 0.11009907722473145, 0.30000001192092896, 0.29899999499320984, 0.29899999499320984, 0.19900000095367432, 1.0, 0.0, 0.8980000019073486, 0.8989999890327454, 0.8999999761581421, 0.8999999761581421, 0.8009999990463257, 0.0]","[0.25643524527549744, 0.2886839210987091, -0.1433415561914444, -0.06583522260189056, -1.0969393253326416, -0.2113111913204193, 0.13865292072296143, 0.27664831280708313, -0.4410325288772583, 0.3104521632194519, 0.19979724287986755, 0.39532366394996643, -0.17866481840610504, 0.17146676778793335, 0.30000001192092896, 0.30000001192092896, 0.30000001192092896, 0.20000000298023224, 0.10000000149011612, 0.0, 0.8999999761581421, 0.8999999761581421, 0.8999999761581421, 0.8999999761581421, 0.800000011920929, 0.0]"
24,24,24,0.009672840000348515,0.08697315400058869,True,"[0.19213110208511353, 0.15393736958503723, 0.07661515474319458, 1.0097309350967407, -0.5664584040641785, 0.09133177995681763, 0.021559620276093483, 0.23553796112537384, -0.13366006314754486, 0.026221483945846558, 1.0221465826034546, 0.09315337985754013, 0.04235225170850754, -0.07900001108646393]","[336.0, 2.0, 1.0, 4.0, 10.0, 935.0]","[2.0, 1.0, 0.0, 8.0, 0.0, 503.0]","[0.017272140830755234, 0.17172130942344666, 0.11543937027454376, 0.9719055891036987, -1.040602207183838, -0.28476035594940186, 0.01225617527961731, 0.05412554740905762, -0.5018163919448853, -0.05462971329689026, -0.018803685903549194, 0.3818390369415283, -0.26402315497398376, -0.21461591124534607, 0.30000028014183044, 0.30000025033950806, 0.30000001192092896, 0.19999980926513672, 0.10000035166740417, 0.0, 0.8810736536979675, 0.8806293606758118, 0.880640983581543, 0.8774999976158142, 0.7773019671440125, 0.0]","[0.1821310967206955, 0.16393737494945526, 0.08661515265703201, 0.9997309446334839, -0.5764583945274353, 0.0813317820429802, 0.01225617527961731, 0.2255379557609558, -0.1436600685119629, 0.016221484169363976, 1.0121465921401978, 0.10315337777137756, 0.032352253794670105, -0.08900000900030136]","[286.0, 0.3000001907348633, 0.30000001192092896, 0.19999980926513672, 0.10000038146972656, 885.0]","[0.8810737133026123, 0.8806293606758118, 0.880640983581543, 0.877500057220459, 0.7773019671440125, 453.0]","[0.36893436312675476, 0.21299563348293304, -0.2042950838804245, 0.13922074437141418, -1.1945515871047974, -0.09087637811899185, 0.28742966055870056, 0.34744665026664734, -0.4355067312717438, 0.2739593982696533, 0.25939854979515076, 0.41224536299705505, -0.09503490477800369, 0.1173735037446022, 0.30000001192092896, 0.29899999499320984, 0.29899999499320984, 0.19900000095367432, 1.0, 0.0, 0.8980000019073486, 0.8989999890327454, 0.8999999761581421, 0.8999999761581421, 0.8009999990463257, 0.0]","[0.25474411249160767, 0.29137325286865234, -0.14343592524528503, -0.0692114382982254, -1.0993103981018066, -0.20886261761188507, 0.14271201193332672, 0.2730638384819031, -0.4477461576461792, 0.3140983283519745, 0.18444325029850006, 0.38699766993522644, -0.18378792703151703, 0.18100762367248535, 0.30000001192092896, 0.30000001192092896, 0.30000001192092896, 0.20000000298023224, 0.10000000149011612, 0.0, 0.8999999761581421, 0.8999999761581421, 0.8999999761581421, 0.8999999761581421, 0.800000011920929, 0.0]"
25,25,25,0.0072102009999071015,0.0707989689999522,True,"[0.1919393539428711, 0.15393736958503723, 0.07967112958431244, 1.009419322013855, -0.5696701407432556, 0.09134376794099808, 0.01967809721827507, 0.23471105098724365, -0.13366006314754486, 0.026221483945846558, 1.0216552019119263, 0.09336909651756287, 0.04235225170850754, -0.07900001108646393]","[336.0, 2.0, 1.0, 4.0, 10.0, 935.0]","[2.0, 1.0, 0.0, 8.0, 0.0, 503.0]","[0.016781296581029892, 0.17502936720848083, 0.11160899698734283, 0.9410653114318848, -1.0473586320877075, -0.2803995609283447, 0.014415502548217773, 0.060199230909347534, -0.499327152967453, -0.048998892307281494, -0.0023750662803649902, 0.38462620973587036, -0.26191744208335876, -0.2147454470396042, 0.30000028014183044, 0.30000030994415283, 0.30000001192092896, 0.19999974966049194, 0.10000041872262955, 0.0, 0.8796367645263672, 0.8790333867073059, 0.8790280818939209, 0.8756564855575562, 0.7754278182983398, 0.0]","[0.18193934857845306, 0.16393737494945526, 0.08967112749814987, 0.9994193315505981, -0.5796701312065125, 0.08134377002716064, 0.014415502548217773, 0.22471104562282562, -0.1436600685119629, 0.016221484169363976, 1.0116552114486694, 0.1033690944314003, 0.032352253794670105, -0.08900000900030136]","[286.0, 0.30000030994415283, 0.30000001192092896, 0.19999980926513672, 0.10000038146972656, 885.0]","[0.8796367645263672, 0.8790333867073059, 0.8790280818939209, 0.8756566047668457, 0.7754278182983398, 453.0]","[0.3689942955970764, 0.21304357051849365, -0.20433104038238525, 0.13920876383781433, -1.194503664970398, -0.0908883661031723, 0.28742966055870056, 0.3474107086658478, -0.43989297747612, 0.2748701870441437, 0.25692981481552124, 0.4092133641242981, -0.09503490477800369, 0.12826716899871826, 0.30000001192092896, 0.29899999499320984, 0.29899999499320984, 0.19900000095367432, 1.0, 0.0, 0.8980000019073486, 0.8989999890327454, 0.8999999761581421, 0.8999999761581421, 0.8009999990463257, 0.0]","[0.25306999683380127, 0.2938031256198883, -0.14466597139835358, -0.0710282251238823, -1.1016950607299805, -0.20783229172229767, 0.1453450620174408, 0.26878318190574646, -0.4530826210975647, 0.318289577960968, 0.17322060465812683, 0.3728616237640381, -0.19114838540554047, 0.1838170737028122, 0.30000001192092896, 0.30000001192092896, 0.30000001192092896, 0.20000000298023224, 0.10000000149011612, 0.0, 0.8999999761581421, 0.8999999761581421, 0.8999999761581421, 0.8999999761581421, 0.800000011920929, 0.0]"
26,26,26,0.01109409700075048,0.09761835700010124,True,"[0.19189141690731049, 0.15391340851783752, 0.08207996189594269, 1.0092395544052124, -0.5713120102882385, 0.09133177995681763, 0.019474366679787636, 0.23393207788467407, -0.13366006314754486, 0.026221483945846558, 1.0212117433547974, 0.09348893910646439, 0.04235225170850754, -0.07901199907064438]","[336.0, 2.0, 1.0, 4.0, 10.0, 935.0]","[2.0, 1.0, 0.0, 8.0, 0.0, 503.0]","[0.014523964375257492, 0.1735009253025055, 0.1124565452337265, 0.9428987503051758, -1.0518008470535278, -0.2829292416572571, 0.015530943870544434, 0.062280893325805664, -0.5005866289138794, -0.05058020353317261, -0.016971558332443237, 0.3821046054363251, -0.2671443223953247, -0.21970508992671967, 0.30000028014183044, 0.30000030994415283, 0.29999998211860657, 0.19999971985816956, 0.10000043362379074, 0.0, 0.8758262991905212, 0.8751794099807739, 0.8751713037490845, 0.8711696863174438, 0.7709299325942993, 0.0]","[0.18189141154289246, 0.16391341388225555, 0.09207995980978012, 0.9992395639419556, -0.5813120007514954, 0.0813317820429802, 0.015530943870544434, 0.22393207252025604, -0.1436600685119629, 0.016221484169363976, 1.0112117528915405, 0.10348893702030182, 0.032352253794670105, -0.08901199698448181]","[286.0, 0.30000030994415283, 0.2999999523162842, 0.19999980926513672, 0.10000038146972656, 885.0]","[0.875826358795166, 0.8751794099807739, 0.8751713037490845, 0.8711695671081543, 0.7709299325942993, 453.0]","[0.3689942955970764, 0.21304357051849365, -0.20437897741794586, 0.13920876383781433, -1.1945276260375977, -0.0908883661031723, 0.2874416410923004, 0.346907377243042, -0.44252949953079224, 0.2766318619251251, 0.2544251084327698, 0.40295758843421936, -0.09513077884912491, 0.13156282901763916, 0.30000001192092896, 0.29899999499320984, 0.29899999499320984, 0.19900000095367432, 1.0, 0.0, 0.8980000019073486, 0.8989999890327454, 0.8999999761581421, 0.8999999761581421, 0.8009999990463257, 0.0]","[0.2523694336414337, 0.29450875520706177, -0.14321045577526093, -0.06948627531528473, -1.1017658710479736, -0.20699599385261536, 0.14358405768871307, 0.26376593112945557, -0.46075716614723206, 0.3203946352005005, 0.15932263433933258, 0.3656252324581146, -0.19348782300949097, 0.18789009749889374, 0.30000001192092896, 0.30000001192092896, 0.30000001192092896, 0.20000000298023224, 0.10000000149011612, 0.0, 0.8999999761581421, 0.8999999761581421, 0.8999999761581421, 0.8999999761581421, 0.800000011920929, 0.0]"
27,27,27,0.006696604999888223,0.07427059899964661,True,"[0.19177156686782837, 0.15393736958503723, 0.087269127368927, 1.009071707725525, -0.5726662278175354, 0.09136773645877838, 0.01961817592382431, 0.23263777792453766, -0.13366006314754486, 0.026161564514040947, 1.0208882093429565, 0.09366870671510696, 0.04235225170850754, -0.07900001108646393]","[336.0, 2.0, 1.0, 4.0, 10.0, 935.0]","[2.0, 1.0, 0.0, 8.0, 0.0, 503.0]","[0.012830164283514023, 0.17418721318244934, 0.11366672813892365, 0.9462647438049316, -1.0490798950195312, -0.28419244289398193, 0.029746055603027344, 0.06738045811653137, -0.48816999793052673, -0.05320289731025696, 0.014900237321853638, 0.4057525098323822, -0.2555413246154785, -0.21377426385879517, 0.30000028014183044, 0.3000003397464752, 0.29999998211860657, 0.19999970495700836, 0.10000045597553253, 0.0, 0.8820276260375977, 0.8813018798828125, 0.8812989592552185, 0.8783283233642578, 0.7780596017837524, 0.0]","[0.18177156150341034, 0.16393737494945526, 0.09726912528276443, 0.9990717172622681, -0.5826662182807922, 0.08136773854494095, 0.029618175700306892, 0.22263777256011963, -0.1436600685119629, 0.016161564737558365, 1.0108882188796997, 0.1036687046289444, 0.032352253794670105, -0.08900000900030136]","[286.0, 0.30000030994415283, 0.2999999523162842, 0.19999980926513672, 0.10000038146972656, 885.0]","[0.8820276260375977, 0.8813018798828125, 0.8812989592552185, 0.8783283233642578, 0.7780596017837524, 453.0]","[0.3689463436603546, 0.21306754648685455, -0.20451080799102783, 0.13916082680225372, -1.1945276260375977, -0.0908883661031723, 0.28742966055870056, 0.3439113199710846, -0.4624113440513611, 0.29003024101257324, 0.236496701836586, 0.3821290135383606, -0.09501093626022339, 0.13842979073524475, 0.30000001192092896, 0.29899999499320984, 0.29899999499320984, 0.19900000095367432, 1.0, 0.0, 0.8980000019073486, 0.8989999890327454, 0.8999999761581421, 0.8999999761581421, 0.8009999990463257, 0.0]","[0.24853846430778503, 0.29801735281944275, -0.14233694970607758, -0.07444348931312561, -1.1020479202270508, -0.2026599496603012, 0.149842768907547, 0.24956659972667694, -0.47641924023628235, 0.3257269859313965, 0.11613180488348007, 0.3664149343967438, -0.1900414526462555, 0.18980996310710907, 0.30000001192092896, 0.30000001192092896, 0.30000001192092896, 0.20000000298023224, 0.10000000149011612, 0.0, 0.8999999761581421, 0.8999999761581421, 0.8999999761581421, 0.8999999761581421, 0.800000011920929, 0.0]"
28,28,28,0.005536649001442129,0.08582214399939403,True,"[0.19159181416034698, 0.15390141308307648, 0.09062471240758896, 1.0086642503738403, -0.5741162896156311, 0.09134376794099808, 0.0243759136646986, 0.2316550761461258, -0.13367204368114471, 0.0261735487729311, 1.0206844806671143, 0.09387243539094925, 0.04235225170850754, -0.07904794812202454]","[336.0, 2.0, 1.0, 4.0, 10.0, 935.0]","[2.0, 1.0, 0.0, 8.0, 0.0, 503.0]","[0.017828647047281265, 0.172492116689682, 0.11586962640285492, 0.9494823217391968, -1.0487310886383057, -0.2882368564605713, 0.0217190682888031, 0.07458680868148804, -0.4990050494670868, -0.05331799387931824, -0.02226075530052185, 0.40450984239578247, -0.25760969519615173, -0.20056770741939545, 0.30000028014183044, 0.30000028014183044, 0.30000001192092896, 0.19999976456165314, 0.10000040382146835, 0.0, 0.8742263913154602, 0.8736713528633118, 0.8736775517463684, 0.8694051504135132, 0.7691754102706909, 0.0]","[0.18159180879592896, 0.1639014184474945, 0.10062471032142639, 0.9986642599105835, -0.5841162800788879, 0.08134377002716064, 0.0217190682888031, 0.22165507078170776, -0.14367204904556274, 0.016173548996448517, 1.0106844902038574, 0.10387243330478668, 0.032352253794670105, -0.08904794603586197]","[286.0, 0.30000030994415283, 0.30000001192092896, 0.19999980926513672, 0.10000038146972656, 885.0]","[0.8742263317108154, 0.8736713528633118, 0.8736775517463684, 0.8694052696228027, 0.7691754102706909, 453.0]","[0.36898231506347656, 0.21316342055797577, -0.20460668206214905, 0.13916082680225372, -1.1945276260375977, -0.09087637811899185, 0.28742966055870056, 0.3443547189235687, -0.4803517162799835, 0.2989345192909241, 0.2132832556962967, 0.37340450286865234, -0.09503490477800369, 0.14695057272911072, 0.30000001192092896, 0.29899999499320984, 0.29899999499320984, 0.19900000095367432, 1.0, 0.0, 0.8980000019073486, 0.8989999890327454, 0.8999999761581421, 0.8999999761581421, 0.8009999990463257, 0.0]","[0.2450847178697586, 0.30282846093177795, -0.14240482449531555, -0.08087607473134995, -1.1039408445358276, -0.19864723086357117, 0.15725891292095184, 0.23377540707588196, -0.49168074131011963, 0.3279549777507782, 0.0708700567483902, 0.3722994923591614, -0.1852293461561203, 0.18778236210346222, 0.30000001192092896, 0.30000001192092896, 0.30000001192092896, 0.20000000298023224, 0.10000000149011612, 0.0, 0.8999999761581421, 0.8999999761581421, 0.8999999761581421, 0.8999999761581421, 0.800000011920929, 0.0]"
29,29,29,0.006810877001043991,0.08009524999943096,True,"[0.19154387712478638, 0.15435682237148285, 0.09369267523288727, 1.0086044073104858, -0.5772801041603088, 0.09133177995681763, 0.02442385070025921, 0.23098395764827728, -0.13371998071670532, 0.0261735487729311, 1.020420789718628, 0.09398029744625092, 0.04235225170850754, -0.0791558101773262]","[336.0, 2.0, 1.0, 4.0, 10.0, 935.0]","[2.0, 1.0, 0.0, 8.0, 0.0, 503.0]","[0.012660034000873566, 0.1711931675672531, 0.11080411076545715, 0.9522762298583984, -1.0542292594909668, -0.2871508002281189, 0.02550944685935974, 0.06706544756889343, -0.49568310379981995, -0.05178111791610718, 0.0068818628787994385, 0.41255587339401245, -0.2565993070602417, -0.20691077411174774, 0.30000028014183044, 0.30000030994415283, 0.29999998211860657, 0.19999971985816956, 0.10000044107437134, 0.0, 0.8746320009231567, 0.8739662170410156, 0.8739663362503052, 0.869759202003479, 0.7695119380950928, 0.0]","[0.18154387176036835, 0.16435682773590088, 0.1036926731467247, 0.998604416847229, -0.5872800946235657, 0.0813317820429802, 0.02550944685935974, 0.22098395228385925, -0.14371998608112335, 0.016173548996448517, 1.010420799255371, 0.10398029536008835, 0.032352253794670105, -0.08915580809116364]","[286.0, 0.30000030994415283, 0.2999999523162842, 0.19999980926513672, 0.10000038146972656, 885.0]","[0.8746320009231567, 0.8739662170410156, 0.8739663362503052, 0.8697590827941895, 0.7695119380950928, 453.0]","[0.36893436312675476, 0.2140023112297058, -0.2046186625957489, 0.13911288976669312, -1.1945276260375977, -0.0908404290676117, 0.28745362162590027, 0.3435637652873993, -0.4897952973842621, 0.30056437849998474, 0.19178356230258942, 0.3733445703983307, -0.09462743997573853, 0.15447665750980377, 0.30000001192092896, 0.29899999499320984, 0.29899999499320984, 0.19900000095367432, 1.0, 0.0, 0.8980000019073486, 0.8989999890327454, 0.8999999761581421, 0.8999999761581421, 0.8009999990463257, 0.0]","[0.24290435016155243, 0.30435675382614136, -0.14265860617160797, -0.08382982015609741, -1.1042401790618896, -0.19627657532691956, 0.1614980697631836, 0.2244250327348709, -0.5010159611701965, 0.3277832865715027, 0.03903043270111084, 0.3731313943862915, -0.18858012557029724, 0.18825401365756989, 0.30000001192092896, 0.30000001192092896, 0.30000001192092896, 0.20000000298023224, 0.10000000149011612, 0.0, 0.8999999761581421, 0.8999999761581421, 0.8999999761581421, 0.8999999761581421, 0.800000011920929, 0.0]"
30,30,30,0.00975010900037887,0.08839674899900274,True,"[0.19145998358726501, 0.1543208658695221, 0.09749167412519455, 1.008508563041687, -0.5807795524597168, 0.09133177995681763, 0.02400440350174904, 0.23034879565238953, -0.13369601964950562, 0.026161564514040947, 1.020324945449829, 0.09411212056875229, 0.042340267449617386, -0.0791558101773262]","[336.0, 2.0, 1.0, 4.0, 10.0, 935.0]","[2.0, 1.0, 0.0, 8.0, 0.0, 503.0]","[0.008650161325931549, 0.1738537698984146, 0.109546959400177, 0.9390156269073486, -1.0499944686889648, -0.2839009761810303, 0.027403205633163452, 0.06198418140411377, -0.4969887137413025, -0.05437043309211731, -0.00823238492012024, 0.4232262372970581, -0.25437551736831665, -0.20814378559589386, 0.30000028014183044, 0.30000030994415283, 0.29999998211860657, 0.19999973475933075, 0.10000045597553253, 0.0, 0.871187686920166, 0.8705007433891296, 0.8705034852027893, 0.8657249808311462, 0.7654649019241333, 0.0]","[0.18145997822284698, 0.16432087123394012, 0.10749167203903198, 0.9985085725784302, -0.5907795429229736, 0.0813317820429802, 0.027403205633163452, 0.2203487902879715, -0.14369602501392365, 0.016161564737558365, 1.0103249549865723, 0.10411211848258972, 0.032340265810489655, -0.08915580809116364]","[286.0, 0.30000030994415283, 0.2999999523162842, 0.19999980926513672, 0.10000038146972656, 885.0]","[0.871187686920166, 0.8705007433891296, 0.8705034852027893, 0.865725040435791, 0.7654649019241333, 453.0]","[0.3689703345298767, 0.21408620476722717, -0.2048943042755127, 0.13913685083389282, -1.1945276260375977, -0.09076852351427078, 0.2875494956970215, 0.34339597821235657, -0.5053628087043762, 0.30275747179985046, 0.15113306045532227, 0.37338051199913025, -0.09449561685323715, 0.15544737875461578, 0.30000001192092896, 0.29899999499320984, 0.29899999499320984, 0.19900000095367432, 1.0, 0.0, 0.8980000019073486, 0.8989999890327454, 0.8999999761581421, 0.8999999761581421, 0.8009999990463257, 0.0]","[0.24011269211769104, 0.3047749400138855, -0.14241288602352142, -0.084497831761837, -1.1037813425064087, -0.19422706961631775, 0.16382768750190735, 0.21507519483566284, -0.5113738179206848, 0.3253043591976166, 0.007636566646397114, 0.3817562162876129, -0.19003239274024963, 0.1891138106584549, 0.30000001192092896, 0.30000001192092896, 0.30000001192092896, 0.20000000298023224, 0.10000000149011612, 0.0, 0.8999999761581421, 0.8999999761581421, 0.8999999761581421, 0.8999999761581421, 0.800000011920929, 0.0]"
31,31,31,0.013338529999600723,0.08278261100167583,True,"[0.19128021597862244, 0.15452459454536438, 0.10210560262203217, 1.0083646774291992, -0.5847942233085632, 0.09133177995681763, 0.024627583101391792, 0.2298814058303833, -0.13370800018310547, 0.02611362747848034, 1.0201691389083862, 0.0941840261220932, 0.04236423596739769, -0.07919175922870636]","[336.0, 2.0, 1.0, 4.0, 10.0, 935.0]","[2.0, 1.0, 0.0, 8.0, 0.0, 503.0]","[0.009822867810726166, 0.17374157905578613, 0.10980421304702759, 0.924210786819458, -1.0609984397888184, -0.28587132692337036, 0.03408080339431763, 0.07636737823486328, -0.4888368844985962, -0.056606948375701904, 0.001418381929397583, 0.4366072416305542, -0.24799668788909912, -0.20903709530830383, 0.30000025033950806, 0.3000003695487976, 0.2999999523162842, 0.19999966025352478, 0.1000005230307579, 0.0, 0.8699566721916199, 0.869087278842926, 0.8690778017044067, 0.8641023635864258, 0.763800859451294, 0.0]","[0.1812802106142044, 0.1645245999097824, 0.10980421304702759, 0.9983646869659424, -0.5947942137718201, 0.0813317820429802, 0.03408080339431763, 0.21988140046596527, -0.1437080055475235, 0.016113627701997757, 1.0101691484451294, 0.10418402403593063, 0.03236423432826996, -0.08919175714254379]","[286.0, 0.3000004291534424, 0.2999999523162842, 0.19999957084655762, 0.10000038146972656, 885.0]","[0.8699567317962646, 0.869087278842926, 0.8690778017044067, 0.8641023635864258, 0.763800859451294, 453.0]","[0.3689223825931549, 0.21411016583442688, -0.2049901783466339, 0.1390409767627716, -1.1945276260375977, -0.09079249203205109, 0.28753751516342163, 0.3417421579360962, -0.5186532735824585, 0.3025777041912079, 0.10701913386583328, 0.3737400472164154, -0.09460347145795822, 0.15547135472297668, 0.30000001192092896, 0.29899999499320984, 0.29899999499320984, 0.19900000095367432, 1.0, 0.0, 0.8980000019073486, 0.8989999890327454, 0.8999999761581421, 0.8999999761581421, 0.8009999990463257, 0.0]","[0.2375427633523941, 0.30498409271240234, -0.14159269630908966, -0.08433442562818527, -1.1027891635894775, -0.19239671528339386, 0.16622653603553772, 0.20364326238632202, -0.5254572629928589, 0.3143369257450104, -0.029083028435707092, 0.3961579501628876, -0.18862232565879822, 0.19832491874694824, 0.30000001192092896, 0.30000001192092896, 0.30000001192092896, 0.20000000298023224, 0.10000000149011612, 0.0, 0.8999999761581421, 0.8999999761581421, 0.8999999761581421, 0.8999999761581421, 0.800000011920929, 0.0]"
32,32,32,0.007189439000285347,0.08518748499955109,True,"[0.19112442433834076, 0.15456055104732513, 0.10610833019018173, 1.0081849098205566, -0.5884613990783691, 0.09130781143903732, 0.02773149684071541, 0.22968965768814087, -0.13370800018310547, 0.02612561173737049, 1.0201332569122314, 0.09433981776237488, 0.04235225170850754, -0.07921572774648666]","[336.0, 2.0, 1.0, 5.0, 10.0, 935.0]","[2.0, 1.0, 0.0, 8.0, 0.0, 503.0]","[0.009776536375284195, 0.17343617975711823, 0.11530295014381409, 0.9448879957199097, -1.0485312938690186, -0.2863556146621704, 0.03913801908493042, 0.0583307147026062, -0.49533575773239136, -0.05969732999801636, -0.027969181537628174, 0.43077969551086426, -0.251594603061676, -0.2078791856765747, 0.30000028014183044, 0.30000028014183044, 0.30000001192092896, 0.19999977946281433, 0.10000042617321014, 0.0, 0.8783717155456543, 0.8777567148208618, 0.8777772188186646, 0.8741903305053711, 0.7739275693893433, 0.0]","[0.18112441897392273, 0.16456055641174316, 0.11530295014381409, 0.9981849193572998, -0.598461389541626, 0.08130781352519989, 0.03773149847984314, 0.21968965232372284, -0.1437080055475235, 0.01612561196088791, 1.0101332664489746, 0.10433981567621231, 0.032352253794670105, -0.0892157256603241]","[286.0, 0.30000030994415283, 0.30000001192092896, 0.19999980926513672, 0.10000038146972656, 885.0]","[0.8783717155456543, 0.8777567148208618, 0.8777772188186646, 0.8741903305053711, 0.7739275693893433, 453.0]","[0.3689223825931549, 0.21461351215839386, -0.20497818291187286, 0.13905297219753265, -1.1945276260375977, -0.09079249203205109, 0.2875974476337433, 0.3349471092224121, -0.5279290676116943, 0.3017508089542389, 0.07088669389486313, 0.37453100085258484, -0.09461545944213867, 0.15702930092811584, 0.30000001192092896, 0.29899999499320984, 0.29899999499320984, 0.19900000095367432, 1.0, 0.0, 0.8980000019073486, 0.8989999890327454, 0.8999999761581421, 0.8999999761581421, 0.8009999990463257, 0.0]","[0.23487502336502075, 0.3046906292438507, -0.1425829827785492, -0.08724818378686905, -1.100848913192749, -0.19072943925857544, 0.1714242696762085, 0.1907428801059723, -0.5392971038818359, 0.3018544912338257, -0.06826136261224747, 0.42730429768562317, -0.18920041620731354, 0.21040387451648712, 0.30000001192092896, 0.30000001192092896, 0.30000001192092896, 0.20000000298023224, 0.10000000149011612, 0.0, 0.8999999761581421, 0.8999999761581421, 0.8999999761581421, 0.8999999761581421, 0.800000011920929, 0.0]"
33,33,33,0.0130185040015931,0.08264812299967161,True,"[0.19102855026721954, 0.1546444445848465, 0.10862501710653305, 1.0081250667572021, -0.5907623767852783, 0.09130781143903732, 0.03081144392490387, 0.22948592901229858, -0.13370800018310547, 0.026149580255150795, 1.020097255706787, 0.09447164833545685, 0.04236423596739769, -0.07921572774648666]","[336.0, 2.0, 1.0, 4.0, 10.0, 935.0]","[2.0, 1.0, 0.0, 8.0, 0.0, 503.0]","[0.009189318865537643, 0.17664238810539246, 0.10848797857761383, 0.9330650568008423, -1.049428939819336, -0.28373295068740845, 0.038708120584487915, 0.06850078701972961, -0.49731990694999695, -0.05302387475967407, -0.0071833133697509766, 0.4409604072570801, -0.25212815403938293, -0.19670841097831726, 0.30000028014183044, 0.30000030994415283, 0.30000001192092896, 0.19999971985816956, 0.10000045597553253, 0.0, 0.8718515634536743, 0.8711694478988647, 0.8711798191070557, 0.8665053248405457, 0.7662414908409119, 0.0]","[0.1810285449028015, 0.16464444994926453, 0.10848797857761383, 0.9981250762939453, -0.6007623672485352, 0.08130781352519989, 0.038708120584487915, 0.21948592364788055, -0.1437080055475235, 0.016149580478668213, 1.0100972652435303, 0.10447164624929428, 0.03236423432826996, -0.0892157256603241]","[286.0, 0.30000030994415283, 0.30000001192092896, 0.19999980926513672, 0.10000038146972656, 885.0]","[0.8718515634536743, 0.8711694478988647, 0.8711798191070557, 0.8665051460266113, 0.7662414908409119, 453.0]","[0.36888644099235535, 0.21467342972755432, -0.20513398945331573, 0.1390409767627716, -1.1945396661758423, -0.09073256701231003, 0.2876933217048645, 0.3235620856285095, -0.5405844449996948, 0.3014032542705536, 0.03627625107765198, 0.3754657804965973, -0.09435180574655533, 0.16371649503707886, 0.30000001192092896, 0.29899999499320984, 0.29899999499320984, 0.19900000095367432, 1.0, 0.0, 0.8980000019073486, 0.8989999890327454, 0.8999999761581421, 0.8999999761581421, 0.8009999990463257, 0.0]","[0.23355719447135925, 0.30475500226020813, -0.14249210059642792, -0.0896063894033432, -1.1001214981079102, -0.18838155269622803, 0.17508754134178162, 0.1836235374212265, -0.5473169684410095, 0.29303979873657227, -0.09515056014060974, 0.44298285245895386, -0.19790011644363403, 0.21704962849617004, 0.30000001192092896, 0.30000001192092896, 0.30000001192092896, 0.20000000298023224, 0.10000000149011612, 0.0, 0.8999999761581421, 0.8999999761581421, 0.8999999761581421, 0.8999999761581421, 0.800000011920929, 0.0]"
34,34,34,0.006489284000053885,0.08462539299944183,True,"[0.19088473916053772, 0.15483619272708893, 0.10892461985349655, 1.0079692602157593, -0.5916612148284912, 0.09129583090543747, 0.03447861596941948, 0.22922228276729584, -0.13375593721866608, 0.02605370618402958, 1.0200732946395874, 0.09465140849351883, 0.04235225170850754, -0.07922771573066711]","[336.0, 2.0, 1.0, 5.0, 10.0, 935.0]","[2.0, 1.0, 0.0, 8.0, 0.0, 503.0]","[0.012663930654525757, 0.17441637814044952, 0.1120297759771347, 0.9349493980407715, -1.0526365041732788, -0.2854180634021759, 0.043562620878219604, 0.07923409342765808, -0.4923357665538788, -0.05769553780555725, 0.004083991050720215, 0.44818952679634094, -0.24518147110939026, -0.19893713295459747, 0.30000028014183044, 0.3000003397464752, 0.29999998211860657, 0.19999970495700836, 0.10000047832727432, 0.0, 0.8707301020622253, 0.8699741363525391, 0.8699783086776733, 0.8651201128959656, 0.7648428678512573, 0.0]","[0.1808847337961197, 0.16483619809150696, 0.1120297759771347, 0.9979692697525024, -0.601661205291748, 0.08129583299160004, 0.043562620878219604, 0.2192222774028778, -0.1437559425830841, 0.016053706407546997, 1.0100733041763306, 0.10465140640735626, 0.032352253794670105, -0.08922771364450455]","[286.0, 0.30000030994415283, 0.2999999523162842, 0.19999980926513672, 0.10000038146972656, 885.0]","[0.8707301616668701, 0.8699741363525391, 0.8699783086776733, 0.8651199340820312, 0.7648428678512573, 453.0]","[0.3688265085220337, 0.21468541026115417, -0.20612867176532745, 0.13900503516197205, -1.194443702697754, -0.09072058647871017, 0.2876933217048645, 0.31363916397094727, -0.5538989305496216, 0.2979997396469116, 0.0008868326549418271, 0.38041526079177856, -0.094507597386837, 0.17238110303878784, 0.30000001192092896, 0.29899999499320984, 0.29899999499320984, 0.19900000095367432, 1.0, 0.0, 0.8980000019073486, 0.8989999890327454, 0.8999999761581421, 0.8999999761581421, 0.8009999990463257, 0.0]","[0.23221546411514282, 0.3038790822029114, -0.14082063734531403, -0.08907045423984528, -1.1000398397445679, -0.18591274321079254, 0.17592453956604004, 0.17443270981311798, -0.5545076727867126, 0.28049957752227783, -0.12022583931684494, 0.46416234970092773, -0.20043040812015533, 0.22787050902843475, 0.30000001192092896, 0.30000001192092896, 0.30000001192092896, 0.20000000298023224, 0.10000000149011612, 0.0, 0.8999999761581421, 0.8999999761581421, 0.8999999761581421, 0.8999999761581421, 0.800000011920929, 0.0]"
35,35,35,0.011681173000397393,0.13582301800124696,True,"[0.19066902995109558, 0.15478825569152832, 0.10869692265987396, 1.0077894926071167, -0.5926798582077026, 0.09130781143903732, 0.04223240911960602, 0.22897060215473175, -0.13370800018310547, 0.026041721925139427, 1.020025372505188, 0.09483117610216141, 0.04235225170850754, -0.07925168424844742]","[336.0, 2.0, 1.0, 4.0, 10.0, 935.0]","[2.0, 1.0, 0.0, 8.0, 0.0, 503.0]","[0.011524170637130737, 0.17751853168010712, 0.11073817312717438, 0.9072325229644775, -1.0560535192489624, -0.28634113073349, 0.040176331996917725, 0.08384585380554199, -0.4898598790168762, -0.0647941529750824, -0.00866466760635376, 0.4587501287460327, -0.24528104066848755, -0.2011890709400177, 0.30000028014183044, 0.30000030994415283, 0.29999998211860657, 0.19999973475933075, 0.10000046342611313, 0.0, 0.8675450682640076, 0.8668465614318848, 0.866859495639801, 0.8614701628684998, 0.7611955404281616, 0.0]","[0.18066902458667755, 0.16478826105594635, 0.11073817312717438, 0.9977895021438599, -0.6026798486709595, 0.08130781352519989, 0.040176331996917725, 0.21897059679031372, -0.1437080055475235, 0.016041722148656845, 1.0100253820419312, 0.10483117401599884, 0.032352253794670105, -0.08925168216228485]","[286.0, 0.30000030994415283, 0.2999999523162842, 0.19999980926513672, 0.10000038146972656, 885.0]","[0.8675451278686523, 0.8668465614318848, 0.866859495639801, 0.8614702224731445, 0.7611955404281616, 453.0]","[0.36886247992515564, 0.2150808870792389, -0.2061166912317276, 0.13905297219753265, -1.194048285484314, -0.09073256701231003, 0.2879449725151062, 0.30063626170158386, -0.5606340169906616, 0.28846031427383423, -0.037714358419179916, 0.39861929416656494, -0.09577792882919312, 0.18337063491344452, 0.30000001192092896, 0.29899999499320984, 0.29899999499320984, 0.19900000095367432, 1.0, 0.0, 0.8980000019073486, 0.8989999890327454, 0.8999999761581421, 0.8999999761581421, 0.8009999990463257, 0.0]","[0.22944939136505127, 0.30220919847488403, -0.1405228227376938, -0.08330253511667252, -1.097985863685608, -0.18670348823070526, 0.17602486908435822, 0.16295260190963745, -0.5609265565872192, 0.2630552351474762, -0.1559779942035675, 0.4870436191558838, -0.21158896386623383, 0.23751318454742432, 0.30000001192092896, 0.30000001192092896, 0.30000001192092896, 0.20000000298023224, 0.10000000149011612, 0.0, 0.8999999761581421, 0.8999999761581421, 0.8999999761581421, 0.8999999761581421, 0.800000011920929, 0.0]"
36,36,36,0.006792521999159362,0.11100496400104021,True,"[0.190489262342453, 0.15509983897209167, 0.10881676524877548, 1.007537841796875, -0.5938662886619568, 0.09130781143903732, 0.04313122481107712, 0.2285871058702469, -0.13369601964950562, 0.026041721925139427, 1.0199774503707886, 0.09541840106248856, 0.04235225170850754, -0.07925168424844742]","[336.0, 2.0, 1.0, 4.0, 10.0, 935.0]","[2.0, 1.0, 0.0, 8.0, 0.0, 503.0]","[0.004233136773109436, 0.17910310626029968, 0.09969963133335114, 0.8936051726341248, -1.064112663269043, -0.28109604120254517, 0.04194477200508118, 0.07473456859588623, -0.4930223524570465, -0.05225065350532532, 0.019526302814483643, 0.4568551778793335, -0.24528616666793823, -0.20981906354427338, 0.30000028014183044, 0.3000003695487976, 0.29999998211860657, 0.1999996453523636, 0.1000005379319191, 0.0, 0.8612900376319885, 0.8604069948196411, 0.8604020476341248, 0.8539729118347168, 0.7536721229553223, 0.0]","[0.18048925697803497, 0.1650998443365097, 0.09969963133335114, 0.9975378513336182, -0.6038662791252136, 0.08130781352519989, 0.04194477200508118, 0.21858710050582886, -0.14369602501392365, 0.016041722148656845, 1.0099774599075317, 0.10541839897632599, 0.032352253794670105, -0.08925168216228485]","[286.0, 0.3000004291534424, 0.2999999523162842, 0.19999957084655762, 0.10000038146972656, 885.0]","[0.8612899780273438, 0.8604069948196411, 0.8604020476341248, 0.8539729118347168, 0.7536721229553223, 453.0]","[0.3688744604587555, 0.2154044657945633, -0.20612867176532745, 0.1390649527311325, -1.1939404010772705, -0.09069661796092987, 0.28802886605262756, 0.29237914085388184, -0.5624077320098877, 0.28488901257514954, -0.05372528359293938, 0.4049709439277649, -0.09608951956033707, 0.18780478835105896, 0.30000001192092896, 0.29899999499320984, 0.29899999499320984, 0.19900000095367432, 1.0, 0.0, 0.8980000019073486, 0.8989999890327454, 0.8999999761581421, 0.8999999761581421, 0.8009999990463257, 0.0]","[0.2282264083623886, 0.3019157946109772, -0.13986501097679138, -0.08193427324295044, -1.097455620765686, -0.1863139569759369, 0.17638307809829712, 0.15965938568115234, -0.5630112886428833, 0.25798970460891724, -0.16667988896369934, 0.4934913218021393, -0.22426776587963104, 0.23837363719940186, 0.30000001192092896, 0.30000001192092896, 0.30000001192092896, 0.20000000298023224, 0.10000000149011612, 0.0, 0.8999999761581421, 0.8999999761581421, 0.8999999761581421, 0.8999999761581421, 0.800000011920929, 0.0]"
37,37,37,0.009459690998482984,0.08372444700034976,True,"[0.19040536880493164, 0.15520770847797394, 0.10665960609912872, 1.007322072982788, -0.5942617654800415, 0.09128384292125702, 0.04320313036441803, 0.22837139666080475, -0.13371998071670532, 0.026029737666249275, 1.0199534893035889, 0.09599364548921585, 0.04235225170850754, -0.07926366478204727]","[336.0, 2.0, 1.0, 4.0, 10.0, 935.0]","[2.0, 1.0, 0.0, 8.0, 0.0, 503.0]","[0.000660676509141922, 0.18522225320339203, 0.09899143874645233, 0.8794753551483154, -1.0556154251098633, -0.27805984020233154, 0.04365062713623047, 0.06510162353515625, -0.4972010850906372, -0.05427035689353943, 0.0009445548057556152, 0.450857937335968, -0.2512974739074707, -0.21728840470314026, 0.30000025033950806, 0.3000003695487976, 0.2999999523162842, 0.19999966025352478, 0.1000005379319191, 0.0, 0.8665676712989807, 0.865700364112854, 0.8656970858573914, 0.8601452112197876, 0.7598468065261841, 0.0]","[0.1804053634405136, 0.16520771384239197, 0.09899143874645233, 0.9973220825195312, -0.6042617559432983, 0.08128384500741959, 0.04365062713623047, 0.21837139129638672, -0.14371998608112335, 0.016029737889766693, 1.009953498840332, 0.10599364340305328, 0.032352253794670105, -0.0892636626958847]","[286.0, 0.3000004291534424, 0.2999999523162842, 0.19999957084655762, 0.10000038146972656, 885.0]","[0.8665676116943359, 0.865700364112854, 0.8656970858573914, 0.860145092010498, 0.7598468065261841, 453.0]","[0.3687666058540344, 0.21563217043876648, -0.20618858933448792, 0.1390409767627716, -1.1935689449310303, -0.09068462997674942, 0.2880648076534271, 0.2781059443950653, -0.5639656782150269, 0.27735093235969543, -0.08462061733007431, 0.4234865605831146, -0.09785120189189911, 0.19748805463314056, 0.30000001192092896, 0.29899999499320984, 0.29899999499320984, 0.19900000095367432, 1.0, 0.0, 0.8980000019073486, 0.8989999890327454, 0.8999999761581421, 0.8999999761581421, 0.8009999990463257, 0.0]","[0.22714726626873016, 0.30093997716903687, -0.13759970664978027, -0.08127183467149734, -1.097434163093567, -0.18337172269821167, 0.17686735093593597, 0.15254922211170197, -0.564424991607666, 0.24523738026618958, -0.1853889524936676, 0.5104750394821167, -0.2303231656551361, 0.24177849292755127, 0.30000001192092896, 0.30000001192092896, 0.30000001192092896, 0.20000000298023224, 0.10000000149011612, 0.0, 0.8999999761581421, 0.8999999761581421, 0.8999999761581421, 0.8999999761581421, 0.800000011920929, 0.0]"
38,38,38,0.009289218000049004,0.08172036299947649,True,"[0.1901896595954895, 0.1551957130432129, 0.10367552936077118, 1.0070704221725464, -0.5945613980293274, 0.09127186238765717, 0.0433349572122097, 0.22816766798496246, -0.13371998071670532, 0.026041721925139427, 1.0199534893035889, 0.09619737416505814, 0.042340267449617386, -0.07925168424844742]","[336.0, 2.0, 1.0, 4.0, 10.0, 935.0]","[2.0, 1.0, 0.0, 8.0, 0.0, 503.0]","[-0.0021669305860996246, 0.18456923961639404, 0.08973601460456848, 0.8744784593582153, -1.063109278678894, -0.2805185317993164, 0.048171937465667725, 0.06067022681236267, -0.4892224073410034, -0.049319297075271606, 0.03430810570716858, 0.46790629625320435, -0.24259991943836212, -0.21916240453720093, 0.30000025033950806, 0.3000003397464752, 0.2999999523162842, 0.19999966025352478, 0.1000005230307579, 0.0, 0.8634166717529297, 0.8625568151473999, 0.8625598549842834, 0.8564743995666504, 0.7561811208724976, 0.0]","[0.18018965423107147, 0.16519571840763092, 0.09367553144693375, 0.9970704317092896, -0.6045613884925842, 0.08127186447381973, 0.048171937465667725, 0.21816766262054443, -0.14371998608112335, 0.016041722148656845, 1.009953498840332, 0.10619737207889557, 0.032340265810489655, -0.08925168216228485]","[286.0, 0.30000030994415283, 0.2999999523162842, 0.19999957084655762, 0.10000038146972656, 885.0]","[0.8634166717529297, 0.8625568151473999, 0.8625598549842834, 0.8564743995666504, 0.7561811208724976, 453.0]","[0.3687785863876343, 0.21566811203956604, -0.2061406522989273, 0.13900503516197205, -1.1927180290222168, -0.09069661796092987, 0.2880648076534271, 0.27095136046409607, -0.5636061429977417, 0.2697888910770416, -0.11247195303440094, 0.4381432831287384, -0.10402307659387589, 0.20091553032398224, 0.30000001192092896, 0.29899999499320984, 0.29899999499320984, 0.19900000095367432, 1.0, 0.0, 0.8980000019073486, 0.8989999890327454, 0.8999999761581421, 0.8999999761581421, 0.8009999990463257, 0.0]","[0.22485393285751343, 0.298979789018631, -0.13206128776073456, -0.07822123914957047, -1.0980162620544434, -0.1764623522758484, 0.17682954668998718, 0.14234134554862976, -0.5677737593650818, 0.22256246209144592, -0.21032394468784332, 0.5347662568092346, -0.24441160261631012, 0.24538418650627136, 0.30000001192092896, 0.30000001192092896, 0.30000001192092896, 0.20000000298023224, 0.10000000149011612, 0.0, 0.8999999761581421, 0.8999999761581421, 0.8999999761581421, 0.8999999761581421, 0.800000011920929, 0.0]"
39,39,39,0.010921244998826296,0.08651980800095771,True,"[0.1898181438446045, 0.15539944171905518, 0.10046376287937164, 1.006734848022461, -0.5947890877723694, 0.09123590588569641, 0.044749096035957336, 0.2280118763446808, -0.13371998071670532, 0.026017753407359123, 1.0199534893035889, 0.09637714177370071, 0.04235225170850754, -0.07926366478204727]","[336.0, 2.0, 1.0, 4.0, 10.0, 935.0]","[2.0, 1.0, 0.0, 8.0, 0.0, 503.0]","[-0.01058986783027649, 0.1874086558818817, 0.09645608067512512, 0.8900672197341919, -1.0521326065063477, -0.2805478274822235, 0.05341020226478577, 0.050023823976516724, -0.4955531656742096, -0.053375810384750366, -0.0014768242835998535, 0.46845346689224243, -0.24406518042087555, -0.221750408411026, 0.30000025033950806, 0.3000003397464752, 0.2999999523162842, 0.19999967515468597, 0.1000005304813385, 0.0, 0.8637065887451172, 0.8628610372543335, 0.8628725409507751, 0.8568413853645325, 0.7565310001373291, 0.0]","[0.17981813848018646, 0.1653994470834732, 0.09645608067512512, 0.9967348575592041, -0.6047890782356262, 0.08123590797185898, 0.05341020226478577, 0.21801187098026276, -0.14371998608112335, 0.01601775363087654, 1.009953498840332, 0.10637713968753815, 0.032352253794670105, -0.0892636626958847]","[286.0, 0.30000030994415283, 0.2999999523162842, 0.19999957084655762, 0.10000038146972656, 885.0]","[0.8637065887451172, 0.8628610372543335, 0.8628725409507751, 0.8568415641784668, 0.7565310001373291, 453.0]","[0.368802547454834, 0.21617145836353302, -0.20546954870224, 0.13907693326473236, -1.1925742626190186, -0.0902412161231041, 0.28823259472846985, 0.2630537450313568, -0.563438355922699, 0.2587634027004242, -0.14035925269126892, 0.4511941075325012, -0.10868494212627411, 0.20822592079639435, 0.30000001192092896, 0.29899999499320984, 0.29899999499320984, 0.19900000095367432, 1.0, 0.0, 0.8980000019073486, 0.8989999890327454, 0.8999999761581421, 0.8999999761581421, 0.8009999990463257, 0.0]","[0.2220872938632965, 0.29599806666374207, -0.12804341316223145, -0.07188238948583603, -1.0963863134384155, -0.17326486110687256, 0.17540772259235382, 0.13556906580924988, -0.5656095147132874, 0.206601083278656, -0.22471129894256592, 0.5452398061752319, -0.26228269934654236, 0.24550557136535645, 0.30000001192092896, 0.30000001192092896, 0.30000001192092896, 0.20000000298023224, 0.10000000149011612, 0.0, 0.8999999761581421, 0.8999999761581421, 0.8999999761581421, 0.8999999761581421, 0.800000011920929, 0.0]"
40,40,40,0.009712828999909107,0.10202514299999166,True,"[0.18936274945735931, 0.15537548065185547, 0.09741976857185364, 1.006447196006775, -0.5948609709739685, 0.09123590588569641, 0.04669054225087166, 0.22784408926963806, -0.13369601964950562, 0.026029737666249275, 1.0199414491653442, 0.09654492139816284, 0.04235225170850754, -0.07926366478204727]","[336.0, 2.0, 1.0, 4.0, 10.0, 935.0]","[2.0, 1.0, 0.0, 8.0, 0.0, 503.0]","[-0.010253150016069412, 0.18797782063484192, 0.09061717987060547, 0.8808038830757141, -1.052681803703308, -0.28500258922576904, 0.06152009963989258, 0.05552634596824646, -0.49254751205444336, -0.047289520502090454, 0.009415775537490845, 0.46720075607299805, -0.24204140901565552, -0.23005515336990356, 0.30000025033950806, 0.3000003397464752, 0.2999999523162842, 0.19999969005584717, 0.1000005230307579, 0.0, 0.8645603060722351, 0.8637198209762573, 0.863730788230896, 0.8578422665596008, 0.757534384727478, 0.0]","[0.17936274409294128, 0.1653754860162735, 0.09061717987060547, 0.9964472055435181, -0.6048609614372253, 0.08123590797185898, 0.05669054388999939, 0.21784408390522003, -0.14369602501392365, 0.016029737889766693, 1.0099414587020874, 0.10654491931200027, 0.032352253794670105, -0.0892636626958847]","[286.0, 0.30000030994415283, 0.2999999523162842, 0.19999980926513672, 0.10000038146972656, 885.0]","[0.8645603656768799, 0.8637198209762573, 0.863730788230896, 0.8578424453735352, 0.757534384727478, 453.0]","[0.36879056692123413, 0.21619541943073273, -0.20417524874210358, 0.13910090923309326, -1.1924303770065308, -0.08806008845567703, 0.2884722948074341, 0.2513810992240906, -0.5632825493812561, 0.24416659772396088, -0.16129568219184875, 0.4728615880012512, -0.12389291822910309, 0.21994648873806, 0.30000001192092896, 0.29899999499320984, 0.29899999499320984, 0.19900000095367432, 1.0, 0.0, 0.8980000019073486, 0.8989999890327454, 0.8999999761581421, 0.8999999761581421, 0.8009999990463257, 0.0]","[0.22282305359840393, 0.29306870698928833, -0.12003851681947708, -0.07226594537496567, -1.0953898429870605, -0.16436026990413666, 0.1750577688217163, 0.1321675330400467, -0.5630221962928772, 0.1805824488401413, -0.2527225613594055, 0.5533004999160767, -0.27601954340934753, 0.23577843606472015, 0.30000001192092896, 0.30000001192092896, 0.30000001192092896, 0.20000000298023224, 0.10000000149011612, 0.0, 0.8999999761581421, 0.8999999761581421, 0.8999999761581421, 0.8999999761581421, 0.800000011920929, 0.0]"
41,41,41,0.010961337999106036,0.06439741199937998,True,"[0.18867963552474976, 0.155543252825737, 0.09576594084501266, 1.0062674283981323, -0.5951007008552551, 0.09121193736791611, 0.049135323613882065, 0.22765234112739563, -0.13371998071670532, 0.02599378488957882, 1.0199174880981445, 0.09673666954040527, 0.042340267449617386, -0.07928763329982758]","[336.0, 2.0, 1.0, 4.0, 10.0, 935.0]","[2.0, 1.0, 0.0, 8.0, 0.0, 503.0]","[0.008320964872837067, 0.18029817938804626, 0.10515038669109344, 0.8891790509223938, -1.059096097946167, -0.2885335683822632, 0.058752745389938354, 0.0871802568435669, -0.48525217175483704, -0.061695635318756104, 0.025333881378173828, 0.48398357629776, -0.2291267365217209, -0.20946066081523895, 0.30000025033950806, 0.3000003397464752, 0.29999998211860657, 0.19999971985816956, 0.10000047832727432, 0.0, 0.861986517906189, 0.8612262606620789, 0.8612436652183533, 0.8549177646636963, 0.7546358108520508, 0.0]","[0.17867963016033173, 0.16554325819015503, 0.10515038669109344, 0.9962674379348755, -0.605100691318512, 0.08121193945407867, 0.058752745389938354, 0.2176523357629776, -0.14371998608112335, 0.015993785113096237, 1.0099174976348877, 0.1067366674542427, 0.032340265810489655, -0.08928763121366501]","[286.0, 0.30000030994415283, 0.2999999523162842, 0.19999980926513672, 0.10000038146972656, 885.0]","[0.861986517906189, 0.8612262606620789, 0.8612436652183533, 0.8549175262451172, 0.7546358108520508, 453.0]","[0.36874261498451233, 0.21619541943073273, -0.20315659046173096, 0.13908891379833221, -1.192046880722046, -0.08677777647972107, 0.28846031427383423, 0.2467791587114334, -0.5632585883140564, 0.23943284153938293, -0.16751550137996674, 0.4760853350162506, -0.1282072365283966, 0.22035394608974457, 0.30000001192092896, 0.29899999499320984, 0.29899999499320984, 0.19900000095367432, 1.0, 0.0, 0.8980000019073486, 0.8989999890327454, 0.8999999761581421, 0.8999999761581421, 0.8009999990463257, 0.0]","[0.22382791340351105, 0.2923801839351654, -0.11785844713449478, -0.07309707999229431, -1.095289945602417, -0.16199250519275665, 0.17508772015571594, 0.1322133094072342, -0.5617595911026001, 0.1745285540819168, -0.25863081216812134, 0.5530502200126648, -0.2800059914588928, 0.2319107949733734, 0.30000001192092896, 0.30000001192092896, 0.30000001192092896, 0.20000000298023224, 0.10000000149011612, 0.0, 0.8999999761581421, 0.8999999761581421, 0.8999999761581421, 0.8999999761581421, 0.800000011920929, 0.0]"
42,42,42,0.007785264000631287,0.08629213899985189,True,"[0.18843995034694672, 0.1552915871143341, 0.09546633809804916, 1.0061476230621338, -0.5954362154006958, 0.09121193736791611, 0.050153981894254684, 0.22722090780735016, -0.13368403911590576, 0.02600576914846897, 1.0198935270309448, 0.0968804731965065, 0.04235225170850754, -0.07929962128400803]","[336.0, 2.0, 1.0, 4.0, 10.0, 935.0]","[2.0, 1.0, 0.0, 8.0, 0.0, 503.0]","[0.0011810921132564545, 0.18571706116199493, 0.09900173544883728, 0.8691487312316895, -1.0589669942855835, -0.28398633003234863, 0.0628211498260498, 0.08224952220916748, -0.48080945014953613, -0.05780443549156189, 0.041346728801727295, 0.4864448606967926, -0.22653509676456451, -0.21308887004852295, 0.30000025033950806, 0.3000003695487976, 0.2999999523162842, 0.19999966025352478, 0.1000005379319191, 0.0, 0.8685141205787659, 0.8675954341888428, 0.867601752281189, 0.8623734712600708, 0.7620488405227661, 0.0]","[0.1784399449825287, 0.16529159247875214, 0.09900173544883728, 0.996147632598877, -0.6054362058639526, 0.08121193945407867, 0.060153983533382416, 0.21722090244293213, -0.1436840444803238, 0.01600576937198639, 1.009893536567688, 0.10688047111034393, 0.032352253794670105, -0.08929961919784546]","[286.0, 0.3000004291534424, 0.2999999523162842, 0.19999957084655762, 0.10000038146972656, 885.0]","[0.8685140609741211, 0.8675954341888428, 0.867601752281189, 0.8623733520507812, 0.7620488405227661, 453.0]","[0.3682512640953064, 0.21611154079437256, -0.2016226053237915, 0.13900503516197205, -1.1916154623031616, -0.08318250626325607, 0.288448303937912, 0.24414263665676117, -0.5621200799942017, 0.22428476810455322, -0.1829991191625595, 0.483599454164505, -0.1366441398859024, 0.2210969775915146, 0.30000001192092896, 0.29899999499320984, 0.29899999499320984, 0.19900000095367432, 1.0, 0.0, 0.8980000019073486, 0.8989999890327454, 0.8999999761581421, 0.8999999761581421, 0.8009999990463257, 0.0]","[0.22600314021110535, 0.2897275388240814, -0.11303184181451797, -0.0714099258184433, -1.0935957431793213, -0.15884867310523987, 0.17204643785953522, 0.1321992725133896, -0.5590304136276245, 0.15875551104545593, -0.2718571126461029, 0.5486587882041931, -0.29110613465309143, 0.22129926085472107, 0.30000001192092896, 0.30000001192092896, 0.30000001192092896, 0.20000000298023224, 0.10000000149011612, 0.0, 0.8999999761581421, 0.8999999761581421, 0.8999999761581421, 0.8999999761581421, 0.800000011920929, 0.0]"
43,43,43,0.04983881000043766,0.1517095960007282,True,"[0.18725351989269257, 0.1559387445449829, 0.09996042400598526, 1.0060157775878906, -0.5960714221000671, 0.0911879688501358, 0.0517478846013546, 0.22646591067314148, -0.13393570482730865, 0.025909895077347755, 1.0198935270309448, 0.09706024080514908, 0.042340267449617386, -0.07941946387290955]","[336.0, 2.0, 1.0, 4.0, 10.0, 935.0]","[2.0, 1.0, 0.0, 8.0, 0.0, 503.0]","[-0.01880771666765213, 0.192231684923172, 0.08400598168373108, 0.8713425397872925, -1.0544260740280151, -0.27919450402259827, 0.06724023818969727, 0.03629276156425476, -0.4887365400791168, -0.04665333032608032, 0.03990927338600159, 0.4948236048221588, -0.2331833839416504, -0.23157188296318054, 0.30000025033950806, 0.3000003695487976, 0.2999999523162842, 0.19999966025352478, 0.10000055283308029, 0.0, 0.8621366620063782, 0.8612440228462219, 0.8612581491470337, 0.8549479842185974, 0.7546446919441223, 0.0]","[0.17725351452827454, 0.16593874990940094, 0.08996042609214783, 0.9960157871246338, -0.606071412563324, 0.08118797093629837, 0.06174788624048233, 0.21646590530872345, -0.14393571019172668, 0.015909895300865173, 1.009893536567688, 0.10706023871898651, 0.032340265810489655, -0.08941946178674698]","[286.0, 0.3000004291534424, 0.2999999523162842, 0.19999957084655762, 0.10000038146972656, 885.0]","[0.8621366024017334, 0.8612440228462219, 0.8612581491470337, 0.8549480438232422, 0.7546446919441223, 453.0]","[0.36826324462890625, 0.21590779721736908, -0.19688883423805237, 0.1390409767627716, -1.1895781755447388, -0.07512910664081573, 0.28846031427383423, 0.24362730979919434, -0.5606819987297058, 0.20681177079677582, -0.19477961957454681, 0.48381516337394714, -0.14729811251163483, 0.2208452969789505, 0.30000001192092896, 0.29899999499320984, 0.29899999499320984, 0.19900000095367432, 1.0, 0.0, 0.8980000019073486, 0.8989999890327454, 0.8999999761581421, 0.8999999761581421, 0.8009999990463257, 0.0]","[0.2294059842824936, 0.2872258424758911, -0.10938026010990143, -0.07216264307498932, -1.0915638208389282, -0.15679948031902313, 0.17071503400802612, 0.13496020436286926, -0.5559458136558533, 0.14348173141479492, -0.28536397218704224, 0.5454563498497009, -0.29344460368156433, 0.21232707798480988, 0.30000001192092896, 0.30000001192092896, 0.30000001192092896, 0.20000000298023224, 0.10000000149011612, 0.0, 0.8999999761581421, 0.8999999761581421, 0.8999999761581421, 0.8999999761581421, 0.800000011920929, 0.0]"
44,44,44,0.0094761220007058,0.08504044100118335,True,"[0.18558771908283234, 0.15645405650138855, 0.09345299005508423, 1.005836009979248, -0.5972578525543213, 0.09110408276319504, 0.05469600483775139, 0.22491994500160217, -0.1338997483253479, 0.0258739423006773, 1.0198935270309448, 0.09822271019220352, 0.042340267449617386, -0.0794554129242897]","[336.0, 2.0, 1.0, 4.0, 10.0, 935.0]","[2.0, 1.0, 0.0, 8.0, 0.0, 503.0]","[-0.02437719516456127, 0.19383147358894348, 0.08040688931941986, 0.8648027181625366, -1.0573817491531372, -0.28556472063064575, 0.08285254240036011, 0.027218371629714966, -0.4782390594482422, -0.038373589515686035, 0.07076695561408997, 0.49943476915359497, -0.21645000576972961, -0.23689107596874237, 0.30000022053718567, 0.30000030994415283, 0.2999999523162842, 0.19999969005584717, 0.1000005230307579, 0.0, 0.8674143552780151, 0.8665898442268372, 0.8666183948516846, 0.8611855506896973, 0.76087886095047, 0.0]","[0.1755877137184143, 0.16645406186580658, 0.0834529921412468, 0.9958360195159912, -0.6072578430175781, 0.0811040848493576, 0.06469600647687912, 0.21491993963718414, -0.14389975368976593, 0.015873942524194717, 1.009893536567688, 0.10822270810604095, 0.032340265810489655, -0.08945541083812714]","[286.0, 0.30000030994415283, 0.2999999523162842, 0.19999980926513672, 0.10000038146972656, 885.0]","[0.8674143552780151, 0.8665898442268372, 0.8666183948516846, 0.8611855506896973, 0.76087886095047, 453.0]","[0.36835911870002747, 0.21566811203956604, -0.1891949623823166, 0.13902899622917175, -1.1864622831344604, -0.06608101725578308, 0.288448303937912, 0.2437831163406372, -0.5604302883148193, 0.18588732182979584, -0.20847758650779724, 0.48374325037002563, -0.15456055104732513, 0.22065354883670807, 0.30000001192092896, 0.29899999499320984, 0.29899999499320984, 0.19900000095367432, 1.0, 0.0, 0.8980000019073486, 0.8989999890327454, 0.8999999761581421, 0.8999999761581421, 0.8009999990463257, 0.0]","[0.23320825397968292, 0.28539103269577026, -0.10237674415111542, -0.07695821672677994, -1.0915874242782593, -0.15035560727119446, 0.1710509955883026, 0.1400640606880188, -0.5517220497131348, 0.121794693171978, -0.29990601539611816, 0.5362876057624817, -0.29944348335266113, 0.19255337119102478, 0.30000001192092896, 0.30000001192092896, 0.30000001192092896, 0.20000000298023224, 0.10000000149011612, 0.0, 0.8999999761581421, 0.8999999761581421, 0.8999999761581421, 0.8999999761581421, 0.800000011920929, 0.0]"
45,45,45,0.007355994999670656,0.07939808900118805,True,"[0.1847008764743805, 0.156418114900589, 0.08801215142011642, 1.00566828250885, -0.5987198948860168, 0.09109209477901459, 0.059609536081552505, 0.22346985340118408, -0.13386379182338715, 0.025909895077347755, 1.0198814868927002, 0.09845040738582611, 0.042340267449617386, -0.0794554129242897]","[336.0, 2.0, 1.0, 4.0, 10.0, 935.0]","[2.0, 1.0, 0.0, 8.0, 0.0, 503.0]","[-0.01652761735022068, 0.19406166672706604, 0.08478446304798126, 0.8526109457015991, -1.0572783946990967, -0.2842840552330017, 0.0697941780090332, 0.052193671464920044, -0.48235487937927246, -0.0499400794506073, 0.053064823150634766, 0.49818456172943115, -0.22992877662181854, -0.2383442372083664, 0.30000025033950806, 0.3000003397464752, 0.2999999523162842, 0.19999970495700836, 0.10000050812959671, 0.0, 0.8646862506866455, 0.8638782501220703, 0.8638967275619507, 0.8580182790756226, 0.7577235102653503, 0.0]","[0.17470087110996246, 0.16641812026500702, 0.08478446304798126, 0.9956682920455933, -0.6087198853492737, 0.08109209686517715, 0.06960953772068024, 0.21346984803676605, -0.14386379718780518, 0.015909895300865173, 1.0098814964294434, 0.10845040529966354, 0.032340265810489655, -0.08945541083812714]","[286.0, 0.30000030994415283, 0.2999999523162842, 0.19999980926513672, 0.10000038146972656, 885.0]","[0.8646862506866455, 0.8638782501220703, 0.8638967275619507, 0.8580183982849121, 0.7577235102653503, 453.0]","[0.3683711290359497, 0.21546438336372375, -0.18226808309555054, 0.13900503516197205, -1.1852997541427612, -0.05989715829491615, 0.288448303937912, 0.24389097094535828, -0.5575301051139832, 0.16449548304080963, -0.22005434334278107, 0.4833837151527405, -0.16357268393039703, 0.21825671195983887, 0.30000001192092896, 0.29899999499320984, 0.29899999499320984, 0.19900000095367432, 1.0, 0.0, 0.8980000019073486, 0.8989999890327454, 0.8999999761581421, 0.8999999761581421, 0.8009999990463257, 0.0]","[0.23750269412994385, 0.2842710614204407, -0.09574860334396362, -0.0815010517835617, -1.0909806489944458, -0.14526885747909546, 0.17092667520046234, 0.14685764908790588, -0.5480362176895142, 0.10522222518920898, -0.3091367483139038, 0.5255296230316162, -0.3103882670402527, 0.17699098587036133, 0.30000001192092896, 0.30000001192092896, 0.30000001192092896, 0.20000000298023224, 0.10000000149011612, 0.0, 0.8999999761581421, 0.8999999761581421, 0.8999999761581421, 0.8999999761581421, 0.800000011920929, 0.0]"
46,46,46,0.012954253999851062,0.08942002300136664,True,"[0.1835743635892868, 0.15643009543418884, 0.08646618574857712, 1.005476474761963, -0.601248562335968, 0.09109209477901459, 0.06719554960727692, 0.2214205414056778, -0.13386379182338715, 0.025849973782896996, 1.0198695659637451, 0.09864215552806854, 0.04235225170850754, -0.07946740090847015]","[336.0, 2.0, 1.0, 4.0, 10.0, 935.0]","[2.0, 1.0, 0.0, 8.0, 0.0, 503.0]","[-0.024199219420552254, 0.19363053143024445, 0.0757640153169632, 0.862855076789856, -1.0563032627105713, -0.28594163060188293, 0.08510085940361023, 0.03288078308105469, -0.47952455282211304, -0.03385314345359802, 0.08114668726921082, 0.5062048435211182, -0.2120581865310669, -0.2383708506822586, 0.30000022053718567, 0.3000003695487976, 0.2999999523162842, 0.1999996304512024, 0.10000056028366089, 0.0, 0.8628509044647217, 0.8619028925895691, 0.8619189262390137, 0.8557233810424805, 0.7554112672805786, 0.0]","[0.17357435822486877, 0.16643010079860687, 0.07646618783473969, 0.995476484298706, -0.6112485527992249, 0.08109209686517715, 0.07719554752111435, 0.21142053604125977, -0.14386379718780518, 0.015849974006414413, 1.0098695755004883, 0.10864215344190598, 0.032352253794670105, -0.08946739882230759]","[286.0, 0.3000004291534424, 0.2999999523162842, 0.19999957084655762, 0.10000038146972656, 885.0]","[0.8628509044647217, 0.8619028925895691, 0.8619189262390137, 0.8557233810424805, 0.7554112672805786, 453.0]","[0.36838310956954956, 0.21554827690124512, -0.17855297029018402, 0.1390409767627716, -1.1850001811981201, -0.054312508553266525, 0.28846031427383423, 0.24390295147895813, -0.5540666580200195, 0.14741794764995575, -0.2271370142698288, 0.4833238124847412, -0.17150624096393585, 0.21082648634910583, 0.30000001192092896, 0.29899999499320984, 0.29899999499320984, 0.19900000095367432, 1.0, 0.0, 0.8980000019073486, 0.8989999890327454, 0.8999999761581421, 0.8999999761581421, 0.8009999990463257, 0.0]","[0.24090833961963654, 0.2829367518424988, -0.09157738834619522, -0.08407565951347351, -1.090039610862732, -0.1433749794960022, 0.17066185176372528, 0.1532699167728424, -0.544643759727478, 0.09049042314291, -0.3179476261138916, 0.5181829929351807, -0.32492005825042725, 0.1593417525291443, 0.30000001192092896, 0.30000001192092896, 0.30000001192092896, 0.20000000298023224, 0.10000000149011612, 0.0, 0.8999999761581421, 0.8999999761581421, 0.8999999761581421, 0.8999999761581421, 0.800000011920929, 0.0]"
47,47,47,0.006836421998741571,0.08120226900064154,True,"[0.1828792840242386, 0.15682557225227356, 0.08288290351629257, 1.005248785018921, -0.6059224009513855, 0.09103217720985413, 0.0704193040728569, 0.22018617391586304, -0.13386379182338715, 0.025849973782896996, 1.019809603691101, 0.09888184070587158, 0.04235225170850754, -0.07946740090847015]","[336.0, 2.0, 1.0, 4.0, 10.0, 935.0]","[2.0, 1.0, 0.0, 8.0, 0.0, 503.0]","[-0.021485604345798492, 0.19204235076904297, 0.07379096746444702, 0.8421902656555176, -1.0591161251068115, -0.2866881489753723, 0.07509365677833557, 0.041721612215042114, -0.47932225465774536, -0.03337830305099487, 0.06456729769706726, 0.5023316740989685, -0.22116951644420624, -0.25023573637008667, 0.30000022053718567, 0.3000003397464752, 0.2999999523162842, 0.19999967515468597, 0.1000005304813385, 0.0, 0.8545214533805847, 0.8536474704742432, 0.8536627292633057, 0.8460866212844849, 0.7457916736602783, 0.0]","[0.17287927865982056, 0.1668255776166916, 0.07379096746444702, 0.9952487945556641, -0.6159223914146423, 0.0810321792960167, 0.07509365677833557, 0.210186168551445, -0.14386379718780518, 0.015849974006414413, 1.0098096132278442, 0.10888183861970901, 0.032352253794670105, -0.08946739882230759]","[286.0, 0.30000030994415283, 0.2999999523162842, 0.19999957084655762, 0.10000038146972656, 885.0]","[0.8545215129852295, 0.8536474704742432, 0.8536627292633057, 0.8460865020751953, 0.7457916736602783, 453.0]","[0.36844301223754883, 0.2154763638973236, -0.1777859777212143, 0.13902899622917175, -1.1839455366134644, -0.050645336508750916, 0.2884722948074341, 0.24392692744731903, -0.5511904954910278, 0.126960888504982, -0.22772425413131714, 0.48316800594329834, -0.18681010603904724, 0.19896210730075836, 0.30000001192092896, 0.29899999499320984, 0.29899999499320984, 0.19900000095367432, 1.0, 0.0, 0.8980000019073486, 0.8989999890327454, 0.8999999761581421, 0.8999999761581421, 0.8009999990463257, 0.0]","[0.24555429816246033, 0.2800007164478302, -0.08262990415096283, -0.09052975475788116, -1.0877110958099365, -0.13769052922725677, 0.17321494221687317, 0.16317707300186157, -0.5356988310813904, 0.06246507912874222, -0.3360622525215149, 0.5137578845024109, -0.33383506536483765, 0.14426660537719727, 0.30000001192092896, 0.30000001192092896, 0.30000001192092896, 0.20000000298023224, 0.10000000149011612, 0.0, 0.8999999761581421, 0.8999999761581421, 0.8999999761581421, 0.8999999761581421, 0.800000011920929, 0.0]"
48,48,48,0.0068344100000103936,0.09059390099901066,True,"[0.1825796663761139, 0.1567896157503128, 0.07789746671915054, 1.0052129030227661, -0.6097094416618347, 0.09103217720985413, 0.07127019017934799, 0.2187720388174057, -0.13386379182338715, 0.0258739423006773, 1.0197856426239014, 0.10004431009292603, 0.04235225170850754, -0.07946740090847015]","[336.0, 2.0, 1.0, 4.0, 10.0, 935.0]","[2.0, 1.0, 0.0, 8.0, 0.0, 503.0]","[-0.02922225557267666, 0.19460533559322357, 0.06986598670482635, 0.8544943332672119, -1.05610191822052, -0.2851492762565613, 0.08077037334442139, 0.02491593360900879, -0.4800938367843628, -0.030384719371795654, 0.08114847540855408, 0.5133827924728394, -0.21175146102905273, -0.24025234580039978, 0.30000022053718567, 0.30000030994415283, 0.2999999523162842, 0.19999969005584717, 0.10000051558017731, 0.0, 0.8587777614593506, 0.8579613566398621, 0.8579908609390259, 0.8511128425598145, 0.7508214712142944, 0.0]","[0.17257966101169586, 0.16678962111473083, 0.06986598670482635, 0.9952129125595093, -0.6197094321250916, 0.0810321792960167, 0.08077037334442139, 0.20877203345298767, -0.14386379718780518, 0.015873942524194717, 1.0097856521606445, 0.11004430800676346, 0.032352253794670105, -0.08946739882230759]","[286.0, 0.30000030994415283, 0.2999999523162842, 0.19999980926513672, 0.10000038146972656, 885.0]","[0.8587777614593506, 0.8579613566398621, 0.8579908609390259, 0.8511128425598145, 0.7508214712142944, 453.0]","[0.3684549927711487, 0.21511684358119965, -0.17652763426303864, 0.1389690786600113, -1.183609962463379, -0.04850015789270401, 0.28850823640823364, 0.24425049126148224, -0.5495007038116455, 0.11299926042556763, -0.2289106845855713, 0.4829762578010559, -0.19090871512889862, 0.18761304020881653, 0.30000001192092896, 0.29899999499320984, 0.29899999499320984, 0.19900000095367432, 1.0, 0.0, 0.8980000019073486, 0.8989999890327454, 0.8999999761581421, 0.8999999761581421, 0.8009999990463257, 0.0]","[0.24639856815338135, 0.27850142121315, -0.07951848953962326, -0.08935654908418655, -1.0867583751678467, -0.13707846403121948, 0.1722085028886795, 0.1660079061985016, -0.5316401124000549, 0.050861816853284836, -0.3404647707939148, 0.5083190202713013, -0.3392258286476135, 0.13405610620975494, 0.30000001192092896, 0.30000001192092896, 0.30000001192092896, 0.20000000298023224, 0.10000000149011612, 0.0, 0.8999999761581421, 0.8999999761581421, 0.8999999761581421, 0.8999999761581421, 0.800000011920929, 0.0]"
49,49,49,0.006696864998957608,0.08535478900012095,True,"[0.18130934238433838, 0.1568375527858734, 0.07409846782684326, 1.0051409006118774, -0.6120583415031433, 0.09103217720985413, 0.07299591600894928, 0.2181728184223175, -0.13388776779174805, 0.025849973782896996, 1.0196537971496582, 0.10029598325490952, 0.04235225170850754, -0.07946740090847015]","[336.0, 2.0, 1.0, 4.0, 10.0, 935.0]","[2.0, 1.0, 0.0, 8.0, 0.0, 503.0]","[-0.020815394818782806, 0.19710247218608856, 0.07829119265079498, 0.8406883478164673, -1.0480793714523315, -0.2800377607345581, 0.07862678170204163, 0.04711031913757324, -0.47678542137145996, -0.04383373260498047, 0.07347914576530457, 0.5096508264541626, -0.22047841548919678, -0.24928301572799683, 0.30000022053718567, 0.3000003397464752, 0.2999999523162842, 0.19999970495700836, 0.10000051558017731, 0.0, 0.863045334815979, 0.8621967434883118, 0.8622166514396667, 0.8560636639595032, 0.7557618021965027, 0.0]","[0.17130933701992035, 0.16683755815029144, 0.07829119265079498, 0.9951409101486206, -0.6220583319664001, 0.0810321792960167, 0.07862678170204163, 0.20817281305789948, -0.14388777315616608, 0.015849974006414413, 1.0096538066864014, 0.11029598116874695, 0.032352253794670105, -0.08946739882230759]","[286.0, 0.30000030994415283, 0.2999999523162842, 0.19999980926513672, 0.10000038146972656, 885.0]","[0.863045334815979, 0.8621967434883118, 0.8622166514396667, 0.8560638427734375, 0.7557618021965027, 453.0]","[0.368431031703949, 0.2151048630475998, -0.17502960562705994, 0.138993039727211, -1.1833943128585815, -0.046426888555288315, 0.28846031427383423, 0.24452613294124603, -0.5480386018753052, 0.10034392029047012, -0.2289346605539322, 0.482856422662735, -0.19572636485099792, 0.1785050332546234, 0.30000001192092896, 0.29899999499320984, 0.29899999499320984, 0.19900000095367432, 1.0, 0.0, 0.8980000019073486, 0.8989999890327454, 0.8999999761581421, 0.8999999761581421, 0.8009999990463257, 0.0]","[0.24670594930648804, 0.27731528878211975, -0.07758939266204834, -0.09020887315273285, -1.086196780204773, -0.13632607460021973, 0.17339107394218445, 0.16795837879180908, -0.5285378098487854, 0.04009021446108818, -0.34530389308929443, 0.5057535171508789, -0.3426981568336487, 0.12441803514957428, 0.30000001192092896, 0.30000001192092896, 0.30000001192092896, 0.20000000298023224, 0.10000000149011612, 0.0, 0.8999999761581421, 0.8999999761581421, 0.8999999761581421, 0.8999999761581421, 0.800000011920929, 0.0]"
50,50,50,0.009811603000343894,0.09769412300011027,True,"[0.18043449521064758, 0.15693342685699463, 0.0712941586971283, 1.0050570964813232, -0.6136282682418823, 0.09103217720985413, 0.07406251132488251, 0.217873215675354, -0.1338518112897873, 0.0258739423006773, 1.0196179151535034, 0.1004757434129715, 0.04235225170850754, -0.07946740090847015]","[336.0, 2.0, 1.0, 4.0, 10.0, 935.0]","[2.0, 1.0, 0.0, 8.0, 0.0, 503.0]","[-0.029046867042779922, 0.19952332973480225, 0.07140906155109406, 0.8430463075637817, -1.0539333820343018, -0.27474212646484375, 0.07828783988952637, 0.023194313049316406, -0.4801219701766968, -0.041582316160202026, 0.090248703956604, 0.5203242301940918, -0.21608704328536987, -0.24522075057029724, 0.30000022053718567, 0.30000039935112, 0.2999999225139618, 0.1999996155500412, 0.10000059008598328, 0.0, 0.8620583415031433, 0.8610735535621643, 0.8610857725143433, 0.8547494411468506, 0.7544419765472412, 0.0]","[0.17043448984622955, 0.16693343222141266, 0.07140906155109406, 0.9950571060180664, -0.6236282587051392, 0.0810321792960167, 0.07828783988952637, 0.20787321031093597, -0.14385181665420532, 0.015873942524194717, 1.0096179246902466, 0.11047574132680893, 0.032352253794670105, -0.08946739882230759]","[286.0, 0.3000004291534424, 0.2999999523162842, 0.19999957084655762, 0.10000038146972656, 885.0]","[0.8620584011077881, 0.8610735535621643, 0.8610857725143433, 0.8547496795654297, 0.7544419765472412, 453.0]","[0.3684549927711487, 0.21504493057727814, -0.17380721867084503, 0.138993039727211, -1.1833103895187378, -0.045108623802661896, 0.2884722948074341, 0.2446100264787674, -0.5466604232788086, 0.08991764485836029, -0.22892266511917114, 0.4827845096588135, -0.2012990266084671, 0.16539429128170013, 0.30000001192092896, 0.29899999499320984, 0.29899999499320984, 0.19900000095367432, 1.0, 0.0, 0.8980000019073486, 0.8989999890327454, 0.8999999761581421, 0.8999999761581421, 0.8009999990463257, 0.0]","[0.2472183257341385, 0.2772909104824066, -0.0773056223988533, -0.0908101424574852, -1.086419701576233, -0.13654069602489471, 0.17471471428871155, 0.169129878282547, -0.5270655155181885, 0.03318076580762863, -0.3474506735801697, 0.5032573342323303, -0.3445891737937927, 0.11446128785610199, 0.30000001192092896, 0.30000001192092896, 0.30000001192092896, 0.20000000298023224, 0.10000000149011612, 0.0, 0.8999999761581421, 0.8999999761581421, 0.8999999761581421, 0.8999999761581421, 0.800000011920929, 0.0]"
51,51,51,0.007271083999512484,0.07311166300132754,True,"[0.1796794831752777, 0.15710121393203735, 0.07077883183956146, 1.0049611330032349, -0.6144552230834961, 0.09104415774345398, 0.07406251132488251, 0.21786123514175415, -0.1338757872581482, 0.02581402100622654, 1.0196179151535034, 0.10058360546827316, 0.04235225170850754, -0.07950334995985031]","[336.0, 2.0, 1.0, 4.0, 10.0, 935.0]","[2.0, 1.0, 0.0, 8.0, 0.0, 503.0]","[-0.03439293056726456, 0.1974380612373352, 0.05933186411857605, 0.8294559717178345, -1.062799096107483, -0.27386510372161865, 0.07833212614059448, 0.00812479853630066, -0.4729851186275482, -0.026204794645309448, 0.12194293737411499, 0.5302455425262451, -0.20747104287147522, -0.25260433554649353, 0.30000022053718567, 0.3000003397464752, 0.2999999523162842, 0.19999967515468597, 0.1000005304813385, 0.0, 0.8543275594711304, 0.8534592390060425, 0.8534837365150452, 0.8458508849143982, 0.7455736994743347, 0.0]","[0.16967947781085968, 0.16710121929645538, 0.06077883392572403, 0.994961142539978, -0.6244552135467529, 0.08104415982961655, 0.07833212614059448, 0.20786122977733612, -0.14387579262256622, 0.015814021229743958, 1.0096179246902466, 0.1105836033821106, 0.032352253794670105, -0.08950334787368774]","[286.0, 0.30000030994415283, 0.2999999523162842, 0.19999957084655762, 0.10000038146972656, 885.0]","[0.8543275594711304, 0.8534592390060425, 0.8534837365150452, 0.845850944519043, 0.7455736994743347, 453.0]","[0.3684549927711487, 0.21506890654563904, -0.17351959645748138, 0.13898105919361115, -1.183286428451538, -0.04468917474150658, 0.28848427534103394, 0.24466994404792786, -0.5447549223899841, 0.08042613416910172, -0.22927021980285645, 0.4827006161212921, -0.20748288929462433, 0.15181615948677063, 0.30000001192092896, 0.29899999499320984, 0.29899999499320984, 0.19900000095367432, 1.0, 0.0, 0.8980000019073486, 0.8989999890327454, 0.8999999761581421, 0.8999999761581421, 0.8009999990463257, 0.0]","[0.24702095985412598, 0.27753952145576477, -0.07615935057401657, -0.08875900506973267, -1.087781310081482, -0.13743005692958832, 0.17494697868824005, 0.16948671638965607, -0.5254801511764526, 0.02493775635957718, -0.3446311950683594, 0.49533453583717346, -0.3547252118587494, 0.09697332233190536, 0.30000001192092896, 0.30000001192092896, 0.30000001192092896, 0.20000000298023224, 0.10000000149011612, 0.0, 0.8999999761581421, 0.8999999761581421, 0.8999999761581421, 0.8999999761581421, 0.800000011920929, 0.0]"
52,52,52,0.009797672999411589,0.08506139800010715,True,"[0.17927202582359314, 0.15719708800315857, 0.06795055419206619, 1.0049132108688354, -0.6161689162254333, 0.09100820869207382, 0.07407449930906296, 0.21771742403507233, -0.1338997483253479, 0.025802036747336388, 1.0196298360824585, 0.10071542859077454, 0.04235225170850754, -0.07951533794403076]","[336.0, 2.0, 1.0, 4.0, 10.0, 935.0]","[2.0, 1.0, 0.0, 8.0, 0.0, 503.0]","[-0.02305137738585472, 0.1982211172580719, 0.06799222528934479, 0.8085600733757019, -1.0618239641189575, -0.27731114625930786, 0.07622665166854858, 0.048597753047943115, -0.4639458954334259, -0.034675002098083496, 0.13450422883033752, 0.5339041948318481, -0.20003995299339294, -0.2483513206243515, 0.30000022053718567, 0.30000030994415283, 0.2999999523162842, 0.19999971985816956, 0.10000049322843552, 0.0, 0.8620824813842773, 0.861247181892395, 0.8612678050994873, 0.8549497127532959, 0.7546588182449341, 0.0]","[0.1692720204591751, 0.1671970933675766, 0.06799222528934479, 0.9949132204055786, -0.6261689066886902, 0.08100821077823639, 0.07622665166854858, 0.2077174186706543, -0.14389975368976593, 0.015802036970853806, 1.0096298456192017, 0.11071542650461197, 0.032352253794670105, -0.0895153358578682]","[286.0, 0.30000030994415283, 0.2999999523162842, 0.19999980926513672, 0.10000038146972656, 885.0]","[0.8620824813842773, 0.861247181892395, 0.8612678050994873, 0.854949951171875, 0.7546588182449341, 453.0]","[0.36844301223754883, 0.21498501300811768, -0.173567533493042, 0.13898105919361115, -1.1831187009811401, -0.04447345808148384, 0.28846031427383423, 0.24472986161708832, -0.5422981977462769, 0.07147391885519028, -0.22946196794509888, 0.48208943009376526, -0.21082648634910583, 0.1405390053987503, 0.30000001192092896, 0.29899999499320984, 0.29899999499320984, 0.19900000095367432, 1.0, 0.0, 0.8980000019073486, 0.8989999890327454, 0.8999999761581421, 0.8999999761581421, 0.8009999990463257, 0.0]","[0.2459937185049057, 0.27786147594451904, -0.07333694398403168, -0.08568882197141647, -1.0898741483688354, -0.13731829822063446, 0.17263303697109222, 0.1684720367193222, -0.5260511636734009, 0.01774284616112709, -0.3429515063762665, 0.49389052391052246, -0.3582056164741516, 0.08064387738704681, 0.30000001192092896, 0.30000001192092896, 0.30000001192092896, 0.20000000298023224, 0.10000000149011612, 0.0, 0.8999999761581421, 0.8999999761581421, 0.8999999761581421, 0.8999999761581421, 0.800000011920929, 0.0]"
53,53,53,0.007076072999552707,0.06917299599990656,True,"[0.17902036011219025, 0.15713715553283691, 0.0673992857336998, 1.0049132108688354, -0.6168161034584045, 0.09099622070789337, 0.0734153613448143, 0.21753765642642975, -0.13388776779174805, 0.025790052488446236, 1.0196179151535034, 0.10085923969745636, 0.04235225170850754, -0.07949136942625046]","[336.0, 2.0, 1.0, 4.0, 10.0, 935.0]","[2.0, 1.0, 0.0, 8.0, 0.0, 503.0]","[-0.045995499938726425, 0.19451797008514404, 0.0517747700214386, 0.8384893536567688, -1.0686737298965454, -0.27932804822921753, 0.09663459658622742, -0.03072163462638855, -0.46918946504592896, -0.01421433687210083, 0.1286402940750122, 0.531751275062561, -0.19527631998062134, -0.2825622856616974, 0.30000022053718567, 0.3000003397464752, 0.2999999523162842, 0.19999969005584717, 0.1000005304813385, 0.0, 0.8535513877868652, 0.8527008295059204, 0.852731466293335, 0.8449671268463135, 0.744691014289856, 0.0]","[0.16902035474777222, 0.16713716089725494, 0.057399287819862366, 0.9949132204055786, -0.6268160939216614, 0.08099622279405594, 0.08341535925865173, 0.20753765106201172, -0.14388777315616608, 0.015790052711963654, 1.0096179246902466, 0.11085923761129379, 0.032352253794670105, -0.08949136734008789]","[286.0, 0.30000030994415283, 0.2999999523162842, 0.19999980926513672, 0.10000038146972656, 885.0]","[0.8535513877868652, 0.8527008295059204, 0.852731466293335, 0.8449668884277344, 0.744691014289856, 453.0]","[0.36851492524147034, 0.21502096951007843, -0.1733398288488388, 0.13902899622917175, -1.1830108165740967, -0.043778374791145325, 0.2884962558746338, 0.2448616921901703, -0.5417109727859497, 0.06741126626729965, -0.22947394847869873, 0.4819576144218445, -0.21444572508335114, 0.12681707739830017, 0.30000001192092896, 0.29899999499320984, 0.29899999499320984, 0.19900000095367432, 1.0, 0.0, 0.8980000019073486, 0.8989999890327454, 0.8999999761581421, 0.8999999761581421, 0.8009999990463257, 0.0]","[0.24506667256355286, 0.2793106734752655, -0.0719337984919548, -0.08637414127588272, -1.0923010110855103, -0.13689441978931427, 0.17341072857379913, 0.168106809258461, -0.5260350108146667, 0.01167403906583786, -0.3416288495063782, 0.4919717013835907, -0.3649872839450836, 0.05903930962085724, 0.30000001192092896, 0.30000001192092896, 0.30000001192092896, 0.20000000298023224, 0.10000000149011612, 0.0, 0.8999999761581421, 0.8999999761581421, 0.8999999761581421, 0.8999999761581421, 0.800000011920929, 0.0]"
54,54,54,0.010138743999050348,0.09216939200086927,True,"[0.1783851981163025, 0.1573408991098404, 0.06611697375774384, 1.0048294067382812, -0.6182901263237, 0.09098424017429352, 0.07559649646282196, 0.21753765642642975, -0.13388776779174805, 0.025790052488446236, 1.0196179151535034, 0.10094312578439713, 0.042340267449617386, -0.07950334995985031]","[336.0, 2.0, 1.0, 4.0, 10.0, 935.0]","[2.0, 1.0, 0.0, 8.0, 0.0, 503.0]","[-0.033827945590019226, 0.19791992008686066, 0.05718545615673065, 0.8127810955047607, -1.0694806575775146, -0.2744830250740051, 0.07912066578865051, 0.00907936692237854, -0.4714431166648865, -0.02580195665359497, 0.13212931156158447, 0.5393393039703369, -0.19991132616996765, -0.25970950722694397, 0.30000022053718567, 0.3000003695487976, 0.2999999225139618, 0.1999996453523636, 0.1000005453824997, 0.0, 0.8524504899978638, 0.8515238761901855, 0.8515433669090271, 0.8435977697372437, 0.7433147430419922, 0.0]","[0.16838519275188446, 0.16734090447425842, 0.05718545615673065, 0.9948294162750244, -0.6282901167869568, 0.08098424226045609, 0.07912066578865051, 0.20753765106201172, -0.14388777315616608, 0.015790052711963654, 1.0096179246902466, 0.11094312369823456, 0.032340265810489655, -0.08950334787368774]","[286.0, 0.3000004291534424, 0.2999999523162842, 0.19999957084655762, 0.10000038146972656, 885.0]","[0.8524504899978638, 0.8515238761901855, 0.8515433669090271, 0.8435978889465332, 0.7433147430419922, 453.0]","[0.36849096417427063, 0.21502096951007843, -0.17332784831523895, 0.138993039727211, -1.182986855506897, -0.04302337020635605, 0.288448303937912, 0.2449096292257309, -0.5416510105133057, 0.06464291363954544, -0.22948592901229858, 0.4817298948764801, -0.21834060549736023, 0.11152520030736923, 0.30000001192092896, 0.29899999499320984, 0.29899999499320984, 0.19900000095367432, 1.0, 0.0, 0.8980000019073486, 0.8989999890327454, 0.8999999761581421, 0.8999999761581421, 0.8009999990463257, 0.0]","[0.24637295305728912, 0.27996063232421875, -0.072252057492733, -0.08784202486276627, -1.0930222272872925, -0.13783496618270874, 0.17528729140758514, 0.16967935860157013, -0.5247282385826111, 0.005279610864818096, -0.3408224880695343, 0.4900335967540741, -0.3731163442134857, 0.03234778344631195, 0.30000001192092896, 0.30000001192092896, 0.30000001192092896, 0.20000000298023224, 0.10000000149011612, 0.0, 0.8999999761581421, 0.8999999761581421, 0.8999999761581421, 0.8999999761581421, 0.800000011920929, 0.0]"
55,55,55,0.009431660999325686,0.07836845300153072,True,"[0.17736653983592987, 0.15730494260787964, 0.060807958245277405, 1.004793405532837, -0.6227842569351196, 0.09096027165651321, 0.08115717023611069, 0.21742980182170868, -0.13388776779174805, 0.025802036747336388, 1.0196179151535034, 0.10106296837329865, 0.04235225170850754, -0.07952731847763062]","[336.0, 2.0, 1.0, 4.0, 10.0, 935.0]","[2.0, 1.0, 0.0, 8.0, 0.0, 503.0]","[-0.04881622642278671, 0.20139479637145996, 0.04509854316711426, 0.8028966188430786, -1.0606508255004883, -0.27039265632629395, 0.07544922828674316, -0.021278798580169678, -0.4663854241371155, -0.023794174194335938, 0.12607529759407043, 0.5339218974113464, -0.20887666940689087, -0.2962184250354767, 0.30000022053718567, 0.30000028014183044, 0.2999999523162842, 0.19999977946281433, 0.10000044852495193, 0.0, 0.8594493269920349, 0.8587753772735596, 0.8588159680366516, 0.8520314693450928, 0.7517927885055542, 0.0]","[0.16736653447151184, 0.16730494797229767, 0.05080796033143997, 0.9947934150695801, -0.6327842473983765, 0.08096027374267578, 0.07544922828674316, 0.20742979645729065, -0.14388777315616608, 0.015802036970853806, 1.0096179246902466, 0.11106296628713608, 0.032352253794670105, -0.08952731639146805]","[286.0, 0.30000030994415283, 0.2999999523162842, 0.19999980926513672, 0.10000038146972656, 885.0]","[0.8594493865966797, 0.8587753772735596, 0.8588159680366516, 0.8520317077636719, 0.7517927885055542, 453.0]","[0.36851492524147034, 0.21502096951007843, -0.17330388724803925, 0.1389690786600113, -1.1829748153686523, -0.04279566928744316, 0.2884722948074341, 0.24507740139961243, -0.541315495967865, 0.063480444252491, -0.22947394847869873, 0.48091498017311096, -0.22433270514011383, 0.09323727339506149, 0.30000001192092896, 0.29899999499320984, 0.29899999499320984, 0.19900000095367432, 1.0, 0.0, 0.8980000019073486, 0.8989999890327454, 0.8999999761581421, 0.8999999761581421, 0.8009999990463257, 0.0]","[0.24906499683856964, 0.2791875898838043, -0.07273036241531372, -0.0873745009303093, -1.0926735401153564, -0.14109839498996735, 0.17474548518657684, 0.17268942296504974, -0.5205096006393433, -0.0021488736383616924, -0.33876726031303406, 0.48660528659820557, -0.3836822509765625, 0.008843007497489452, 0.30000001192092896, 0.30000001192092896, 0.30000001192092896, 0.20000000298023224, 0.10000000149011612, 0.0, 0.8999999761581421, 0.8999999761581421, 0.8999999761581421, 0.8999999761581421, 0.800000011920929, 0.0]"
56,56,56,0.007236084000396659,0.08651927700157103,True,"[0.17671938240528107, 0.15750867128372192, 0.0574643611907959, 1.0047694444656372, -0.628812313079834, 0.09097225219011307, 0.0812051072716713, 0.21742980182170868, -0.13388776779174805, 0.025802036747336388, 1.0196179151535034, 0.10114686191082001, 0.04235225170850754, -0.07950334995985031]","[336.0, 2.0, 1.0, 4.0, 10.0, 935.0]","[2.0, 1.0, 0.0, 8.0, 0.0, 503.0]","[-0.03899958357214928, 0.20188727974891663, 0.056653738021850586, 0.7909791469573975, -1.0643560886383057, -0.27152666449546814, 0.08550742268562317, 0.012973517179489136, -0.46195080876350403, -0.030351966619491577, 0.1417998969554901, 0.5359954237937927, -0.19974634051322937, -0.28177645802497864, 0.30000022053718567, 0.30000039935112, 0.2999999225139618, 0.1999996304512024, 0.10000058263540268, 0.0, 0.8614113330841064, 0.8603872060775757, 0.8603913187980652, 0.8539585471153259, 0.7536453008651733, 0.0]","[0.16671937704086304, 0.16750867664813995, 0.056653738021850586, 0.9947694540023804, -0.6388123035430908, 0.08097225427627563, 0.08550742268562317, 0.20742979645729065, -0.14388777315616608, 0.015802036970853806, 1.0096179246902466, 0.11114685982465744, 0.032352253794670105, -0.08950334787368774]","[286.0, 0.3000004291534424, 0.2999999523162842, 0.19999957084655762, 0.10000038146972656, 885.0]","[0.8614113330841064, 0.8603872060775757, 0.8603913187980652, 0.8539586067199707, 0.7536453008651733, 453.0]","[0.36883848905563354, 0.21500898897647858, -0.17330388724803925, 0.1390170156955719, -1.1829748153686523, -0.04279566928744316, 0.28848427534103394, 0.24547287821769714, -0.5395058393478394, 0.06227003410458565, -0.22952188551425934, 0.4806992709636688, -0.23122364282608032, 0.07001184672117233, 0.30000001192092896, 0.29899999499320984, 0.29899999499320984, 0.19900000095367432, 1.0, 0.0, 0.8980000019073486, 0.8989999890327454, 0.8999999761581421, 0.8999999761581421, 0.8009999990463257, 0.0]","[0.2511994242668152, 0.2791382074356079, -0.07227016240358353, -0.08805664628744125, -1.0928832292556763, -0.1421654224395752, 0.1746201515197754, 0.17559711635112762, -0.5156075358390808, -0.007474066223949194, -0.33622366189956665, 0.4730004370212555, -0.3908662497997284, -0.016839535906910896, 0.30000001192092896, 0.30000001192092896, 0.30000001192092896, 0.20000000298023224, 0.10000000149011612, 0.0, 0.8999999761581421, 0.8999999761581421, 0.8999999761581421, 0.8999999761581421, 0.800000011920929, 0.0]"
57,57,57,0.009224772000379744,0.0743903099992167,True,"[0.17600032687187195, 0.15742477774620056, 0.05337774008512497, 1.0047454833984375, -0.6316765546798706, 0.09097225219011307, 0.08466855436563492, 0.21733392775058746, -0.1338757872581482, 0.02581402100622654, 1.0196058750152588, 0.10120677947998047, 0.042340267449617386, -0.07950334995985031]","[336.0, 2.0, 1.0, 4.0, 10.0, 935.0]","[2.0, 1.0, 0.0, 8.0, 0.0, 503.0]","[-0.041131697595119476, 0.20076808333396912, 0.050648003816604614, 0.794746458530426, -1.0681500434875488, -0.2725587487220764, 0.08362042903900146, -0.0060148537158966064, -0.4615805149078369, -0.02442052960395813, 0.15369579195976257, 0.549624502658844, -0.19541491568088531, -0.27646347880363464, 0.30000022053718567, 0.30000030994415283, 0.2999999523162842, 0.19999973475933075, 0.10000047832727432, 0.0, 0.8589681386947632, 0.8581900596618652, 0.8582258820533752, 0.8513555526733398, 0.7511008381843567, 0.0]","[0.16600032150745392, 0.1674247831106186, 0.050648003816604614, 0.9947454929351807, -0.6416765451431274, 0.08097225427627563, 0.08362042903900146, 0.20733392238616943, -0.14387579262256622, 0.015814021229743958, 1.009605884552002, 0.1112067773938179, 0.032340265810489655, -0.08950334787368774]","[286.0, 0.30000030994415283, 0.2999999523162842, 0.19999980926513672, 0.10000038146972656, 885.0]","[0.8589681386947632, 0.8581900596618652, 0.8582258820533752, 0.8513555526733398, 0.7511008381843567, 453.0]","[0.36925795674324036, 0.21500898897647858, -0.1732918918132782, 0.13900503516197205, -1.1829628944396973, -0.042819637805223465, 0.28846031427383423, 0.2458084374666214, -0.5365936756134033, 0.05886651575565338, -0.22950990498065948, 0.4798124134540558, -0.23533423244953156, 0.054132744669914246, 0.30000001192092896, 0.29899999499320984, 0.29899999499320984, 0.19900000095367432, 1.0, 0.0, 0.8980000019073486, 0.8989999890327454, 0.8999999761581421, 0.8999999761581421, 0.8009999990463257, 0.0]","[0.25375837087631226, 0.27915605902671814, -0.07168670743703842, -0.08900110423564911, -1.0932327508926392, -0.1428242027759552, 0.17480304837226868, 0.17946814000606537, -0.5092563629150391, -0.014394555240869522, -0.3327949345111847, 0.4362027645111084, -0.40378350019454956, -0.058264777064323425, 0.30000001192092896, 0.30000001192092896, 0.30000001192092896, 0.20000000298023224, 0.10000000149011612, 0.0, 0.8999999761581421, 0.8999999761581421, 0.8999999761581421, 0.8999999761581421, 0.800000011920929, 0.0]"
58,58,58,0.004632600999684655,0.07790918499995314,True,"[0.17549699544906616, 0.15754462778568268, 0.05149621516466141, 1.0047215223312378, -0.6340014934539795, 0.09098424017429352, 0.08545950800180435, 0.2172979712486267, -0.13391172885894775, 0.02576608397066593, 1.019581913948059, 0.10126670449972153, 0.042340267449617386, -0.07950334995985031]","[336.0, 2.0, 1.0, 4.0, 10.0, 935.0]","[2.0, 1.0, 0.0, 8.0, 0.0, 503.0]","[-0.0537041611969471, 0.2011023759841919, 0.0421663373708725, 0.8151029348373413, -1.0658150911331177, -0.2706838846206665, 0.09347614645957947, -0.040719449520111084, -0.4674836993217468, -0.018143892288208008, 0.14863824844360352, 0.5508561134338379, -0.1955251842737198, -0.2926769256591797, 0.30000022053718567, 0.3000003397464752, 0.2999999523162842, 0.19999967515468597, 0.1000005379319191, 0.0, 0.8539716005325317, 0.8530992269515991, 0.853131890296936, 0.8454245328903198, 0.7451555728912354, 0.0]","[0.16549699008464813, 0.1675446331501007, 0.0421663373708725, 0.994721531867981, -0.6440014839172363, 0.08098424226045609, 0.09347614645957947, 0.20729796588420868, -0.14391173422336578, 0.01576608419418335, 1.0095819234848022, 0.11126670241355896, 0.032340265810489655, -0.08950334787368774]","[286.0, 0.30000030994415283, 0.2999999523162842, 0.19999957084655762, 0.10000038146972656, 885.0]","[0.8539716005325317, 0.8530992269515991, 0.853131890296936, 0.8454246520996094, 0.7451555728912354, 453.0]","[0.3692699372768402, 0.2147812843322754, -0.17330388724803925, 0.138993039727211, -1.1829748153686523, -0.04277170076966286, 0.2884722948074341, 0.24863672256469727, -0.5266827344894409, 0.05289836972951889, -0.22947394847869873, 0.4574618339538574, -0.2509257197380066, 0.013458284549415112, 0.30000001192092896, 0.29899999499320984, 0.29899999499320984, 0.19900000095367432, 1.0, 0.0, 0.8980000019073486, 0.8989999890327454, 0.8999999761581421, 0.8999999761581421, 0.8009999990463257, 0.0]","[0.25727418065071106, 0.27919599413871765, -0.07235114276409149, -0.0920179933309555, -1.093913197517395, -0.14470021426677704, 0.17711463570594788, 0.18527564406394958, -0.5070282220840454, -0.023696675896644592, -0.3329261541366577, 0.40798312425613403, -0.40893784165382385, -0.09826185554265976, 0.30000001192092896, 0.30000001192092896, 0.30000001192092896, 0.20000000298023224, 0.10000000149011612, 0.0, 0.8999999761581421, 0.8999999761581421, 0.8999999761581421, 0.8999999761581421, 0.800000011920929, 0.0]"
59,59,59,0.009538624000924756,0.08306985099989106,True,"[0.17512547969818115, 0.15762852132320404, 0.047996822744607925, 1.004637598991394, -0.6349362134933472, 0.0909123346209526, 0.08828778564929962, 0.2172979712486267, -0.1338757872581482, 0.025802036747336388, 1.0195939540863037, 0.10132662206888199, 0.042340267449617386, -0.07951533794403076]","[336.0, 2.0, 1.0, 4.0, 10.0, 935.0]","[2.0, 1.0, 0.0, 8.0, 0.0, 503.0]","[-0.05858885496854782, 0.20174729824066162, 0.041314393281936646, 0.793403148651123, -1.0654220581054688, -0.26457011699676514, 0.0955665111541748, -0.03910818696022034, -0.4563135802745819, -0.015271693468093872, 0.16828152537345886, 0.5433865189552307, -0.19242748618125916, -0.30404171347618103, 0.30000022053718567, 0.3000003397464752, 0.2999999225139618, 0.19999970495700836, 0.1000005304813385, 0.0, 0.8606268167495728, 0.8597210049629211, 0.8597412109375, 0.8531649112701416, 0.7528775334358215, 0.0]","[0.16512547433376312, 0.16762852668762207, 0.041314393281936646, 0.9946376085281372, -0.644936203956604, 0.08091233670711517, 0.0955665111541748, 0.20729796588420868, -0.14387579262256622, 0.015802036970853806, 1.0095939636230469, 0.11132661998271942, 0.032340265810489655, -0.0895153358578682]","[286.0, 0.30000030994415283, 0.2999999523162842, 0.19999980926513672, 0.10000038146972656, 885.0]","[0.8606268167495728, 0.8597210049629211, 0.8597412109375, 0.8531646728515625, 0.7528775334358215, 453.0]","[0.3692938983440399, 0.2143258899450302, -0.17339976131916046, 0.13900503516197205, -1.1829748153686523, -0.042699795216321945, 0.28848427534103394, 0.24897228181362152, -0.5159688591957092, 0.0457557737827301, -0.2295338660478592, 0.4400967061519623, -0.25867950916290283, -0.016598151996731758, 0.30000001192092896, 0.29899999499320984, 0.29899999499320984, 0.19900000095367432, 1.0, 0.0, 0.8980000019073486, 0.8989999890327454, 0.8999999761581421, 0.8999999761581421, 0.8009999990463257, 0.0]","[0.2583187520503998, 0.2806284427642822, -0.0714777484536171, -0.09557224810123444, -1.09749174118042, -0.1455836445093155, 0.18336857855319977, 0.19140806794166565, -0.5071431398391724, -0.03362756222486496, -0.33360639214515686, 0.3933123052120209, -0.4227616786956787, -0.13425470888614655, 0.30000001192092896, 0.30000001192092896, 0.30000001192092896, 0.20000000298023224, 0.10000000149011612, 0.0, 0.8999999761581421, 0.8999999761581421, 0.8999999761581421, 0.8999999761581421, 0.800000011920929, 0.0]"
60,60,60,0.009181774999888148,0.10427418700055568,True,"[0.17489778995513916, 0.1575925648212433, 0.045156560838222504, 1.0045896768569946, -0.6357631683349609, 0.09092431515455246, 0.08977383375167847, 0.21716614067554474, -0.13388776779174805, 0.025790052488446236, 1.019581913948059, 0.10151837021112442, 0.04235225170850754, -0.07951533794403076]","[336.0, 2.0, 1.0, 4.0, 10.0, 935.0]","[2.0, 1.0, 0.0, 8.0, 0.0, 503.0]","[-0.056271202862262726, 0.20334814488887787, 0.03811921179294586, 0.8085601329803467, -1.0640212297439575, -0.2649638056755066, 0.09372085332870483, -0.04790687561035156, -0.46584010124206543, -0.018048763275146484, 0.16127941012382507, 0.555893063545227, -0.18812014162540436, -0.29428717494010925, 0.30000022053718567, 0.30000030994415283, 0.2999999523162842, 0.19999970495700836, 0.10000051558017731, 0.0, 0.8575624227523804, 0.8567365407943726, 0.8567742109298706, 0.8496587872505188, 0.7494008541107178, 0.0]","[0.16489778459072113, 0.16759257018566132, 0.03811921179294586, 0.9945896863937378, -0.6457631587982178, 0.08092431724071503, 0.09372085332870483, 0.2071661353111267, -0.14388777315616608, 0.015790052711963654, 1.0095819234848022, 0.11151836812496185, 0.032352253794670105, -0.0895153358578682]","[286.0, 0.30000030994415283, 0.2999999523162842, 0.19999980926513672, 0.10000038146972656, 885.0]","[0.8575624227523804, 0.8567365407943726, 0.8567742109298706, 0.8496589660644531, 0.7494008541107178, 453.0]","[0.3692459762096405, 0.21364277601242065, -0.17344769835472107, 0.13898105919361115, -1.1830227375030518, -0.04242415726184845, 0.28850823640823364, 0.24982315301895142, -0.509413480758667, 0.03844539448618889, -0.22970163822174072, 0.4253081679344177, -0.2664572596549988, -0.050825100392103195, 0.30000001192092896, 0.29899999499320984, 0.29899999499320984, 0.19900000095367432, 1.0, 0.0, 0.8980000019073486, 0.8989999890327454, 0.8999999761581421, 0.8999999761581421, 0.8009999990463257, 0.0]","[0.26277387142181396, 0.2829584777355194, -0.06862162053585052, -0.09973647445440292, -1.09938383102417, -0.14602994918823242, 0.18542039394378662, 0.19890950620174408, -0.5069786310195923, -0.04444081708788872, -0.3374822735786438, 0.3922162353992462, -0.43249639868736267, -0.16188618540763855, 0.30000001192092896, 0.30000001192092896, 0.30000001192092896, 0.20000000298023224, 0.10000000149011612, 0.0, 0.8999999761581421, 0.8999999761581421, 0.8999999761581421, 0.8999999761581421, 0.800000011920929, 0.0]"
61,61,61,0.009611781999410596,0.07749962900015817,True,"[0.17469404637813568, 0.15765248239040375, 0.041968755424022675, 1.004565715789795, -0.6367578506469727, 0.0909123346209526, 0.08991764485836029, 0.21714217960834503, -0.13388776779174805, 0.025802036747336388, 1.0195460319519043, 0.1017460748553276, 0.042340267449617386, -0.07951533794403076]","[336.0, 2.0, 1.0, 5.0, 10.0, 935.0]","[2.0, 1.0, 0.0, 8.0, 0.0, 503.0]","[-0.0647464171051979, 0.20383615791797638, 0.03361465036869049, 0.788468599319458, -1.067641258239746, -0.25872236490249634, 0.08836713433265686, -0.06536981463432312, -0.45476067066192627, -0.01316225528717041, 0.20175369083881378, 0.5633274912834167, -0.18353787064552307, -0.3045695424079895, 0.30000022053718567, 0.30000028014183044, 0.2999999523162842, 0.19999974966049194, 0.10000046342611313, 0.0, 0.8586908578872681, 0.8579681515693665, 0.8580111861228943, 0.8510766625404358, 0.7508471608161926, 0.0]","[0.16469404101371765, 0.16765248775482178, 0.03361465036869049, 0.9945657253265381, -0.6467578411102295, 0.08091233670711517, 0.08836713433265686, 0.207142174243927, -0.14388777315616608, 0.015802036970853806, 1.0095460414886475, 0.11174607276916504, 0.032340265810489655, -0.0895153358578682]","[286.0, 0.30000030994415283, 0.2999999523162842, 0.19999980926513672, 0.10000038146972656, 885.0]","[0.8586908578872681, 0.8579681515693665, 0.8580111861228943, 0.851076602935791, 0.7508471608161926, 453.0]","[0.36925795674324036, 0.21329523622989655, -0.17350761592388153, 0.13858558237552643, -1.1830227375030518, -0.0412137508392334, 0.28850823640823364, 0.2538738250732422, -0.5089340806007385, 0.027575701475143433, -0.22997727990150452, 0.4130602777004242, -0.27806997299194336, -0.08688563108444214, 0.30000001192092896, 0.29899999499320984, 0.29899999499320984, 0.19900000095367432, 1.0, 0.0, 0.8980000019073486, 0.8989999890327454, 0.8999999761581421, 0.8999999761581421, 0.8009999990463257, 0.0]","[0.2668752074241638, 0.28331854939460754, -0.06547841429710388, -0.09853600710630417, -1.1020740270614624, -0.14685600996017456, 0.1816524714231491, 0.20546050369739532, -0.5030819177627563, -0.056055888533592224, -0.33876076340675354, 0.3882148563861847, -0.44162997603416443, -0.18465809524059296, 0.30000001192092896, 0.30000001192092896, 0.30000001192092896, 0.20000000298023224, 0.10000000149011612, 0.0, 0.8999999761581421, 0.8999999761581421, 0.8999999761581421, 0.8999999761581421, 0.800000011920929, 0.0]"
62,62,62,0.009912068999256007,0.08393838899974071,True,"[0.17457421123981476, 0.15765248239040375, 0.03880492225289345, 1.004565715789795, -0.6379562616348267, 0.0909123346209526, 0.08869525045156479, 0.21711820363998413, -0.1338997483253479, 0.02576608397066593, 1.019521951675415, 0.10188988596200943, 0.042340267449617386, -0.07951533794403076]","[336.0, 2.0, 1.0, 4.0, 10.0, 935.0]","[2.0, 1.0, 0.0, 8.0, 0.0, 503.0]","[-0.05691301450133324, 0.20103847980499268, 0.03795213997364044, 0.7841064929962158, -1.0685973167419434, -0.26503631472587585, 0.08354130387306213, -0.03798246383666992, -0.45806002616882324, -0.018957912921905518, 0.14984306693077087, 0.5479178428649902, -0.1966663897037506, -0.3104482889175415, 0.30000022053718567, 0.3000003397464752, 0.2999999523162842, 0.19999971985816956, 0.10000051558017731, 0.0, 0.8563533425331116, 0.8555174469947815, 0.8555450439453125, 0.848246693611145, 0.7479826211929321, 0.0]","[0.16457420587539673, 0.16765248775482178, 0.03795213997364044, 0.9945657253265381, -0.6479562520980835, 0.08091233670711517, 0.08354130387306213, 0.2071181982755661, -0.14389975368976593, 0.01576608419418335, 1.0095219612121582, 0.11188988387584686, 0.032340265810489655, -0.0895153358578682]","[286.0, 0.30000030994415283, 0.2999999523162842, 0.19999980926513672, 0.10000038146972656, 885.0]","[0.8563532829284668, 0.8555174469947815, 0.8555450439453125, 0.8482465744018555, 0.7479826211929321, 453.0]","[0.3694497048854828, 0.21331921219825745, -0.17349563539028168, 0.13860954344272614, -1.183058738708496, -0.039500005543231964, 0.2885202169418335, 0.2589071989059448, -0.5070165991783142, 0.013110741972923279, -0.23006117343902588, 0.4126048982143402, -0.28935912251472473, -0.11455720663070679, 0.30000001192092896, 0.29899999499320984, 0.29899999499320984, 0.19900000095367432, 1.0, 0.0, 0.8980000019073486, 0.8989999890327454, 0.8999999761581421, 0.8999999761581421, 0.8009999990463257, 0.0]","[0.26815998554229736, 0.2832534611225128, -0.06550311297178268, -0.09410462528467178, -1.1040444374084473, -0.15038499236106873, 0.17800027132034302, 0.20769348740577698, -0.4993443191051483, -0.06366746127605438, -0.3354877531528473, 0.3736433982849121, -0.452772855758667, -0.2040279507637024, 0.30000001192092896, 0.30000001192092896, 0.30000001192092896, 0.20000000298023224, 0.10000000149011612, 0.0, 0.8999999761581421, 0.8999999761581421, 0.8999999761581421, 0.8999999761581421, 0.800000011920929, 0.0]"
63,63,63,0.012128565000239178,0.07864371699906769,True,"[0.17435848712921143, 0.15765248239040375, 0.03772634267807007, 1.00457763671875, -0.6384716033935547, 0.09092431515455246, 0.08725714683532715, 0.21715416014194489, -0.13386379182338715, 0.025802036747336388, 1.0195579528808594, 0.10210560262203217, 0.04235225170850754, -0.07951533794403076]","[336.0, 2.0, 1.0, 4.0, 10.0, 935.0]","[2.0, 1.0, 0.0, 8.0, 0.0, 503.0]","[-0.04591197147965431, 0.20327623188495636, 0.0432312935590744, 0.7760589122772217, -1.071830153465271, -0.26356157660484314, 0.09498330950737, -0.021003812551498413, -0.4483826458454132, -0.02448222041130066, 0.20474271476268768, 0.5679340362548828, -0.1778431236743927, -0.28716981410980225, 0.30000022053718567, 0.3000003397464752, 0.2999999225139618, 0.19999969005584717, 0.10000051558017731, 0.0, 0.8609312772750854, 0.8600677251815796, 0.8600931167602539, 0.853548526763916, 0.7532855868339539, 0.0]","[0.1643584817647934, 0.16765248775482178, 0.0432312935590744, 0.9945776462554932, -0.6484715938568115, 0.08092431724071503, 0.09498330950737, 0.20715415477752686, -0.14386379718780518, 0.015802036970853806, 1.0095579624176025, 0.1121056005358696, 0.032352253794670105, -0.0895153358578682]","[286.0, 0.30000030994415283, 0.2999999523162842, 0.19999980926513672, 0.10000038146972656, 885.0]","[0.8609312772750854, 0.8600677251815796, 0.8600931167602539, 0.853548526763916, 0.7532855868339539, 453.0]","[0.3704443871974945, 0.21331921219825745, -0.17344769835472107, 0.1386454999446869, -1.1830947399139404, -0.036551885306835175, 0.28850823640823364, 0.26156771183013916, -0.5031097531318665, -0.004350273869931698, -0.22998926043510437, 0.4113345742225647, -0.29749640822410583, -0.14389459788799286, 0.30000001192092896, 0.29899999499320984, 0.29899999499320984, 0.19900000095367432, 1.0, 0.0, 0.8980000019073486, 0.8989999890327454, 0.8999999761581421, 0.8999999761581421, 0.8009999990463257, 0.0]","[0.27040693163871765, 0.28387120366096497, -0.06508489698171616, -0.08970081061124802, -1.1076734066009521, -0.15435954928398132, 0.17429713904857635, 0.21173879504203796, -0.49809762835502625, -0.07139813899993896, -0.3337063789367676, 0.35361334681510925, -0.4622366726398468, -0.2259410172700882, 0.30000001192092896, 0.30000001192092896, 0.30000001192092896, 0.20000000298023224, 0.10000000149011612, 0.0, 0.8999999761581421, 0.8999999761581421, 0.8999999761581421, 0.8999999761581421, 0.800000011920929, 0.0]"
64,64,64,0.009809150998989935,0.08589715899870498,True,"[0.17413079738616943, 0.1575925648212433, 0.03917643055319786, 1.0045536756515503, -0.6405928134918213, 0.09093630313873291, 0.08915065228939056, 0.21711820363998413, -0.13388776779174805, 0.025802036747336388, 1.0194979906082153, 0.1025729849934578, 0.042340267449617386, -0.07951533794403076]","[336.0, 2.0, 1.0, 5.0, 10.0, 935.0]","[2.0, 1.0, 0.0, 8.0, 0.0, 503.0]","[-0.06704673916101456, 0.21045729517936707, 0.028141051530838013, 0.7537591457366943, -1.0617296695709229, -0.2522583603858948, 0.08210977911949158, -0.05438944697380066, -0.4534558355808258, -0.016523241996765137, 0.17886590957641602, 0.5657673478126526, -0.19719259440898895, -0.3168630599975586, 0.30000022053718567, 0.3000003695487976, 0.2999999225139618, 0.19999966025352478, 0.10000056773424149, 0.0, 0.8625600934028625, 0.8615845441818237, 0.8616029024124146, 0.8553445339202881, 0.7550448179244995, 0.0]","[0.1641307920217514, 0.16759257018566132, 0.02917643077671528, 0.9945536851882935, -0.6505928039550781, 0.08093630522489548, 0.08210977911949158, 0.2071181982755661, -0.14388777315616608, 0.015802036970853806, 1.0094980001449585, 0.11257298290729523, 0.032340265810489655, -0.0895153358578682]","[286.0, 0.3000004291534424, 0.2999999523162842, 0.19999980926513672, 0.10000038146972656, 885.0]","[0.8625600337982178, 0.8615845441818237, 0.8616029024124146, 0.8553447723388672, 0.7550448179244995, 453.0]","[0.3710196316242218, 0.21331921219825745, -0.17344769835472107, 0.13868145644664764, -1.1831306219100952, -0.035113781690597534, 0.2884962558746338, 0.2617594599723816, -0.5016716718673706, -0.012403673492372036, -0.22997727990150452, 0.40887778997421265, -0.2998572885990143, -0.15815581381320953, 0.30000001192092896, 0.29899999499320984, 0.29899999499320984, 0.19900000095367432, 1.0, 0.0, 0.8980000019073486, 0.8989999890327454, 0.8999999761581421, 0.8999999761581421, 0.8009999990463257, 0.0]","[0.27164068818092346, 0.2840522229671478, -0.06551618129014969, -0.0903785303235054, -1.1090033054351807, -0.15575948357582092, 0.1753413826227188, 0.2140507996082306, -0.4988582134246826, -0.07476046681404114, -0.3330923914909363, 0.3508078157901764, -0.4669650197029114, -0.23105424642562866, 0.30000001192092896, 0.30000001192092896, 0.30000001192092896, 0.20000000298023224, 0.10000000149011612, 0.0, 0.8999999761581421, 0.8999999761581421, 0.8999999761581421, 0.8999999761581421, 0.800000011920929, 0.0]"
65,65,65,0.008870394998666598,0.0786301869993622,True,"[0.17395102977752686, 0.1585153490304947, 0.037282925099134445, 1.0045536756515503, -0.6469324231147766, 0.0909123346209526, 0.08758071810007095, 0.21715416014194489, -0.13391172885894775, 0.025778068229556084, 1.019521951675415, 0.10362759232521057, 0.04235225170850754, -0.07951533794403076]","[336.0, 2.0, 1.0, 5.0, 10.0, 935.0]","[2.0, 1.0, 0.0, 8.0, 0.0, 503.0]","[-0.0726708173751831, 0.20497779548168182, 0.026992589235305786, 0.7817338705062866, -1.0685677528381348, -0.2543739080429077, 0.08441978693008423, -0.0803491473197937, -0.4535982608795166, -0.012672126293182373, 0.18173030018806458, 0.5670373439788818, -0.19049900770187378, -0.32364583015441895, 0.30000022053718567, 0.30000030994415283, 0.2999999523162842, 0.19999973475933075, 0.10000050067901611, 0.0, 0.8583135008811951, 0.8575016260147095, 0.8575314879417419, 0.8505418300628662, 0.7503046989440918, 0.0]","[0.16395102441310883, 0.16851535439491272, 0.027282925322651863, 0.9945536851882935, -0.6569324135780334, 0.08091233670711517, 0.08441978693008423, 0.20715415477752686, -0.14391173422336578, 0.0157780684530735, 1.0095219612121582, 0.113627590239048, 0.032352253794670105, -0.0895153358578682]","[286.0, 0.30000030994415283, 0.2999999523162842, 0.19999980926513672, 0.10000038146972656, 885.0]","[0.8583135604858398, 0.8575016260147095, 0.8575314879417419, 0.8505420684814453, 0.7503046989440918, 453.0]","[0.3741954565048218, 0.21291173994541168, -0.17349563539028168, 0.13865748047828674, -1.1831905841827393, -0.0339992456138134, 0.2884962558746338, 0.2629339098930359, -0.5003174543380737, -0.029157619923353195, -0.2299533188343048, 0.3911411464214325, -0.3136031925678253, -0.19337746500968933, 0.30000001192092896, 0.29899999499320984, 0.29899999499320984, 0.19900000095367432, 1.0, 0.0, 0.8980000019073486, 0.8989999890327454, 0.8999999761581421, 0.8999999761581421, 0.8009999990463257, 0.0]","[0.274670273065567, 0.28579509258270264, -0.06652858108282089, -0.09435022622346878, -1.1145150661468506, -0.15776421129703522, 0.18017883598804474, 0.22229716181755066, -0.5010986924171448, -0.08711965382099152, -0.3367154896259308, 0.35210609436035156, -0.47917020320892334, -0.25675323605537415, 0.30000001192092896, 0.30000001192092896, 0.30000001192092896, 0.20000000298023224, 0.10000000149011612, 0.0, 0.8999999761581421, 0.8999999761581421, 0.8999999761581421, 0.8999999761581421, 0.800000011920929, 0.0]"
66,66,66,0.007653753000340657,0.07369059700067737,True,"[0.17381919920444489, 0.1588149517774582, 0.030499853193759918, 1.0045177936553955, -0.651822030544281, 0.09087637811899185, 0.08680174499750137, 0.21701034903526306, -0.1338757872581482, 0.025790052488446236, 1.0194979906082153, 0.10457435250282288, 0.04235225170850754, -0.07951533794403076]","[336.0, 2.0, 1.0, 4.0, 10.0, 935.0]","[2.0, 1.0, 0.0, 8.0, 0.0, 503.0]","[-0.08658385276794434, 0.2089187055826187, 0.015687912702560425, 0.7779294848442078, -1.067226767539978, -0.2557715177536011, 0.09253489971160889, -0.11002276837825775, -0.458187073469162, -0.008453816175460815, 0.17969083786010742, 0.5514136552810669, -0.2018876075744629, -0.3535304665565491, 0.30000022053718567, 0.30000030994415283, 0.2999999523162842, 0.19999970495700836, 0.1000005379319191, 0.0, 0.8597761392593384, 0.85894376039505, 0.8589736819267273, 0.8522336483001709, 0.7519803643226624, 0.0]","[0.16381919384002686, 0.16881495714187622, 0.020499853417277336, 0.9945178031921387, -0.6618220210075378, 0.08087638020515442, 0.09253489971160889, 0.20701034367084503, -0.14387579262256622, 0.015790052711963654, 1.0094980001449585, 0.11457435041666031, 0.032352253794670105, -0.0895153358578682]","[286.0, 0.30000030994415283, 0.2999999523162842, 0.19999980926513672, 0.10000038146972656, 885.0]","[0.8597761392593384, 0.85894376039505, 0.8589736819267273, 0.85223388671875, 0.7519803643226624, 453.0]","[0.3750343322753906, 0.21291173994541168, -0.17350761592388153, 0.1386454999446869, -1.183214545249939, -0.033975277096033096, 0.2884962558746338, 0.2643001079559326, -0.5003294348716736, -0.032417330890893936, -0.23000125586986542, 0.39087748527526855, -0.320865660905838, -0.20250943303108215, 0.30000001192092896, 0.29899999499320984, 0.29899999499320984, 0.19900000095367432, 1.0, 0.0, 0.8980000019073486, 0.8989999890327454, 0.8999999761581421, 0.8999999761581421, 0.8009999990463257, 0.0]","[0.2751763164997101, 0.28636881709098816, -0.06669757515192032, -0.0954304113984108, -1.114741563796997, -0.15753087401390076, 0.18089747428894043, 0.22422796487808228, -0.5014911890029907, -0.09000178426504135, -0.3382894694805145, 0.35487765073776245, -0.48505139350891113, -0.2664143145084381, 0.30000001192092896, 0.30000001192092896, 0.30000001192092896, 0.20000000298023224, 0.10000000149011612, 0.0, 0.8999999761581421, 0.8999999761581421, 0.8999999761581421, 0.8999999761581421, 0.800000011920929, 0.0]"
67,67,67,0.009436467000341509,0.08878750300027605,True,"[0.1736394464969635, 0.15877899527549744, 0.02738395519554615, 1.0044938325881958, -0.6548900008201599, 0.0908883661031723, 0.08870723843574524, 0.2169743925333023, -0.1339237242937088, 0.025790052488446236, 1.01951003074646, 0.10568888485431671, 0.04235225170850754, -0.07952731847763062]","[336.0, 2.0, 1.0, 5.0, 10.0, 935.0]","[2.0, 1.0, 0.0, 8.0, 0.0, 503.0]","[-0.08612389862537384, 0.20896512269973755, 0.01277923583984375, 0.7562977075576782, -1.0735337734222412, -0.2463880181312561, 0.08935874700546265, -0.11751267313957214, -0.4530472159385681, -0.007209748029708862, 0.2060980647802353, 0.5660698413848877, -0.18824650347232819, -0.3406306505203247, 0.3000001907348633, 0.30000039935112, 0.2999998927116394, 0.1999996155500412, 0.10000060498714447, 0.0, 0.8590593338012695, 0.858032763004303, 0.8580418825149536, 0.8511850833892822, 0.7509081363677979, 0.0]","[0.16363944113254547, 0.16877900063991547, 0.017383955419063568, 0.994493842124939, -0.6648899912834167, 0.08088836818933487, 0.08935874700546265, 0.20697438716888428, -0.14392372965812683, 0.015790052711963654, 1.0095100402832031, 0.11568888276815414, 0.032352253794670105, -0.08952731639146805]","[286.0, 0.3000004291534424, 0.2999998927116394, 0.19999980926513672, 0.10000038146972656, 885.0]","[0.8590593338012695, 0.858032763004303, 0.8580418825149536, 0.8511848449707031, 0.7509081363677979, 453.0]","[0.3757414221763611, 0.21287579834461212, -0.17355555295944214, 0.13862153887748718, -1.1833343505859375, -0.03386741876602173, 0.2884962558746338, 0.2694413363933563, -0.500293493270874, -0.04224439337849617, -0.23081618547439575, 0.3909134566783905, -0.3359657824039459, -0.22267888486385345, 0.30000001192092896, 0.29899999499320984, 0.29899999499320984, 0.19900000095367432, 1.0, 0.0, 0.8980000019073486, 0.8989999890327454, 0.8999999761581421, 0.8999999761581421, 0.8009999990463257, 0.0]","[0.2769054174423218, 0.28704142570495605, -0.06555062532424927, -0.09024187177419662, -1.116578221321106, -0.15947578847408295, 0.17623268067836761, 0.22578540444374084, -0.49927574396133423, -0.09911005198955536, -0.3362467288970947, 0.3643256425857544, -0.49475374817848206, -0.2678593099117279, 0.30000001192092896, 0.30000001192092896, 0.30000001192092896, 0.20000000298023224, 0.10000000149011612, 0.0, 0.8999999761581421, 0.8999999761581421, 0.8999999761581421, 0.8999999761581421, 0.800000011920929, 0.0]"
68,68,68,0.006450867998864851,0.10703909200128692,True,"[0.1733638048171997, 0.1588868647813797, 0.02394448220729828, 1.0044938325881958, -0.6575624346733093, 0.09087637811899185, 0.08864731341600418, 0.21698638796806335, -0.13386379182338715, 0.025778068229556084, 1.0194979906082153, 0.10618023574352264, 0.04235225170850754, -0.07955128699541092]","[336.0, 2.0, 1.0, 4.0, 10.0, 935.0]","[2.0, 1.0, 0.0, 8.0, 0.0, 503.0]","[-0.0994623601436615, 0.2105083018541336, 0.0016294866800308228, 0.7545279264450073, -1.0656514167785645, -0.24461936950683594, 0.08704966306686401, -0.14839807152748108, -0.45708027482032776, -0.0005769133567810059, 0.1869550347328186, 0.5626763105392456, -0.19348379969596863, -0.35949501395225525, 0.3000001907348633, 0.3000003397464752, 0.2999999225139618, 0.19999969005584717, 0.10000056028366089, 0.0, 0.8588677644729614, 0.8579380512237549, 0.8579611778259277, 0.8510693907737732, 0.7508038282394409, 0.0]","[0.16336379945278168, 0.16888687014579773, 0.013944482430815697, 0.994493842124939, -0.6675624251365662, 0.08087638020515442, 0.08704966306686401, 0.20698638260364532, -0.14386379718780518, 0.0157780684530735, 1.0094980001449585, 0.11618023365736008, 0.032352253794670105, -0.08955128490924835]","[286.0, 0.30000030994415283, 0.2999999523162842, 0.19999980926513672, 0.10000038146972656, 885.0]","[0.8588677644729614, 0.8579380512237549, 0.8579611778259277, 0.851069450378418, 0.7508038282394409, 453.0]","[0.375717431306839, 0.21287579834461212, -0.17355555295944214, 0.1386694759130478, -1.183382272720337, -0.03383146598935127, 0.2884962558746338, 0.27419906854629517, -0.5001856088638306, -0.05065732076764107, -0.23442342877388, 0.39124900102615356, -0.34277281165122986, -0.23900140821933746, 0.30000001192092896, 0.29899999499320984, 0.29899999499320984, 0.19900000095367432, 1.0, 0.0, 0.8980000019073486, 0.8989999890327454, 0.8999999761581421, 0.8999999761581421, 0.8009999990463257, 0.0]","[0.27697664499282837, 0.2878720164299011, -0.06606508046388626, -0.08746496587991714, -1.1185393333435059, -0.1611771285533905, 0.1743558645248413, 0.22632282972335815, -0.49804940819740295, -0.1044655293226242, -0.33372762799263, 0.36991482973098755, -0.5038496851921082, -0.26720839738845825, 0.30000001192092896, 0.30000001192092896, 0.30000001192092896, 0.20000000298023224, 0.10000000149011612, 0.0, 0.8999999761581421, 0.8999999761581421, 0.8999999761581421, 0.8999999761581421, 0.800000011920929, 0.0]"
69,69,69,0.011744059998818557,0.0920847519992094,True,"[0.17307618260383606, 0.15887486934661865, 0.01918674446642399, 1.0044938325881958, -0.6620805263519287, 0.09087637811899185, 0.0881919115781784, 0.21693845093250275, -0.1338997483253479, 0.02576608397066593, 1.0194860696792603, 0.10637198388576508, 0.042340267449617386, -0.07956327497959137]","[336.0, 2.0, 1.0, 4.0, 10.0, 935.0]","[2.0, 1.0, 0.0, 8.0, 0.0, 503.0]","[-0.08521462976932526, 0.20958319306373596, 0.006896555423736572, 0.7379687428474426, -1.0766801834106445, -0.2470124065876007, 0.07826387882232666, -0.1028163880109787, -0.453655481338501, -0.010605990886688232, 0.19540418684482574, 0.5640547871589661, -0.19526222348213196, -0.3484368324279785, 0.30000022053718567, 0.3000003695487976, 0.2999999225139618, 0.19999966025352478, 0.10000056773424149, 0.0, 0.8586103320121765, 0.8576530814170837, 0.8576732277870178, 0.8507426381111145, 0.7504669427871704, 0.0]","[0.16307617723941803, 0.16887487471103668, 0.009186744689941406, 0.994493842124939, -0.6720805168151855, 0.08087638020515442, 0.07826387882232666, 0.20693844556808472, -0.14389975368976593, 0.01576608419418335, 1.0094860792160034, 0.11637198179960251, 0.032340265810489655, -0.0895632728934288]","[286.0, 0.3000004291534424, 0.2999999523162842, 0.19999957084655762, 0.10000038146972656, 885.0]","[0.8586103916168213, 0.8576530814170837, 0.8576732277870178, 0.8507428169250488, 0.7504669427871704, 453.0]","[0.375861257314682, 0.21234849095344543, -0.17392705380916595, 0.13863351941108704, -1.1835860013961792, -0.033843450248241425, 0.28846031427383423, 0.27999943494796753, -0.49974218010902405, -0.059909142553806305, -0.23480692505836487, 0.391812264919281, -0.3547450602054596, -0.2446100264787674, 0.30000001192092896, 0.29899999499320984, 0.29899999499320984, 0.19900000095367432, 1.0, 0.0, 0.8980000019073486, 0.8989999890327454, 0.8999999761581421, 0.8999999761581421, 0.8009999990463257, 0.0]","[0.2769334614276886, 0.28930842876434326, -0.06647418439388275, -0.08872657269239426, -1.1225531101226807, -0.16096729040145874, 0.17595341801643372, 0.22617563605308533, -0.4972046911716461, -0.1096155196428299, -0.33224743604660034, 0.3745397627353668, -0.5132437944412231, -0.2692967355251312, 0.30000001192092896, 0.30000001192092896, 0.30000001192092896, 0.20000000298023224, 0.10000000149011612, 0.0, 0.8999999761581421, 0.8999999761581421, 0.8999999761581421, 0.8999999761581421, 0.800000011920929, 0.0]"
70,70,70,0.011209966000023996,0.11043825399974594,True,"[0.17290839552879333, 0.15925836563110352, 0.015184013172984123, 1.0044459104537964, -0.6694747805595398, 0.0908883661031723, 0.08598681539297104, 0.21691447496414185, -0.1338997483253479, 0.02576608397066593, 1.0194740295410156, 0.10656373202800751, 0.04235225170850754, -0.07955128699541092]","[336.0, 2.0, 1.0, 4.0, 10.0, 935.0]","[2.0, 1.0, 0.0, 8.0, 0.0, 503.0]","[-0.09365658462047577, 0.20769008994102478, 0.004197835922241211, 0.7348488569259644, -1.0753990411758423, -0.24351035058498383, 0.08160164952278137, -0.13785198330879211, -0.4469797611236572, -0.0012506544589996338, 0.20057161152362823, 0.5746258497238159, -0.18425534665584564, -0.3579469323158264, 0.3000001907348633, 0.3000003397464752, 0.2999999225139618, 0.19999970495700836, 0.1000005453824997, 0.0, 0.8587268590927124, 0.8578305244445801, 0.8578540086746216, 0.8509384989738464, 0.7506825923919678, 0.0]","[0.1629083901643753, 0.16925837099552155, 0.005184013396501541, 0.9944459199905396, -0.6794747710227966, 0.08088836818933487, 0.08160164952278137, 0.20691446959972382, -0.14389975368976593, 0.01576608419418335, 1.0094740390777588, 0.11656372994184494, 0.032352253794670105, -0.08955128490924835]","[286.0, 0.30000030994415283, 0.2999999523162842, 0.19999980926513672, 0.10000038146972656, 885.0]","[0.8587268590927124, 0.8578305244445801, 0.8578540086746216, 0.8509383201599121, 0.7506825923919678, 453.0]","[0.3769158720970154, 0.21258817613124847, -0.17375928163528442, 0.13865748047828674, -1.1838496923446655, -0.033843450248241425, 0.2884962558746338, 0.28301945328712463, -0.49979013204574585, -0.06364822387695312, -0.23514248430728912, 0.3928668797016144, -0.365770548582077, -0.2505781650543213, 0.30000001192092896, 0.29899999499320984, 0.29899999499320984, 0.19900000095367432, 1.0, 0.0, 0.8980000019073486, 0.8989999890327454, 0.8999999761581421, 0.8999999761581421, 0.8009999990463257, 0.0]","[0.27610889077186584, 0.28965315222740173, -0.06754671037197113, -0.08951424062252045, -1.123652458190918, -0.1607598215341568, 0.17761409282684326, 0.2240445911884308, -0.4973904490470886, -0.11097489297389984, -0.3300516903400421, 0.3735421299934387, -0.5190878510475159, -0.27719569206237793, 0.30000001192092896, 0.30000001192092896, 0.30000001192092896, 0.20000000298023224, 0.10000000149011612, 0.0, 0.8999999761581421, 0.8999999761581421, 0.8999999761581421, 0.8999999761581421, 0.800000011920929, 0.0]"
71,71,71,0.021490536000783322,0.1476194469996699,True,"[0.17257283627986908, 0.1592104285955429, 0.008736500516533852, 1.0044459104537964, -0.673861026763916, 0.0908883661031723, 0.08535165339708328, 0.216902494430542, -0.1338757872581482, 0.02575409971177578, 1.0194979906082153, 0.10673151165246964, 0.04235225170850754, -0.07956327497959137]","[336.0, 2.0, 1.0, 4.0, 10.0, 935.0]","[2.0, 1.0, 0.0, 8.0, 0.0, 503.0]","[-0.08970314264297485, 0.20838293433189392, 0.007628709077835083, 0.741722822189331, -1.0744699239730835, -0.23837031424045563, 0.07500767707824707, -0.12287789583206177, -0.4493729770183563, -0.009913593530654907, 0.2176474779844284, 0.5678855180740356, -0.18659263849258423, -0.35493066906929016, 0.30000022053718567, 0.3000003397464752, 0.2999999225139618, 0.19999970495700836, 0.1000005379319191, 0.0, 0.8589389324188232, 0.8580360412597656, 0.8580517172813416, 0.8511719703674316, 0.7509239912033081, 0.0]","[0.16257283091545105, 0.16921043395996094, 0.007628709077835083, 0.9944459199905396, -0.6838610172271729, 0.08088836818933487, 0.07535165548324585, 0.20690248906612396, -0.14387579262256622, 0.015754099935293198, 1.0094980001449585, 0.11673150956630707, 0.032352253794670105, -0.0895632728934288]","[286.0, 0.30000030994415283, 0.2999999523162842, 0.19999980926513672, 0.10000038146972656, 885.0]","[0.8589389324188232, 0.8580360412597656, 0.8580517172813416, 0.8511719703674316, 0.7509239912033081, 453.0]","[0.3772154748439789, 0.21257618069648743, -0.17410682141780853, 0.13865748047828674, -1.1839934587478638, -0.0336996428668499, 0.2884962558746338, 0.2855960726737976, -0.4997541904449463, -0.06358829885721207, -0.23539415001869202, 0.39299869537353516, -0.3756095767021179, -0.2575889229774475, 0.30000001192092896, 0.29899999499320984, 0.29899999499320984, 0.19900000095367432, 1.0, 0.0, 0.8980000019073486, 0.8989999890327454, 0.8999999761581421, 0.8999999761581421, 0.8009999990463257, 0.0]","[0.2745516896247864, 0.2894913852214813, -0.06893263757228851, -0.08950561285018921, -1.1232450008392334, -0.16077767312526703, 0.17888346314430237, 0.22043682634830475, -0.49699869751930237, -0.11188778281211853, -0.3273765444755554, 0.37163862586021423, -0.5247621536254883, -0.2859303653240204, 0.30000001192092896, 0.30000001192092896, 0.30000001192092896, 0.20000000298023224, 0.10000000149011612, 0.0, 0.8999999761581421, 0.8999999761581421, 0.8999999761581421, 0.8999999761581421, 0.800000011920929, 0.0]"
72,72,72,0.007152018000851967,0.12456994700005453,True,"[0.17226125299930573, 0.15928234159946442, 0.008844357915222645, 1.0044338703155518, -0.6773244142532349, 0.0908883661031723, 0.08453672379255295, 0.2168785184621811, -0.13388776779174805, 0.02576608397066593, 1.0194740295410156, 0.10691127181053162, 0.042340267449617386, -0.07956327497959137]","[336.0, 2.0, 1.0, 4.0, 10.0, 935.0]","[2.0, 1.0, 0.0, 8.0, 0.0, 503.0]","[-0.12134544551372528, 0.21138796210289001, -0.016423098742961884, 0.7214856147766113, -1.0724645853042603, -0.22648295760154724, 0.0799720287322998, -0.2040850818157196, -0.4504495859146118, 0.008987665176391602, 0.20309767127037048, 0.569879412651062, -0.18649788200855255, -0.41044920682907104, 0.3000001907348633, 0.30000039935112, 0.2999998927116394, 0.1999996304512024, 0.10000063478946686, 0.0, 0.8555039167404175, 0.8543847799301147, 0.8543825149536133, 0.8469460010528564, 0.7466475963592529, 0.0]","[0.1622612476348877, 0.16928234696388245, -0.0011556418612599373, 0.9944338798522949, -0.6873244047164917, 0.08088836818933487, 0.0799720287322998, 0.20687851309776306, -0.14388777315616608, 0.01576608419418335, 1.0094740390777588, 0.11691126972436905, 0.032340265810489655, -0.0895632728934288]","[286.0, 0.3000004291534424, 0.2999998927116394, 0.19999957084655762, 0.10000038146972656, 885.0]","[0.8555039167404175, 0.8543847799301147, 0.8543825149536133, 0.8469457626342773, 0.7466475963592529, 453.0]","[0.3771675229072571, 0.2119050770998001, -0.17447833716869354, 0.13862153887748718, -1.184029459953308, -0.03363972157239914, 0.28848427534103394, 0.287393718957901, -0.4996583163738251, -0.06354036182165146, -0.23568177223205566, 0.39299869537353516, -0.3835551142692566, -0.2662535309791565, 0.30000001192092896, 0.29899999499320984, 0.29899999499320984, 0.19900000095367432, 1.0, 0.0, 0.8980000019073486, 0.8989999890327454, 0.8999999761581421, 0.8999999761581421, 0.8009999990463257, 0.0]","[0.2726227641105652, 0.2906031906604767, -0.07265791296958923, -0.08939601480960846, -1.1240220069885254, -0.16347895562648773, 0.18112844228744507, 0.21570615470409393, -0.4974564015865326, -0.11354628205299377, -0.32607021927833557, 0.3644792139530182, -0.5328804850578308, -0.30228713154792786, 0.30000001192092896, 0.30000001192092896, 0.30000001192092896, 0.20000000298023224, 0.10000000149011612, 0.0, 0.8999999761581421, 0.8999999761581421, 0.8999999761581421, 0.8999999761581421, 0.800000011920929, 0.0]"
73,73,73,0.020731078999233432,0.1258150489993568,True,"[0.17205752432346344, 0.15986956655979156, 0.004673847928643227, 1.0044338703155518, -0.6797572374343872, 0.0908404290676117, 0.08495616912841797, 0.2168785184621811, -0.13388776779174805, 0.02576608397066593, 1.0194860696792603, 0.10706707090139389, 0.04235225170850754, -0.07956327497959137]","[336.0, 2.0, 1.0, 4.0, 10.0, 935.0]","[2.0, 1.0, 0.0, 8.0, 0.0, 503.0]","[-0.10039889812469482, 0.21029460430145264, -0.007307589054107666, 0.7056728601455688, -1.0865070819854736, -0.22986562550067902, 0.06540212035179138, -0.15101170539855957, -0.4433705806732178, 0.0016734600067138672, 0.23460613191127777, 0.5828894972801208, -0.18308456242084503, -0.3728201389312744, 0.3000001907348633, 0.3000004291534424, 0.2999998927116394, 0.19999960064888, 0.10000064224004745, 0.0, 0.8553652763366699, 0.854222297668457, 0.8542141914367676, 0.8467563390731812, 0.7464569807052612, 0.0]","[0.1620575189590454, 0.1698695719242096, -0.0053261518478393555, 0.9944338798522949, -0.689757227897644, 0.08084043115377426, 0.07495617121458054, 0.20687851309776306, -0.14388777315616608, 0.01576608419418335, 1.0094860792160034, 0.11706706881523132, 0.032352253794670105, -0.0895632728934288]","[286.0, 0.3000004291534424, 0.2999998927116394, 0.19999957084655762, 0.10000038146972656, 885.0]","[0.8553652763366699, 0.854222297668457, 0.8542141914367676, 0.8467564582824707, 0.7464569807052612, 453.0]","[0.3772154748439789, 0.2119050770998001, -0.17450229823589325, 0.13863351941108704, -1.1840054988861084, -0.03362773731350899, 0.2884962558746338, 0.287393718957901, -0.4996822774410248, -0.06355234980583191, -0.23631693422794342, 0.3929148018360138, -0.3879653215408325, -0.274810254573822, 0.30000001192092896, 0.29899999499320984, 0.29899999499320984, 0.19900000095367432, 1.0, 0.0, 0.8980000019073486, 0.8989999890327454, 0.8999999761581421, 0.8999999761581421, 0.8009999990463257, 0.0]","[0.271525502204895, 0.29130324721336365, -0.07353439182043076, -0.08888746052980423, -1.1253187656402588, -0.16434095799922943, 0.18241481482982635, 0.21427136659622192, -0.49792081117630005, -0.11410412192344666, -0.3248752951622009, 0.35666221380233765, -0.5360636115074158, -0.31333237886428833, 0.30000001192092896, 0.30000001192092896, 0.30000001192092896, 0.20000000298023224, 0.10000000149011612, 0.0, 0.8999999761581421, 0.8999999761581421, 0.8999999761581421, 0.8999999761581421, 0.800000011920929, 0.0]"
74,74,74,0.01991157999873394,0.1406248820003384,True,"[0.17193767428398132, 0.16119980812072754, 0.00046738478704355657, 1.0044338703155518, -0.6851621270179749, 0.09072058647871017, 0.0848722830414772, 0.21686653792858124, -0.13388776779174805, 0.02575409971177578, 1.0194740295410156, 0.10719889402389526, 0.04235225170850754, -0.07956327497959137]","[336.0, 2.0, 1.0, 5.0, 10.0, 935.0]","[2.0, 1.0, 0.0, 8.0, 0.0, 503.0]","[-0.11049990355968475, 0.20543494820594788, -0.006695806980133057, 0.734647274017334, -1.0832322835922241, -0.2412073016166687, 0.08559384942054749, -0.16969609260559082, -0.4459717273712158, -0.0019209086894989014, 0.1846882700920105, 0.5649154186248779, -0.1955566704273224, -0.4108392298221588, 0.3000001907348633, 0.30000039935112, 0.2999998927116394, 0.1999996304512024, 0.10000064969062805, 0.0, 0.8604335784912109, 0.8593311309814453, 0.8593329191207886, 0.8527219891548157, 0.7524190545082092, 0.0]","[0.1619376689195633, 0.17119981348514557, -0.006695806980133057, 0.9944338798522949, -0.6951621174812317, 0.08072058856487274, 0.08559384942054749, 0.2068665325641632, -0.14388777315616608, 0.015754099935293198, 1.0094740390777588, 0.1171988919377327, 0.032352253794670105, -0.0895632728934288]","[286.0, 0.3000004291534424, 0.2999998927116394, 0.19999980926513672, 0.10000038146972656, 885.0]","[0.8604335784912109, 0.8593311309814453, 0.8593329191207886, 0.85272216796875, 0.7524190545082092, 453.0]","[0.3772154748439789, 0.2119050770998001, -0.17450229823589325, 0.13862153887748718, -1.184029459953308, -0.03365170583128929, 0.2884962558746338, 0.287393718957901, -0.4996223449707031, -0.0635044127702713, -0.2364247888326645, 0.39239948987960815, -0.39559927582740784, -0.2839781939983368, 0.30000001192092896, 0.29899999499320984, 0.29899999499320984, 0.19900000095367432, 1.0, 0.0, 0.8980000019073486, 0.8989999890327454, 0.8999999761581421, 0.8999999761581421, 0.8009999990463257, 0.0]","[0.2691032290458679, 0.2918832004070282, -0.0738949403166771, -0.08525891602039337, -1.1259692907333374, -0.16566097736358643, 0.18154573440551758, 0.21242885291576385, -0.500022828578949, -0.11834240704774857, -0.3207745850086212, 0.3481275737285614, -0.5432442426681519, -0.33486559987068176, 0.30000001192092896, 0.30000001192092896, 0.30000001192092896, 0.20000000298023224, 0.10000000149011612, 0.0, 0.8999999761581421, 0.8999999761581421, 0.8999999761581421, 0.8999999761581421, 0.800000011920929, 0.0]"
75,75,75,0.01599622100002307,0.11486728400086577,True,"[0.17193767428398132, 0.16189490258693695, -0.001761681167408824, 1.0044459104537964, -0.6920050978660583, 0.09072058647871017, 0.08655007183551788, 0.2168785184621811, -0.1338997483253479, 0.02576608397066593, 1.0194740295410156, 0.1073906421661377, 0.04235225170850754, -0.07956327497959137]","[336.0, 2.0, 1.0, 5.0, 10.0, 935.0]","[2.0, 1.0, 0.0, 8.0, 0.0, 503.0]","[-0.12811307609081268, 0.2147228717803955, -0.027391701936721802, 0.7001595497131348, -1.0793652534484863, -0.22370676696300507, 0.07119500637054443, -0.22129462659358978, -0.444144070148468, 0.0024868249893188477, 0.22073553502559662, 0.5847839117050171, -0.18891912698745728, -0.43192869424819946, 0.3000001907348633, 0.30000039935112, 0.2999998927116394, 0.1999996304512024, 0.10000064969062805, 0.0, 0.861603319644928, 0.8605009317398071, 0.8604979515075684, 0.8540751934051514, 0.7537844777107239, 0.0]","[0.1619376689195633, 0.17189490795135498, -0.01176168117672205, 0.9944459199905396, -0.7020050883293152, 0.08072058856487274, 0.07655007392168045, 0.20687851309776306, -0.14389975368976593, 0.01576608419418335, 1.0094740390777588, 0.11739064007997513, 0.032352253794670105, -0.0895632728934288]","[286.0, 0.3000004291534424, 0.2999998927116394, 0.19999980926513672, 0.10000038146972656, 885.0]","[0.8616032600402832, 0.8605009317398071, 0.8604979515075684, 0.8540754318237305, 0.7537844777107239, 453.0]","[0.3772394359111786, 0.21191705763339996, -0.17447833716869354, 0.13865748047828674, -1.1840773820877075, -0.03365170583128929, 0.2884962558746338, 0.287393718957901, -0.49961036443710327, -0.06355234980583191, -0.23648472130298615, 0.39175233244895935, -0.40300554037094116, -0.2918398678302765, 0.30000001192092896, 0.29899999499320984, 0.29899999499320984, 0.19900000095367432, 1.0, 0.0, 0.8980000019073486, 0.8989999890327454, 0.8999999761581421, 0.8999999761581421, 0.8009999990463257, 0.0]","[0.268466591835022, 0.2921649217605591, -0.07503760606050491, -0.08461270481348038, -1.125604271888733, -0.16677723824977875, 0.18249809741973877, 0.21151864528656006, -0.5003556609153748, -0.1208045706152916, -0.32043707370758057, 0.3433845043182373, -0.5452638268470764, -0.3508014976978302, 0.30000001192092896, 0.30000001192092896, 0.30000001192092896, 0.20000000298023224, 0.10000000149011612, 0.0, 0.8999999761581421, 0.8999999761581421, 0.8999999761581421, 0.8999999761581421, 0.800000011920929, 0.0]"
76,76,76,0.010578698998870095,0.11836941799992928,True,"[0.17193767428398132, 0.1630813330411911, -0.0055007594637572765, 1.0044578313827515, -0.6954086422920227, 0.09070859849452972, 0.08598681539297104, 0.21685455739498138, -0.13388776779174805, 0.025778068229556084, 1.0194740295410156, 0.10758239030838013, 0.04235225170850754, -0.07955128699541092]","[336.0, 2.0, 1.0, 4.0, 10.0, 935.0]","[2.0, 1.0, 0.0, 8.0, 0.0, 503.0]","[-0.12074266374111176, 0.21090255677700043, -0.012778371572494507, 0.7176885604858398, -1.0767525434494019, -0.2297256886959076, 0.08442562818527222, -0.19894662499427795, -0.4500091075897217, -0.000851750373840332, 0.19688144326210022, 0.569021463394165, -0.18628287315368652, -0.42383041977882385, 0.3000001907348633, 0.30000039935112, 0.2999998927116394, 0.1999996155500412, 0.10000065714120865, 0.0, 0.8612832427024841, 0.8601595163345337, 0.8601574897766113, 0.853683352470398, 0.7533828020095825, 0.0]","[0.1619376689195633, 0.17308133840560913, -0.012778371572494507, 0.9944578409194946, -0.7054086327552795, 0.08070860058069229, 0.08442562818527222, 0.20685455203056335, -0.14388777315616608, 0.0157780684530735, 1.0094740390777588, 0.11758238822221756, 0.032352253794670105, -0.08955128490924835]","[286.0, 0.3000004291534424, 0.2999998927116394, 0.19999957084655762, 0.10000038146972656, 885.0]","[0.8612833023071289, 0.8601595163345337, 0.8601574897766113, 0.8536834716796875, 0.7533828020095825, 453.0]","[0.37722745537757874, 0.21192903816699982, -0.1744903177022934, 0.13863351941108704, -1.1840894222259521, -0.03365170583128929, 0.2884722948074341, 0.287393718957901, -0.49956244230270386, -0.06351639330387115, -0.23904934525489807, 0.3906617760658264, -0.4073677957057953, -0.30498653650283813, 0.30000001192092896, 0.29899999499320984, 0.29899999499320984, 0.19900000095367432, 1.0, 0.0, 0.8980000019073486, 0.8989999890327454, 0.8999999761581421, 0.8999999761581421, 0.8009999990463257, 0.0]","[0.2676410973072052, 0.2909912168979645, -0.07604657113552094, -0.08236227184534073, -1.1249769926071167, -0.16830547153949738, 0.18222405016422272, 0.2093224972486496, -0.49736103415489197, -0.12425906211137772, -0.31611305475234985, 0.33625897765159607, -0.5519797801971436, -0.3722206950187683, 0.30000001192092896, 0.30000001192092896, 0.30000001192092896, 0.20000000298023224, 0.10000000149011612, 0.0, 0.8999999761581421, 0.8999999761581421, 0.8999999761581421, 0.8999999761581421, 0.800000011920929, 0.0]"
77,77,77,0.007036909999442287,0.11518474299919035,True,"[0.17194966971874237, 0.16447150707244873, -0.00812530517578125, 1.0044459104537964, -0.6995072364807129, 0.09069661796092987, 0.08621452003717422, 0.21686653792858124, -0.13388776779174805, 0.025790052488446236, 1.0194740295410156, 0.10785802453756332, 0.04235225170850754, -0.07956327497959137]","[336.0, 2.0, 1.0, 4.0, 10.0, 935.0]","[2.0, 1.0, 0.0, 8.0, 0.0, 503.0]","[-0.10391496121883392, 0.2100120484828949, -0.006171777844429016, 0.7194216847419739, -1.0838340520858765, -0.22431327402591705, 0.07896396517753601, -0.1720273196697235, -0.4419904351234436, -0.00917002558708191, 0.22514203190803528, 0.5899487733840942, -0.17959624528884888, -0.40326988697052, 0.3000001907348633, 0.3000003695487976, 0.2999998927116394, 0.19999967515468597, 0.10000061243772507, 0.0, 0.8605964183807373, 0.8595621585845947, 0.8595610857009888, 0.8529608845710754, 0.7527000308036804, 0.0]","[0.16194966435432434, 0.17447151243686676, -0.006171777844429016, 0.9944459199905396, -0.7095072269439697, 0.08069662004709244, 0.07896396517753601, 0.2068665325641632, -0.14388777315616608, 0.015790052711963654, 1.0094740390777588, 0.11785802245140076, 0.032352253794670105, -0.0895632728934288]","[286.0, 0.3000004291534424, 0.2999998927116394, 0.19999957084655762, 0.10000038146972656, 885.0]","[0.8605964183807373, 0.8595621585845947, 0.8595610857009888, 0.8529610633850098, 0.7527000308036804, 453.0]","[0.3772394359111786, 0.21191705763339996, -0.17457421123981476, 0.1386694759130478, -1.1841133832931519, -0.03362773731350899, 0.28848427534103394, 0.28733378648757935, -0.4995744228363037, -0.06355234980583191, -0.24135030806064606, 0.39025431871414185, -0.41309624910354614, -0.32147684693336487, 0.30000001192092896, 0.29899999499320984, 0.29899999499320984, 0.19900000095367432, 1.0, 0.0, 0.8980000019073486, 0.8989999890327454, 0.8999999761581421, 0.8999999761581421, 0.8009999990463257, 0.0]","[0.26715198159217834, 0.2907361388206482, -0.07687121629714966, -0.08212468028068542, -1.1241965293884277, -0.1698119044303894, 0.1832406371831894, 0.20873749256134033, -0.4964516758918762, -0.12721732258796692, -0.3158872723579407, 0.33638671040534973, -0.5534981489181519, -0.3824785649776459, 0.30000001192092896, 0.30000001192092896, 0.30000001192092896, 0.20000000298023224, 0.10000000149011612, 0.0, 0.8999999761581421, 0.8999999761581421, 0.8999999761581421, 0.8999999761581421, 0.800000011920929, 0.0]"
78,78,78,0.009702112000013585,0.11643560199991043,True,"[0.17192569375038147, 0.165178582072258, -0.008113320916891098, 1.0044578313827515, -0.7049121260643005, 0.09069661796092987, 0.08591490983963013, 0.21685455739498138, -0.13388776779174805, 0.025790052488446236, 1.0194740295410156, 0.10827747732400894, 0.042340267449617386, -0.07956327497959137]","[336.0, 2.0, 1.0, 4.0, 10.0, 935.0]","[2.0, 1.0, 0.0, 8.0, 0.0, 503.0]","[-0.13719426095485687, 0.214622363448143, -0.03331529349088669, 0.6890146732330322, -1.0895153284072876, -0.2176302671432495, 0.06535902619361877, -0.23615676164627075, -0.43498528003692627, 0.0033046603202819824, 0.2510579228401184, 0.5950229167938232, -0.18406368792057037, -0.4486517608165741, 0.3000001907348633, 0.3000003695487976, 0.2999998927116394, 0.19999966025352478, 0.10000062733888626, 0.0, 0.8644362092018127, 0.8633798360824585, 0.863370418548584, 0.8574240803718567, 0.7571560144424438, 0.0]","[0.16192568838596344, 0.17517858743667603, -0.01811332069337368, 0.9944578409194946, -0.7149121165275574, 0.08069662004709244, 0.0759149119257927, 0.20685455203056335, -0.14388777315616608, 0.015790052711963654, 1.0094740390777588, 0.11827747523784637, 0.032340265810489655, -0.0895632728934288]","[286.0, 0.3000004291534424, 0.2999998927116394, 0.19999957084655762, 0.10000038146972656, 885.0]","[0.864436149597168, 0.8633798360824585, 0.863370418548584, 0.857424259185791, 0.7571560144424438, 453.0]","[0.37725141644477844, 0.21192903816699982, -0.1745861917734146, 0.13862153887748718, -1.1841133832931519, -0.03366369009017944, 0.2884962558746338, 0.28730982542037964, -0.4994545578956604, -0.06362425535917282, -0.24162594974040985, 0.38912779092788696, -0.41950780153274536, -0.33543846011161804, 0.30000001192092896, 0.29899999499320984, 0.29899999499320984, 0.19900000095367432, 1.0, 0.0, 0.8980000019073486, 0.8989999890327454, 0.8999999761581421, 0.8999999761581421, 0.8009999990463257, 0.0]","[0.26755696535110474, 0.29066815972328186, -0.07735075056552887, -0.08150733262300491, -1.1240736246109009, -0.17069853842258453, 0.18299630284309387, 0.2093602567911148, -0.49563226103782654, -0.1295340359210968, -0.31638920307159424, 0.3388011157512665, -0.552242636680603, -0.3845309615135193, 0.30000001192092896, 0.30000001192092896, 0.30000001192092896, 0.20000000298023224, 0.10000000149011612, 0.0, 0.8999999761581421, 0.8999999761581421, 0.8999999761581421, 0.8999999761581421, 0.800000011920929, 0.0]"
79,79,79,0.008604870999988634,0.08777036100036639,True,"[0.17191371321678162, 0.16596953570842743, -0.010354370810091496, 1.0044578313827515, -0.7108323574066162, 0.09068462997674942, 0.08530371636152267, 0.21685455739498138, -0.13388776779174805, 0.025778068229556084, 1.0194740295410156, 0.10845723748207092, 0.04235225170850754, -0.07956327497959137]","[336.0, 2.0, 1.0, 4.0, 10.0, 935.0]","[2.0, 1.0, 0.0, 8.0, 0.0, 503.0]","[-0.13836586475372314, 0.21062713861465454, -0.037135444581508636, 0.6989985704421997, -1.0843995809555054, -0.21809270977973938, 0.06596702337265015, -0.255603551864624, -0.438568115234375, 0.005524009466171265, 0.23599830269813538, 0.6019912958145142, -0.1809035837650299, -0.451893150806427, 0.3000001907348633, 0.30000039935112, 0.2999998927116394, 0.19999969005584717, 0.10000063478946686, 0.0, 0.8601096868515015, 0.8590426445007324, 0.8590384721755981, 0.852371096611023, 0.7520914077758789, 0.0]","[0.1619137078523636, 0.17596954107284546, -0.020354371517896652, 0.9944578409194946, -0.720832347869873, 0.08068463206291199, 0.07530371844768524, 0.20685455203056335, -0.14388777315616608, 0.0157780684530735, 1.0094740390777588, 0.11845723539590836, 0.032352253794670105, -0.0895632728934288]","[286.0, 0.3000004291534424, 0.2999998927116394, 0.19999980926513672, 0.10000038146972656, 885.0]","[0.8601096868515015, 0.8590426445007324, 0.8590384721755981, 0.8523712158203125, 0.7520914077758789, 453.0]","[0.37729936838150024, 0.21191705763339996, -0.17457421123981476, 0.13865748047828674, -1.1841013431549072, -0.03366369009017944, 0.2884962558746338, 0.2873218059539795, -0.499406635761261, -0.06362425535917282, -0.24247683584690094, 0.38760578632354736, -0.4242415726184845, -0.3492083251476288, 0.30000001192092896, 0.29899999499320984, 0.29899999499320984, 0.19900000095367432, 1.0, 0.0, 0.8980000019073486, 0.8989999890327454, 0.8999999761581421, 0.8999999761581421, 0.8009999990463257, 0.0]","[0.26809796690940857, 0.29190847277641296, -0.0781378224492073, -0.07855156809091568, -1.1263020038604736, -0.17217786610126495, 0.18110498785972595, 0.21027550101280212, -0.4962446689605713, -0.13165950775146484, -0.3142065107822418, 0.3421300947666168, -0.5484698414802551, -0.3818235695362091, 0.30000001192092896, 0.30000001192092896, 0.30000001192092896, 0.20000000298023224, 0.10000000149011612, 0.0, 0.8999999761581421, 0.8999999761581421, 0.8999999761581421, 0.8999999761581421, 0.800000011920929, 0.0]"
80,80,80,0.003756469999643741,0.11349742899983539,True,"[0.17191371321678162, 0.16679644584655762, -0.012283830903470516, 1.0044459104537964, -0.7152305245399475, 0.09067264944314957, 0.08508799970149994, 0.2168785184621811, -0.13388776779174805, 0.025802036747336388, 1.0194740295410156, 0.1085890680551529, 0.042340267449617386, -0.07957525551319122]","[336.0, 2.0, 1.0, 4.0, 10.0, 935.0]","[2.0, 1.0, 0.0, 8.0, 0.0, 503.0]","[-0.14223815500736237, 0.21259120106697083, -0.0470367968082428, 0.687305212020874, -1.0951182842254639, -0.2192211002111435, 0.05964979529380798, -0.2732393145561218, -0.44153401255607605, 0.004369676113128662, 0.2322353720664978, 0.5930655002593994, -0.18768247961997986, -0.4684257507324219, 0.3000001907348633, 0.30000039935112, 0.2999998927116394, 0.1999996155500412, 0.10000067204236984, 0.0, 0.8557496666908264, 0.8546333909034729, 0.8546162843704224, 0.8472145199775696, 0.7469543218612671, 0.0]","[0.1619137078523636, 0.17679645121097565, -0.022283829748630524, 0.9944459199905396, -0.7252305150032043, 0.08067265152931213, 0.0750880017876625, 0.20687851309776306, -0.14388777315616608, 0.015802036970853806, 1.0094740390777588, 0.11858906596899033, 0.032340265810489655, -0.08957525342702866]","[286.0, 0.3000004291534424, 0.2999998927116394, 0.19999957084655762, 0.10000038146972656, 885.0]","[0.8557496070861816, 0.8546333909034729, 0.8546162843704224, 0.8472146987915039, 0.7469543218612671, 453.0]","[0.37739524245262146, 0.21192903816699982, -0.17457421123981476, 0.1386454999446869, -1.184125304222107, -0.033675674349069595, 0.2884962558746338, 0.2873218059539795, -0.49941861629486084, -0.06369615346193314, -0.24295619130134583, 0.3858680725097656, -0.4258594512939453, -0.35683029890060425, 0.30000001192092896, 0.29899999499320984, 0.29899999499320984, 0.19900000095367432, 1.0, 0.0, 0.8980000019073486, 0.8989999890327454, 0.8999999761581421, 0.8999999761581421, 0.8009999990463257, 0.0]","[0.2679482400417328, 0.292235404253006, -0.07873627543449402, -0.07496990263462067, -1.1273273229599, -0.17393620312213898, 0.1785089522600174, 0.21019382774829865, -0.4945339262485504, -0.12970031797885895, -0.30865907669067383, 0.34177371859550476, -0.5468493700027466, -0.37761378288269043, 0.30000001192092896, 0.30000001192092896, 0.30000001192092896, 0.20000000298023224, 0.10000000149011612, 0.0, 0.8999999761581421, 0.8999999761581421, 0.8999999761581421, 0.8999999761581421, 0.800000011920929, 0.0]"
81,81,81,0.01059829199948581,0.09349784000005457,True,"[0.17192569375038147, 0.1676712930202484, -0.014788533560931683, 1.0044459104537964, -0.7183704376220703, 0.09068462997674942, 0.08505204319953918, 0.2168785184621811, -0.1338757872581482, 0.025790052488446236, 1.0194621086120605, 0.10876882821321487, 0.042340267449617386, -0.07957525551319122]","[336.0, 2.0, 1.0, 5.0, 10.0, 935.0]","[2.0, 1.0, 0.0, 8.0, 0.0, 503.0]","[-0.14021079242229462, 0.2140657603740692, -0.036809466779232025, 0.6777389049530029, -1.0825636386871338, -0.21599651873111725, 0.06747350096702576, -0.25479641556739807, -0.43413400650024414, 0.0012854337692260742, 0.24109482765197754, 0.6035752296447754, -0.17344048619270325, -0.45224612951278687, 0.3000001907348633, 0.3000004291534424, 0.299999862909317, 0.1999996304512024, 0.10000067204236984, 0.0, 0.8632768392562866, 0.8620746731758118, 0.8620533347129822, 0.855924129486084, 0.7556220293045044, 0.0]","[0.16192568838596344, 0.17767129838466644, -0.02478853240609169, 0.9944459199905396, -0.7283704280853271, 0.08068463206291199, 0.07505204528570175, 0.20687851309776306, -0.14387579262256622, 0.015790052711963654, 1.0094621181488037, 0.11876882612705231, 0.032340265810489655, -0.08957525342702866]","[286.0, 0.3000004291534424, 0.29999983310699463, 0.19999980926513672, 0.10000038146972656, 885.0]","[0.8632768392562866, 0.8620746731758118, 0.8620533347129822, 0.855924129486084, 0.7556220293045044, 453.0]","[0.378030389547348, 0.21195301413536072, -0.1745622307062149, 0.1386694759130478, -1.1842811107635498, -0.033675674349069595, 0.28848427534103394, 0.2873218059539795, -0.4989991784095764, -0.06373210996389389, -0.24290825426578522, 0.3851729929447174, -0.4262069761753082, -0.3600061237812042, 0.30000001192092896, 0.29899999499320984, 0.29899999499320984, 0.19900000095367432, 1.0, 0.0, 0.8980000019073486, 0.8989999890327454, 0.8999999761581421, 0.8999999761581421, 0.8009999990463257, 0.0]","[0.26870858669281006, 0.29227563738822937, -0.07945035398006439, -0.0727768987417221, -1.1270941495895386, -0.17516036331653595, 0.17722322046756744, 0.2104555070400238, -0.49268436431884766, -0.127603217959404, -0.3045777976512909, 0.3437207043170929, -0.5428647994995117, -0.36997249722480774, 0.30000001192092896, 0.30000001192092896, 0.30000001192092896, 0.20000000298023224, 0.10000000149011612, 0.0, 0.8999999761581421, 0.8999999761581421, 0.8999999761581421, 0.8999999761581421, 0.800000011920929, 0.0]"
82,82,82,0.016527548999874853,0.1390111809996597,True,"[0.17192569375038147, 0.16927717626094818, -0.01846769079566002, 1.0044578313827515, -0.7218098640441895, 0.09066066145896912, 0.08505204319953918, 0.21685455739498138, -0.13388776779174805, 0.025802036747336388, 1.0194621086120605, 0.10881676524877548, 0.04235225170850754, -0.07956327497959137]","[336.0, 2.0, 1.0, 4.0, 10.0, 935.0]","[2.0, 1.0, 0.0, 8.0, 0.0, 503.0]","[-0.1498670130968094, 0.2177981436252594, -0.04853900521993637, 0.6807166934013367, -1.0828419923782349, -0.20834966003894806, 0.06057417392730713, -0.2790149450302124, -0.4418110251426697, 0.002916097640991211, 0.22605712711811066, 0.5918882489204407, -0.18682381510734558, -0.4901171922683716, 0.3000001907348633, 0.3000004291534424, 0.299999862909317, 0.19999960064888, 0.10000071674585342, 0.0, 0.8621149063110352, 0.8608717322349548, 0.8608419895172119, 0.8545228242874146, 0.7542166709899902, 0.0]","[0.16192568838596344, 0.1792771816253662, -0.0284676905721426, 0.9944578409194946, -0.7318098545074463, 0.08066066354513168, 0.07505204528570175, 0.20685455203056335, -0.14388777315616608, 0.015802036970853806, 1.0094621181488037, 0.11881676316261292, 0.032352253794670105, -0.0895632728934288]","[286.0, 0.3000004291534424, 0.29999983310699463, 0.19999957084655762, 0.10000038146972656, 885.0]","[0.8621149063110352, 0.8608717322349548, 0.8608419895172119, 0.854522705078125, 0.7542166709899902, 453.0]","[0.37856969237327576, 0.21192903816699982, -0.1745622307062149, 0.1386694759130478, -1.1842691898345947, -0.0336996428668499, 0.28848427534103394, 0.2873697280883789, -0.49582335352897644, -0.06370814144611359, -0.24292024970054626, 0.3835311532020569, -0.4262189567089081, -0.360137939453125, 0.30000001192092896, 0.29899999499320984, 0.29899999499320984, 0.19900000095367432, 1.0, 0.0, 0.8980000019073486, 0.8989999890327454, 0.8999999761581421, 0.8999999761581421, 0.8009999990463257, 0.0]","[0.2700003385543823, 0.29339417815208435, -0.0801408439874649, -0.07202589511871338, -1.1290342807769775, -0.17504368722438812, 0.17743611335754395, 0.2136930376291275, -0.4935051500797272, -0.12299992144107819, -0.2998694181442261, 0.34781545400619507, -0.5368853807449341, -0.35992738604545593, 0.30000001192092896, 0.30000001192092896, 0.30000001192092896, 0.20000000298023224, 0.10000000149011612, 0.0, 0.8999999761581421, 0.8999999761581421, 0.8999999761581421, 0.8999999761581421, 0.800000011920929, 0.0]"
83,83,83,0.017104724998716847,0.12618770399967616,True,"[0.17193767428398132, 0.17041568458080292, -0.020840568467974663, 1.0044459104537964, -0.7260882258415222, 0.09064868092536926, 0.08502807468175888, 0.21685455739498138, -0.13388776779174805, 0.025778068229556084, 1.0194740295410156, 0.10894858837127686, 0.04235225170850754, -0.07956327497959137]","[336.0, 2.0, 1.0, 4.0, 10.0, 935.0]","[2.0, 1.0, 0.0, 8.0, 0.0, 503.0]","[-0.1547670066356659, 0.21683596074581146, -0.05296467989683151, 0.663172721862793, -1.0922859907150269, -0.2096645087003708, 0.059578776359558105, -0.29362502694129944, -0.4330335855484009, 0.008943408727645874, 0.24676142632961273, 0.6088849306106567, -0.17689967155456543, -0.48287492990493774, 0.3000001907348633, 0.30000039935112, 0.2999998927116394, 0.19999969005584717, 0.10000064224004745, 0.0, 0.8634533882141113, 0.8623883128166199, 0.8623718023300171, 0.8562578558921814, 0.7560012340545654, 0.0]","[0.1619376689195633, 0.18041568994522095, -0.030840568244457245, 0.9944459199905396, -0.736088216304779, 0.08064868301153183, 0.07502807676792145, 0.20685455203056335, -0.14388777315616608, 0.0157780684530735, 1.0094740390777588, 0.11894858628511429, 0.032352253794670105, -0.0895632728934288]","[286.0, 0.3000004291534424, 0.2999998927116394, 0.19999980926513672, 0.10000038146972656, 885.0]","[0.8634533882141113, 0.8623883128166199, 0.8623718023300171, 0.8562579154968262, 0.7560012340545654, 453.0]","[0.37884533405303955, 0.21192903816699982, -0.17459817230701447, 0.1386694759130478, -1.1842811107635498, -0.033675674349069595, 0.28848427534103394, 0.2877172827720642, -0.4898671805858612, -0.06368417292833328, -0.24287231266498566, 0.3834712505340576, -0.4261949956417084, -0.35987430810928345, 0.30000001192092896, 0.29899999499320984, 0.29899999499320984, 0.19900000095367432, 1.0, 0.0, 0.8980000019073486, 0.8989999890327454, 0.8999999761581421, 0.8999999761581421, 0.8009999990463257, 0.0]","[0.27102917432785034, 0.29386401176452637, -0.07858407497406006, -0.07524941116571426, -1.129884123802185, -0.1723961979150772, 0.17981967329978943, 0.21626070141792297, -0.49454981088638306, -0.12187561392784119, -0.3013814687728882, 0.3516019582748413, -0.5303195118904114, -0.3540171682834625, 0.30000001192092896, 0.30000001192092896, 0.30000001192092896, 0.20000000298023224, 0.10000000149011612, 0.0, 0.8999999761581421, 0.8999999761581421, 0.8999999761581421, 0.8999999761581421, 0.800000011920929, 0.0]"
84,84,84,0.0113898790004896,0.10757564599953184,True,"[0.17193767428398132, 0.171865776181221, -0.025586320087313652, 1.0044459104537964, -0.7312294840812683, 0.09063669294118881, 0.08504006266593933, 0.21685455739498138, -0.1338757872581482, 0.025802036747336388, 1.0194621086120605, 0.10900851339101791, 0.04235225170850754, -0.07957525551319122]","[336.0, 2.0, 1.0, 4.0, 10.0, 935.0]","[2.0, 1.0, 0.0, 8.0, 0.0, 503.0]","[-0.14255817234516144, 0.21814092993736267, -0.042464300990104675, 0.66437828540802, -1.085397481918335, -0.20253205299377441, 0.0573502779006958, -0.2625275254249573, -0.43338942527770996, 0.002567678689956665, 0.22239571809768677, 0.6110173463821411, -0.1825515329837799, -0.47918474674224854, 0.3000001907348633, 0.3000004291534424, 0.299999862909317, 0.1999996304512024, 0.10000069439411163, 0.0, 0.8657190799713135, 0.864536464214325, 0.8645124435424805, 0.8587768077850342, 0.7584999203681946, 0.0]","[0.1619376689195633, 0.18186578154563904, -0.035586319863796234, 0.9944459199905396, -0.7412294745445251, 0.08063669502735138, 0.0750400647521019, 0.20685455203056335, -0.14387579262256622, 0.015802036970853806, 1.0094621181488037, 0.11900851130485535, 0.032352253794670105, -0.08957525342702866]","[286.0, 0.3000004291534424, 0.29999983310699463, 0.19999957084655762, 0.10000038146972656, 885.0]","[0.8657190799713135, 0.864536464214325, 0.8645124435424805, 0.8587770462036133, 0.7584999203681946, 453.0]","[0.3788812756538391, 0.21194101870059967, -0.17459817230701447, 0.13865748047828674, -1.1842931509017944, -0.03368765860795975, 0.28850823640823364, 0.2880408465862274, -0.48708686232566833, -0.06368417292833328, -0.24289627373218536, 0.38348323106765747, -0.4260871410369873, -0.3594069182872772, 0.30000001192092896, 0.29899999499320984, 0.29899999499320984, 0.19900000095367432, 1.0, 0.0, 0.8980000019073486, 0.8989999890327454, 0.8999999761581421, 0.8999999761581421, 0.8009999990463257, 0.0]","[0.2732742726802826, 0.29401251673698425, -0.07781011611223221, -0.07939475774765015, -1.1300544738769531, -0.16939090192317963, 0.1828700304031372, 0.22069381177425385, -0.49527472257614136, -0.11675112694501877, -0.3019157946109772, 0.3559912145137787, -0.5197917222976685, -0.3448944091796875, 0.30000001192092896, 0.30000001192092896, 0.30000001192092896, 0.20000000298023224, 0.10000000149011612, 0.0, 0.8999999761581421, 0.8999999761581421, 0.8999999761581421, 0.8999999761581421, 0.800000011920929, 0.0]"
85,85,85,0.029746078998869052,0.15399684099975275,True,"[0.17193767428398132, 0.17335182428359985, -0.029565082862973213, 1.0044459104537964, -0.7353640198707581, 0.09039700776338577, 0.08505204319953918, 0.2168785184621811, -0.1338757872581482, 0.02576608397066593, 1.0194740295410156, 0.10910438746213913, 0.04235225170850754, -0.07956327497959137]","[336.0, 2.0, 1.0, 4.0, 10.0, 935.0]","[2.0, 1.0, 0.0, 8.0, 0.0, 503.0]","[-0.1701417714357376, 0.2164950668811798, -0.05523563176393509, 0.6848536729812622, -1.0815582275390625, -0.19863036274909973, 0.056491196155548096, -0.32595008611679077, -0.43335312604904175, 0.008948475122451782, 0.2589085102081299, 0.6192924976348877, -0.17853552103042603, -0.49728989601135254, 0.3000001907348633, 0.3000003695487976, 0.2999998927116394, 0.19999970495700836, 0.10000061988830566, 0.0, 0.8659876585006714, 0.8649698495864868, 0.8649699091911316, 0.8592677712440491, 0.7590121030807495, 0.0]","[0.1619376689195633, 0.18335182964801788, -0.039565082639455795, 0.9944459199905396, -0.7453640103340149, 0.08039700984954834, 0.07505204528570175, 0.20687851309776306, -0.14387579262256622, 0.01576608419418335, 1.0094740390777588, 0.11910438537597656, 0.032352253794670105, -0.0895632728934288]","[286.0, 0.3000004291534424, 0.2999998927116394, 0.19999980926513672, 0.10000038146972656, 885.0]","[0.8659876585006714, 0.8649698495864868, 0.8649699091911316, 0.8592677116394043, 0.7590121030807495, 453.0]","[0.3791808784008026, 0.21204888820648193, -0.1745861917734146, 0.13862153887748718, -1.1843050718307495, -0.033675674349069595, 0.2884962558746338, 0.2885681688785553, -0.4862000048160553, -0.06363623589277267, -0.24289627373218536, 0.38363900780677795, -0.4259073734283447, -0.35775309801101685, 0.30000001192092896, 0.29899999499320984, 0.29899999499320984, 0.19900000095367432, 1.0, 0.0, 0.8980000019073486, 0.8989999890327454, 0.8999999761581421, 0.8999999761581421, 0.8009999990463257, 0.0]","[0.2742531895637512, 0.29365041851997375, -0.07888992130756378, -0.08153798431158066, -1.129508137702942, -0.16896575689315796, 0.18523114919662476, 0.2244185507297516, -0.49430161714553833, -0.10795387625694275, -0.2981530725955963, 0.35797131061553955, -0.5166168808937073, -0.338253915309906, 0.30000001192092896, 0.30000001192092896, 0.30000001192092896, 0.20000000298023224, 0.10000000149011612, 0.0, 0.8999999761581421, 0.8999999761581421, 0.8999999761581421, 0.8999999761581421, 0.800000011920929, 0.0]"
86,86,86,0.013758084000073723,0.12586611900042044,True,"[0.17193767428398132, 0.17519739270210266, -0.0334000363945961, 1.0044578313827515, -0.7402656078338623, 0.09038502722978592, 0.08500410616397858, 0.21685455739498138, -0.1338757872581482, 0.025790052488446236, 1.0194740295410156, 0.10917629301548004, 0.04235225170850754, -0.07956327497959137]","[336.0, 2.0, 1.0, 4.0, 10.0, 935.0]","[2.0, 1.0, 0.0, 8.0, 0.0, 503.0]","[-0.16884054243564606, 0.22373686730861664, -0.0628778412938118, 0.6395633220672607, -1.0870848894119263, -0.19983866810798645, 0.045667558908462524, -0.3410050868988037, -0.4287392497062683, 0.019300878047943115, 0.24931484460830688, 0.6343764662742615, -0.17382575571537018, -0.49821072816848755, 0.3000001609325409, 0.3000004291534424, 0.299999862909317, 0.19999967515468597, 0.10000067949295044, 0.0, 0.8612483143806458, 0.8600791692733765, 0.8600633144378662, 0.8535874485969543, 0.7533007860183716, 0.0]","[0.1619376689195633, 0.1851973980665207, -0.04340003430843353, 0.9944578409194946, -0.7502655982971191, 0.08038502931594849, 0.07500410825014114, 0.20685455203056335, -0.14387579262256622, 0.019300878047943115, 1.0094740390777588, 0.11917629092931747, 0.032352253794670105, -0.0895632728934288]","[286.0, 0.3000004291534424, 0.29999983310699463, 0.19999957084655762, 0.10000038146972656, 885.0]","[0.861248254776001, 0.8600791692733765, 0.8600633144378662, 0.8535876274108887, 0.7533007860183716, 453.0]","[0.3798519968986511, 0.21202491223812103, -0.1746101677417755, 0.1386454999446869, -1.1843171119689941, -0.03368765860795975, 0.28850823640823364, 0.2889396846294403, -0.4848457872867584, -0.06324075907468796, -0.2427884191274643, 0.3836509883403778, -0.42584747076034546, -0.35585957765579224, 0.30000001192092896, 0.29899999499320984, 0.29899999499320984, 0.19900000095367432, 1.0, 0.0, 0.8980000019073486, 0.8989999890327454, 0.8999999761581421, 0.8999999761581421, 0.8009999990463257, 0.0]","[0.2757587730884552, 0.29412269592285156, -0.08243848383426666, -0.08377113193273544, -1.1302556991577148, -0.17245836555957794, 0.18763116002082825, 0.22719718515872955, -0.49391528964042664, -0.09687350690364838, -0.291502982378006, 0.3612220883369446, -0.518491804599762, -0.33412009477615356, 0.30000001192092896, 0.30000001192092896, 0.30000001192092896, 0.20000000298023224, 0.10000000149011612, 0.0, 0.8999999761581421, 0.8999999761581421, 0.8999999761581421, 0.8999999761581421, 0.800000011920929, 0.0]"
87,87,87,0.010716838998632738,0.1190134919997945,True,"[0.17190173268318176, 0.17757026851177216, -0.03833753615617752, 1.0044338703155518, -0.7448195815086365, 0.09034907072782516, 0.08504006266593933, 0.21685455739498138, -0.13388776779174805, 0.026269420981407166, 1.0194621086120605, 0.10924819856882095, 0.04235225170850754, -0.07955128699541092]","[336.0, 2.0, 1.0, 4.0, 10.0, 935.0]","[2.0, 1.0, 0.0, 8.0, 0.0, 503.0]","[-0.1454230397939682, 0.22149717807769775, -0.04772377014160156, 0.6303825974464417, -1.0935736894607544, -0.19870556890964508, 0.05828014016151428, -0.2582826614379883, -0.4230744242668152, -0.004850596189498901, 0.24182823300361633, 0.6238734722137451, -0.17281676828861237, -0.4886978268623352, 0.3000001907348633, 0.30000039935112, 0.299999862909317, 0.19999966025352478, 0.10000069439411163, 0.0, 0.8752820491790771, 0.8741037249565125, 0.8740885853767395, 0.8699518442153931, 0.7696486711502075, 0.0]","[0.16190172731876373, 0.18757027387619019, -0.04772377014160156, 0.9944338798522949, -0.7548195719718933, 0.08034907281398773, 0.0750400647521019, 0.20685455203056335, -0.14388777315616608, 0.016269421204924583, 1.0094621181488037, 0.11924819648265839, 0.032352253794670105, -0.08955128490924835]","[286.0, 0.3000004291534424, 0.29999983310699463, 0.19999957084655762, 0.10000038146972656, 885.0]","[0.8752820491790771, 0.8741037249565125, 0.8740885853767395, 0.8699517250061035, 0.7696486711502075, 453.0]","[0.38217693567276, 0.2120608687400818, -0.17493373155593872, 0.1386694759130478, -1.1842931509017944, -0.03371162712574005, 0.2885202169418335, 0.2898384928703308, -0.48186174035072327, -0.059238024055957794, -0.24242889881134033, 0.38375887274742126, -0.42582347989082336, -0.35445743799209595, 0.30000001192092896, 0.29899999499320984, 0.29899999499320984, 0.19900000095367432, 1.0, 0.0, 0.8980000019073486, 0.8989999890327454, 0.8999999761581421, 0.8999999761581421, 0.8009999990463257, 0.0]","[0.2753541171550751, 0.29646947979927063, -0.08873230963945389, -0.08337845653295517, -1.1329609155654907, -0.17974257469177246, 0.18916767835617065, 0.2265876978635788, -0.495939701795578, -0.0854741632938385, -0.2836078703403473, 0.3644247055053711, -0.5198730826377869, -0.332956463098526, 0.30000001192092896, 0.30000001192092896, 0.30000001192092896, 0.20000000298023224, 0.10000000149011612, 0.0, 0.8999999761581421, 0.8999999761581421, 0.8999999761581421, 0.8999999761581421, 0.800000011920929, 0.0]"
88,88,88,0.014116241000010632,0.13866654800040124,True,"[0.17180585861206055, 0.17952369153499603, -0.041621215641498566, 1.0044459104537964, -0.7490020990371704, 0.09036105871200562, 0.0845726802945137, 0.21685455739498138, -0.13388776779174805, 0.026101643219590187, 1.0194621086120605, 0.10928414762020111, 0.04235225170850754, -0.07956327497959137]","[336.0, 2.0, 1.0, 5.0, 10.0, 935.0]","[2.0, 1.0, 0.0, 8.0, 0.0, 503.0]","[-0.15736496448516846, 0.22019359469413757, -0.054955266416072845, 0.6588554382324219, -1.081475019454956, -0.2003774791955948, 0.05357435345649719, -0.30873292684555054, -0.4373316764831543, 0.005725115537643433, 0.22313587367534637, 0.6323455572128296, -0.1728871762752533, -0.4931633472442627, 0.3000001907348633, 0.30000039935112, 0.2999998927116394, 0.19999971985816956, 0.10000064224004745, 0.0, 0.8664395809173584, 0.8654085397720337, 0.8654042482376099, 0.85978102684021, 0.7595285773277283, 0.0]","[0.16180585324764252, 0.18952369689941406, -0.051621213555336, 0.9944459199905396, -0.7590020895004272, 0.08036106079816818, 0.07457268238067627, 0.20685455203056335, -0.14388777315616608, 0.016101643443107605, 1.0094621181488037, 0.11928414553403854, 0.032352253794670105, -0.0895632728934288]","[286.0, 0.3000004291534424, 0.2999998927116394, 0.19999980926513672, 0.10000038146972656, 885.0]","[0.8664395809173584, 0.8654085397720337, 0.8654042482376099, 0.8597812652587891, 0.7595285773277283, 453.0]","[0.3838787078857422, 0.21222864091396332, -0.17530524730682373, 0.1386694759130478, -1.1842931509017944, -0.0337236113846302, 0.28855618834495544, 0.29100096225738525, -0.481849730014801, -0.05801563337445259, -0.2419854700565338, 0.383746862411499, -0.4257396161556244, -0.35153329372406006, 0.30000001192092896, 0.29899999499320984, 0.29899999499320984, 0.19900000095367432, 1.0, 0.0, 0.8980000019073486, 0.8989999890327454, 0.8999999761581421, 0.8999999761581421, 0.8009999990463257, 0.0]","[0.2701456844806671, 0.2984669506549835, -0.09786025434732437, -0.08192835003137589, -1.1328790187835693, -0.18880781531333923, 0.19329990446567535, 0.22041161358356476, -0.4948648512363434, -0.06846309453248978, -0.2717979848384857, 0.35208484530448914, -0.5240761637687683, -0.34342774748802185, 0.30000001192092896, 0.30000001192092896, 0.30000001192092896, 0.20000000298023224, 0.10000000149011612, 0.0, 0.8999999761581421, 0.8999999761581421, 0.8999999761581421, 0.8999999761581421, 0.800000011920929, 0.0]"
89,89,89,0.019234231000154978,0.11938338599975395,True,"[0.1715421974658966, 0.18156100809574127, -0.046906258910894394, 1.0043619871139526, -0.7528131008148193, 0.09034907072782516, 0.08433299511671066, 0.2168785184621811, -0.1338757872581482, 0.026017753407359123, 1.0194381475448608, 0.10940399020910263, 0.042340267449617386, -0.07956327497959137]","[336.0, 2.0, 1.0, 5.0, 10.0, 935.0]","[2.0, 1.0, 0.0, 8.0, 0.0, 503.0]","[-0.1703673154115677, 0.23050470650196075, -0.06872835755348206, 0.6332034468650818, -1.0871388912200928, -0.20000389218330383, 0.04179224371910095, -0.34984201192855835, -0.4286942780017853, 0.005402654409408569, 0.25282353162765503, 0.6560573577880859, -0.17632445693016052, -0.5146675109863281, 0.3000001609325409, 0.30000039935112, 0.29999983310699463, 0.19999967515468597, 0.10000070184469223, 0.0, 0.8658478856086731, 0.8646355867385864, 0.8646093606948853, 0.8589090704917908, 0.7586161494255066, 0.0]","[0.16154219210147858, 0.1915610134601593, -0.056906260550022125, 0.9943619966506958, -0.7628130912780762, 0.08034907281398773, 0.07433299720287323, 0.20687851309776306, -0.14387579262256622, 0.01601775363087654, 1.009438157081604, 0.11940398812294006, 0.032340265810489655, -0.0895632728934288]","[286.0, 0.3000004291534424, 0.29999983310699463, 0.19999980926513672, 0.10000038146972656, 885.0]","[0.8658478260040283, 0.8646355867385864, 0.8646093606948853, 0.8589091300964355, 0.7586161494255066, 453.0]","[0.3846217393875122, 0.21226459741592407, -0.1754370778799057, 0.13865748047828674, -1.1842691898345947, -0.03381948545575142, 0.2885681688785553, 0.2914204001426697, -0.4818257689476013, -0.05766809359192848, -0.24169784784317017, 0.383746862411499, -0.42575159668922424, -0.35116177797317505, 0.30000001192092896, 0.29899999499320984, 0.29899999499320984, 0.19900000095367432, 1.0, 0.0, 0.8980000019073486, 0.8989999890327454, 0.8999999761581421, 0.8999999761581421, 0.8009999990463257, 0.0]","[0.2691797614097595, 0.2988181412220001, -0.09870432317256927, -0.0818973258137703, -1.1331684589385986, -0.18989813327789307, 0.19392403960227966, 0.21886089444160461, -0.49478623270988464, -0.06607647240161896, -0.2702378034591675, 0.3486577868461609, -0.5252267122268677, -0.3468996584415436, 0.30000001192092896, 0.30000001192092896, 0.30000001192092896, 0.20000000298023224, 0.10000000149011612, 0.0, 0.8999999761581421, 0.8999999761581421, 0.8999999761581421, 0.8999999761581421, 0.800000011920929, 0.0]"
90,90,90,0.011033040000256733,0.16822195100030513,True,"[0.17142236232757568, 0.1832747608423233, -0.05026184022426605, 1.004338026046753, -0.7574509978294373, 0.09034907072782516, 0.08409330993890762, 0.2168785184621811, -0.13388776779174805, 0.025957832112908363, 1.0194381475448608, 0.10954780131578445, 0.04235225170850754, -0.07956327497959137]","[336.0, 2.0, 1.0, 5.0, 10.0, 935.0]","[2.0, 1.0, 0.0, 8.0, 0.0, 503.0]","[-0.16692587733268738, 0.2225848138332367, -0.06897266209125519, 0.6313798427581787, -1.0839422941207886, -0.19663748145103455, 0.04887625575065613, -0.3311098515987396, -0.4210067391395569, 0.0112246572971344, 0.24945728480815887, 0.6502773761749268, -0.16063642501831055, -0.5126026272773743, 0.3000001907348633, 0.30000039935112, 0.299999862909317, 0.19999970495700836, 0.10000067949295044, 0.0, 0.8721038103103638, 0.8709611892700195, 0.8709332942962646, 0.8662732839584351, 0.766001284122467, 0.0]","[0.16142235696315765, 0.19327476620674133, -0.060261838138103485, 0.9943380355834961, -0.7674509882926941, 0.08034907281398773, 0.07409331202507019, 0.20687851309776306, -0.14388777315616608, 0.01595783233642578, 1.009438157081604, 0.11954779922962189, 0.032352253794670105, -0.0895632728934288]","[286.0, 0.3000004291534424, 0.29999983310699463, 0.19999980926513672, 0.10000038146972656, 885.0]","[0.8721038103103638, 0.8709611892700195, 0.8709332942962646, 0.8662734031677246, 0.766001284122467, 453.0]","[0.3854007124900818, 0.21403826773166656, -0.17650367319583893, 0.1386694759130478, -1.1842931509017944, -0.03413107246160507, 0.2886880040168762, 0.2913365066051483, -0.48166999220848083, -0.05415671318769455, -0.2404155433177948, 0.3835311532020569, -0.42584747076034546, -0.3515452742576599, 0.30000001192092896, 0.29899999499320984, 0.29899999499320984, 0.19900000095367432, 1.0, 0.0, 0.8980000019073486, 0.8989999890327454, 0.8999999761581421, 0.8999999761581421, 0.8009999990463257, 0.0]","[0.2620110809803009, 0.29952579736709595, -0.1054694652557373, -0.08258292824029922, -1.1329773664474487, -0.19598117470741272, 0.20031899213790894, 0.20902788639068604, -0.49492570757865906, -0.0499441884458065, -0.2582435607910156, 0.3357480466365814, -0.5251302123069763, -0.36074298620224, 0.30000001192092896, 0.30000001192092896, 0.30000001192092896, 0.20000000298023224, 0.10000000149011612, 0.0, 0.8999999761581421, 0.8999999761581421, 0.8999999761581421, 0.8999999761581421, 0.800000011920929, 0.0]"
91,91,91,0.012321026999416063,0.10686998999881325,True,"[0.17131449282169342, 0.18604311347007751, -0.05424060299992561, 1.0043140649795532, -0.7625802159309387, 0.09033709019422531, 0.08357799053192139, 0.21685455739498138, -0.1338757872581482, 0.025921879336237907, 1.0194261074066162, 0.10973954945802689, 0.04235225170850754, -0.07956327497959137]","[336.0, 2.0, 1.0, 5.0, 10.0, 935.0]","[2.0, 1.0, 0.0, 8.0, 0.0, 503.0]","[-0.17477433383464813, 0.21822106838226318, -0.06840604543685913, 0.6325643658638, -1.0916407108306885, -0.19518108665943146, 0.040506511926651, -0.33900561928749084, -0.4190352261066437, 0.014768213033676147, 0.26412153244018555, 0.6362119913101196, -0.16066516935825348, -0.517281711101532, 0.3000001907348633, 0.3000004291534424, 0.299999862909317, 0.19999967515468597, 0.10000067204236984, 0.0, 0.862047553062439, 0.8608869314193726, 0.8608583807945251, 0.8545303344726562, 0.7542459964752197, 0.0]","[0.1613144874572754, 0.19604311883449554, -0.06424060463905334, 0.9943140745162964, -0.7725802063941956, 0.08033709228038788, 0.07357799261808395, 0.20685455203056335, -0.14387579262256622, 0.015921879559755325, 1.0094261169433594, 0.11973954737186432, 0.032352253794670105, -0.0895632728934288]","[286.0, 0.3000004291534424, 0.29999983310699463, 0.19999980926513672, 0.10000038146972656, 885.0]","[0.862047553062439, 0.8608869314193726, 0.8608583807945251, 0.8545303344726562, 0.7542459964752197, 453.0]","[0.38573625683784485, 0.21406222879886627, -0.1765396147966385, 0.1386694759130478, -1.1842811107635498, -0.03443067893385887, 0.2889876067638397, 0.2911088168621063, -0.48169395327568054, -0.051484230905771255, -0.2395886331796646, 0.3827042579650879, -0.42587143182754517, -0.352252334356308, 0.30000001192092896, 0.29899999499320984, 0.29899999499320984, 0.19900000095367432, 1.0, 0.0, 0.8980000019073486, 0.8989999890327454, 0.8999999761581421, 0.8999999761581421, 0.8009999990463257, 0.0]","[0.26031821966171265, 0.30018067359924316, -0.10787703841924667, -0.08210213482379913, -1.1335593461990356, -0.19932705163955688, 0.20045968890190125, 0.20593227446079254, -0.4962751567363739, -0.0473022498190403, -0.25779199600219727, 0.3352714478969574, -0.5236586332321167, -0.36409792304039, 0.30000001192092896, 0.30000001192092896, 0.30000001192092896, 0.20000000298023224, 0.10000000149011612, 0.0, 0.8999999761581421, 0.8999999761581421, 0.8999999761581421, 0.8999999761581421, 0.800000011920929, 0.0]"
92,92,92,0.0071826319999672705,0.16315949999989243,True,"[0.17130251228809357, 0.18843995034694672, -0.059789299964904785, 1.0042780637741089, -0.7667027711868286, 0.09033709019422531, 0.08309862017631531, 0.21685455739498138, -0.1338757872581482, 0.025921879336237907, 1.0194381475448608, 0.11042264848947525, 0.04235225170850754, -0.07956327497959137]","[336.0, 2.0, 1.0, 5.0, 10.0, 935.0]","[2.0, 1.0, 0.0, 8.0, 0.0, 503.0]","[-0.1726657599210739, 0.23231418430805206, -0.07175040245056152, 0.6186944246292114, -1.087762475013733, -0.19227120280265808, 0.03652539849281311, -0.36521288752555847, -0.4241170585155487, 0.012783795595169067, 0.23631662130355835, 0.6704620122909546, -0.1674491912126541, -0.5375061631202698, 0.3000001907348633, 0.3000004291534424, 0.299999862909317, 0.19999970495700836, 0.10000070184469223, 0.0, 0.8626042604446411, 0.8614119291305542, 0.8613807559013367, 0.8551350831985474, 0.7548619508743286, 0.0]","[0.16130250692367554, 0.19843995571136475, -0.06978929787874222, 0.994278073310852, -0.7767027616500854, 0.08033709228038788, 0.07309862226247787, 0.20685455203056335, -0.14387579262256622, 0.015921879559755325, 1.009438157081604, 0.12042264640331268, 0.032352253794670105, -0.0895632728934288]","[286.0, 0.3000004291534424, 0.29999983310699463, 0.19999980926513672, 0.10000038146972656, 885.0]","[0.8626042604446411, 0.8614119291305542, 0.8613807559013367, 0.8551349639892578, 0.7548619508743286, 453.0]","[0.385951966047287, 0.21407420933246613, -0.17675533890724182, 0.1386934369802475, -1.1842691898345947, -0.03476623818278313, 0.2899223864078522, 0.29097700119018555, -0.48171791434288025, -0.04441354051232338, -0.23715583980083466, 0.38176947832107544, -0.42584747076034546, -0.35318711400032043, 0.30000001192092896, 0.29899999499320984, 0.29899999499320984, 0.19900000095367432, 1.0, 0.0, 0.8980000019073486, 0.8989999890327454, 0.8999999761581421, 0.8999999761581421, 0.8009999990463257, 0.0]","[0.2526205778121948, 0.3034265339374542, -0.11509579420089722, -0.07806381583213806, -1.136673927307129, -0.20916983485221863, 0.20123018324375153, 0.19425079226493835, -0.5001639723777771, -0.03684438019990921, -0.2516760528087616, 0.329484224319458, -0.5204092860221863, -0.3793072998523712, 0.30000001192092896, 0.30000001192092896, 0.30000001192092896, 0.20000000298023224, 0.10000000149011612, 0.0, 0.8999999761581421, 0.8999999761581421, 0.8999999761581421, 0.8999999761581421, 0.800000011920929, 0.0]"
93,93,93,0.012407318999976269,0.1255688769997505,True,"[0.1711946576833725, 0.1907649040222168, -0.06674014776945114, 1.0042301416397095, -0.7693393230438232, 0.09032510221004486, 0.08283496648073196, 0.21685455739498138, -0.13388776779174805, 0.025921879336237907, 1.0194261074066162, 0.11305917799472809, 0.04235225170850754, -0.07957525551319122]","[336.0, 2.0, 1.0, 5.0, 10.0, 935.0]","[2.0, 1.0, 0.0, 8.0, 0.0, 503.0]","[-0.1791612207889557, 0.2267499715089798, -0.07163619250059128, 0.6296582221984863, -1.0876871347427368, -0.19141525030136108, 0.03858533501625061, -0.3580561876296997, -0.4273696839809418, 0.008026272058486938, 0.23643097281455994, 0.6484251618385315, -0.1686059981584549, -0.5376419425010681, 0.3000001907348633, 0.30000039935112, 0.299999862909317, 0.19999973475933075, 0.10000066459178925, 0.0, 0.8681520819664001, 0.8670601844787598, 0.8670449256896973, 0.8617235422134399, 0.7614525556564331, 0.0]","[0.16119465231895447, 0.20076490938663483, -0.07163619250059128, 0.9942301511764526, -0.7793393135070801, 0.08032510429620743, 0.07283496856689453, 0.20685455203056335, -0.14388777315616608, 0.015921879559755325, 1.0094261169433594, 0.12305917590856552, 0.032352253794670105, -0.08957525342702866]","[286.0, 0.3000004291534424, 0.29999983310699463, 0.19999980926513672, 0.10000038146972656, 885.0]","[0.8681521415710449, 0.8670601844787598, 0.8670449256896973, 0.8617234230041504, 0.7614525556564331, 453.0]","[0.3857003152370453, 0.21613550186157227, -0.18047045171260834, 0.1386934369802475, -1.1843050718307495, -0.039679769426584244, 0.2905695140361786, 0.28816068172454834, -0.481885701417923, -0.02966095693409443, -0.23209848999977112, 0.37782666087150574, -0.42587143182754517, -0.3586638867855072, 0.30000001192092896, 0.29899999499320984, 0.29899999499320984, 0.19900000095367432, 1.0, 0.0, 0.8980000019073486, 0.8989999890327454, 0.8999999761581421, 0.8999999761581421, 0.8009999990463257, 0.0]","[0.237491175532341, 0.30779558420181274, -0.12475015968084335, -0.07288050651550293, -1.141983151435852, -0.22287459671497345, 0.20258565247058868, 0.17457754909992218, -0.5072252154350281, -0.023344768211245537, -0.23769782483577728, 0.32676470279693604, -0.518432080745697, -0.39915624260902405, 0.30000001192092896, 0.30000001192092896, 0.30000001192092896, 0.20000000298023224, 0.10000000149011612, 0.0, 0.8999999761581421, 0.8999999761581421, 0.8999999761581421, 0.8999999761581421, 0.800000011920929, 0.0]"
94,94,94,0.013713931000893353,0.14300090500000806,True,"[0.1711946576833725, 0.19150792062282562, -0.06925683468580246, 1.0042181015014648, -0.7724072933197021, 0.09032510221004486, 0.0827271044254303, 0.21685455739498138, -0.13388776779174805, 0.02588592655956745, 1.0194381475448608, 0.11355053633451462, 0.04235225170850754, -0.07956327497959137]","[336.0, 2.0, 1.0, 5.0, 10.0, 935.0]","[2.0, 1.0, 0.0, 8.0, 0.0, 503.0]","[-0.1831251084804535, 0.23100382089614868, -0.08283339440822601, 0.623584508895874, -1.0854939222335815, -0.19511723518371582, 0.03262832760810852, -0.37597227096557617, -0.4237312376499176, 0.024758219718933105, 0.24711571633815765, 0.6615492105484009, -0.16394540667533875, -0.5367158055305481, 0.3000001907348633, 0.30000039935112, 0.299999862909317, 0.19999973475933075, 0.10000064969062805, 0.0, 0.8670159578323364, 0.8659294843673706, 0.8659031391143799, 0.8603900074958801, 0.7601431012153625, 0.0]","[0.16119465231895447, 0.20150792598724365, -0.07925683259963989, 0.994218111038208, -0.782407283782959, 0.08032510429620743, 0.07272710651159286, 0.20685455203056335, -0.14388777315616608, 0.024758219718933105, 1.009438157081604, 0.12355053424835205, 0.032352253794670105, -0.0895632728934288]","[286.0, 0.3000004291534424, 0.29999983310699463, 0.19999980926513672, 0.10000038146972656, 885.0]","[0.8670159578323364, 0.8659294843673706, 0.8659031391143799, 0.8603901863098145, 0.7601431012153625, 453.0]","[0.3838547468185425, 0.216902494430542, -0.18515628576278687, 0.13870541751384735, -1.184472918510437, -0.05065732076764107, 0.29055753350257874, 0.2811738848686218, -0.48246094584465027, -0.017844511196017265, -0.22170816361904144, 0.3713911473751068, -0.4266144633293152, -0.3640807569026947, 0.30000001192092896, 0.29899999499320984, 0.29899999499320984, 0.19900000095367432, 1.0, 0.0, 0.8980000019073486, 0.8989999890327454, 0.8999999761581421, 0.8999999761581421, 0.8009999990463257, 0.0]","[0.22712865471839905, 0.3096412420272827, -0.12945690751075745, -0.07134399563074112, -1.145487666130066, -0.22965501248836517, 0.2026354819536209, 0.16178064048290253, -0.5117043852806091, -0.01730935648083687, -0.23237048089504242, 0.33225610852241516, -0.5185578465461731, -0.40739864110946655, 0.30000001192092896, 0.30000001192092896, 0.30000001192092896, 0.20000000298023224, 0.10000000149011612, 0.0, 0.8999999761581421, 0.8999999761581421, 0.8999999761581421, 0.8999999761581421, 0.800000011920929, 0.0]"
95,95,95,0.010582257000351092,0.10081498500039743,True,"[0.1711467206478119, 0.19269435107707977, -0.07391870021820068, 1.0042181015014648, -0.776757538318634, 0.0902891531586647, 0.08261924982070923, 0.21685455739498138, -0.13398364186286926, 0.02846253477036953, 1.0194381475448608, 0.11418569833040237, 0.04235225170850754, -0.0797070786356926]","[336.0, 2.0, 1.0, 5.0, 10.0, 935.0]","[2.0, 1.0, 0.0, 8.0, 0.0, 503.0]","[-0.17381326854228973, 0.24358892440795898, -0.07629287242889404, 0.5965494513511658, -1.0792115926742554, -0.1831134855747223, 0.02927890419960022, -0.3616277575492859, -0.430840402841568, 0.0014128386974334717, 0.2425449937582016, 0.7034657001495361, -0.15651197731494904, -0.5341161489486694, 0.3000001907348633, 0.3000003695487976, 0.299999862909317, 0.19999974966049194, 0.10000067204236984, 0.0, 0.8678390979766846, 0.8667289614677429, 0.8667093515396118, 0.8613264560699463, 0.7610687017440796, 0.0]","[0.16114671528339386, 0.2026943564414978, -0.07629287242889404, 0.994218111038208, -0.7867575287818909, 0.08028915524482727, 0.0726192519068718, 0.20685455203056335, -0.1439836472272873, 0.018462534993886948, 1.009438157081604, 0.12418569624423981, 0.032352253794670105, -0.08970707654953003]","[286.0, 0.3000004291534424, 0.29999983310699463, 0.19999980926513672, 0.10000038146972656, 885.0]","[0.8678390979766846, 0.8667289614677429, 0.8667093515396118, 0.8613262176513672, 0.7610687017440796, 453.0]","[0.380607008934021, 0.2169264554977417, -0.18695391714572906, 0.13870541751384735, -1.1845927238464355, -0.054731957614421844, 0.29062944650650024, 0.27848944067955017, -0.4824729263782501, -0.013913685455918312, -0.217274010181427, 0.3714990019798279, -0.426482617855072, -0.3679037392139435, 0.30000001192092896, 0.29899999499320984, 0.29899999499320984, 0.19900000095367432, 1.0, 0.0, 0.8980000019073486, 0.8989999890327454, 0.8999999761581421, 0.8999999761581421, 0.8009999990463257, 0.0]","[0.22378772497177124, 0.31016528606414795, -0.13108666241168976, -0.07115979492664337, -1.1462645530700684, -0.23145999014377594, 0.20338174700737, 0.1579413115978241, -0.5124329924583435, -0.015491953119635582, -0.23107488453388214, 0.33255451917648315, -0.5182595252990723, -0.4092552661895752, 0.30000001192092896, 0.30000001192092896, 0.30000001192092896, 0.20000000298023224, 0.10000000149011612, 0.0, 0.8999999761581421, 0.8999999761581421, 0.8999999761581421, 0.8999999761581421, 0.800000011920929, 0.0]"
96,96,96,0.011940018001041608,0.1405179949997546,True,"[0.17108680307865143, 0.19354523718357086, -0.07560847699642181, 1.0042181015014648, -0.7818388938903809, 0.0902651846408844, 0.08261924982070923, 0.21684257686138153, -0.1339716613292694, 0.02761165425181389, 1.0194021463394165, 0.11844009906053543, 0.042340267449617386, -0.0797070786356926]","[336.0, 2.0, 1.0, 5.0, 10.0, 935.0]","[2.0, 1.0, 0.0, 8.0, 0.0, 503.0]","[-0.18814846873283386, 0.24268361926078796, -0.08198007196187973, 0.6065388917922974, -1.0771613121032715, -0.18490931391716003, 0.02143111824989319, -0.38860729336738586, -0.4262961745262146, 0.012549161911010742, 0.27022629976272583, 0.6962746977806091, -0.1590198278427124, -0.5516998171806335, 0.3000001907348633, 0.3000003695487976, 0.299999862909317, 0.19999977946281433, 0.10000063478946686, 0.0, 0.8674708008766174, 0.8664114475250244, 0.8664036989212036, 0.8609611392021179, 0.76069176197052, 0.0]","[0.1610867977142334, 0.2035452425479889, -0.08198007196187973, 0.994218111038208, -0.7918388843536377, 0.08026518672704697, 0.0726192519068718, 0.2068425714969635, -0.14397166669368744, 0.017611654475331306, 1.0094021558761597, 0.12844009697437286, 0.032340265810489655, -0.08970707654953003]","[286.0, 0.3000004291534424, 0.29999983310699463, 0.19999980926513672, 0.10000038146972656, 885.0]","[0.8674707412719727, 0.8664114475250244, 0.8664036989212036, 0.8609609603881836, 0.76069176197052, 453.0]","[0.37255361676216125, 0.216902494430542, -0.19032147526741028, 0.13872939348220825, -1.1846287250518799, -0.05728459730744362, 0.29062944650650024, 0.2778303027153015, -0.48276054859161377, -0.009958891198039055, -0.2094123512506485, 0.3715469241142273, -0.4263388216495514, -0.3744830787181854, 0.30000001192092896, 0.29899999499320984, 0.29899999499320984, 0.19900000095367432, 1.0, 0.0, 0.8980000019073486, 0.8989999890327454, 0.8999999761581421, 0.8999999761581421, 0.8009999990463257, 0.0]","[0.21301324665546417, 0.3104414641857147, -0.1370854675769806, -0.06971423327922821, -1.1474133729934692, -0.23742486536502838, 0.20536410808563232, 0.14584635198116302, -0.5130082964897156, -0.008051130920648575, -0.2246418297290802, 0.33658289909362793, -0.517978847026825, -0.40990322828292847, 0.30000001192092896, 0.30000001192092896, 0.30000001192092896, 0.20000000298023224, 0.10000000149011612, 0.0, 0.8999999761581421, 0.8999999761581421, 0.8999999761581421, 0.8999999761581421, 0.800000011920929, 0.0]"
97,97,97,0.01083502999972552,0.12118723999992653,True,"[0.17112275958061218, 0.19458787143230438, -0.07798135280609131, 1.0042301416397095, -0.7861292362213135, 0.0902651846408844, 0.08263123035430908, 0.21685455739498138, -0.1339716613292694, 0.02702442742884159, 1.0193902254104614, 0.12277838587760925, 0.04235225170850754, -0.07979097217321396]","[336.0, 2.0, 1.0, 5.0, 10.0, 935.0]","[2.0, 1.0, 0.0, 8.0, 0.0, 503.0]","[-0.1896674633026123, 0.236280620098114, -0.08196708559989929, 0.6120587587356567, -1.0839515924453735, -0.18779414892196655, 0.02769601345062256, -0.3881787657737732, -0.4255768358707428, 0.010859549045562744, 0.2699398100376129, 0.68962562084198, -0.1596035361289978, -0.5460569262504578, 0.3000001907348633, 0.3000003695487976, 0.299999862909317, 0.19999974966049194, 0.10000064224004745, 0.0, 0.8670910596847534, 0.8660444021224976, 0.8660300374031067, 0.8605201244354248, 0.7602709531784058, 0.0]","[0.16112275421619415, 0.2045878767967224, -0.08196708559989929, 0.9942301511764526, -0.7961292266845703, 0.08026518672704697, 0.07263123244047165, 0.20685455203056335, -0.14397166669368744, 0.01702442765235901, 1.0093902349472046, 0.13277839124202728, 0.032352253794670105, -0.08979097008705139]","[286.0, 0.3000004291534424, 0.29999983310699463, 0.19999980926513672, 0.10000038146972656, 885.0]","[0.8670910596847534, 0.8660444021224976, 0.8660300374031067, 0.8605203628540039, 0.7602709531784058, 453.0]","[0.35655465722084045, 0.21689051389694214, -0.1962776482105255, 0.13905297219753265, -1.1848443746566772, -0.06334861367940903, 0.29095301032066345, 0.2722935676574707, -0.48316800594329834, -0.004458131734281778, -0.19471968710422516, 0.37303298711776733, -0.4261949956417084, -0.38508909940719604, 0.30000001192092896, 0.29899999499320984, 0.29899999499320984, 0.19900000095367432, 1.0, 0.0, 0.8980000019073486, 0.8989999890327454, 0.8999999761581421, 0.8999999761581421, 0.8009999990463257, 0.0]","[0.18737109005451202, 0.3095041811466217, -0.151245579123497, -0.06613925099372864, -1.1496658325195312, -0.25520098209381104, 0.20645061135292053, 0.11273107677698135, -0.5136516094207764, 0.010545535013079643, -0.20230332016944885, 0.3459014594554901, -0.5269168019294739, -0.4114682972431183, 0.30000001192092896, 0.30000001192092896, 0.30000001192092896, 0.20000000298023224, 0.10000000149011612, 0.0, 0.8999999761581421, 0.8999999761581421, 0.8999999761581421, 0.8999999761581421, 0.800000011920929, 0.0]"
98,98,98,0.014596320999771706,0.11007835300006263,True,"[0.17112275958061218, 0.1949833482503891, -0.07829294353723526, 1.0042301416397095, -0.7877111434936523, 0.0902651846408844, 0.08263123035430908, 0.21686653792858124, -0.13398364186286926, 0.026796728372573853, 1.0194021463394165, 0.12494753301143646, 0.04235225170850754, -0.07979097217321396]","[336.0, 2.0, 1.0, 5.0, 10.0, 935.0]","[2.0, 1.0, 0.0, 8.0, 0.0, 503.0]","[-0.1817229837179184, 0.23977026343345642, -0.0833342969417572, 0.6070420742034912, -1.0734137296676636, -0.1884002685546875, 0.02103102207183838, -0.3951529860496521, -0.435393363237381, 0.00955289602279663, 0.2509775161743164, 0.6892092227935791, -0.15666455030441284, -0.5533334016799927, 0.3000001907348633, 0.30000030994415283, 0.299999862909317, 0.1999998390674591, 0.10000058263540268, 0.0, 0.8646069765090942, 0.8636851906776428, 0.8636943697929382, 0.8577781319618225, 0.7575231790542603, 0.0]","[0.16112275421619415, 0.20498335361480713, -0.0833342969417572, 0.9942301511764526, -0.7977111339569092, 0.08026518672704697, 0.07263123244047165, 0.2068665325641632, -0.1439836472272873, 0.01679672859609127, 1.0094021558761597, 0.1349475383758545, 0.032352253794670105, -0.08979097008705139]","[286.0, 0.30000030994415283, 0.29999983310699463, 0.19999980926513672, 0.10000038146972656, 885.0]","[0.8646069765090942, 0.8636851906776428, 0.8636943697929382, 0.8577780723571777, 0.7575231790542603, 453.0]","[0.35198867321014404, 0.2169264554977417, -0.1988542526960373, 0.13910090923309326, -1.1853597164154053, -0.06846588104963303, 0.2909889817237854, 0.2646716237068176, -0.483683317899704, 0.001306280493736267, -0.1875411421060562, 0.37375202775001526, -0.4262189567089081, -0.39013445377349854, 0.30000001192092896, 0.29899999499320984, 0.29899999499320984, 0.19900000095367432, 1.0, 0.0, 0.8980000019073486, 0.8989999890327454, 0.8999999761581421, 0.8999999761581421, 0.8009999990463257, 0.0]","[0.18514864146709442, 0.3094117045402527, -0.15180820226669312, -0.06613615900278091, -1.149754285812378, -0.25610822439193726, 0.2068508416414261, 0.10974191129207611, -0.5135461688041687, 0.011837968602776527, -0.20026138424873352, 0.3453100025653839, -0.5284138917922974, -0.4115990698337555, 0.30000001192092896, 0.30000001192092896, 0.30000001192092896, 0.20000000298023224, 0.10000000149011612, 0.0, 0.8999999761581421, 0.8999999761581421, 0.8999999761581421, 0.8999999761581421, 0.800000011920929, 0.0]"
99,99,99,0.010812239001097623,0.12004261799847882,True,"[0.17111076414585114, 0.1952110379934311, -0.07897604256868362, 1.0042181015014648, -0.7886818647384644, 0.09027716517448425, 0.08263123035430908, 0.21686653792858124, -0.13398364186286926, 0.02672482281923294, 1.0193781852722168, 0.12639762461185455, 0.04235225170850754, -0.07979097217321396]","[336.0, 2.0, 1.0, 5.0, 10.0, 935.0]","[2.0, 1.0, 0.0, 8.0, 0.0, 503.0]","[-0.1772390753030777, 0.2436186820268631, -0.08251826465129852, 0.5866993069648743, -1.0754441022872925, -0.17714481055736542, 0.01642802357673645, -0.3711400330066681, -0.4281724691390991, 0.004264235496520996, 0.24503841996192932, 0.7009056210517883, -0.15223681926727295, -0.5548800826072693, 0.30000022053718567, 0.3000003397464752, 0.299999862909317, 0.1999998241662979, 0.10000063478946686, 0.0, 0.8711643815040588, 0.8701258301734924, 0.8701165914535522, 0.8652942776679993, 0.7650264501571655, 0.0]","[0.1611107587814331, 0.20521104335784912, -0.08251826465129852, 0.994218111038208, -0.7986818552017212, 0.08027716726064682, 0.07263123244047165, 0.2068665325641632, -0.1439836472272873, 0.01672482304275036, 1.00937819480896, 0.13639762997627258, 0.032352253794670105, -0.08979097008705139]","[286.0, 0.30000030994415283, 0.29999983310699463, 0.19999980926513672, 0.10000038146972656, 885.0]","[0.8711643218994141, 0.8701258301734924, 0.8701165914535522, 0.8652944564819336, 0.7650264501571655, 453.0]","[0.3386502265930176, 0.21713019907474518, -0.20546954870224, 0.13907693326473236, -1.1858031749725342, -0.07854460924863815, 0.2909889817237854, 0.24030768871307373, -0.48496565222740173, 0.014848454855382442, -0.1649269014596939, 0.3738838732242584, -0.4261949956417084, -0.3967497646808624, 0.30000001192092896, 0.29899999499320984, 0.29899999499320984, 0.19900000095367432, 1.0, 0.0, 0.8980000019073486, 0.8989999890327454, 0.8999999761581421, 0.8999999761581421, 0.8009999990463257, 0.0]","[0.1739622950553894, 0.3092566728591919, -0.16001084446907043, -0.06750715523958206, -1.1512235403060913, -0.26524996757507324, 0.21074867248535156, 0.09373585134744644, -0.5118273496627808, 0.022159205749630928, -0.19236809015274048, 0.3434571325778961, -0.5315588712692261, -0.4119322597980499, 0.30000001192092896, 0.30000001192092896, 0.30000001192092896, 0.20000000298023224, 0.10000000149011612, 0.0, 0.8999999761581421, 0.8999999761581421, 0.8999999761581421, 0.8999999761581421, 0.800000011920929, 0.0]"
100,100,100,1.6782201670012,1.843324957000732,True,"[0.17111076414585114, 0.19545072317123413, -0.07951533794403076, 1.004242181777954, -0.7899042367935181, 0.0902651846408844, 0.08263123035430908, 0.21685455739498138, -0.13395966589450836, 0.02653307467699051, 1.0193902254104614, 0.12799152731895447, 0.04235225170850754, -0.07979097217321396]","[336.0, 2.0, 1.0, 5.0, 10.0, 935.0]","[2.0, 1.0, 0.0, 8.0, 0.0, 503.0]","[0.001931663602590561, 0.16394111514091492, 0.06895467638969421, 0.9975225925445557, -1.132097601890564, -0.31061846017837524, 0.05331602692604065, -0.011772125959396362, -0.4755346179008484, 0.022180169820785522, 0.12469413876533508, 0.3751533031463623, -0.32317915558815, -0.34468182921409607, 0.30000025033950806, 0.30000030994415283, 0.2999999225139618, 0.19999979436397552, 0.10000033676624298, 0.0, 0.9012502431869507, 0.9008600115776062, 0.9008377194404602, 0.901064395904541, 0.800902783870697, 0.0]","[0.1611107587814331, 0.1854507178068161, -0.06951534003019333, 0.9975225925445557, -0.7999042272567749, 0.08026518672704697, 0.07263123244047165, 0.20685455203056335, -0.1439596712589264, 0.022180169820785522, 1.0093902349472046, 0.1379915326833725, 0.032352253794670105, -0.08979097008705139]","[286.0, 0.30000030994415283, 0.2999999523162842, 0.19999980926513672, 0.10000038146972656, 885.0]","[0.9012502431869507, 0.9008600115776062, 0.9008377194404602, 0.901064395904541, 0.800902783870697, 453.0]","[0.3158082962036133, 0.21753765642642975, -0.21873608231544495, 0.14025138318538666, -1.1873011589050293, -0.08567522466182709, 0.29173198342323303, 0.22405707836151123, -0.4853491485118866, 0.020085562020540237, -0.14731009304523468, 0.3739677369594574, -0.42614707350730896, -0.39804404973983765, 0.30000001192092896, 0.29899999499320984, 0.29899999499320984, 0.19900000095367432, 1.0, 0.0, 0.8980000019073486, 0.8989999890327454, 0.8999999761581421, 0.8999999761581421, 0.8009999990463257, 0.0]","[0.16621094942092896, 0.30974987149238586, -0.16640804708003998, -0.06802209466695786, -1.151157259941101, -0.27131617069244385, 0.21368113160133362, 0.08173199743032455, -0.512064516544342, 0.031536657363176346, -0.18793942034244537, 0.3391687273979187, -0.5331586599349976, -0.4160104990005493, 0.30000001192092896, 0.30000001192092896, 0.30000001192092896, 0.20000000298023224, 0.10000000149011612, 0.0, 0.8999999761581421, 0.8999999761581421, 0.8999999761581421, 0.8999999761581421, 0.800000011920929, 0.0]"
101,101,101,0.021212355999523425,0.1507226339999761,True,"[0.17115870118141174, 0.19054917991161346, -0.07123423367738724, 1.0042780637741089, -0.7909708619117737, 0.09016931056976318, 0.08282297849655151, 0.21683058142662048, -0.1338997483253479, 0.027635622769594193, 1.0193781852722168, 0.12922589480876923, 0.04235225170850754, -0.07982692122459412]","[336.0, 2.0, 1.0, 4.0, 10.0, 935.0]","[2.0, 1.0, 0.0, 8.0, 0.0, 503.0]","[0.004669550806283951, 0.1575840711593628, 0.07775789499282837, 1.0035239458084106, -1.1423395872116089, -0.3153865337371826, 0.05716481804847717, 0.0001118779182434082, -0.472789466381073, 0.006776601076126099, 0.11958107352256775, 0.37245458364486694, -0.32965338230133057, -0.3691856861114502, 0.30000025033950806, 0.30000030994415283, 0.2999999225139618, 0.1999998390674591, 0.10000029951334, 0.0, 0.901578962802887, 0.9013078212738037, 0.9013077020645142, 0.901563823223114, 0.8014332056045532, 0.0]","[0.1611586958169937, 0.18054917454719543, -0.061234235763549805, 1.0035239458084106, -0.8009708523750305, 0.08016931265592575, 0.07282298058271408, 0.20683057606220245, -0.14389975368976593, 0.01763562299311161, 1.00937819480896, 0.13922590017318726, 0.032352253794670105, -0.08982691913843155]","[286.0, 0.30000030994415283, 0.2999999523162842, 0.19999980926513672, 0.10000038146972656, 885.0]","[0.9015789031982422, 0.9013078212738037, 0.9013077020645142, 0.9015636444091797, 0.8014332056045532, 453.0]","[0.3019784986972809, 0.21576398611068726, -0.22777219116687775, 0.14015550911426544, -1.1874449253082275, -0.09490308165550232, 0.29167208075523376, 0.2070154994726181, -0.4854809641838074, 0.02955309860408306, -0.1300048828125, 0.37400370836257935, -0.42584747076034546, -0.39861929416656494, 0.30000001192092896, 0.29899999499320984, 0.29899999499320984, 0.19900000095367432, 1.0, 0.0, 0.8980000019073486, 0.8989999890327454, 0.8999999761581421, 0.8999999761581421, 0.8009999990463257, 0.0]","[0.15893618762493134, 0.31086474657058716, -0.17166289687156677, -0.0688209980726242, -1.1506093740463257, -0.275981068611145, 0.2157806158065796, 0.07039611786603928, -0.5131433010101318, 0.04031729698181152, -0.18339766561985016, 0.33595791459083557, -0.5349553227424622, -0.42194151878356934, 0.30000001192092896, 0.30000001192092896, 0.30000001192092896, 0.20000000298023224, 0.10000000149011612, 0.0, 0.8999999761581421, 0.8999999761581421, 0.8999999761581421, 0.8999999761581421, 0.800000011920929, 0.0]"
102,102,102,0.01654631400015205,0.14176812799996696,True,"[0.1711946576833725, 0.18882344663143158, -0.0656256154179573, 1.00532066822052, -0.7911506295204163, 0.09016931056976318, 0.08283496648073196, 0.21684257686138153, -0.1339476853609085, 0.02684466540813446, 1.0193781852722168, 0.13049623370170593, 0.04235225170850754, -0.07988684624433517]","[336.0, 2.0, 1.0, 4.0, 10.0, 935.0]","[2.0, 1.0, 0.0, 8.0, 0.0, 503.0]","[0.017308909446001053, 0.1602303683757782, 0.07688555121421814, 0.969986081123352, -1.135814905166626, -0.3178494870662689, 0.05470702052116394, 0.005491465330123901, -0.48281025886535645, 0.0015299320220947266, 0.05282217264175415, 0.3673812448978424, -0.34625935554504395, -0.3793671727180481, 0.30000025033950806, 0.30000028014183044, 0.2999999523162842, 0.1999998539686203, 0.1000002920627594, 0.0, 0.9005229473114014, 0.9002761840820312, 0.9002770185470581, 0.9003650546073914, 0.8002305030822754, 0.0]","[0.16119465231895447, 0.17882344126701355, -0.05562561750411987, 0.9953206777572632, -0.8011506199836731, 0.08016931265592575, 0.07283496856689453, 0.2068425714969635, -0.14394769072532654, 0.01684466563165188, 1.00937819480896, 0.14049623906612396, 0.032352253794670105, -0.08988684415817261]","[286.0, 0.30000030994415283, 0.2999999523162842, 0.19999980926513672, 0.10000038146972656, 885.0]","[0.9005229473114014, 0.9002761840820312, 0.9002770185470581, 0.900364875793457, 0.8002305030822754, 453.0]","[0.29120469093322754, 0.21442176401615143, -0.23279356956481934, 0.1402154415845871, -1.1874090433120728, -0.09702428430318832, 0.2917200028896332, 0.197907492518425, -0.48556485772132874, 0.039739690721035004, -0.12104067206382751, 0.3740396499633789, -0.4251164197921753, -0.39993757009506226, 0.30000001192092896, 0.29899999499320984, 0.29899999499320984, 0.19900000095367432, 1.0, 0.0, 0.8980000019073486, 0.8989999890327454, 0.8999999761581421, 0.8999999761581421, 0.8009999990463257, 0.0]","[0.14829105138778687, 0.31184980273246765, -0.1800033301115036, -0.07078654319047928, -1.1491280794143677, -0.2820552587509155, 0.22133414447307587, 0.055300839245319366, -0.5130822062492371, 0.05139670893549919, -0.17606090009212494, 0.32999593019485474, -0.5391774773597717, -0.4320151209831238, 0.30000001192092896, 0.30000001192092896, 0.30000001192092896, 0.20000000298023224, 0.10000000149011612, 0.0, 0.8999999761581421, 0.8999999761581421, 0.8999999761581421, 0.8999999761581421, 0.800000011920929, 0.0]"
103,103,103,0.01104993799890508,0.11994154999956663,True,"[0.17125457525253296, 0.18713366985321045, -0.05957358330488205, 1.0047454833984375, -0.7912225127220154, 0.09016931056976318, 0.08279900997877121, 0.21683058142662048, -0.1339237242937088, 0.02665291726589203, 1.0193781852722168, 0.13164670765399933, 0.04235225170850754, -0.07988684624433517]","[336.0, 2.0, 1.0, 4.0, 10.0, 935.0]","[2.0, 1.0, 0.0, 8.0, 0.0, 503.0]","[0.01052413135766983, 0.15442641079425812, 0.07620105147361755, 0.9843337535858154, -1.1483219861984253, -0.321085125207901, 0.057005077600479126, -0.004963219165802002, -0.4772748649120331, -0.0011044442653656006, 0.0804656445980072, 0.3583892285823822, -0.34739434719085693, -0.4028146266937256, 0.30000028014183044, 0.30000025033950806, 0.29999998211860657, 0.1999998837709427, 0.10000026226043701, 0.0, 0.9008851051330566, 0.9007275104522705, 0.9007427096366882, 0.900873601436615, 0.8007671236991882, 0.0]","[0.16125456988811493, 0.17713366448879242, -0.04957358539104462, 0.9947454929351807, -0.8012225031852722, 0.08016931265592575, 0.07279901206493378, 0.20683057606220245, -0.14392372965812683, 0.016652917489409447, 1.00937819480896, 0.14164671301841736, 0.032352253794670105, -0.08988684415817261]","[286.0, 0.3000001907348633, 0.2999999523162842, 0.19999980926513672, 0.10000038146972656, 885.0]","[0.9008851051330566, 0.9007275104522705, 0.9007427096366882, 0.9008736610412598, 0.8007671236991882, 453.0]","[0.2788130044937134, 0.21533255279064178, -0.23703598976135254, 0.14010757207870483, -1.1873970031738281, -0.10256099700927734, 0.29189977049827576, 0.18667827546596527, -0.48596033453941345, 0.05300622805953026, -0.11999804526567459, 0.37368011474609375, -0.42540404200553894, -0.4036886394023895, 0.30000001192092896, 0.29899999499320984, 0.29899999499320984, 0.19900000095367432, 1.0, 0.0, 0.8980000019073486, 0.8989999890327454, 0.8999999761581421, 0.8999999761581421, 0.8009999990463257, 0.0]","[0.14356236159801483, 0.31139618158340454, -0.18452738225460052, -0.07158052921295166, -1.1477397680282593, -0.2853280305862427, 0.22358757257461548, 0.04824380204081535, -0.5110864043235779, 0.058328527957201004, -0.1714445799589157, 0.3235427439212799, -0.5421048998832703, -0.44066300988197327, 0.30000001192092896, 0.30000001192092896, 0.30000001192092896, 0.20000000298023224, 0.10000000149011612, 0.0, 0.8999999761581421, 0.8999999761581421, 0.8999999761581421, 0.8999999761581421, 0.800000011920929, 0.0]"
104,104,104,0.01781807900079002,0.13821962099973462,True,"[0.17107482254505157, 0.18496453762054443, -0.052203286439180374, 1.0044218301773071, -0.7918097376823425, 0.09016931056976318, 0.08271512389183044, 0.21681860089302063, -0.13393570482730865, 0.026521090418100357, 1.0193781852722168, 0.13310879468917847, 0.04235225170850754, -0.07988684624433517]","[336.0, 2.0, 1.0, 4.0, 10.0, 935.0]","[2.0, 1.0, 0.0, 8.0, 0.0, 503.0]","[0.020342249423265457, 0.15560242533683777, 0.0786999762058258, 0.961045503616333, -1.1466059684753418, -0.3245258629322052, 0.05492103099822998, 0.009887248277664185, -0.48058801889419556, -0.00673145055770874, 0.03695029020309448, 0.3574844300746918, -0.3555859625339508, -0.40634819865226746, 0.30000028014183044, 0.30000022053718567, 0.29999998211860657, 0.19999991357326508, 0.10000024735927582, 0.0, 0.9001655578613281, 0.9000532627105713, 0.9000737071037292, 0.9000895023345947, 0.7999826073646545, 0.0]","[0.16107481718063354, 0.1749645322561264, -0.04220328480005264, 0.9944218397140503, -0.8018097281455994, 0.08016931265592575, 0.07271512597799301, 0.2068185955286026, -0.14393571019172668, 0.016521090641617775, 1.00937819480896, 0.1431088000535965, 0.032352253794670105, -0.08988684415817261]","[286.0, 0.3000001907348633, 0.2999999523162842, 0.19999980926513672, 0.10000038146972656, 885.0]","[0.9001655578613281, 0.9000532627105713, 0.9000737071037292, 0.9000892639160156, 0.7999826073646545, 453.0]","[0.26271817088127136, 0.21576398611068726, -0.24300412833690643, 0.14013154804706573, -1.1876007318496704, -0.11243600398302078, 0.29240310192108154, 0.1687738448381424, -0.48588842153549194, 0.06753110885620117, -0.11516840755939484, 0.37330862879753113, -0.4254879355430603, -0.41159820556640625, 0.30000001192092896, 0.29899999499320984, 0.29899999499320984, 0.19900000095367432, 1.0, 0.0, 0.8980000019073486, 0.8989999890327454, 0.8999999761581421, 0.8999999761581421, 0.8009999990463257, 0.0]","[0.14114098250865936, 0.3107145130634308, -0.18798255920410156, -0.07228878140449524, -1.1457479000091553, -0.2872845232486725, 0.22498589754104614, 0.043701425194740295, -0.5085790753364563, 0.06399867683649063, -0.16729407012462616, 0.3158215880393982, -0.5450864434242249, -0.4501461386680603, 0.30000001192092896, 0.30000001192092896, 0.30000001192092896, 0.20000000298023224, 0.10000000149011612, 0.0, 0.8999999761581421, 0.8999999761581421, 0.8999999761581421, 0.8999999761581421, 0.800000011920929, 0.0]"
105,105,105,0.01027422100014519,0.11687970399907499,True,"[0.1709669530391693, 0.1830230951309204, -0.047445546835660934, 1.0042541027069092, -0.7929841876029968, 0.09015733003616333, 0.08261924982070923, 0.21679463982582092, -0.1339237242937088, 0.02641323208808899, 1.0193781852722168, 0.13451094925403595, 0.04235225170850754, -0.07988684624433517]","[336.0, 2.0, 1.0, 4.0, 10.0, 935.0]","[3.0, 1.0, 0.0, 8.0, 0.0, 503.0]","[0.015703897923231125, 0.15228170156478882, 0.08270372450351715, 0.9721856117248535, -1.149472713470459, -0.3269449472427368, 0.056231677532196045, 0.009373784065246582, -0.4778934717178345, -0.013812750577926636, 0.049570441246032715, 0.3502224385738373, -0.3581264019012451, -0.41618072986602783, 0.30000028014183044, 0.30000022053718567, 0.29999998211860657, 0.19999992847442627, 0.10000021755695343, 0.0, 0.9007183313369751, 0.9006970524787903, 0.9007343053817749, 0.9008207321166992, 0.8007382154464722, 0.0]","[0.16096694767475128, 0.17302308976650238, -0.0374455451965332, 0.9942541122436523, -0.8029841780662537, 0.0801573321223259, 0.0726192519068718, 0.2067946344614029, -0.14392372965812683, 0.016413232311606407, 1.00937819480896, 0.14451095461845398, 0.032352253794670105, -0.08988684415817261]","[286.0, 0.3000001907348633, 0.2999999523162842, 0.19999980926513672, 0.10000038146972656, 885.0]","[0.9007182121276855, 0.9006970524787903, 0.9007343053817749, 0.9008207321166992, 0.8007382154464722, 453.0]","[0.24786972999572754, 0.2157520055770874, -0.24923592805862427, 0.14038321375846863, -1.1875169277191162, -0.11616309732198715, 0.2929064631462097, 0.15859924256801605, -0.4858285188674927, 0.07504522055387497, -0.10914033651351929, 0.37294909358024597, -0.4254879355430603, -0.41920819878578186, 0.30000001192092896, 0.29899999499320984, 0.29899999499320984, 0.19900000095367432, 1.0, 0.0, 0.8980000019073486, 0.8989999890327454, 0.8999999761581421, 0.8999999761581421, 0.8009999990463257, 0.0]","[0.1378956437110901, 0.31061258912086487, -0.19343028962612152, -0.07151559740304947, -1.1440778970718384, -0.29247432947158813, 0.22350184619426727, 0.03720898553729057, -0.5077213644981384, 0.06967908889055252, -0.15863487124443054, 0.3033347427845001, -0.5529866218566895, -0.47168731689453125, 0.30000001192092896, 0.30000001192092896, 0.30000001192092896, 0.20000000298023224, 0.10000000149011612, 0.0, 0.8999999761581421, 0.8999999761581421, 0.8999999761581421, 0.8999999761581421, 0.800000011920929, 0.0]"
106,106,106,0.02009951600120985,0.14051239599939436,True,"[0.1709909290075302, 0.1812014877796173, -0.042939480394124985, 1.0042661428451538, -0.7938710451126099, 0.09016931056976318, 0.08263123035430908, 0.21678264439105988, -0.1339237242937088, 0.026329342275857925, 1.019354224205017, 0.13523000478744507, 0.04235225170850754, -0.07988684624433517]","[336.0, 2.0, 1.0, 4.0, 10.0, 935.0]","[2.0, 1.0, 0.0, 8.0, 0.0, 503.0]","[0.022291358560323715, 0.15409991145133972, 0.07762213051319122, 0.9495701789855957, -1.1477590799331665, -0.32609668374061584, 0.05762434005737305, 0.0164964497089386, -0.4815211892127991, -0.00878143310546875, 0.030935168266296387, 0.3511119782924652, -0.35731345415115356, -0.4140399992465973, 0.30000028014183044, 0.30000022053718567, 0.29999998211860657, 0.19999991357326508, 0.10000023990869522, 0.0, 0.899664580821991, 0.8995897769927979, 0.8996173739433289, 0.8995406627655029, 0.7994450926780701, 0.0]","[0.16099092364311218, 0.17120148241519928, -0.03293947875499725, 0.994266152381897, -0.8038710355758667, 0.08016931265592575, 0.07263123244047165, 0.20678263902664185, -0.14392372965812683, 0.016329342499375343, 1.0093542337417603, 0.1452300101518631, 0.032352253794670105, -0.08988684415817261]","[286.0, 0.3000001907348633, 0.2999999523162842, 0.19999980926513672, 0.10000038146972656, 885.0]","[0.8996646404266357, 0.8995897769927979, 0.8996173739433289, 0.899540901184082, 0.7994450926780701, 453.0]","[0.2400440275669098, 0.21619541943073273, -0.2536221444606781, 0.14046710729599, -1.1864622831344604, -0.11845207959413528, 0.2932899296283722, 0.15481221675872803, -0.48584049940109253, 0.07983890920877457, -0.10241718590259552, 0.37158289551734924, -0.4255838096141815, -0.42552387714385986, 0.30000001192092896, 0.29899999499320984, 0.29899999499320984, 0.19900000095367432, 1.0, 0.0, 0.8980000019073486, 0.8989999890327454, 0.8999999761581421, 0.8999999761581421, 0.8009999990463257, 0.0]","[0.1355372667312622, 0.3104424476623535, -0.19675469398498535, -0.07027573138475418, -1.1429096460342407, -0.2951299846172333, 0.22237639129161835, 0.032926034182310104, -0.5069348216056824, 0.07198705524206161, -0.15377983450889587, 0.29541388154029846, -0.5542122721672058, -0.48600468039512634, 0.30000001192092896, 0.30000001192092896, 0.30000001192092896, 0.20000000298023224, 0.10000000149011612, 0.0, 0.8999999761581421, 0.8999999761581421, 0.8999999761581421, 0.8999999761581421, 0.800000011920929, 0.0]"
107,107,107,0.016244330001427443,0.10356217700064008,True,"[0.17100290954113007, 0.1787566989660263, -0.036911413073539734, 1.004242181777954, -0.7953091263771057, 0.09016931056976318, 0.08261924982070923, 0.21678264439105988, -0.13393570482730865, 0.026317358016967773, 1.0193662643432617, 0.1354217380285263, 0.042340267449617386, -0.07989882677793503]","[336.0, 2.0, 1.0, 4.0, 10.0, 935.0]","[2.0, 1.0, 0.0, 8.0, 0.0, 503.0]","[0.019082408398389816, 0.15283507108688354, 0.08184593915939331, 0.9659136533737183, -1.145645260810852, -0.32498037815093994, 0.059202998876571655, 0.021019935607910156, -0.47427430748939514, -0.012674123048782349, 0.05500510334968567, 0.35732460021972656, -0.34940096735954285, -0.4036687910556793, 0.30000028014183044, 0.30000022053718567, 0.29999998211860657, 0.19999991357326508, 0.10000024735927582, 0.0, 0.9001256227493286, 0.9000176787376404, 0.9000458121299744, 0.9000409245491028, 0.799939751625061, 0.0]","[0.16100290417671204, 0.16875669360160828, -0.026911413297057152, 0.9942421913146973, -0.8053091168403625, 0.08016931265592575, 0.0726192519068718, 0.20678263902664185, -0.14393571019172668, 0.01631735824048519, 1.0093662738800049, 0.14542174339294434, 0.032340265810489655, -0.08989882469177246]","[286.0, 0.3000001907348633, 0.2999999523162842, 0.19999980926513672, 0.10000038146972656, 885.0]","[0.9001256227493286, 0.9000176787376404, 0.9000458121299744, 0.9000411033630371, 0.799939751625061, 453.0]","[0.2344713658094406, 0.21675868332386017, -0.25675004720687866, 0.14047908782958984, -1.1854196786880493, -0.12325775623321533, 0.2932659685611725, 0.14998257160186768, -0.485768586397171, 0.08496815711259842, -0.09492705017328262, 0.36833515763282776, -0.4256197512149811, -0.4379635155200958, 0.30000001192092896, 0.29899999499320984, 0.29899999499320984, 0.19900000095367432, 1.0, 0.0, 0.8980000019073486, 0.8989999890327454, 0.8999999761581421, 0.8999999761581421, 0.8009999990463257, 0.0]","[0.13180343806743622, 0.30950647592544556, -0.20140574872493744, -0.0673227459192276, -1.1420637369155884, -0.29956042766571045, 0.2186964601278305, 0.026547301560640335, -0.5049432516098022, 0.07313302904367447, -0.14562584459781647, 0.275992214679718, -0.5549799203872681, -0.5181392431259155, 0.30000001192092896, 0.30000001192092896, 0.30000001192092896, 0.20000000298023224, 0.10000000149011612, 0.0, 0.8999999761581421, 0.8999999761581421, 0.8999999761581421, 0.8999999761581421, 0.800000011920929, 0.0]"
108,108,108,0.01498248800089641,0.11055544200098666,True,"[0.17101489007472992, 0.17613215744495392, -0.03051183745265007, 1.0042541027069092, -0.7963277697563171, 0.09013336151838303, 0.08264321833848953, 0.21678264439105988, -0.13393570482730865, 0.02624545246362686, 1.0193662643432617, 0.13549365103244781, 0.04235225170850754, -0.07989882677793503]","[336.0, 2.0, 1.0, 4.0, 10.0, 935.0]","[2.0, 1.0, 0.0, 8.0, 0.0, 503.0]","[0.02259453758597374, 0.15201464295387268, 0.07638674974441528, 0.9486733675003052, -1.1479986906051636, -0.3271980583667755, 0.059140294790267944, 0.017655372619628906, -0.4805893898010254, -0.011832118034362793, 0.031711846590042114, 0.34794509410858154, -0.3574129343032837, -0.4203237295150757, 0.30000028014183044, 0.3000001907348633, 0.30000001192092896, 0.19999992847442627, 0.10000022500753403, 0.0, 0.899426281452179, 0.8993856310844421, 0.899419903755188, 0.8992961645126343, 0.7992099523544312, 0.0]","[0.1610148847103119, 0.1661321520805359, -0.020511837676167488, 0.9942541122436523, -0.806327760219574, 0.0801333636045456, 0.0726432204246521, 0.20678263902664185, -0.14393571019172668, 0.01624545268714428, 1.0093662738800049, 0.14549365639686584, 0.032352253794670105, -0.08989882469177246]","[286.0, 0.3000001907348633, 0.30000001192092896, 0.19999980926513672, 0.10000038146972656, 885.0]","[0.8994262218475342, 0.8993856310844421, 0.899419903755188, 0.8992962837219238, 0.7992099523544312, 453.0]","[0.22567494213581085, 0.2203179895877838, -0.26292192935943604, 0.1404431313276291, -1.18537175655365, -0.13425926864147186, 0.2930862009525299, 0.14480538666248322, -0.48561277985572815, 0.08835969120264053, -0.08791627734899521, 0.34876492619514465, -0.426111102104187, -0.4663781225681305, 0.30000001192092896, 0.29899999499320984, 0.29899999499320984, 0.19900000095367432, 1.0, 0.0, 0.8980000019073486, 0.8989999890327454, 0.8999999761581421, 0.8999999761581421, 0.8009999990463257, 0.0]","[0.1262551248073578, 0.30771738290786743, -0.20926807820796967, -0.06376584619283676, -1.1389092206954956, -0.3070096969604492, 0.21591369807720184, 0.019735338166356087, -0.5013535618782043, 0.0688207671046257, -0.12559103965759277, 0.2353714108467102, -0.5455710291862488, -0.5957212448120117, 0.30000001192092896, 0.30000001192092896, 0.30000001192092896, 0.20000000298023224, 0.10000000149011612, 0.0, 0.8999999761581421, 0.8999999761581421, 0.8999999761581421, 0.8999999761581421, 0.800000011920929, 0.0]"
109,109,109,0.004621635998773854,0.07894029799899727,True,"[0.17115870118141174, 0.172968327999115, -0.024699488654732704, 1.004242181777954, -0.7998871207237244, 0.09016931056976318, 0.08279900997877121, 0.21680662035942078, -0.13393570482730865, 0.02623346820473671, 1.019354224205017, 0.13557754456996918, 0.04235225170850754, -0.07991081476211548]","[336.0, 2.0, 1.0, 5.0, 10.0, 935.0]","[2.0, 1.0, 0.0, 8.0, 0.0, 503.0]","[0.0203760527074337, 0.15123173594474792, 0.07504153251647949, 0.9341260194778442, -1.1577805280685425, -0.3329589366912842, 0.06262949109077454, 0.019029200077056885, -0.47622060775756836, -0.005189687013626099, 0.04637420177459717, 0.3294711410999298, -0.3610941171646118, -0.43389207124710083, 0.30000028014183044, 0.3000001907348633, 0.30000001192092896, 0.19999994337558746, 0.10000019520521164, 0.0, 0.8995987772941589, 0.8996151685714722, 0.8996551036834717, 0.8995541334152222, 0.7994842529296875, 0.0]","[0.1611586958169937, 0.16296832263469696, -0.014699488878250122, 0.9942421913146973, -0.8098871111869812, 0.08016931265592575, 0.07279901206493378, 0.20680661499500275, -0.14393571019172668, 0.016233468428254128, 1.0093542337417603, 0.1455775499343872, 0.032352253794670105, -0.08991081267595291]","[286.0, 0.3000001907348633, 0.30000001192092896, 0.19999980926513672, 0.10000038146972656, 885.0]","[0.8995988368988037, 0.8996151685714722, 0.8996551036834717, 0.8995542526245117, 0.7994842529296875, 453.0]","[0.22267888486385345, 0.22035394608974457, -0.2629339098930359, 0.1404910683631897, -1.185443639755249, -0.13750700652599335, 0.29307422041893005, 0.14322347939014435, -0.48566073179244995, 0.08887501806020737, -0.08742492645978928, 0.34018421173095703, -0.4260871410369873, -0.48067528009414673, 0.30000001192092896, 0.29899999499320984, 0.29899999499320984, 0.19900000095367432, 1.0, 0.0, 0.8980000019073486, 0.8989999890327454, 0.8999999761581421, 0.8999999761581421, 0.8009999990463257, 0.0]","[0.12510380148887634, 0.30697113275527954, -0.21032117307186127, -0.06372147053480148, -1.1382821798324585, -0.30816081166267395, 0.21599364280700684, 0.018190717324614525, -0.5004163384437561, 0.06724587827920914, -0.12082675099372864, 0.2271086573600769, -0.5442337989807129, -0.6099302768707275, 0.30000001192092896, 0.30000001192092896, 0.30000001192092896, 0.20000000298023224, 0.10000000149011612, 0.0, 0.8999999761581421, 0.8999999761581421, 0.8999999761581421, 0.8999999761581421, 0.800000011920929, 0.0]"
110,110,110,0.007050424999761162,0.12793051300104707,True,"[0.1712905317544937, 0.16980448365211487, -0.016945693641901016, 1.0042661428451538, -0.8034464120864868, 0.09015733003616333, 0.08308663219213486, 0.21678264439105988, -0.1339237242937088, 0.02624545246362686, 1.0193781852722168, 0.13561348617076874, 0.04235225170850754, -0.07991081476211548]","[336.0, 2.0, 1.0, 4.0, 10.0, 935.0]","[2.0, 1.0, 0.0, 8.0, 0.0, 503.0]","[0.020932693034410477, 0.15223921835422516, 0.07277803122997284, 0.9345571994781494, -1.152045726776123, -0.32785898447036743, 0.06133994460105896, 0.020940065383911133, -0.47687697410583496, -0.006055593490600586, 0.043419718742370605, 0.3453023433685303, -0.3581414818763733, -0.42234909534454346, 0.30000028014183044, 0.30000022053718567, 0.30000001192092896, 0.19999992847442627, 0.10000023245811462, 0.0, 0.8992484211921692, 0.8991855978965759, 0.899219274520874, 0.8990668654441833, 0.798973798751831, 0.0]","[0.16129052639007568, 0.15980447828769684, -0.006945693865418434, 0.994266152381897, -0.8134464025497437, 0.0801573321223259, 0.07308663427829742, 0.20678263902664185, -0.14392372965812683, 0.01624545268714428, 1.00937819480896, 0.14561349153518677, 0.032352253794670105, -0.08991081267595291]","[286.0, 0.3000001907348633, 0.30000001192092896, 0.19999980926513672, 0.10000038146972656, 885.0]","[0.8992483615875244, 0.8991855978965759, 0.899219274520874, 0.8990669250488281, 0.798973798751831, 453.0]","[0.2181248813867569, 0.2204977571964264, -0.2628380358219147, 0.14055100083351135, -1.185910940170288, -0.1434391885995865, 0.2931341528892517, 0.13902899622917175, -0.4839589595794678, 0.08976184576749802, -0.08191218227148056, 0.31257256865501404, -0.42607516050338745, -0.5202112197875977, 0.30000001192092896, 0.29899999499320984, 0.29899999499320984, 0.19900000095367432, 1.0, 0.0, 0.8980000019073486, 0.8989999890327454, 0.8999999761581421, 0.8999999761581421, 0.8009999990463257, 0.0]","[0.12050818651914597, 0.3048344850540161, -0.2145444005727768, -0.06643553823232651, -1.1364121437072754, -0.31151241064071655, 0.21841716766357422, 0.008582157082855701, -0.49688720703125, 0.061720360070466995, -0.10253996402025223, 0.19639405608177185, -0.5405471920967102, -0.6816014647483826, 0.30000001192092896, 0.30000001192092896, 0.30000001192092896, 0.20000000298023224, 0.10000000149011612, 0.0, 0.8999999761581421, 0.8999999761581421, 0.8999999761581421, 0.8999999761581421, 0.800000011920929, 0.0]"
111,111,111,0.012653470001168898,0.11562011599926336,True,"[0.17120663821697235, 0.1672518402338028, -0.009179916232824326, 1.0042661428451538, -0.806574285030365, 0.09014534205198288, 0.083074651658535, 0.21678264439105988, -0.1339476853609085, 0.026221483945846558, 1.0193781852722168, 0.1356494426727295, 0.042340267449617386, -0.07989882677793503]","[336.0, 2.0, 1.0, 4.0, 10.0, 935.0]","[2.0, 1.0, 0.0, 8.0, 0.0, 503.0]","[0.022428076714277267, 0.14941146969795227, 0.08057636022567749, 0.9623821973800659, -1.151453971862793, -0.3295765221118927, 0.06272760033607483, 0.029579192399978638, -0.4695192277431488, -0.015621483325958252, 0.062924325466156, 0.35291358828544617, -0.349617063999176, -0.41573959589004517, 0.30000028014183044, 0.30000022053718567, 0.29999998211860657, 0.19999992847442627, 0.10000021755695343, 0.0, 0.8998217582702637, 0.8997851014137268, 0.8998231887817383, 0.8997571468353271, 0.7996769547462463, 0.0]","[0.16120663285255432, 0.15725183486938477, 0.0008200835436582565, 0.994266152381897, -0.8165742754936218, 0.08014534413814545, 0.07307465374469757, 0.20678263902664185, -0.14394769072532654, 0.016221484169363976, 1.00937819480896, 0.14564944803714752, 0.032340265810489655, -0.08989882469177246]","[286.0, 0.3000001907348633, 0.2999999523162842, 0.19999980926513672, 0.10000038146972656, 885.0]","[0.8998217582702637, 0.8997851014137268, 0.8998231887817383, 0.8997573852539062, 0.7996769547462463, 453.0]","[0.2118571400642395, 0.2206176072359085, -0.2628380358219147, 0.1405869424343109, -1.185910940170288, -0.1473820060491562, 0.2931341528892517, 0.12857875227928162, -0.48271259665489197, 0.09074455499649048, -0.06916096061468124, 0.28436169028282166, -0.4262669086456299, -0.5643491744995117, 0.30000001192092896, 0.29899999499320984, 0.29899999499320984, 0.19900000095367432, 1.0, 0.0, 0.8980000019073486, 0.8989999890327454, 0.8999999761581421, 0.8999999761581421, 0.8009999990463257, 0.0]","[0.12018037587404251, 0.3024252951145172, -0.218998521566391, -0.06771282106637955, -1.1335313320159912, -0.3157828450202942, 0.21865656971931458, 0.003679990768432617, -0.4911527931690216, 0.05774357169866562, -0.09714342653751373, 0.18141521513462067, -0.5401634573936462, -0.7098813652992249, 0.30000001192092896, 0.30000001192092896, 0.30000001192092896, 0.20000000298023224, 0.10000000149011612, 0.0, 0.8999999761581421, 0.8999999761581421, 0.8999999761581421, 0.8999999761581421, 0.800000011920929, 0.0]"
112,112,112,0.010514483999941149,0.11781640600020182,True,"[0.17125457525253296, 0.16549016535282135, -0.004446147475391626, 1.0042780637741089, -0.8086954951286316, 0.09016931056976318, 0.083074651658535, 0.21675868332386017, -0.1339237242937088, 0.02618553303182125, 1.019354224205017, 0.13566142320632935, 0.042340267449617386, -0.07989882677793503]","[336.0, 2.0, 1.0, 4.0, 10.0, 935.0]","[2.0, 1.0, 0.0, 8.0, 0.0, 503.0]","[0.01557118073105812, 0.14934620261192322, 0.0740361213684082, 0.9504940509796143, -1.155083417892456, -0.3294292390346527, 0.06777834892272949, 0.025502651929855347, -0.46476271748542786, -0.007843077182769775, 0.08024197816848755, 0.3553462624549866, -0.34814387559890747, -0.4164302349090576, 0.30000028014183044, 0.30000022053718567, 0.29999998211860657, 0.19999991357326508, 0.10000023245811462, 0.0, 0.8997758626937866, 0.8996996283531189, 0.8997384905815125, 0.8996607661247253, 0.7995722889900208, 0.0]","[0.16125456988811493, 0.15549015998840332, 0.005553852301090956, 0.994278073310852, -0.8186954855918884, 0.08016931265592575, 0.07307465374469757, 0.20675867795944214, -0.14392372965812683, 0.01618553325533867, 1.0093542337417603, 0.14566142857074738, 0.032340265810489655, -0.08989882469177246]","[286.0, 0.3000001907348633, 0.2999999523162842, 0.19999980926513672, 0.10000038146972656, 885.0]","[0.8997758626937866, 0.8996996283531189, 0.8997384905815125, 0.899660587310791, 0.7995722889900208, 453.0]","[0.20410333573818207, 0.2206176072359085, -0.26382073760032654, 0.14055100083351135, -1.1858271360397339, -0.147525817155838, 0.2931581139564514, 0.11785287410020828, -0.48005211353302, 0.09122392535209656, -0.060927800834178925, 0.2614598274230957, -0.4266384243965149, -0.6090143322944641, 0.30000001192092896, 0.29899999499320984, 0.29899999499320984, 0.19900000095367432, 1.0, 0.0, 0.8980000019073486, 0.8989999890327454, 0.8999999761581421, 0.8999999761581421, 0.8009999990463257, 0.0]","[0.11987000703811646, 0.300611287355423, -0.22317230701446533, -0.06803872436285019, -1.1312164068222046, -0.3200969696044922, 0.2192436307668686, 0.000252155790803954, -0.4865758419036865, 0.05535252392292023, -0.09413906931877136, 0.16669465601444244, -0.5401124954223633, -0.7353756427764893, 0.30000001192092896, 0.30000001192092896, 0.30000001192092896, 0.20000000298023224, 0.10000000149011612, 0.0, 0.8999999761581421, 0.8999999761581421, 0.8999999761581421, 0.8999999761581421, 0.800000011920929, 0.0]"
113,113,113,0.016848053001012886,0.11314022100123111,True,"[0.17120663821697235, 0.16306935250759125, 0.0023249397054314613, 1.0042541027069092, -0.8096422553062439, 0.09016931056976318, 0.0830506831407547, 0.21677066385746002, -0.13393570482730865, 0.02612561173737049, 1.019354224205017, 0.1356973797082901, 0.042340267449617386, -0.07992279529571533]","[336.0, 2.0, 1.0, 4.0, 10.0, 935.0]","[2.0, 1.0, 0.0, 8.0, 0.0, 503.0]","[0.02128654345870018, 0.1512822061777115, 0.07049652934074402, 0.9252192974090576, -1.154199242591858, -0.3317652940750122, 0.06566140055656433, 0.03994736075401306, -0.46884673833847046, -0.0048472583293914795, 0.06695705652236938, 0.3412097692489624, -0.35266798734664917, -0.41929706931114197, 0.30000028014183044, 0.30000022053718567, 0.29999998211860657, 0.19999991357326508, 0.10000022500753403, 0.0, 0.8995733261108398, 0.8994948863983154, 0.8995298147201538, 0.8994281888008118, 0.7993322014808655, 0.0]","[0.16120663285255432, 0.15306934714317322, 0.012324939481914043, 0.9942541122436523, -0.8196422457695007, 0.08016931265592575, 0.07305068522691727, 0.206770658493042, -0.14393571019172668, 0.01612561196088791, 1.0093542337417603, 0.14569738507270813, 0.032340265810489655, -0.08992279320955276]","[286.0, 0.3000001907348633, 0.2999999523162842, 0.19999980926513672, 0.10000038146972656, 885.0]","[0.8995733261108398, 0.8994948863983154, 0.8995298147201538, 0.8994283676147461, 0.7993322014808655, 453.0]","[0.1974281221628189, 0.22064156830310822, -0.26412034034729004, 0.14052702486515045, -1.1857552528381348, -0.1486762911081314, 0.2931341528892517, 0.1043706163764, -0.4746951758861542, 0.09117598831653595, -0.05971739441156387, 0.24771393835544586, -0.4268062114715576, -0.6442359685897827, 0.30000001192092896, 0.29899999499320984, 0.29899999499320984, 0.19900000095367432, 1.0, 0.0, 0.8980000019073486, 0.8989999890327454, 0.8999999761581421, 0.8999999761581421, 0.8009999990463257, 0.0]","[0.11975903064012527, 0.3006085455417633, -0.2231893539428711, -0.0679856464266777, -1.1311709880828857, -0.3201669156551361, 0.21928419172763824, 0.00019237629021517932, -0.48642945289611816, 0.055605318397283554, -0.09426859021186829, 0.16583667695522308, -0.5399962067604065, -0.7362549304962158, 0.30000001192092896, 0.30000001192092896, 0.30000001192092896, 0.20000000298023224, 0.10000000149011612, 0.0, 0.8999999761581421, 0.8999999761581421, 0.8999999761581421, 0.8999999761581421, 0.800000011920929, 0.0]"
114,114,114,0.012537227999928291,0.11134725000010803,True,"[0.1712186187505722, 0.1606365591287613, 0.00820919405668974, 1.0042661428451538, -0.810229480266571, 0.09015733003616333, 0.08306266367435455, 0.21673470735549927, -0.1339237242937088, 0.026101643219590187, 1.019342303276062, 0.13573333621025085, 0.04235225170850754, -0.07992279529571533]","[336.0, 2.0, 1.0, 4.0, 10.0, 935.0]","[3.0, 1.0, 0.0, 8.0, 0.0, 503.0]","[0.020914170891046524, 0.15086525678634644, 0.06858830153942108, 0.9310692548751831, -1.1530935764312744, -0.3307366967201233, 0.06702888011932373, 0.030708283185958862, -0.47061774134635925, -0.007494211196899414, 0.05278906226158142, 0.3394755721092224, -0.35779768228530884, -0.42935097217559814, 0.30000028014183044, 0.30000022053718567, 0.29999998211860657, 0.19999991357326508, 0.10000023990869522, 0.0, 0.899535059928894, 0.8994340300559998, 0.899468183517456, 0.8993582725524902, 0.7992618680000305, 0.0]","[0.16121861338615417, 0.15086525678634644, 0.018209192901849747, 0.994266152381897, -0.8202294707298279, 0.0801573321223259, 0.07306266576051712, 0.20673470199108124, -0.14392372965812683, 0.016101643443107605, 1.0093423128128052, 0.14573334157466888, 0.032352253794670105, -0.08992279320955276]","[286.0, 0.3000001907348633, 0.2999999523162842, 0.19999980926513672, 0.10000038146972656, 885.0]","[0.8995351791381836, 0.8994340300559998, 0.899468183517456, 0.8993582725524902, 0.7992618680000305, 453.0]","[0.19352127611637115, 0.2206176072359085, -0.264384001493454, 0.14052702486515045, -1.1857792139053345, -0.1504739373922348, 0.29314613342285156, 0.0923384577035904, -0.4705486297607422, 0.09117598831653595, -0.05621800199151039, 0.2349507361650467, -0.42704588174819946, -0.6680606603622437, 0.30000001192092896, 0.29899999499320984, 0.29899999499320984, 0.19900000095367432, 1.0, 0.0, 0.8980000019073486, 0.8989999890327454, 0.8999999761581421, 0.8999999761581421, 0.8009999990463257, 0.0]","[0.12169268727302551, 0.2954750061035156, -0.23366455733776093, -0.07328397035598755, -1.126028299331665, -0.33142584562301636, 0.2225068360567093, -0.008620049804449081, -0.476982444524765, 0.047128479927778244, -0.09687347710132599, 0.1452723741531372, -0.5395250916481018, -0.7736225128173828, 0.30000001192092896, 0.30000001192092896, 0.30000001192092896, 0.20000000298023224, 0.10000000149011612, 0.0, 0.8999999761581421, 0.8999999761581421, 0.8999999761581421, 0.8999999761581421, 0.800000011920929, 0.0]"
115,115,115,0.016808869999294984,0.13896790400031023,True,"[0.1712186187505722, 0.15859924256801605, 0.013410348445177078, 1.0042301416397095, -0.8105171322822571, 0.09015733003616333, 0.083074651658535, 0.21673470735549927, -0.13393570482730865, 0.02611362747848034, 1.019342303276062, 0.135721355676651, 0.042340267449617386, -0.07991081476211548]","[336.0, 2.0, 1.0, 4.0, 10.0, 935.0]","[3.0, 1.0, 0.0, 8.0, 0.0, 503.0]","[0.025529351085424423, 0.15150009095668793, 0.07513511180877686, 0.9344779253005981, -1.1508111953735352, -0.332762748003006, 0.0684954822063446, 0.04120028018951416, -0.47006094455718994, -0.014457076787948608, 0.04924744367599487, 0.34798550605773926, -0.35611891746520996, -0.4233646094799042, 0.30000028014183044, 0.30000022053718567, 0.29999998211860657, 0.19999992847442627, 0.10000022500753403, 0.0, 0.899158239364624, 0.8991096019744873, 0.899151623249054, 0.898975133895874, 0.798885703086853, 0.0]","[0.16121861338615417, 0.15150009095668793, 0.02341034822165966, 0.9942301511764526, -0.8205171227455139, 0.0801573321223259, 0.07307465374469757, 0.20673470199108124, -0.14393571019172668, 0.016113627701997757, 1.0093423128128052, 0.14572136104106903, 0.032340265810489655, -0.08991081267595291]","[286.0, 0.3000001907348633, 0.2999999523162842, 0.19999980926513672, 0.10000038146972656, 885.0]","[0.899158239364624, 0.8991096019744873, 0.899151623249054, 0.8989753723144531, 0.798885703086853, 453.0]","[0.18925487995147705, 0.22073744237422943, -0.2687702178955078, 0.14050306379795074, -1.1857792139053345, -0.15513579547405243, 0.2931581139564514, 0.083673857152462, -0.47014114260673523, 0.09070859849452972, -0.055882442742586136, 0.2249918431043625, -0.4270099401473999, -0.692700207233429, 0.30000001192092896, 0.29899999499320984, 0.29899999499320984, 0.19900000095367432, 1.0, 0.0, 0.8980000019073486, 0.8989999890327454, 0.8999999761581421, 0.8999999761581421, 0.8009999990463257, 0.0010000000474974513]","[0.12065750360488892, 0.2937800884246826, -0.24031655490398407, -0.07022766023874283, -1.1283154487609863, -0.3399134576320648, 0.21943852305412292, -0.017250671982765198, -0.47444525361061096, 0.041193343698978424, -0.09129329770803452, 0.1438995599746704, -0.5406357049942017, -0.7747082114219666, 0.30000001192092896, 0.30000001192092896, 0.30000001192092896, 0.20000000298023224, 0.10000000149011612, 0.0, 0.8999999761581421, 0.8999999761581421, 0.8999999761581421, 0.8999999761581421, 0.800000011920929, 0.0]"
116,116,116,0.01723775100072089,0.15705883699956757,True,"[0.17107482254505157, 0.15645405650138855, 0.020684773102402687, 1.0042541027069092, -0.8108527064323425, 0.09016931056976318, 0.08303869515657425, 0.21672272682189941, -0.13391172885894775, 0.026137595996260643, 1.019342303276062, 0.135721355676651, 0.04235225170850754, -0.07991081476211548]","[336.0, 2.0, 1.0, 4.0, 10.0, 935.0]","[2.0, 1.0, 0.0, 8.0, 0.0, 503.0]","[0.02078166976571083, 0.1489373743534088, 0.07256869971752167, 0.93718421459198, -1.1585087776184082, -0.33875319361686707, 0.07022011280059814, 0.0245836079120636, -0.472797691822052, -0.00804176926612854, 0.04690566658973694, 0.3433677852153778, -0.35551074147224426, -0.4313434362411499, 0.30000028014183044, 0.3000001609325409, 0.30000001192092896, 0.19999997317790985, 0.10000018030405045, 0.0, 0.8988269567489624, 0.8988820314407349, 0.8989379405975342, 0.8986983299255371, 0.7986300587654114, 0.0]","[0.16107481718063354, 0.1489373743534088, 0.03068477287888527, 0.9942541122436523, -0.8208526968955994, 0.08016931265592575, 0.07303869724273682, 0.20672272145748138, -0.14391173422336578, 0.01613759621977806, 1.0093423128128052, 0.14572136104106903, 0.032352253794670105, -0.08991081267595291]","[286.0, 0.3000001907348633, 0.30000001192092896, 0.20000004768371582, 0.10000038146972656, 885.0]","[0.8988269567489624, 0.8988820314407349, 0.8989379405975342, 0.8986983299255371, 0.7986300587654114, 453.0]","[0.18817630410194397, 0.2205696702003479, -0.27442678809165955, 0.1405150443315506, -1.1856952905654907, -0.16214656829833984, 0.293110191822052, 0.0782330259680748, -0.46978163719177246, 0.09068462997674942, -0.055822521448135376, 0.2162793129682541, -0.42722564935684204, -0.7149309515953064, 0.30000001192092896, 0.29899999499320984, 0.29899999499320984, 0.19900000095367432, 1.0, 0.0, 0.8980000019073486, 0.8989999890327454, 0.8999999761581421, 0.8999999761581421, 0.8009999990463257, 0.0010000000474974513]","[0.11983931809663773, 0.2927836775779724, -0.24147097766399384, -0.06873329728841782, -1.1294163465499878, -0.34081462025642395, 0.2183573991060257, -0.02132708579301834, -0.4739506244659424, 0.039719775319099426, -0.08634651452302933, 0.1466832011938095, -0.5395936965942383, -0.7659885883331299, 0.30000001192092896, 0.30000001192092896, 0.30000001192092896, 0.20000000298023224, 0.10000000149011612, 0.0, 0.8999999761581421, 0.8999999761581421, 0.8999999761581421, 0.8999999761581421, 0.800000011920929, 0.0]"
117,117,117,0.011728049999874202,0.08075321899923438,True,"[0.17090703547000885, 0.15396134555339813, 0.027851339429616928, 1.0042181015014648, -0.8119671940803528, 0.09015733003616333, 0.08291885256767273, 0.21666280925273895, -0.1339237242937088, 0.02611362747848034, 1.0193182229995728, 0.1357453167438507, 0.04235225170850754, -0.07991081476211548]","[336.0, 2.0, 1.0, 5.0, 10.0, 935.0]","[2.0, 1.0, 0.0, 8.0, 0.0, 503.0]","[0.013307563960552216, 0.1500091850757599, 0.06949475407600403, 0.938737154006958, -1.155325174331665, -0.33248060941696167, 0.07469728589057922, 0.030085831880569458, -0.4624541103839874, -0.009536892175674438, 0.07943642139434814, 0.35368257761001587, -0.35232120752334595, -0.42055588960647583, 0.30000028014183044, 0.30000025033950806, 0.29999998211860657, 0.19999989867210388, 0.10000026226043701, 0.0, 0.8995248079299927, 0.899377703666687, 0.8994136452674866, 0.8992977738380432, 0.7991901636123657, 0.0]","[0.16090703010559082, 0.1500091850757599, 0.03785134106874466, 0.994218111038208, -0.8219671845436096, 0.0801573321223259, 0.07469728589057922, 0.20666280388832092, -0.14392372965812683, 0.016113627701997757, 1.009318232536316, 0.14574532210826874, 0.032352253794670105, -0.08991081267595291]","[286.0, 0.3000001907348633, 0.2999999523162842, 0.19999980926513672, 0.10000038146972656, 885.0]","[0.8995248079299927, 0.899377703666687, 0.8994136452674866, 0.8992977142333984, 0.7991901636123657, 453.0]","[0.18823622167110443, 0.22062958776950836, -0.27809393405914307, 0.14055100083351135, -1.1857192516326904, -0.1658736616373062, 0.2931341528892517, 0.07558450847864151, -0.4692783057689667, 0.09044494479894638, -0.05424060299992561, 0.21599169075489044, -0.4274653196334839, -0.7236195206642151, 0.30000001192092896, 0.29899999499320984, 0.29899999499320984, 0.19900000095367432, 1.0, 0.0, 0.8980000019073486, 0.8989999890327454, 0.8999999761581421, 0.8999999761581421, 0.8009999990463257, 0.0]","[0.11899013817310333, 0.2912965416908264, -0.24407492578029633, -0.06952456384897232, -1.1292959451675415, -0.34133782982826233, 0.21964673697948456, -0.028701048344373703, -0.4731994569301605, 0.04245857894420624, -0.0809905007481575, 0.14115118980407715, -0.5352829694747925, -0.7636111974716187, 0.30000001192092896, 0.30000001192092896, 0.30000001192092896, 0.20000000298023224, 0.10000000149011612, 0.0, 0.8999999761581421, 0.8999999761581421, 0.8999999761581421, 0.8999999761581421, 0.800000011920929, 0.0]"
118,118,118,0.015785231000336353,0.13196804499966674,True,"[0.17090703547000885, 0.15315839648246765, 0.03082342818379402, 1.0042181015014648, -0.8126263618469238, 0.09015733003616333, 0.08294282108545303, 0.21666280925273895, -0.13393570482730865, 0.026137595996260643, 1.0193302631378174, 0.13575729727745056, 0.042340267449617386, -0.07992279529571533]","[336.0, 2.0, 1.0, 4.0, 10.0, 935.0]","[2.0, 1.0, 0.0, 8.0, 0.0, 503.0]","[0.026884179562330246, 0.1514495313167572, 0.06838886439800262, 0.9158052206039429, -1.1540429592132568, -0.33773311972618103, 0.06990870833396912, 0.04880496859550476, -0.46934476494789124, -0.007216215133666992, 0.06421047449111938, 0.33366912603378296, -0.359086811542511, -0.4304558038711548, 0.30000028014183044, 0.3000001907348633, 0.29999998211860657, 0.19999992847442627, 0.10000021010637283, 0.0, 0.8991808891296387, 0.8991566896438599, 0.899199903011322, 0.8990292549133301, 0.7989426255226135, 0.0]","[0.16090703010559082, 0.1514495313167572, 0.04082342982292175, 0.994218111038208, -0.8226263523101807, 0.0801573321223259, 0.0729428231716156, 0.20666280388832092, -0.14393571019172668, 0.01613759621977806, 1.0093302726745605, 0.1457573026418686, 0.032340265810489655, -0.08992279320955276]","[286.0, 0.3000001907348633, 0.2999999523162842, 0.19999980926513672, 0.10000038146972656, 885.0]","[0.8991808891296387, 0.8991566896438599, 0.899199903011322, 0.8990292549133301, 0.7989426255226135, 453.0]","[0.18884742259979248, 0.22094117105007172, -0.28381043672561646, 0.14057496190071106, -1.1857432126998901, -0.17317205667495728, 0.29314613342285156, 0.06888532638549805, -0.46833154559135437, 0.09044494479894638, -0.04464123770594597, 0.21594375371932983, -0.4276091456413269, -0.7283293008804321, 0.30000001192092896, 0.29899999499320984, 0.29899999499320984, 0.19900000095367432, 1.0, 0.0, 0.8980000019073486, 0.8989999890327454, 0.8999999761581421, 0.8999999761581421, 0.8009999990463257, 0.0]","[0.11842173337936401, 0.29100045561790466, -0.245702862739563, -0.07283297181129456, -1.1290364265441895, -0.3402937650680542, 0.22201736271381378, -0.0325111486017704, -0.4733308255672455, 0.046216193586587906, -0.08032318204641342, 0.13228294253349304, -0.5307499170303345, -0.7680395245552063, 0.30000001192092896, 0.30000001192092896, 0.30000001192092896, 0.20000000298023224, 0.10000000149011612, 0.0, 0.8999999761581421, 0.8999999761581421, 0.8999999761581421, 0.8999999761581421, 0.800000011920929, 0.0]"
119,119,119,0.006926165999175282,0.0929071569989901,True,"[0.17070330679416656, 0.1528947502374649, 0.03322027251124382, 1.0041701793670654, -0.8138008117675781, 0.09016931056976318, 0.08266718685626984, 0.21666280925273895, -0.1339237242937088, 0.02612561173737049, 1.0193063020706177, 0.13573333621025085, 0.04235225170850754, -0.07991081476211548]","[336.0, 2.0, 1.0, 4.0, 10.0, 935.0]","[2.0, 1.0, 0.0, 8.0, 0.0, 503.0]","[0.023433182388544083, 0.15415968000888824, 0.06451433897018433, 0.9014713168144226, -1.1502659320831299, -0.33308058977127075, 0.07115814089775085, 0.03871637582778931, -0.4714321792125702, -0.004601538181304932, 0.04462823271751404, 0.3298555314540863, -0.36463651061058044, -0.43372732400894165, 0.30000028014183044, 0.30000022053718567, 0.30000001192092896, 0.19999991357326508, 0.10000023990869522, 0.0, 0.8987622261047363, 0.8986696600914001, 0.8987062573432922, 0.8984708786010742, 0.7983680367469788, 0.0]","[0.16070330142974854, 0.15415968000888824, 0.04322027415037155, 0.9941701889038086, -0.823800802230835, 0.08016931265592575, 0.0726671889424324, 0.20666280388832092, -0.14392372965812683, 0.01612561196088791, 1.0093063116073608, 0.14573334157466888, 0.032352253794670105, -0.08991081267595291]","[286.0, 0.3000001907348633, 0.30000001192092896, 0.19999980926513672, 0.10000038146972656, 885.0]","[0.8987622261047363, 0.8986696600914001, 0.8987062573432922, 0.8984708786010742, 0.7983680367469788, 453.0]","[0.18767297267913818, 0.22094117105007172, -0.28895166516304016, 0.14050306379795074, -1.1857311725616455, -0.17737852036952972, 0.2931341528892517, 0.0643552914261818, -0.4673967659473419, 0.09045693278312683, -0.04080628603696823, 0.21583589911460876, -0.42757317423820496, -0.7321043610572815, 0.30000001192092896, 0.29899999499320984, 0.29899999499320984, 0.19900000095367432, 1.0, 0.0, 0.8980000019073486, 0.8989999890327454, 0.8999999761581421, 0.8999999761581421, 0.8009999990463257, 0.0]","[0.11825581640005112, 0.2917652726173401, -0.24865330755710602, -0.0787673145532608, -1.1292916536331177, -0.3409139811992645, 0.22501757740974426, -0.03704336658120155, -0.47517266869544983, 0.051111843436956406, -0.08589020371437073, 0.12270290404558182, -0.5184443593025208, -0.7731855511665344, 0.30000001192092896, 0.30000001192092896, 0.30000001192092896, 0.20000000298023224, 0.10000000149011612, 0.0, 0.8999999761581421, 0.8999999761581421, 0.8999999761581421, 0.8999999761581421, 0.800000011920929, 0.0]"
120,120,120,0.0068156690012983745,0.11944772499919054,True,"[0.17065536975860596, 0.15296664834022522, 0.03682752326130867, 1.0041342973709106, -0.8163414597511292, 0.09015733003616333, 0.08255932480096817, 0.21666280925273895, -0.13391172885894775, 0.02611362747848034, 1.0193063020706177, 0.13579325377941132, 0.042340267449617386, -0.07991081476211548]","[336.0, 2.0, 1.0, 4.0, 10.0, 935.0]","[2.0, 1.0, 0.0, 8.0, 0.0, 503.0]","[0.02184053137898445, 0.150556281208992, 0.06409870088100433, 0.9111680388450623, -1.1549735069274902, -0.338195264339447, 0.07274150848388672, 0.0401037335395813, -0.46532267332077026, -0.006113231182098389, 0.06381762027740479, 0.3340795636177063, -0.3588104844093323, -0.4390232563018799, 0.30000028014183044, 0.3000001907348633, 0.30000001192092896, 0.19999992847442627, 0.10000022500753403, 0.0, 0.8986973762512207, 0.8986496925354004, 0.8986955881118774, 0.8984436392784119, 0.7983489632606506, 0.0]","[0.16065536439418793, 0.150556281208992, 0.0468275249004364, 0.9941343069076538, -0.826341450214386, 0.0801573321223259, 0.07274150848388672, 0.20666280388832092, -0.14391173422336578, 0.016113627701997757, 1.0093063116073608, 0.14579325914382935, 0.032340265810489655, -0.08991081267595291]","[286.0, 0.3000001907348633, 0.30000001192092896, 0.19999980926513672, 0.10000038146972656, 885.0]","[0.8986973762512207, 0.8986496925354004, 0.8986955881118774, 0.8984436988830566, 0.7983489632606506, 453.0]","[0.18363428115844727, 0.22090522944927216, -0.2948358952999115, 0.14041917026042938, -1.1857311725616455, -0.18124942481517792, 0.29314613342285156, 0.058590877801179886, -0.46731287240982056, 0.09051685035228729, -0.04073438048362732, 0.21257618069648743, -0.427489310503006, -0.7380365133285522, 0.30000001192092896, 0.29899999499320984, 0.29899999499320984, 0.19900000095367432, 1.0, 0.0, 0.8980000019073486, 0.8989999890327454, 0.8999999761581421, 0.8999999761581421, 0.8009999990463257, 0.0]","[0.11616281419992447, 0.2920909821987152, -0.25031185150146484, -0.08070249855518341, -1.1291896104812622, -0.3413478434085846, 0.22487972676753998, -0.041055940091609955, -0.47661784291267395, 0.05115705356001854, -0.08347927778959274, 0.11581646651029587, -0.5139496326446533, -0.7785699963569641, 0.30000001192092896, 0.30000001192092896, 0.30000001192092896, 0.20000000298023224, 0.10000000149011612, 0.0, 0.8999999761581421, 0.8999999761581421, 0.8999999761581421, 0.8999999761581421, 0.800000011920929, 0.0]"
121,121,121,0.009883979999358417,0.11628506099987135,True,"[0.1705954521894455, 0.15301458537578583, 0.04133359342813492, 1.0041462182998657, -0.8238675594329834, 0.09015733003616333, 0.08252337574958801, 0.21668677031993866, -0.1339237242937088, 0.02606569044291973, 1.0193063020706177, 0.13580523431301117, 0.04235225170850754, -0.07992279529571533]","[336.0, 2.0, 1.0, 4.0, 10.0, 935.0]","[2.0, 1.0, 0.0, 8.0, 0.0, 503.0]","[0.021626461297273636, 0.1504368782043457, 0.06850992143154144, 0.9198050498962402, -1.1557971239089966, -0.3390832543373108, 0.07418438792228699, 0.04284083843231201, -0.46355152130126953, -0.008019834756851196, 0.06878677010536194, 0.34227365255355835, -0.3575359880924225, -0.4305100440979004, 0.30000028014183044, 0.3000001907348633, 0.30000001192092896, 0.19999992847442627, 0.10000021010637283, 0.0, 0.8983224630355835, 0.898293673992157, 0.8983427882194519, 0.8980197906494141, 0.7979363203048706, 0.0]","[0.16059544682502747, 0.1504368782043457, 0.05133359134197235, 0.9941462278366089, -0.8338675498962402, 0.0801573321223259, 0.07418438792228699, 0.20668676495552063, -0.14392372965812683, 0.01606569066643715, 1.0093063116073608, 0.1458052396774292, 0.032352253794670105, -0.08992279320955276]","[286.0, 0.3000001907348633, 0.30000001192092896, 0.19999980926513672, 0.10000038146972656, 885.0]","[0.8983224630355835, 0.898293673992157, 0.8983427882194519, 0.8980197906494141, 0.7979363203048706, 453.0]","[0.17834924161434174, 0.2207973599433899, -0.29971349239349365, 0.1404431313276291, -1.1857671737670898, -0.18223212659358978, 0.29314613342285156, 0.053881075233221054, -0.4673488438129425, 0.09048090130090714, -0.04048271104693413, 0.20264126360416412, -0.42734548449516296, -0.7458502650260925, 0.30000001192092896, 0.29899999499320984, 0.29899999499320984, 0.19900000095367432, 1.0, 0.0, 0.8980000019073486, 0.8989999890327454, 0.8999999761581421, 0.8999999761581421, 0.8009999990463257, 0.0]","[0.1135222464799881, 0.2910866141319275, -0.2514563798904419, -0.08053921908140182, -1.1284962892532349, -0.3419710397720337, 0.22508327662944794, -0.04458913207054138, -0.47595691680908203, 0.05092649161815643, -0.07926357537508011, 0.1137181743979454, -0.5096566677093506, -0.7810481190681458, 0.30000001192092896, 0.30000001192092896, 0.30000001192092896, 0.20000000298023224, 0.10000000149011612, 0.0, 0.8999999761581421, 0.8999999761581421, 0.8999999761581421, 0.8999999761581421, 0.800000011920929, 0.0]"
122,122,122,0.010298125000190339,0.12498222800059011,True,"[0.17058345675468445, 0.15269100666046143, 0.04518052935600281, 1.0041342973709106, -0.8278582692146301, 0.09014534205198288, 0.08251138776540756, 0.21663883328437805, -0.1339237242937088, 0.02606569044291973, 1.0193182229995728, 0.13580523431301117, 0.042340267449617386, -0.07993478327989578]","[336.0, 2.0, 1.0, 4.0, 10.0, 935.0]","[2.0, 1.0, 0.0, 8.0, 0.0, 503.0]","[0.019646156579256058, 0.15226267278194427, 0.05860432982444763, 0.9000846147537231, -1.1522523164749146, -0.3386443257331848, 0.0742311179637909, 0.044831782579422, -0.4623115658760071, 0.001529395580291748, 0.0900769829750061, 0.3367747664451599, -0.3560252785682678, -0.4258824288845062, 0.30000028014183044, 0.3000001907348633, 0.29999998211860657, 0.19999992847442627, 0.10000021755695343, 0.0, 0.899333119392395, 0.8992894291877747, 0.899336576461792, 0.8991896510124207, 0.7990926504135132, 0.0]","[0.16058345139026642, 0.15226267278194427, 0.05518052726984024, 0.9941343069076538, -0.837858259677887, 0.08014534413814545, 0.0742311179637909, 0.20663882791996002, -0.14392372965812683, 0.01606569066643715, 1.009318232536316, 0.1458052396774292, 0.032340265810489655, -0.08993478119373322]","[286.0, 0.3000001907348633, 0.2999999523162842, 0.19999980926513672, 0.10000038146972656, 885.0]","[0.899333119392395, 0.8992894291877747, 0.899336576461792, 0.8991894721984863, 0.7990926504135132, 453.0]","[0.17190173268318176, 0.22042585909366608, -0.3028174042701721, 0.1404910683631897, -1.1858869791030884, -0.18224410712718964, 0.2931581139564514, 0.049315087497234344, -0.46731287240982056, 0.09048090130090714, -0.040422793477773666, 0.1941564381122589, -0.4273335039615631, -0.74903804063797, 0.30000001192092896, 0.29899999499320984, 0.29899999499320984, 0.19900000095367432, 1.0, 0.0, 0.8980000019073486, 0.8989999890327454, 0.8999999761581421, 0.8999999761581421, 0.8009999990463257, 0.0]","[0.11151216924190521, 0.29222702980041504, -0.2528025507926941, -0.0811392217874527, -1.130314588546753, -0.3444116413593292, 0.2248307466506958, -0.04794372245669365, -0.4766647517681122, 0.053425878286361694, -0.07496098428964615, 0.11451107263565063, -0.5058850646018982, -0.7857811450958252, 0.30000001192092896, 0.30000001192092896, 0.30000001192092896, 0.20000000298023224, 0.10000000149011612, 0.0, 0.8999999761581421, 0.8999999761581421, 0.8999999761581421, 0.8999999761581421, 0.800000011920929, 0.0]"
123,123,123,0.00726128200039966,0.130118836001202,True,"[0.17047560214996338, 0.15270300209522247, 0.04999818652868271, 1.004122257232666, -0.8301352858543396, 0.09016931056976318, 0.08252337574958801, 0.2166508287191391, -0.13391172885894775, 0.026041721925139427, 1.0193302631378174, 0.13581722974777222, 0.042340267449617386, -0.07992279529571533]","[336.0, 2.0, 1.0, 4.0, 10.0, 935.0]","[2.0, 1.0, 0.0, 8.0, 0.0, 503.0]","[0.01599850133061409, 0.15264005959033966, 0.056432291865348816, 0.8979232311248779, -1.1541011333465576, -0.3403353691101074, 0.07740303874015808, 0.03937867283821106, -0.45892518758773804, -0.0003911256790161133, 0.09187924861907959, 0.3436611592769623, -0.3580275774002075, -0.43081000447273254, 0.30000028014183044, 0.3000001907348633, 0.29999998211860657, 0.19999991357326508, 0.10000023245811462, 0.0, 0.8989306092262268, 0.8988430500030518, 0.8988862037658691, 0.8986709713935852, 0.7985701560974121, 0.0]","[0.16047559678554535, 0.15264005959033966, 0.056432291865348816, 0.9941222667694092, -0.8401352763175964, 0.08016931265592575, 0.07740303874015808, 0.20665082335472107, -0.14391173422336578, 0.016041722148656845, 1.0093302726745605, 0.14581723511219025, 0.032340265810489655, -0.08992279320955276]","[286.0, 0.3000001907348633, 0.2999999523162842, 0.19999980926513672, 0.10000038146972656, 885.0]","[0.898930549621582, 0.8988430500030518, 0.8988862037658691, 0.8986711502075195, 0.7985701560974121, 453.0]","[0.16401611268520355, 0.21985061466693878, -0.3036443293094635, 0.14040718972682953, -1.185899019241333, -0.18224410712718964, 0.2931341528892517, 0.045048702508211136, -0.4672050178050995, 0.09260211139917374, -0.0378941185772419, 0.1937130093574524, -0.4267582595348358, -0.7493975758552551, 0.30000001192092896, 0.29899999499320984, 0.29899999499320984, 0.19900000095367432, 1.0, 0.0, 0.8980000019073486, 0.8989999890327454, 0.8999999761581421, 0.8999999761581421, 0.8009999990463257, 0.0]","[0.10814156383275986, 0.2911723554134369, -0.25289568305015564, -0.08029143512248993, -1.1305110454559326, -0.3457200825214386, 0.2224624752998352, -0.05044887587428093, -0.4747698903083801, 0.0558391772210598, -0.06617942452430725, 0.12153173238039017, -0.49546629190444946, -0.792997419834137, 0.30000001192092896, 0.30000001192092896, 0.30000001192092896, 0.20000000298023224, 0.10000000149011612, 0.0, 0.8999999761581421, 0.8999999761581421, 0.8999999761581421, 0.8999999761581421, 0.800000011920929, 0.0]"
124,124,124,0.01234502499937662,0.12840678300017316,True,"[0.17049957811832428, 0.15271498262882233, 0.05078914761543274, 1.0041342973709106, -0.8313577175140381, 0.09015733003616333, 0.08281099796295166, 0.21666280925273895, -0.1339237242937088, 0.02599378488957882, 1.0193182229995728, 0.13582921028137207, 0.04235225170850754, -0.07994676381349564]","[336.0, 2.0, 1.0, 4.0, 10.0, 935.0]","[2.0, 1.0, 0.0, 8.0, 0.0, 503.0]","[0.013097312301397324, 0.15098275244235992, 0.05895000696182251, 0.9097827672958374, -1.1583352088928223, -0.34487608075141907, 0.08259019255638123, 0.029931336641311646, -0.46068161725997925, -0.0038835108280181885, 0.08210694789886475, 0.3483321964740753, -0.357943594455719, -0.4337717890739441, 0.30000028014183044, 0.3000001907348633, 0.29999998211860657, 0.19999992847442627, 0.10000023245811462, 0.0, 0.898399829864502, 0.8983268737792969, 0.8983761072158813, 0.8980674743652344, 0.797970712184906, 0.0]","[0.16049957275390625, 0.15098275244235992, 0.05895000696182251, 0.9941343069076538, -0.8413577079772949, 0.0801573321223259, 0.08259019255638123, 0.20666280388832092, -0.14392372965812683, 0.015993785113096237, 1.009318232536316, 0.1458292156457901, 0.032352253794670105, -0.08994676172733307]","[286.0, 0.3000001907348633, 0.2999999523162842, 0.19999980926513672, 0.10000038146972656, 885.0]","[0.898399829864502, 0.8983268737792969, 0.8983761072158813, 0.8980674743652344, 0.797970712184906, 453.0]","[0.15880297124385834, 0.21985061466693878, -0.3036203384399414, 0.14046710729599, -1.1859469413757324, -0.18223212659358978, 0.2931581139564514, 0.040638506412506104, -0.46706122159957886, 0.09269798547029495, -0.03230947256088257, 0.19370102882385254, -0.4249366521835327, -0.7499608397483826, 0.30000001192092896, 0.29899999499320984, 0.29899999499320984, 0.19900000095367432, 1.0, 0.0, 0.8980000019073486, 0.8989999890327454, 0.8999999761581421, 0.8999999761581421, 0.8009999990463257, 0.0]","[0.10541021823883057, 0.29100900888442993, -0.253434419631958, -0.0795309990644455, -1.1298961639404297, -0.34565049409866333, 0.2210080474615097, -0.05301300436258316, -0.47115492820739746, 0.05912192165851593, -0.05734875425696373, 0.11949668079614639, -0.4920818507671356, -0.7987198829650879, 0.30000001192092896, 0.30000001192092896, 0.30000001192092896, 0.20000000298023224, 0.10000000149011612, 0.0, 0.8999999761581421, 0.8999999761581421, 0.8999999761581421, 0.8999999761581421, 0.800000011920929, 0.0]"
125,125,125,0.015790145000210032,0.10755542100014281,True,"[0.17040370404720306, 0.1525711715221405, 0.05175986886024475, 1.0041342973709106, -0.8320887088775635, 0.09014534205198288, 0.08494418859481812, 0.21663883328437805, -0.1339237242937088, 0.02599378488957882, 1.0193302631378174, 0.13587714731693268, 0.04235225170850754, -0.07995875179767609]","[336.0, 2.0, 1.0, 4.0, 10.0, 935.0]","[2.0, 1.0, 0.0, 8.0, 0.0, 503.0]","[0.010605946183204651, 0.15482079982757568, 0.05163295567035675, 0.8785635232925415, -1.157862663269043, -0.34009647369384766, 0.0845702588558197, 0.03148508071899414, -0.4576316177845001, 0.006274402141571045, 0.09632998704910278, 0.3427324593067169, -0.3589339852333069, -0.4332294762134552, 0.30000028014183044, 0.30000022053718567, 0.29999998211860657, 0.19999989867210388, 0.10000026971101761, 0.0, 0.8983932137489319, 0.898216962814331, 0.8982535600662231, 0.8979512453079224, 0.7978332042694092, 0.0]","[0.16040369868278503, 0.15482079982757568, 0.05163295567035675, 0.9941343069076538, -0.8420886993408203, 0.08014534413814545, 0.0845702588558197, 0.20663882791996002, -0.14392372965812683, 0.015993785113096237, 1.0093302726745605, 0.1458771526813507, 0.032352253794670105, -0.08995874971151352]","[286.0, 0.3000001907348633, 0.2999999523162842, 0.19999980926513672, 0.10000038146972656, 885.0]","[0.8983931541442871, 0.898216962814331, 0.8982535600662231, 0.8979511260986328, 0.7978332042694092, 453.0]","[0.15650199353694916, 0.21985061466693878, -0.3036203384399414, 0.1404431313276291, -1.185958981513977, -0.18229204416275024, 0.29314613342285156, 0.036911413073539734, -0.4667975604534149, 0.09269798547029495, -0.02599378488957882, 0.19355721771717072, -0.4248647391796112, -0.7503323554992676, 0.30000001192092896, 0.29899999499320984, 0.29899999499320984, 0.19900000095367432, 1.0, 0.0, 0.8980000019073486, 0.8989999890327454, 0.8999999761581421, 0.8999999761581421, 0.8009999990463257, 0.0]","[0.10416219383478165, 0.29094982147216797, -0.2541124224662781, -0.07985000312328339, -1.1291298866271973, -0.34589189291000366, 0.22107188403606415, -0.054218411445617676, -0.469634085893631, 0.06114940717816353, -0.054096825420856476, 0.11646868288516998, -0.48983728885650635, -0.803898274898529, 0.30000001192092896, 0.30000001192092896, 0.30000001192092896, 0.20000000298023224, 0.10000000149011612, 0.0, 0.8999999761581421, 0.8999999761581421, 0.8999999761581421, 0.8999999761581421, 0.800000011920929, 0.0]"
126,126,126,0.016145687999596703,0.12151863699909882,True,"[0.17035576701164246, 0.15281085669994354, 0.050944942981004715, 1.004122257232666, -0.8327478766441345, 0.09015733003616333, 0.08538760244846344, 0.21663883328437805, -0.13393570482730865, 0.025981800630688667, 1.0193063020706177, 0.13587714731693268, 0.04235225170850754, -0.07995875179767609]","[336.0, 2.0, 1.0, 4.0, 10.0, 935.0]","[2.0, 1.0, 0.0, 8.0, 0.0, 503.0]","[0.00935421884059906, 0.15417839586734772, 0.04999805986881256, 0.8777217864990234, -1.1609786748886108, -0.3439537286758423, 0.08670097589492798, 0.0341801643371582, -0.4527318477630615, 0.002825319766998291, 0.10702866315841675, 0.3418388366699219, -0.3601507544517517, -0.4407033920288086, 0.30000025033950806, 0.30000022053718567, 0.29999998211860657, 0.1999998837709427, 0.1000002771615982, 0.0, 0.897945761680603, 0.8977563381195068, 0.897793173789978, 0.8974147439002991, 0.7972947359085083, 0.0]","[0.16035576164722443, 0.15417839586734772, 0.04999805986881256, 0.9941222667694092, -0.8427478671073914, 0.0801573321223259, 0.08670097589492798, 0.20663882791996002, -0.14393571019172668, 0.015981800854206085, 1.0093063116073608, 0.1458771526813507, 0.032352253794670105, -0.08995874971151352]","[286.0, 0.3000001907348633, 0.2999999523162842, 0.19999980926513672, 0.10000038146972656, 885.0]","[0.897945761680603, 0.8977563381195068, 0.897793173789978, 0.8974146842956543, 0.7972947359085083, 453.0]","[0.15086941421031952, 0.21982663869857788, -0.3036203384399414, 0.14046710729599, -1.1859350204467773, -0.18231602013111115, 0.2931581139564514, 0.02865428291261196, -0.46546730399131775, 0.09267401695251465, -0.008904279209673405, 0.19354523718357086, -0.4223121106624603, -0.7556653022766113, 0.30000001192092896, 0.29899999499320984, 0.29899999499320984, 0.19900000095367432, 1.0, 0.0, 0.8980000019073486, 0.8989999890327454, 0.8999999761581421, 0.8999999761581421, 0.8009999990463257, 0.0]","[0.10229216516017914, 0.29190465807914734, -0.2576247453689575, -0.0828619971871376, -1.127593994140625, -0.3478969633579254, 0.22216713428497314, -0.05676404759287834, -0.46588462591171265, 0.06440690904855728, -0.04706917703151703, 0.11176403611898422, -0.4787345826625824, -0.8137997984886169, 0.30000001192092896, 0.30000001192092896, 0.30000001192092896, 0.20000000298023224, 0.10000000149011612, 0.0, 0.8999999761581421, 0.8999999761581421, 0.8999999761581421, 0.8999999761581421, 0.800000011920929, 0.0]"
127,127,127,0.00966848600000958,0.10115588500048034,True,"[0.17035576701164246, 0.1527988761663437, 0.049974218010902405, 1.004122257232666, -0.8339942097663879, 0.09015733003616333, 0.0860707089304924, 0.2166508287191391, -0.1339237242937088, 0.02599378488957882, 1.0193182229995728, 0.13586516678333282, 0.042340267449617386, -0.07995875179767609]","[336.0, 2.0, 1.0, 4.0, 10.0, 935.0]","[2.0, 1.0, 0.0, 8.0, 0.0, 503.0]","[0.0008763223886489868, 0.15304575860500336, 0.04683278501033783, 0.8866708874702454, -1.1606454849243164, -0.3467181622982025, 0.0908469557762146, 0.022756516933441162, -0.4479273557662964, 0.005442827939987183, 0.1377669870853424, 0.3531590402126312, -0.35220980644226074, -0.43642938137054443, 0.30000025033950806, 0.30000022053718567, 0.29999998211860657, 0.1999998837709427, 0.1000002771615982, 0.0, 0.8994242548942566, 0.8992322087287903, 0.8992764949798584, 0.8991386294364929, 0.7990142107009888, 0.0]","[0.16035576164722443, 0.15304575860500336, 0.04683278501033783, 0.9941222667694092, -0.8439942002296448, 0.0801573321223259, 0.0908469557762146, 0.20665082335472107, -0.14392372965812683, 0.015993785113096237, 1.009318232536316, 0.14586517214775085, 0.032340265810489655, -0.08995874971151352]","[286.0, 0.3000001907348633, 0.2999999523162842, 0.19999980926513672, 0.10000038146972656, 885.0]","[0.8994243144989014, 0.8992322087287903, 0.8992764949798584, 0.8991384506225586, 0.7990142107009888, 453.0]","[0.14689065515995026, 0.21988657116889954, -0.3036203384399414, 0.1404431313276291, -1.1858869791030884, -0.18233998119831085, 0.29314613342285156, 0.023752734065055847, -0.4637056291103363, 0.0926859974861145, 0.005452822428196669, 0.1935092806816101, -0.41661959886550903, -0.7637906074523926, 0.30000001192092896, 0.29899999499320984, 0.29899999499320984, 0.19900000095367432, 1.0, 0.0, 0.8980000019073486, 0.8989999890327454, 0.8999999761581421, 0.8999999761581421, 0.8009999990463257, 0.0]","[0.10193947702646255, 0.2910999059677124, -0.2590605318546295, -0.08694060146808624, -1.12389075756073, -0.3480750024318695, 0.22376121580600739, -0.058437760919332504, -0.46267929673194885, 0.06851159036159515, -0.04082050919532776, 0.11386151611804962, -0.4822901487350464, -0.8123345375061035, 0.30000001192092896, 0.30000001192092896, 0.30000001192092896, 0.20000000298023224, 0.10000000149011612, 0.0, 0.8999999761581421, 0.8999999761581421, 0.8999999761581421, 0.8999999761581421, 0.800000011920929, 0.0]"
128,128,128,0.01539127300020482,0.11664112400103477,True,"[0.17028385400772095, 0.15278688073158264, 0.0487518273293972, 1.004110336303711, -0.8347012996673584, 0.09018129855394363, 0.08785635232925415, 0.21663883328437805, -0.13393570482730865, 0.025981800630688667, 1.0193063020706177, 0.13587714731693268, 0.04235225170850754, -0.07997073233127594]","[336.0, 2.0, 1.0, 4.0, 10.0, 935.0]","[2.0, 1.0, 0.0, 8.0, 0.0, 503.0]","[0.0039728060364723206, 0.15460912883281708, 0.045422330498695374, 0.8746641278266907, -1.1609874963760376, -0.3485570549964905, 0.09041592478752136, 0.024774521589279175, -0.4523170292377472, 0.007375389337539673, 0.11651092767715454, 0.34941786527633667, -0.3560779094696045, -0.4413979947566986, 0.30000025033950806, 0.3000001907348633, 0.29999998211860657, 0.19999991357326508, 0.10000026226043701, 0.0, 0.8967709541320801, 0.8966333866119385, 0.8966795206069946, 0.896098256111145, 0.7959909439086914, 0.0]","[0.16028384864330292, 0.15460912883281708, 0.045422330498695374, 0.9941103458404541, -0.8447012901306152, 0.0801813006401062, 0.09041592478752136, 0.20663882791996002, -0.14393571019172668, 0.015981800854206085, 1.0093063116073608, 0.1458771526813507, 0.032352253794670105, -0.08997073024511337]","[286.0, 0.3000001907348633, 0.2999999523162842, 0.19999980926513672, 0.10000038146972656, 885.0]","[0.8967709541320801, 0.8966333866119385, 0.8966795206069946, 0.8960981369018555, 0.7959909439086914, 453.0]","[0.14487729966640472, 0.21988657116889954, -0.3036443293094635, 0.14040718972682953, -1.185839056968689, -0.18250776827335358, 0.29314613342285156, 0.01883920282125473, -0.4621836245059967, 0.0926859974861145, 0.01690974272787571, 0.1935092806816101, -0.4147500693798065, -0.7690157294273376, 0.30000001192092896, 0.29899999499320984, 0.29899999499320984, 0.19900000095367432, 1.0, 0.0, 0.8980000019073486, 0.8989999890327454, 0.8999999761581421, 0.8999999761581421, 0.8009999990463257, 0.0]","[0.097801573574543, 0.2920915186405182, -0.26234906911849976, -0.08965713530778885, -1.1226074695587158, -0.34974679350852966, 0.2261367291212082, -0.064647376537323, -0.4631465971469879, 0.07272858917713165, -0.03634825348854065, 0.11610400676727295, -0.48343780636787415, -0.8110625743865967, 0.30000001192092896, 0.30000001192092896, 0.30000001192092896, 0.20000000298023224, 0.10000000149011612, 0.0, 0.8999999761581421, 0.8999999761581421, 0.8999999761581421, 0.8999999761581421, 0.800000011920929, 0.0]"
129,129,129,0.010831722000148147,0.10343848600132333,True,"[0.1702718734741211, 0.1527988761663437, 0.04810468107461929, 1.004110336303711, -0.8349649310112, 0.09016931056976318, 0.08800016343593597, 0.2166508287191391, -0.13393570482730865, 0.02599378488957882, 1.0193182229995728, 0.13587714731693268, 0.04235225170850754, -0.07997073233127594]","[336.0, 2.0, 1.0, 4.0, 10.0, 935.0]","[2.0, 1.0, 0.0, 8.0, 0.0, 503.0]","[-0.001638844609260559, 0.15348537266254425, 0.04373796284198761, 0.8809784650802612, -1.1624455451965332, -0.3513159155845642, 0.09585320949554443, 0.015843749046325684, -0.4511404037475586, 0.008951812982559204, 0.12517815828323364, 0.3537043631076813, -0.3546367287635803, -0.44438695907592773, 0.30000025033950806, 0.30000022053718567, 0.29999998211860657, 0.19999989867210388, 0.10000026226043701, 0.0, 0.8975691795349121, 0.89742511510849, 0.8974770903587341, 0.8970229625701904, 0.7969131469726562, 0.0]","[0.16027186810970306, 0.15348537266254425, 0.04373796284198761, 0.9941103458404541, -0.8449649214744568, 0.08016931265592575, 0.09585320949554443, 0.20665082335472107, -0.14393571019172668, 0.015993785113096237, 1.009318232536316, 0.1458771526813507, 0.032352253794670105, -0.08997073024511337]","[286.0, 0.3000001907348633, 0.2999999523162842, 0.19999980926513672, 0.10000038146972656, 885.0]","[0.8975691795349121, 0.89742511510849, 0.8974770903587341, 0.8970232009887695, 0.7969131469726562, 453.0]","[0.14130599796772003, 0.21986259520053864, -0.30383604764938354, 0.14035925269126892, -1.1858031749725342, -0.1829032450914383, 0.2931581139564514, 0.013278521597385406, -0.461931973695755, 0.09269798547029495, 0.024519724771380424, 0.1935092806816101, -0.4133838713169098, -0.770993173122406, 0.30000001192092896, 0.29899999499320984, 0.29899999499320984, 0.19900000095367432, 1.0, 0.0, 0.8980000019073486, 0.8989999890327454, 0.8999999761581421, 0.8999999761581421, 0.8009999990463257, 0.0]","[0.09051939100027084, 0.29252108931541443, -0.26717281341552734, -0.08927662670612335, -1.1220909357070923, -0.35138657689094543, 0.22662121057510376, -0.07689645141363144, -0.46443745493888855, 0.07986921072006226, -0.029543206095695496, 0.11654680222272873, -0.4803313910961151, -0.8099233508110046, 0.30000001192092896, 0.30000001192092896, 0.30000001192092896, 0.20000000298023224, 0.10000000149011612, 0.0, 0.8999999761581421, 0.8999999761581421, 0.8999999761581421, 0.8999999761581421, 0.800000011920929, 0.0]"
130,130,130,0.007559085999673698,0.12298022600043623,True,"[0.17025989294052124, 0.1527988761663437, 0.04706205427646637, 1.0040863752365112, -0.8364150524139404, 0.09015733003616333, 0.08977383375167847, 0.2166508287191391, -0.13393570482730865, 0.025981800630688667, 1.0193182229995728, 0.13586516678333282, 0.042340267449617386, -0.07997073233127594]","[336.0, 2.0, 1.0, 4.0, 10.0, 935.0]","[2.0, 1.0, 0.0, 8.0, 0.0, 503.0]","[-0.0104437917470932, 0.15292924642562866, 0.04141737520694733, 0.8821094036102295, -1.1640026569366455, -0.34921976923942566, 0.09596511721611023, 0.003202289342880249, -0.44778019189834595, 0.008879780769348145, 0.1348400115966797, 0.36270463466644287, -0.3528457283973694, -0.44233936071395874, 0.30000025033950806, 0.30000022053718567, 0.29999998211860657, 0.1999998837709427, 0.1000002920627594, 0.0, 0.8959837555885315, 0.8957709074020386, 0.8958154320716858, 0.8950995206832886, 0.794978678226471, 0.0]","[0.1602598875761032, 0.15292924642562866, 0.04141737520694733, 0.9940863847732544, -0.8464150428771973, 0.0801573321223259, 0.09596511721611023, 0.20665082335472107, -0.14393571019172668, 0.015981800854206085, 1.009318232536316, 0.14586517214775085, 0.032340265810489655, -0.08997073024511337]","[286.0, 0.3000001907348633, 0.2999999523162842, 0.19999980926513672, 0.10000038146972656, 885.0]","[0.8959836959838867, 0.8957709074020386, 0.8958154320716858, 0.8950996398925781, 0.794978678226471, 453.0]","[0.1380942314863205, 0.2198745757341385, -0.304171621799469, 0.14045512676239014, -1.1858750581741333, -0.18301109969615936, 0.2932060658931732, 0.010090718045830727, -0.4618840217590332, 0.0938604548573494, 0.0246755201369524, 0.19358119368553162, -0.4129764139652252, -0.7710291147232056, 0.30000001192092896, 0.29899999499320984, 0.29899999499320984, 0.19900000095367432, 1.0, 0.0, 0.8980000019073486, 0.8989999890327454, 0.8999999761581421, 0.8999999761581421, 0.8009999990463257, 0.0]","[0.08505956828594208, 0.29224973917007446, -0.27030301094055176, -0.08713573962450027, -1.12211012840271, -0.3523465096950531, 0.22674863040447235, -0.08723180741071701, -0.4658174216747284, 0.08395139127969742, -0.02394735813140869, 0.12145570665597916, -0.48075664043426514, -0.8024261593818665, 0.30000001192092896, 0.30000001192092896, 0.30000001192092896, 0.20000000298023224, 0.10000000149011612, 0.0, 0.8999999761581421, 0.8999999761581421, 0.8999999761581421, 0.8999999761581421, 0.800000011920929, 0.0]"
131,131,131,0.01187329700042028,0.11003372699997271,True,"[0.1702478975057602, 0.1527988761663437, 0.04591156542301178, 1.0040982961654663, -0.8449957370758057, 0.09014534205198288, 0.0899895504117012, 0.21663883328437805, -0.13393570482730865, 0.02599378488957882, 1.0193063020706177, 0.13588912785053253, 0.04235225170850754, -0.07998272031545639]","[336.0, 2.0, 1.0, 4.0, 10.0, 935.0]","[2.0, 1.0, 0.0, 8.0, 0.0, 503.0]","[-0.015084847807884216, 0.1534624844789505, 0.03733067214488983, 0.8709214925765991, -1.1659986972808838, -0.3501139283180237, 0.09901747107505798, 0.001929551362991333, -0.44077786803245544, 0.011622250080108643, 0.15677747130393982, 0.36408329010009766, -0.3503774106502533, -0.44497665762901306, 0.30000025033950806, 0.30000025033950806, 0.2999999523162842, 0.1999998688697815, 0.10000031441450119, 0.0, 0.8970544338226318, 0.8968009948730469, 0.8968433141708374, 0.8963004350662231, 0.7961780428886414, 0.0]","[0.16024789214134216, 0.1534624844789505, 0.03733067214488983, 0.9940983057022095, -0.8549957275390625, 0.08014534413814545, 0.09901747107505798, 0.20663882791996002, -0.14393571019172668, 0.015993785113096237, 1.0093063116073608, 0.14588913321495056, 0.032352253794670105, -0.08998271822929382]","[286.0, 0.3000001907348633, 0.2999999523162842, 0.19999980926513672, 0.10000038146972656, 885.0]","[0.8970544338226318, 0.8968009948730469, 0.8968433141708374, 0.8963003158569336, 0.7961780428886414, 453.0]","[0.13496634364128113, 0.21985061466693878, -0.30535805225372314, 0.14041917026042938, -1.1858750581741333, -0.1829991191625595, 0.29321804642677307, 0.006195844616740942, -0.46187204122543335, 0.09634118527173996, 0.02502306178212166, 0.19356921315193176, -0.41182592511177063, -0.7709811329841614, 0.30000001192092896, 0.29899999499320984, 0.29899999499320984, 0.19900000095367432, 1.0, 0.0, 0.8980000019073486, 0.8989999890327454, 0.8999999761581421, 0.8999999761581421, 0.8009999990463257, 0.0]","[0.08124770224094391, 0.2921220064163208, -0.27124395966529846, -0.08570308983325958, -1.1226592063903809, -0.35185176134109497, 0.22661808133125305, -0.09567556530237198, -0.4673118591308594, 0.08632969856262207, -0.020376985892653465, 0.1295255869626999, -0.48060286045074463, -0.7915452122688293, 0.30000001192092896, 0.30000001192092896, 0.30000001192092896, 0.20000000298023224, 0.10000000149011612, 0.0, 0.8999999761581421, 0.8999999761581421, 0.8999999761581421, 0.8999999761581421, 0.800000011920929, 0.0]"
132,132,132,0.019753683998715132,0.14928869599862082,True,"[0.17022393643856049, 0.1528228372335434, 0.04090216010808945, 1.0040863752365112, -0.8492740988731384, 0.09015733003616333, 0.09127186238765717, 0.21663883328437805, -0.13393570482730865, 0.025957832112908363, 1.0193063020706177, 0.13588912785053253, 0.042340267449617386, -0.07997073233127594]","[336.0, 2.0, 1.0, 4.0, 10.0, 935.0]","[2.0, 1.0, 0.0, 8.0, 0.0, 503.0]","[-0.014292426407337189, 0.15307678282260895, 0.038329869508743286, 0.8732222318649292, -1.1655924320220947, -0.3522801697254181, 0.1001943051815033, -0.010026603937149048, -0.44979172945022583, 0.011585891246795654, 0.12619885802268982, 0.3592105507850647, -0.3520863652229309, -0.447282075881958, 0.30000025033950806, 0.30000022053718567, 0.29999998211860657, 0.19999991357326508, 0.1000002771615982, 0.0, 0.8974173069000244, 0.8972600102424622, 0.8973161578178406, 0.8968373537063599, 0.7967177629470825, 0.0]","[0.16022393107414246, 0.15307678282260895, 0.038329869508743286, 0.9940863847732544, -0.8592740893363953, 0.0801573321223259, 0.1001943051815033, 0.20663882791996002, -0.14393571019172668, 0.01595783233642578, 1.0093063116073608, 0.14588913321495056, 0.032340265810489655, -0.08997073024511337]","[286.0, 0.3000001907348633, 0.2999999523162842, 0.19999980926513672, 0.10000038146972656, 885.0]","[0.8974173069000244, 0.8972600102424622, 0.8973161578178406, 0.8968372344970703, 0.7967177629470825, 453.0]","[0.13158679008483887, 0.21983863413333893, -0.3066643476486206, 0.1404431313276291, -1.1858750581741333, -0.1829991191625595, 0.2932060658931732, -0.0011984225129708648, -0.4618840217590332, 0.09936121106147766, 0.027635622769594193, 0.19360515475273132, -0.4111548066139221, -0.7708972692489624, 0.30000001192092896, 0.29899999499320984, 0.29899999499320984, 0.19900000095367432, 1.0, 0.0, 0.8980000019073486, 0.8989999890327454, 0.8999999761581421, 0.8999999761581421, 0.8009999990463257, 0.0]","[0.07764361798763275, 0.29195094108581543, -0.2711459994316101, -0.08608724921941757, -1.1222566366195679, -0.3487328588962555, 0.22768622636795044, -0.10556597262620926, -0.4670692980289459, 0.08817793428897858, -0.01777074858546257, 0.13620267808437347, -0.47359415888786316, -0.7793892025947571, 0.30000001192092896, 0.30000001192092896, 0.30000001192092896, 0.20000000298023224, 0.10000000149011612, 0.0, 0.8999999761581421, 0.8999999761581421, 0.8999999761581421, 0.8999999761581421, 0.800000011920929, 0.0]"
133,133,133,0.016392097999414545,0.11178757100060466,True,"[0.17022393643856049, 0.15278688073158264, 0.03966778516769409, 1.0040863752365112, -0.8525817394256592, 0.09015733003616333, 0.09185908734798431, 0.2166508287191391, -0.13393570482730865, 0.025957832112908363, 1.0193182229995728, 0.13588912785053253, 0.04235225170850754, -0.07999470084905624]","[336.0, 2.0, 1.0, 4.0, 10.0, 935.0]","[2.0, 1.0, 0.0, 8.0, 0.0, 503.0]","[-0.015990374609827995, 0.1584462672472, 0.03195907175540924, 0.8551204204559326, -1.1640478372573853, -0.3494367301464081, 0.10124403238296509, -0.010566860437393188, -0.4497587978839874, 0.01843714714050293, 0.13622695207595825, 0.362674355506897, -0.35756850242614746, -0.44313520193099976, 0.30000025033950806, 0.30000022053718567, 0.29999998211860657, 0.1999998837709427, 0.1000003069639206, 0.0, 0.8983743190765381, 0.8981549739837646, 0.8982049822807312, 0.8978846073150635, 0.7977559566497803, 0.0]","[0.16022393107414246, 0.1584462672472, 0.03195907175540924, 0.9940863847732544, -0.862581729888916, 0.0801573321223259, 0.10124403238296509, 0.20665082335472107, -0.14393571019172668, 0.01843714714050293, 1.009318232536316, 0.14588913321495056, 0.032352253794670105, -0.08999469876289368]","[286.0, 0.3000001907348633, 0.2999999523162842, 0.19999980926513672, 0.10000038146972656, 885.0]","[0.8983743190765381, 0.8981549739837646, 0.8982049822807312, 0.8978843688964844, 0.7977559566497803, 453.0]","[0.12772786617279053, 0.21979069709777832, -0.30837807059288025, 0.14043115079402924, -1.1858510971069336, -0.1829511821269989, 0.2932060658931732, -0.00860467366874218, -0.4618840217590332, 0.09936121106147766, 0.028067056089639664, 0.1941085010766983, -0.40809881687164307, -0.7707534432411194, 0.30000001192092896, 0.29899999499320984, 0.29899999499320984, 0.19900000095367432, 1.0, 0.0, 0.8980000019073486, 0.8989999890327454, 0.8999999761581421, 0.8999999761581421, 0.8009999990463257, 0.0]","[0.07479017227888107, 0.29148927330970764, -0.27104276418685913, -0.08728956431150436, -1.121165156364441, -0.3457268476486206, 0.23048049211502075, -0.11385998129844666, -0.46593785285949707, 0.09176871925592422, -0.0129845617339015, 0.13265223801136017, -0.46754106879234314, -0.7774347066879272, 0.30000001192092896, 0.30000001192092896, 0.30000001192092896, 0.20000000298023224, 0.10000000149011612, 0.0, 0.7870588302612305, 0.7870588302612305, 0.7870588302612305, 0.7682352662086487, 0.6682353019714355, 0.0]"
134,134,134,0.020143099000051734,0.13420575400050438,True,"[0.1702478975057602, 0.15336212515830994, 0.03689942881464958, 1.0040624141693115, -0.8554819226264954, 0.09010939300060272, 0.0927099660038948, 0.2166508287191391, -0.13393570482730865, 0.026137595996260643, 1.0193182229995728, 0.13587714731693268, 0.042340267449617386, -0.0800066888332367]","[336.0, 2.0, 1.0, 4.0, 10.0, 935.0]","[2.0, 1.0, 0.0, 8.0, 0.0, 503.0]","[-0.01911288872361183, 0.15703411400318146, 0.030586928129196167, 0.8517347574234009, -1.1678959131240845, -0.35511887073516846, 0.10887423157691956, -0.007946610450744629, -0.4425284266471863, 0.01604437828063965, 0.16281455755233765, 0.3656425178050995, -0.3529163599014282, -0.4534059762954712, 0.30000025033950806, 0.30000022053718567, 0.29999998211860657, 0.1999998837709427, 0.10000031441450119, 0.0, 0.8956865072250366, 0.8954463005065918, 0.8954899311065674, 0.8947182893753052, 0.7946007251739502, 0.0]","[0.16024789214134216, 0.15703411400318146, 0.030586928129196167, 0.9940624237060547, -0.8654819130897522, 0.08010939508676529, 0.10270996391773224, 0.20665082335472107, -0.14393571019172668, 0.01613759621977806, 1.009318232536316, 0.1458771526813507, 0.032340265810489655, -0.09000668674707413]","[286.0, 0.3000001907348633, 0.2999999523162842, 0.19999980926513672, 0.10000038146972656, 885.0]","[0.8956865072250366, 0.8954463005065918, 0.8954899311065674, 0.8947181701660156, 0.7946007251739502, 453.0]","[0.12380903214216232, 0.21963489055633545, -0.30972030758857727, 0.14043115079402924, -1.1858750581741333, -0.18296316266059875, 0.29321804642677307, -0.018431738018989563, -0.4618360996246338, 0.09936121106147766, 0.029756831005215645, 0.19421635568141937, -0.4052945077419281, -0.7706815600395203, 0.30000001192092896, 0.29899999499320984, 0.29899999499320984, 0.19900000095367432, 1.0, 0.0, 0.8980000019073486, 0.8989999890327454, 0.8999999761581421, 0.8999999761581421, 0.8009999990463257, 0.0]","[0.07359477877616882, 0.29076844453811646, -0.27126801013946533, -0.08553049713373184, -1.1210519075393677, -0.3462980389595032, 0.2306848019361496, -0.11955876648426056, -0.46642470359802246, 0.09408381581306458, -0.007966630160808563, 0.13034279644489288, -0.462467223405838, -0.7734056711196899, 0.30000001192092896, 0.30000001192092896, 0.30000001192092896, 0.20000000298023224, 0.10000000149011612, 0.0, 0.5588235259056091, 0.5588235259056091, 0.5588235259056091, 0.5019607543945312, 0.4019607603549957, 0.0]"
135,135,135,0.010840513999937684,0.08937674700064235,True,"[0.17021195590496063, 0.1534460186958313, 0.0321776457130909, 1.0040743350982666, -0.8619054555892944, 0.09013336151838303, 0.0936087816953659, 0.21663883328437805, -0.13393570482730865, 0.02605370618402958, 1.0193063020706177, 0.13591310381889343, 0.042340267449617386, -0.08001866936683655]","[336.0, 2.0, 1.0, 4.0, 10.0, 935.0]","[2.0, 1.0, 0.0, 8.0, 0.0, 503.0]","[-0.02365964837372303, 0.15899257361888885, 0.023663118481636047, 0.8338696360588074, -1.1683088541030884, -0.35812222957611084, 0.10930243134498596, -0.014969319105148315, -0.4391833543777466, 0.017756253480911255, 0.17172440886497498, 0.36529675126075745, -0.35456764698028564, -0.4578622579574585, 0.30000025033950806, 0.30000022053718567, 0.29999998211860657, 0.1999998837709427, 0.10000031441450119, 0.0, 0.8936986923217773, 0.8934455513954163, 0.8934889435768127, 0.8923861384391785, 0.7922660708427429, 0.0]","[0.1602119505405426, 0.15899257361888885, 0.023663118481636047, 0.9940743446350098, -0.8719054460525513, 0.0801333636045456, 0.10360877960920334, 0.20663882791996002, -0.14393571019172668, 0.017756253480911255, 1.0093063116073608, 0.14591310918331146, 0.032340265810489655, -0.09001866728067398]","[286.0, 0.3000001907348633, 0.2999999523162842, 0.19999980926513672, 0.10000038146972656, 885.0]","[0.8936986923217773, 0.8934455513954163, 0.8934889435768127, 0.8923859596252441, 0.7922660708427429, 453.0]","[0.11956661194562912, 0.21952703595161438, -0.3112063705921173, 0.14041917026042938, -1.1858869791030884, -0.18296316266059875, 0.29319408535957336, -0.029589051380753517, -0.46191996335983276, 0.09936121106147766, 0.031434621661901474, 0.19422833621501923, -0.4008243978023529, -0.7704898118972778, 0.30000001192092896, 0.29899999499320984, 0.29899999499320984, 0.19900000095367432, 1.0, 0.0, 0.8980000019073486, 0.8989999890327454, 0.8999999761581421, 0.8999999761581421, 0.8009999990463257, 0.0]","[0.0741158276796341, 0.28977277874946594, -0.26984402537345886, -0.08360075950622559, -1.1199997663497925, -0.34461113810539246, 0.2303154617547989, -0.12370657175779343, -0.4676719009876251, 0.09510122239589691, -0.005082446150481701, 0.1271032840013504, -0.4584246277809143, -0.7694164514541626, 0.30000001192092896, 0.30000001192092896, 0.30000001192092896, 0.20000000298023224, 0.10000000149011612, 0.0, 0.3211764693260193, 0.3211764693260193, 0.3211764693260193, 0.22470587491989136, 0.12470588088035583, 0.0]"
136,136,136,0.010343829999328591,0.1066536130001623,True,"[0.17021195590496063, 0.15355387330055237, 0.028666267171502113, 1.0040743350982666, -0.868293046951294, 0.09012137353420258, 0.09419600665569305, 0.21663883328437805, -0.1339476853609085, 0.02611362747848034, 1.0193182229995728, 0.13588912785053253, 0.042340267449617386, -0.0800066888332367]","[336.0, 2.0, 1.0, 4.0, 10.0, 935.0]","[2.0, 1.0, 0.0, 8.0, 0.0, 503.0]","[-0.03378749266266823, 0.1607423573732376, 0.022201478481292725, 0.8342668414115906, -1.1728570461273193, -0.3497908115386963, 0.11384153366088867, -0.03899282217025757, -0.44474777579307556, 0.0192643404006958, 0.14365723729133606, 0.37064817547798157, -0.3587018847465515, -0.46369874477386475, 0.30000022053718567, 0.30000028014183044, 0.2999999523162842, 0.1999998241662979, 0.10000038892030716, 0.0, 0.8841047286987305, 0.8836709260940552, 0.8836969137191772, 0.8809983730316162, 0.780853807926178, 0.0]","[0.1602119505405426, 0.1607423573732376, 0.022201478481292725, 0.9940743446350098, -0.8782930374145508, 0.08012137562036514, 0.10419600456953049, 0.20663882791996002, -0.14394769072532654, 0.0192643404006958, 1.009318232536316, 0.14588913321495056, 0.032340265810489655, -0.09000668674707413]","[286.0, 0.30000030994415283, 0.2999999523162842, 0.19999980926513672, 0.10000038146972656, 885.0]","[0.8841047286987305, 0.8836709260940552, 0.8836969137191772, 0.8809986114501953, 0.780853807926178, 453.0]","[0.1167503222823143, 0.21867616474628448, -0.3122849464416504, 0.14043115079402924, -1.185910940170288, -0.18296316266059875, 0.29319408535957336, -0.03538941591978073, -0.46189600229263306, 0.10037986934185028, 0.0337236113846302, 0.19421635568141937, -0.3987990617752075, -0.7688959240913391, 0.30000001192092896, 0.29899999499320984, 0.29899999499320984, 0.19900000095367432, 1.0, 0.0, 0.8980000019073486, 0.8989999890327454, 0.8999999761581421, 0.8999999761581421, 0.8009999990463257, 0.0]","[0.07445412129163742, 0.28965964913368225, -0.2688659429550171, -0.08309827744960785, -1.1199512481689453, -0.342642605304718, 0.23088498413562775, -0.12556712329387665, -0.4675917625427246, 0.09562435746192932, -0.003763355314731598, 0.12551100552082062, -0.45922455191612244, -0.7673038244247437, 0.30000001192092896, 0.30000001192092896, 0.30000001192092896, 0.20000000298023224, 0.10000000149011612, 0.0, 0.30000001192092896, 0.30000001192092896, 0.30000001192092896, 0.20000000298023224, 0.10000000149011612, 0.0]"
137,137,137,0.011835797999083297,0.10935385500124539,True,"[0.17021195590496063, 0.15388943254947662, 0.027539748698472977, 1.0040863752365112, -0.8713969588279724, 0.09013336151838303, 0.09519070386886597, 0.2166508287191391, -0.13393570482730865, 0.026329342275857925, 1.0193063020706177, 0.13587714731693268, 0.042340267449617386, -0.080030657351017]","[336.0, 2.0, 1.0, 4.0, 10.0, 935.0]","[2.0, 1.0, 0.0, 8.0, 0.0, 503.0]","[-0.03839220851659775, 0.16314685344696045, 0.013839751482009888, 0.8137691020965576, -1.1714287996292114, -0.3527435064315796, 0.11194178462028503, -0.04447111487388611, -0.4425651431083679, 0.022747129201889038, 0.16879478096961975, 0.36570125818252563, -0.3582875728607178, -0.4648260474205017, 0.30000022053718567, 0.30000028014183044, 0.2999999523162842, 0.1999998241662979, 0.10000038892030716, 0.0, 0.8887462615966797, 0.8883164525032043, 0.8883386850357056, 0.8864202499389648, 0.7862737774848938, 0.0]","[0.1602119505405426, 0.16314685344696045, 0.017539748921990395, 0.9940863847732544, -0.8813969492912292, 0.0801333636045456, 0.1051907017827034, 0.20665082335472107, -0.14393571019172668, 0.022747129201889038, 1.0093063116073608, 0.1458771526813507, 0.032340265810489655, -0.09003065526485443]","[286.0, 0.30000030994415283, 0.2999999523162842, 0.19999980926513672, 0.10000038146972656, 885.0]","[0.8887462615966797, 0.8883164525032043, 0.8883386850357056, 0.8864202499389648, 0.7862737774848938, 453.0]","[0.11476094275712967, 0.21504493057727814, -0.31229692697525024, 0.1404431313276291, -1.185910940170288, -0.18296316266059875, 0.2932300269603729, -0.0381937250494957, -0.46187204122543335, 0.10235726833343506, 0.03618037700653076, 0.19416841864585876, -0.3977324664592743, -0.7675297260284424, 0.30000001192092896, 0.29899999499320984, 0.29899999499320984, 0.19900000095367432, 1.0, 0.0, 0.8859999775886536, 0.890999972820282, 0.890999972820282, 0.8880000114440918, 0.7910000085830688, 0.0]","[0.07493766397237778, 0.2892315983772278, -0.26678839325904846, -0.08402466028928757, -1.1185758113861084, -0.33876681327819824, 0.2318153977394104, -0.12662695348262787, -0.4672083556652069, 0.09622006118297577, -0.0020963423885405064, 0.12444201856851578, -0.46093952655792236, -0.7667520642280579, 0.30000001192092896, 0.30000001192092896, 0.30000001192092896, 0.20000000298023224, 0.10000000149011612, 0.0, 0.30000001192092896, 0.30000001192092896, 0.30000001192092896, 0.20000000298023224, 0.10000000149011612, 0.0]"
138,138,138,0.016669677001118544,0.13207377099934092,True,"[0.17018797993659973, 0.15535150468349457, 0.024100277572870255, 1.0040624141693115, -0.8741773366928101, 0.09010939300060272, 0.09829461574554443, 0.2166508287191391, -0.13393570482730865, 0.02762363851070404, 1.0193063020706177, 0.13588912785053253, 0.04235225170850754, -0.08010256290435791]","[336.0, 2.0, 1.0, 4.0, 10.0, 935.0]","[2.0, 1.0, 0.0, 8.0, 0.0, 503.0]","[-0.04625968635082245, 0.16528160870075226, 0.009555310010910034, 0.8123775124549866, -1.16957426071167, -0.3547213673591614, 0.12085956335067749, -0.05952507257461548, -0.4429619312286377, 0.026009708642959595, 0.18217504024505615, 0.37167608737945557, -0.3543797433376312, -0.46719688177108765, 0.30000022053718567, 0.30000028014183044, 0.2999999523162842, 0.1999998241662979, 0.10000038892030716, 0.0, 0.8883199691772461, 0.8878910541534424, 0.8879185914993286, 0.8859198093414307, 0.7857822179794312, 0.0]","[0.1601879745721817, 0.16528160870075226, 0.014100277796387672, 0.9940624237060547, -0.8841773271560669, 0.08010939508676529, 0.10829461365938187, 0.20665082335472107, -0.14393571019172668, 0.026009708642959595, 1.0093063116073608, 0.14588913321495056, 0.032352253794670105, -0.09010256081819534]","[286.0, 0.30000030994415283, 0.2999999523162842, 0.19999980926513672, 0.10000038146972656, 885.0]","[0.8883199691772461, 0.8878910541534424, 0.8879185914993286, 0.8859195709228516, 0.7857822179794312, 453.0]","[0.11464110016822815, 0.2130555510520935, -0.3124886751174927, 0.14040718972682953, -1.1857432126998901, -0.18293920159339905, 0.29321804642677307, -0.04038684070110321, -0.4618840217590332, 0.10694722831249237, 0.039631832391023636, 0.1940845251083374, -0.39659395813941956, -0.7669305205345154, 0.30000001192092896, 0.29899999499320984, 0.29899999499320984, 0.19900000095367432, 1.0, 0.0, 0.8360000252723694, 0.8460000157356262, 0.847000002861023, 0.8450000286102295, 0.7549999952316284, 0.0]","[0.07622247189283371, 0.28944432735443115, -0.26445332169532776, -0.08393116295337677, -1.1167659759521484, -0.33536794781684875, 0.230998694896698, -0.1277574598789215, -0.4662409722805023, 0.095183826982975, -0.0018496328266337514, 0.12346090376377106, -0.4602033495903015, -0.7661864757537842, 0.30000001192092896, 0.30000001192092896, 0.30000001192092896, 0.20000000298023224, 0.10000000149011612, 0.0, 0.30000001192092896, 0.30000001192092896, 0.30000001192092896, 0.20000000298023224, 0.10000000149011612, 0.0]"
139,139,139,0.004732154999146587,0.08961051699952804,True,"[0.17011608183383942, 0.1561664342880249, 0.019222697243094444, 1.0040383338928223, -0.8769217133522034, 0.09009740501642227, 0.10845723748207092, 0.21663883328437805, -0.13395966589450836, 0.028929919004440308, 1.0193063020706177, 0.13587714731693268, 0.04235225170850754, -0.08012653142213821]","[336.0, 2.0, 1.0, 4.0, 10.0, 935.0]","[2.0, 1.0, 0.0, 8.0, 0.0, 503.0]","[-0.05359945073723793, 0.16273769736289978, 0.009645730257034302, 0.82314133644104, -1.1693577766418457, -0.35677677392959595, 0.12060195207595825, -0.07347714900970459, -0.44068390130996704, 0.023017913103103638, 0.16784772276878357, 0.3788383901119232, -0.3510017991065979, -0.46853935718536377, 0.30000022053718567, 0.30000028014183044, 0.2999999523162842, 0.1999998241662979, 0.10000040382146835, 0.0, 0.8830158710479736, 0.8825557231903076, 0.8825857639312744, 0.8797132968902588, 0.7795518636703491, 0.0]","[0.1601160764694214, 0.16273769736289978, 0.009645730257034302, 0.9940383434295654, -0.8869217038154602, 0.08009740710258484, 0.11845723539590836, 0.20663882791996002, -0.1439596712589264, 0.023017913103103638, 1.0093063116073608, 0.1458771526813507, 0.032352253794670105, -0.09012652933597565]","[286.0, 0.30000030994415283, 0.2999999523162842, 0.19999980926513672, 0.10000038146972656, 885.0]","[0.8830158710479736, 0.8825557231903076, 0.8825857639312744, 0.8797130584716797, 0.7795518636703491, 453.0]","[0.11444935202598572, 0.21301960945129395, -0.3125605881214142, 0.1404431313276291, -1.1856952905654907, -0.1829511821269989, 0.2932420074939728, -0.04295146465301514, -0.4618121087551117, 0.11027883738279343, 0.04198073968291283, 0.1940126270055771, -0.3954075276851654, -0.7667747139930725, 0.30000001192092896, 0.29899999499320984, 0.29899999499320984, 0.19900000095367432, 1.0, 0.0, 0.8360000252723694, 0.8460000157356262, 0.847000002861023, 0.8450000286102295, 0.7549999952316284, 0.0]","[0.07654435187578201, 0.290061354637146, -0.2623951733112335, -0.08392223715782166, -1.1160848140716553, -0.33213701844215393, 0.22993402183055878, -0.12737417221069336, -0.4647398293018341, 0.09418153017759323, -0.0019728336483240128, 0.12401483207941055, -0.462386816740036, -0.7666579484939575, 0.30000001192092896, 0.30000001192092896, 0.30000001192092896, 0.20000000298023224, 0.10000000149011612, 0.0, 0.30000001192092896, 0.30000001192092896, 0.30000001192092896, 0.20000000298023224, 0.10000000149011612, 0.0]"
140,140,140,0.009814351999011706,0.10596968000027118,True,"[0.16996027529239655, 0.1567656546831131, 0.014860439114272594, 1.0039664506912231, -0.8839204907417297, 0.09007343649864197, 0.11274759471416473, 0.21659089624881744, -0.13393570482730865, 0.029205556958913803, 1.0193063020706177, 0.13591310381889343, 0.042340267449617386, -0.08012653142213821]","[336.0, 2.0, 1.0, 4.0, 10.0, 935.0]","[2.0, 1.0, 0.0, 8.0, 0.0, 503.0]","[-0.05729508772492409, 0.1651148498058319, 0.0038054287433624268, 0.8109539747238159, -1.1696118116378784, -0.35618773102760315, 0.12301990389823914, -0.07773497700691223, -0.4412382245063782, 0.028628677129745483, 0.17983245849609375, 0.3757002353668213, -0.3532840609550476, -0.47191208600997925, 0.30000022053718567, 0.30000028014183044, 0.2999999523162842, 0.1999998241662979, 0.10000041127204895, 0.0, 0.8849778175354004, 0.8845070004463196, 0.8845329880714417, 0.8819793462753296, 0.7818319797515869, 0.0]","[0.15996026992797852, 0.1651148498058319, 0.004860439337790012, 0.9939664602279663, -0.8939204812049866, 0.08007343858480453, 0.12274759262800217, 0.20659089088439941, -0.14393571019172668, 0.028628677129745483, 1.0093063116073608, 0.14591310918331146, 0.032340265810489655, -0.09012652933597565]","[286.0, 0.30000030994415283, 0.2999999523162842, 0.19999980926513672, 0.10000038146972656, 885.0]","[0.8849778175354004, 0.8845070004463196, 0.8845329880714417, 0.8819794654846191, 0.7818319797515869, 453.0]","[0.11447332054376602, 0.2130315899848938, -0.3124766945838928, 0.14043115079402924, -1.1857072114944458, -0.18293920159339905, 0.2932300269603729, -0.045156560838222504, -0.461788147687912, 0.11441339552402496, 0.04231629893183708, 0.19404856860637665, -0.3934660851955414, -0.7666788101196289, 0.30000001192092896, 0.29899999499320984, 0.29899999499320984, 0.19900000095367432, 1.0, 0.0, 0.8009999990463257, 0.8140000104904175, 0.8109999895095825, 0.8119999766349792, 0.7269999980926514, 0.0]","[0.07650823891162872, 0.28959420323371887, -0.2618359327316284, -0.08346614986658096, -1.1140064001083374, -0.3306179344654083, 0.22900694608688354, -0.12719152867794037, -0.46258750557899475, 0.09368009865283966, -0.0034032678231596947, 0.12306264042854309, -0.4638783931732178, -0.7672208547592163, 0.30000001192092896, 0.30000001192092896, 0.30000001192092896, 0.20000000298023224, 0.10000000149011612, 0.0, 0.30000001192092896, 0.30000001192092896, 0.30000001192092896, 0.20000000298023224, 0.10000000149011612, 0.0]"
141,141,141,0.01187794399993436,0.1032958449995931,True,"[0.16992433369159698, 0.15672969818115234, 0.008592689409852028, 1.0039664506912231, -0.8899245858192444, 0.09007343649864197, 0.11479689180850983, 0.21659089624881744, -0.13395966589450836, 0.030427947640419006, 1.0193063020706177, 0.13588912785053253, 0.04235225170850754, -0.08023438602685928]","[336.0, 2.0, 1.0, 5.0, 10.0, 935.0]","[2.0, 1.0, 0.0, 8.0, 0.0, 503.0]","[-0.05272394046187401, 0.16372033953666687, 0.0037500709295272827, 0.8046494722366333, -1.1683214902877808, -0.36119335889816284, 0.1250174343585968, -0.06790828704833984, -0.43794742226600647, 0.02687731385231018, 0.21500477194786072, 0.37081819772720337, -0.34610146284103394, -0.4785372018814087, 0.30000022053718567, 0.30000025033950806, 0.2999999523162842, 0.1999998688697815, 0.10000035911798477, 0.0, 0.8869966268539429, 0.8866307735443115, 0.8866653442382812, 0.8844426274299622, 0.7843201160430908, 0.0]","[0.15992432832717896, 0.16372033953666687, 0.0037500709295272827, 0.9939664602279663, -0.8999245762825012, 0.08007343858480453, 0.12479688972234726, 0.20659089088439941, -0.1439596712589264, 0.02687731385231018, 1.0093063116073608, 0.14588913321495056, 0.032352253794670105, -0.09023438394069672]","[286.0, 0.3000001907348633, 0.2999999523162842, 0.19999980926513672, 0.10000038146972656, 885.0]","[0.8869966268539429, 0.8866307735443115, 0.8866653442382812, 0.8844428062438965, 0.7843201160430908, 453.0]","[0.11371831595897675, 0.21279190480709076, -0.31250065565109253, 0.14043115079402924, -1.1857192516326904, -0.18291522562503815, 0.29321804642677307, -0.04574378952383995, -0.4613087773323059, 0.11701397597789764, 0.04235225170850754, 0.1940845251083374, -0.3931065499782562, -0.7666308879852295, 0.30000001192092896, 0.29899999499320984, 0.29899999499320984, 0.19900000095367432, 1.0, 0.0, 0.7009999752044678, 0.718999981880188, 0.7179999947547913, 0.7200000286102295, 0.6499999761581421, 0.0]","[0.0797366127371788, 0.2893814742565155, -0.25872883200645447, -0.08390039205551147, -1.1132875680923462, -0.32673370838165283, 0.22557875514030457, -0.12475328147411346, -0.4614858329296112, 0.09207073599100113, -0.005766271147876978, 0.12239497154951096, -0.46436238288879395, -0.7671838402748108, 0.30000001192092896, 0.30000001192092896, 0.30000001192092896, 0.20000000298023224, 0.10000000149011612, 0.0, 0.30000001192092896, 0.30000001192092896, 0.30000001192092896, 0.20000000298023224, 0.10000000149011612, 0.0]"
142,142,142,0.011626685000010184,0.11266235299990512,True,"[0.16991233825683594, 0.15682557225227356, 0.007142598275095224, 1.0039664506912231, -0.8941550254821777, 0.09007343649864197, 0.11740945279598236, 0.21659089624881744, -0.1339476853609085, 0.031063111498951912, 1.0193063020706177, 0.1359250843524933, 0.04236423596739769, -0.08023438602685928]","[336.0, 2.0, 1.0, 4.0, 10.0, 935.0]","[2.0, 1.0, 0.0, 8.0, 0.0, 503.0]","[-0.06113691255450249, 0.16441185772418976, 0.0023767203092575073, 0.8022645711898804, -1.1669068336486816, -0.35673877596855164, 0.12465375661849976, -0.07939821481704712, -0.434551477432251, 0.023608088493347168, 0.21656101942062378, 0.37734454870224, -0.34655284881591797, -0.46927547454833984, 0.30000022053718567, 0.30000028014183044, 0.2999999523162842, 0.1999998241662979, 0.10000040382146835, 0.0, 0.8929831385612488, 0.8925278782844543, 0.8925546407699585, 0.8913324475288391, 0.7911891341209412, 0.0]","[0.1599123328924179, 0.16441185772418976, 0.0023767203092575073, 0.9939664602279663, -0.9041550159454346, 0.08007343858480453, 0.12465375661849976, 0.20659089088439941, -0.14394769072532654, 0.023608088493347168, 1.0093063116073608, 0.14592508971691132, 0.03236423432826996, -0.09023438394069672]","[286.0, 0.30000030994415283, 0.2999999523162842, 0.19999980926513672, 0.10000038146972656, 885.0]","[0.8929831981658936, 0.8925278782844543, 0.8925546407699585, 0.8913326263427734, 0.7911891341209412, 453.0]","[0.11186075955629349, 0.21234849095344543, -0.31250065565109253, 0.14040718972682953, -1.1857192516326904, -0.18286728858947754, 0.29321804642677307, -0.04609132930636406, -0.4604698717594147, 0.11703794449567795, 0.042460110038518906, 0.193760946393013, -0.39193210005760193, -0.7667627334594727, 0.30000001192092896, 0.29899999499320984, 0.29899999499320984, 0.19900000095367432, 1.0, 0.0, 0.7009999752044678, 0.718999981880188, 0.7179999947547913, 0.7200000286102295, 0.6499999761581421, 0.0]","[0.08216511458158493, 0.2900988459587097, -0.2581779658794403, -0.0830153301358223, -1.1142668724060059, -0.3266894817352295, 0.22218488156795502, -0.12270515412092209, -0.46050944924354553, 0.09021935611963272, -0.006953348871320486, 0.12088366597890854, -0.4642722010612488, -0.7676401138305664, 0.30000001192092896, 0.30000001192092896, 0.30000001192092896, 0.20000000298023224, 0.10000000149011612, 0.0, 0.30000001192092896, 0.30000001192092896, 0.30000001192092896, 0.20000000298023224, 0.10000000149011612, 0.0]"
143,143,143,0.01405905600040569,0.10306603100070788,True,"[0.16992433369159698, 0.15682557225227356, 0.00529702752828598, 1.0039424896240234, -0.8988408446311951, 0.09007343649864197, 0.1185719221830368, 0.21659089624881744, -0.13393570482730865, 0.030403979122638702, 1.0193063020706177, 0.135949045419693, 0.04235225170850754, -0.08025835454463959]","[336.0, 2.0, 1.0, 4.0, 10.0, 935.0]","[2.0, 1.0, 0.0, 8.0, 0.0, 503.0]","[-0.07411321997642517, 0.16931366920471191, -0.0004825294017791748, 0.8013596534729004, -1.1687804460525513, -0.35631680488586426, 0.13088905811309814, -0.11959095299243927, -0.4454253017902374, 0.025589555501937866, 0.17404305934906006, 0.3777186870574951, -0.35202568769454956, -0.4856742024421692, 0.3000001907348633, 0.30000028014183044, 0.2999999523162842, 0.1999998241662979, 0.10000043362379074, 0.0, 0.8839346766471863, 0.883431613445282, 0.8834561705589294, 0.88072669506073, 0.7805818319320679, 0.0]","[0.15992432832717896, 0.1668255776166916, -0.0004825294017791748, 0.9939424991607666, -0.9088408350944519, 0.08007343858480453, 0.12857192754745483, 0.20659089088439941, -0.14393571019172668, 0.025589555501937866, 1.0093063116073608, 0.14594905078411102, 0.032352253794670105, -0.09025835245847702]","[286.0, 0.30000030994415283, 0.2999999523162842, 0.19999980926513672, 0.10000038146972656, 885.0]","[0.883934736251831, 0.883431613445282, 0.8834561705589294, 0.8807268142700195, 0.7805818319320679, 453.0]","[0.11072225868701935, 0.21234849095344543, -0.31250065565109253, 0.14040718972682953, -1.1857192516326904, -0.18285530805587769, 0.2931820750236511, -0.046067360788583755, -0.46055376529693604, 0.11477292329072952, 0.04399409145116806, 0.19427627325057983, -0.3890918493270874, -0.7668106555938721, 0.30000001192092896, 0.29899999499320984, 0.29899999499320984, 0.19900000095367432, 1.0, 0.0, 0.7009999752044678, 0.718999981880188, 0.7179999947547913, 0.7200000286102295, 0.6069999933242798, 0.0]","[0.08290722221136093, 0.29045340418815613, -0.2570541203022003, -0.08145804703235626, -1.1142847537994385, -0.32506728172302246, 0.2204706370830536, -0.12026534229516983, -0.46024662256240845, 0.08954241126775742, -0.005737795494496822, 0.12040647119283676, -0.4670434892177582, -0.7673065662384033, 0.30000001192092896, 0.30000001192092896, 0.30000001192092896, 0.20000000298023224, 0.10000000149011612, 0.0, 0.30000001192092896, 0.30000001192092896, 0.30000001192092896, 0.20000000298023224, 0.10000000149011612, 0.0]"
144,144,144,0.015153312999245827,0.11098531100105902,True,"[0.16986440122127533, 0.15720906853675842, 0.002996056340634823, 1.0039424896240234, -0.9055879712104797, 0.09008542448282242, 0.12181965261697769, 0.21659089624881744, -0.13393570482730865, 0.030523821711540222, 1.019294261932373, 0.13591310381889343, 0.042340267449617386, -0.08027034252882004]","[336.0, 2.0, 1.0, 4.0, 10.0, 935.0]","[2.0, 1.0, 0.0, 8.0, 0.0, 503.0]","[-0.08540385961532593, 0.1690460443496704, -0.006316088140010834, 0.7974163293838501, -1.1661505699157715, -0.3588067889213562, 0.13129785656929016, -0.1256529986858368, -0.4370046854019165, 0.021273255348205566, 0.2246387004852295, 0.393692284822464, -0.342940092086792, -0.4799707531929016, 0.30000022053718567, 0.30000028014183044, 0.2999999225139618, 0.1999998241662979, 0.10000043362379074, 0.0, 0.8866906762123108, 0.8861992359161377, 0.8862217664718628, 0.8839520812034607, 0.7838112115859985, 0.0]","[0.1598643958568573, 0.16720907390117645, -0.006316088140010834, 0.9939424991607666, -0.9155879616737366, 0.08008542656898499, 0.13129785656929016, 0.20659089088439941, -0.14393571019172668, 0.021273255348205566, 1.0092942714691162, 0.14591310918331146, 0.032340265810489655, -0.09027034044265747]","[286.0, 0.30000030994415283, 0.2999999523162842, 0.19999980926513672, 0.10000038146972656, 885.0]","[0.886690616607666, 0.8861992359161377, 0.8862217664718628, 0.8839521408081055, 0.7838112115859985, 453.0]","[0.11079416424036026, 0.2123364955186844, -0.31250065565109253, 0.14043115079402924, -1.1857432126998901, -0.18283134698867798, 0.2931820750236511, -0.04607934504747391, -0.460589736700058, 0.11383815854787827, 0.04891960695385933, 0.19427627325057983, -0.385951966047287, -0.7667507529258728, 0.30000001192092896, 0.29899999499320984, 0.29899999499320984, 0.19900000095367432, 1.0, 0.0, 0.5260000228881836, 0.5619999766349792, 0.5540000200271606, 0.5659999847412109, 0.5529999732971191, 0.0]","[0.08354569226503372, 0.29028621315956116, -0.25438299775123596, -0.08481021970510483, -1.1129504442214966, -0.32037097215652466, 0.22110652923583984, -0.11958407610654831, -0.45937204360961914, 0.08652694523334503, -0.007561966776847839, 0.12096591293811798, -0.46967998147010803, -0.7640787959098816, 0.30000001192092896, 0.30000001192092896, 0.30000001192092896, 0.20000000298023224, 0.10000000149011612, 0.0, 0.30000001192092896, 0.30000001192092896, 0.30000001192092896, 0.20000000298023224, 0.10000000149011612, 0.0]"
145,145,145,0.011593680999794742,0.09629107599903364,True,"[0.16986440122127533, 0.15800002217292786, -0.00011984225420746952, 1.0039305686950684, -0.9107412099838257, 0.0900135189294815, 0.12953749299049377, 0.2166268527507782, -0.1339476853609085, 0.02961301989853382, 1.0193182229995728, 0.13593706488609314, 0.04235225170850754, -0.08027034252882004]","[336.0, 2.0, 1.0, 4.0, 10.0, 935.0]","[2.0, 1.0, 0.0, 8.0, 0.0, 503.0]","[-0.08616657555103302, 0.1689489334821701, -0.005351953208446503, 0.7939540147781372, -1.1704202890396118, -0.3633001446723938, 0.13194337487220764, -0.1362898051738739, -0.438081830739975, 0.020667850971221924, 0.1917046159505844, 0.38856303691864014, -0.3459968566894531, -0.49534517526626587, 0.3000001907348633, 0.30000025033950806, 0.2999999523162842, 0.1999998539686203, 0.10000042617321014, 0.0, 0.87738436460495, 0.8769096732139587, 0.8769327402114868, 0.8731159567832947, 0.7729817628860474, 0.0]","[0.1598643958568573, 0.1680000275373459, -0.005351953208446503, 0.9939305782318115, -0.9207412004470825, 0.08001352101564407, 0.13194337487220764, 0.20662684738636017, -0.14394769072532654, 0.020667850971221924, 1.009318232536316, 0.14593707025051117, 0.032352253794670105, -0.09027034044265747]","[286.0, 0.3000001907348633, 0.2999999523162842, 0.19999980926513672, 0.10000038146972656, 885.0]","[0.8773844242095947, 0.8769096732139587, 0.8769327402114868, 0.8731160163879395, 0.7729817628860474, 453.0]","[0.11127353459596634, 0.21230055391788483, -0.3124886751174927, 0.14038321375846863, -1.1857311725616455, -0.18277141451835632, 0.29319408535957336, -0.04583965986967087, -0.4602302014827728, 0.11618706583976746, 0.051064785569906235, 0.19426429271697998, -0.38603585958480835, -0.7665709853172302, 0.30000001192092896, 0.29899999499320984, 0.29899999499320984, 0.19900000095367432, 1.0, 0.0, 0.5260000228881836, 0.5619999766349792, 0.5540000200271606, 0.5659999847412109, 0.5529999732971191, 0.0]","[0.08092857897281647, 0.2907997965812683, -0.2542211413383484, -0.08598439395427704, -1.1120325326919556, -0.3183443546295166, 0.22414763271808624, -0.12291806936264038, -0.45876064896583557, 0.08568510413169861, -0.008582867681980133, 0.12010492384433746, -0.46687984466552734, -0.7659003734588623, 0.30000001192092896, 0.30000001192092896, 0.30000001192092896, 0.20000000298023224, 0.10000000149011612, 0.0, 0.30000001192092896, 0.30000001192092896, 0.30000001192092896, 0.20000000298023224, 0.10000000149011612, 0.0]"
146,146,146,0.013193094000598649,0.11108166899975913,True,"[0.16986440122127533, 0.1583355814218521, -0.0019174760673195124, 1.0039185285568237, -0.9144083857536316, 0.09004946798086166, 0.12980113923549652, 0.21653097867965698, -0.1339476853609085, 0.028977856040000916, 1.019294261932373, 0.1359250843524933, 0.04235225170850754, -0.08029431104660034]","[336.0, 2.0, 1.0, 4.0, 10.0, 935.0]","[2.0, 1.0, 0.0, 8.0, 0.0, 503.0]","[-0.08991649746894836, 0.17065280675888062, -0.010729126632213593, 0.7990865707397461, -1.164907693862915, -0.36350950598716736, 0.14205560088157654, -0.14384666085243225, -0.44094356894493103, 0.02413228154182434, 0.22356027364730835, 0.395282506942749, -0.3353542685508728, -0.4951537251472473, 0.3000001907348633, 0.30000028014183044, 0.2999999225139618, 0.1999998390674591, 0.10000043362379074, 0.0, 0.8789241313934326, 0.8784253001213074, 0.8784457445144653, 0.8748713731765747, 0.7747549414634705, 0.0]","[0.1598643958568573, 0.16833558678627014, -0.010729126632213593, 0.9939185380935669, -0.9244083762168884, 0.08004947006702423, 0.13980114459991455, 0.20653097331523895, -0.14394769072532654, 0.02413228154182434, 1.0092942714691162, 0.14592508971691132, 0.032352253794670105, -0.09029430896043777]","[286.0, 0.30000030994415283, 0.2999999523162842, 0.19999980926513672, 0.10000038146972656, 885.0]","[0.8789241313934326, 0.8784253001213074, 0.8784457445144653, 0.8748712539672852, 0.7747549414634705, 453.0]","[0.11146527528762817, 0.21232451498508453, -0.3124886751174927, 0.14041917026042938, -1.1857432126998901, -0.18277141451835632, 0.29321804642677307, -0.04718189314007759, -0.458612322807312, 0.11774501204490662, 0.05093295872211456, 0.19262245297431946, -0.38668301701545715, -0.7660316824913025, 0.30000001192092896, 0.29899999499320984, 0.29899999499320984, 0.19900000095367432, 1.0, 0.0, 0.42800000309944153, 0.453000009059906, 0.44699999690055847, 0.46000000834465027, 0.5619999766349792, 0.0020000000949949026]","[0.07998134940862656, 0.2895932197570801, -0.25391507148742676, -0.08370181918144226, -1.1110035181045532, -0.31885242462158203, 0.22468917071819305, -0.12359495460987091, -0.45757734775543213, 0.08457941561937332, -0.007270289119333029, 0.1193280816078186, -0.4671248495578766, -0.7663113474845886, 0.30000001192092896, 0.30000001192092896, 0.30000001192092896, 0.20000000298023224, 0.10000000149011612, 0.0, 0.30000001192092896, 0.30000001192092896, 0.30000001192092896, 0.20000000298023224, 0.10000000149011612, 0.0]"
147,147,147,0.011710675000358606,0.10815747099877626,True,"[0.1696486920118332, 0.15885090827941895, -0.004865595605224371, 1.003882646560669, -0.9181234836578369, 0.0900135189294815, 0.13326458632946014, 0.21649502217769623, -0.1339476853609085, 0.029169604182243347, 1.0193063020706177, 0.13593706488609314, 0.042340267449617386, -0.08036621659994125]","[336.0, 2.0, 1.0, 4.0, 10.0, 935.0]","[2.0, 1.0, 0.0, 8.0, 0.0, 503.0]","[-0.09127626568078995, 0.17214196920394897, -0.015219807624816895, 0.7822588682174683, -1.1729111671447754, -0.3635055124759674, 0.1377655267715454, -0.1556919813156128, -0.44119125604629517, 0.02510872483253479, 0.19160601496696472, 0.39249929785728455, -0.3427080810070038, -0.5097227096557617, 0.3000001907348633, 0.30000030994415283, 0.2999999225139618, 0.19999979436397552, 0.10000047832727432, 0.0, 0.8618541359901428, 0.8612580299377441, 0.8612634539604187, 0.8548556566238403, 0.7547289729118347, 0.0]","[0.15964868664741516, 0.16885091364383698, -0.01486559584736824, 0.9938826560974121, -0.9281234741210938, 0.08001352101564407, 0.1377655267715454, 0.2064950168132782, -0.14394769072532654, 0.02510872483253479, 1.0093063116073608, 0.14593707025051117, 0.032340265810489655, -0.09036621451377869]","[286.0, 0.30000030994415283, 0.2999999523162842, 0.19999980926513672, 0.10000038146972656, 885.0]","[0.861854076385498, 0.8612580299377441, 0.8612634539604187, 0.8548555374145508, 0.7547289729118347, 453.0]","[0.11128551512956619, 0.21224063634872437, -0.3124886751174927, 0.14040718972682953, -1.1857311725616455, -0.18274745345115662, 0.2931820750236511, -0.049974218010902405, -0.4562873840332031, 0.1173495352268219, 0.05120859295129776, 0.19237078726291656, -0.38516101241111755, -0.7660915851593018, 0.30000001192092896, 0.29899999499320984, 0.29899999499320984, 0.19900000095367432, 1.0, 0.0, 0.42800000309944153, 0.453000009059906, 0.44699999690055847, 0.46000000834465027, 0.5619999766349792, 0.0020000000949949026]","[0.08175314962863922, 0.29003962874412537, -0.2524086833000183, -0.08321381360292435, -1.1116849184036255, -0.3167414367198944, 0.22393570840358734, -0.12348305433988571, -0.45527511835098267, 0.08330637216567993, -0.004593410063534975, 0.11789783090353012, -0.4657829701900482, -0.7664650082588196, 0.30000001192092896, 0.30000001192092896, 0.30000001192092896, 0.20000000298023224, 0.10000000149011612, 0.0, 0.30000001192092896, 0.30000001192092896, 0.30000001192092896, 0.20000000298023224, 0.10000000149011612, 0.0]"
148,148,148,0.010610535000523669,0.12059452299945406,True,"[0.1696486920118332, 0.15907861292362213, -0.009455553255975246, 1.0038706064224243, -0.9235523343086243, 0.0899895504117012, 0.13361212611198425, 0.21650701761245728, -0.1339476853609085, 0.02930143103003502, 1.019282341003418, 0.1359730213880539, 0.04235225170850754, -0.08036621659994125]","[336.0, 2.0, 1.0, 4.0, 10.0, 935.0]","[2.0, 1.0, 0.0, 8.0, 0.0, 503.0]","[-0.10289891064167023, 0.1722079962491989, -0.018926993012428284, 0.7886707782745361, -1.1672910451889038, -0.36132723093032837, 0.13868778944015503, -0.17327745258808136, -0.44456785917282104, 0.025110214948654175, 0.2104654610157013, 0.4055519104003906, -0.33404380083084106, -0.4972562789916992, 0.3000001907348633, 0.30000028014183044, 0.2999999523162842, 0.1999998390674591, 0.10000044107437134, 0.0, 0.8681035041809082, 0.867600679397583, 0.8676214814186096, 0.8622455596923828, 0.7621296048164368, 0.0]","[0.15964868664741516, 0.16907861828804016, -0.018926993012428284, 0.9938706159591675, -0.9335523247718811, 0.07998955249786377, 0.13868778944015503, 0.20650701224803925, -0.14394769072532654, 0.025110214948654175, 1.0092823505401611, 0.14597302675247192, 0.032352253794670105, -0.09036621451377869]","[286.0, 0.30000030994415283, 0.2999999523162842, 0.19999980926513672, 0.10000038146972656, 885.0]","[0.8681035041809082, 0.867600679397583, 0.8676214814186096, 0.8622455596923828, 0.7621296048164368, 453.0]","[0.1113094836473465, 0.21226459741592407, -0.31246471405029297, 0.14043115079402924, -1.1857311725616455, -0.18274745345115662, 0.2931820750236511, -0.05167597904801369, -0.4545736610889435, 0.11703794449567795, 0.05273059010505676, 0.19238276779651642, -0.3825604319572449, -0.7660796046257019, 0.30000001192092896, 0.29899999499320984, 0.29899999499320984, 0.19900000095367432, 1.0, 0.0, 0.421999990940094, 0.36399999260902405, 0.3610000014305115, 0.35899999737739563, 0.5619999766349792, 0.0]","[0.08281194418668747, 0.2889304459095001, -0.2517344653606415, -0.07978246361017227, -1.1095095872879028, -0.3149173855781555, 0.22273501753807068, -0.12114069610834122, -0.45458486676216125, 0.08278578519821167, -0.00379364937543869, 0.11863312125205994, -0.4652176797389984, -0.7670683860778809, 0.30000001192092896, 0.30000001192092896, 0.30000001192092896, 0.20000000298023224, 0.10000000149011612, 0.0, 0.30000001192092896, 0.30000001192092896, 0.30000001192092896, 0.20000000298023224, 0.10000000149011612, 0.0]"
149,149,149,0.008446067999102524,0.10805594600060431,True,"[0.16966067254543304, 0.15935423970222473, -0.01158874575048685, 1.0038706064224243, -0.9296762943267822, 0.0899895504117012, 0.13361212611198425, 0.21650701761245728, -0.1339476853609085, 0.02954111434519291, 1.019282341003418, 0.1359730213880539, 0.042328283190727234, -0.08039018511772156]","[336.0, 2.0, 1.0, 4.0, 10.0, 935.0]","[2.0, 1.0, 0.0, 8.0, 0.0, 503.0]","[-0.09971633553504944, 0.17373976111412048, -0.0131601020693779, 0.7871538400650024, -1.164022445678711, -0.35952258110046387, 0.14137312769889832, -0.17323383688926697, -0.4433307945728302, 0.022482216358184814, 0.19504201412200928, 0.3916776180267334, -0.3384711742401123, -0.5072810053825378, 0.3000001907348633, 0.30000028014183044, 0.2999999225139618, 0.1999998390674591, 0.10000046342611313, 0.0, 0.8731756210327148, 0.872613251209259, 0.8726235628128052, 0.8681046962738037, 0.7679754495620728, 0.0]","[0.15966066718101501, 0.16935424506664276, -0.0131601020693779, 0.9938706159591675, -0.9396762847900391, 0.07998955249786377, 0.14137312769889832, 0.20650701224803925, -0.14394769072532654, 0.022482216358184814, 1.0092823505401611, 0.14597302675247192, 0.0323282852768898, -0.09039018303155899]","[286.0, 0.30000030994415283, 0.2999999523162842, 0.19999980926513672, 0.10000038146972656, 885.0]","[0.8731756210327148, 0.872613251209259, 0.8726235628128052, 0.8681049346923828, 0.7679754495620728, 453.0]","[0.11182480305433273, 0.21224063634872437, -0.3124766945838928, 0.14046710729599, -1.1857072114944458, -0.18272347748279572, 0.2931820750236511, -0.05192764848470688, -0.45350706577301025, 0.11708588153123856, 0.054851800203323364, 0.19240672886371613, -0.3813740015029907, -0.7660915851593018, 0.30000001192092896, 0.29899999499320984, 0.29899999499320984, 0.19900000095367432, 1.0, 0.0, 0.41999998688697815, 0.33500000834465027, 0.3319999873638153, 0.3190000057220459, 0.5619999766349792, 0.0]","[0.08506905287504196, 0.28791698813438416, -0.2515498399734497, -0.07876759767532349, -1.107958197593689, -0.31388893723487854, 0.22212475538253784, -0.11660407483577728, -0.4529610574245453, 0.08172009140253067, -0.005152996629476547, 0.11800353229045868, -0.465755820274353, -0.7667229175567627, 0.30000001192092896, 0.30000001192092896, 0.30000001192092896, 0.20000000298023224, 0.10000000149011612, 0.0, 0.30000001192092896, 0.30000001192092896, 0.30000001192092896, 0.20000000298023224, 0.10000000149011612, 0.0]"
150,150,150,0.011596951999308658,0.11651202099892544,True,"[0.1696486920118332, 0.15933027863502502, -0.011073424480855465, 1.0038706064224243, -0.9362795948982239, 0.08997756242752075, 0.134247288107872, 0.21651899814605713, -0.1339476853609085, 0.029289446771144867, 1.019282341003418, 0.1359730213880539, 0.04235225170850754, -0.08037819713354111]","[336.0, 2.0, 1.0, 4.0, 10.0, 935.0]","[2.0, 1.0, 0.0, 8.0, 0.0, 503.0]","[-0.10729090869426727, 0.1780843734741211, -0.014721810817718506, 0.7857773303985596, -1.1645121574401855, -0.3506472706794739, 0.13440051674842834, -0.18464717268943787, -0.4475782513618469, 0.01455843448638916, 0.18718433380126953, 0.40461069345474243, -0.344651997089386, -0.49828141927719116, 0.3000001907348633, 0.30000030994415283, 0.2999999225139618, 0.19999977946281433, 0.10000050067901611, 0.0, 0.8746469616889954, 0.8740007877349854, 0.8740042448043823, 0.8697239756584167, 0.7695856094360352, 0.0]","[0.15964868664741516, 0.16933028399944305, -0.014721810817718506, 0.9938706159591675, -0.9462795853614807, 0.07997756451368332, 0.13440051674842834, 0.2065189927816391, -0.14394769072532654, 0.019289446994662285, 1.0092823505401611, 0.14597302675247192, 0.032352253794670105, -0.09037819504737854]","[286.0, 0.30000030994415283, 0.2999999523162842, 0.19999980926513672, 0.10000038146972656, 885.0]","[0.8746469020843506, 0.8740007877349854, 0.8740042448043823, 0.8697237968444824, 0.7695856094360352, 453.0]","[0.11228020489215851, 0.21228855848312378, -0.31246471405029297, 0.1404910683631897, -1.1856952905654907, -0.18271149694919586, 0.29319408535957336, -0.051783837378025055, -0.4518292546272278, 0.11708588153123856, 0.058471035212278366, 0.19243070483207703, -0.38109835982322693, -0.7660796046257019, 0.30000001192092896, 0.29899999499320984, 0.29899999499320984, 0.19900000095367432, 1.0, 0.0, 0.41999998688697815, 0.33500000834465027, 0.3319999873638153, 0.3190000057220459, 0.5619999766349792, 0.0]","[0.09144595265388489, 0.28534629940986633, -0.24903930723667145, -0.07408926635980606, -1.1069177389144897, -0.31145521998405457, 0.2160053849220276, -0.10666453093290329, -0.4511938989162445, 0.0805029347538948, -0.00576105248183012, 0.11908823251724243, -0.4702816903591156, -0.7645551562309265, 0.30000001192092896, 0.30000001192092896, 0.30000001192092896, 0.20000000298023224, 0.10000000149011612, 0.0, 0.30000001192092896, 0.30000001192092896, 0.30000001192092896, 0.20000000298023224, 0.10000000149011612, 0.0]"
151,151,151,0.0073199429989472264,0.1031380469994474,True,"[0.16966067254543304, 0.15940217673778534, -0.010893660597503185, 1.0038586854934692, -0.9411571621894836, 0.08997756242752075, 0.13356418907642365, 0.21651899814605713, -0.13393570482730865, 0.028306739404797554, 1.019282341003418, 0.1359730213880539, 0.04235225170850754, -0.08040216565132141]","[336.0, 2.0, 1.0, 5.0, 10.0, 935.0]","[2.0, 1.0, 0.0, 8.0, 0.0, 503.0]","[-0.1143772304058075, 0.1808256208896637, -0.02183084934949875, 0.7791178226470947, -1.1687549352645874, -0.3529474139213562, 0.1386767029762268, -0.20754794776439667, -0.44781044125556946, 0.016854792833328247, 0.19001266360282898, 0.4181731343269348, -0.3359068036079407, -0.5091907382011414, 0.3000001907348633, 0.30000030994415283, 0.2999999225139618, 0.19999980926513672, 0.10000049322843552, 0.0, 0.8577686548233032, 0.8571473956108093, 0.8571510314941406, 0.8500523567199707, 0.7499396800994873, 0.0]","[0.15966066718101501, 0.16940218210220337, -0.020893659442663193, 0.9938586950302124, -0.9511571526527405, 0.07997756451368332, 0.1386767029762268, 0.2065189927816391, -0.14393571019172668, 0.018306739628314972, 1.0092823505401611, 0.14597302675247192, 0.032352253794670105, -0.09040216356515884]","[286.0, 0.30000030994415283, 0.2999999523162842, 0.19999980926513672, 0.10000038146972656, 885.0]","[0.8577686548233032, 0.8571473956108093, 0.8571510314941406, 0.8500523567199707, 0.7499396800994873, 453.0]","[0.11266370117664337, 0.21227657794952393, -0.31241676211357117, 0.1405869424343109, -1.185611367225647, -0.18268753588199615, 0.2931820750236511, -0.050944942981004715, -0.4502473473548889, 0.1170499250292778, 0.06357631832361221, 0.1924906224012375, -0.380379319190979, -0.7660796046257019, 0.30000001192092896, 0.29899999499320984, 0.29899999499320984, 0.19900000095367432, 1.0, 0.0, 0.4000000059604645, 0.30000001192092896, 0.3009999990463257, 0.3160000145435333, 0.5640000104904175, 0.0]","[0.09522353857755661, 0.2843153476715088, -0.24791020154953003, -0.0748862773180008, -1.1051441431045532, -0.30884668231010437, 0.21512651443481445, -0.10251186043024063, -0.44952064752578735, 0.07874007523059845, -0.005980863235890865, 0.11986193060874939, -0.47044405341148376, -0.7618685960769653, 0.30000001192092896, 0.30000001192092896, 0.30000001192092896, 0.20000000298023224, 0.10000000149011612, 0.0, 0.30000001192092896, 0.30000001192092896, 0.30000001192092896, 0.20000000298023224, 0.10000000149011612, 0.0]"
152,152,152,0.016885921000721282,0.1509097690013732,True,"[0.1696726679801941, 0.15949805080890656, -0.01342233270406723, 1.003882646560669, -0.9448363184928894, 0.0899416133761406, 0.13367204368114471, 0.21649502217769623, -0.1339476853609085, 0.027431892231106758, 1.019282341003418, 0.13603293895721436, 0.04235225170850754, -0.08043812215328217]","[336.0, 2.0, 1.0, 4.0, 10.0, 935.0]","[2.0, 1.0, 0.0, 8.0, 0.0, 503.0]","[-0.11652867496013641, 0.1775592714548111, -0.026871494948863983, 0.7663135528564453, -1.1713532209396362, -0.35691219568252563, 0.13304656744003296, -0.18899904191493988, -0.43880218267440796, 0.018053531646728516, 0.24680832028388977, 0.4143317937850952, -0.3269416093826294, -0.5088337659835815, 0.3000001907348633, 0.30000030994415283, 0.2999999225139618, 0.19999980926513672, 0.10000049322843552, 0.0, 0.8651442527770996, 0.8644950985908508, 0.8644860982894897, 0.8586323261260986, 0.7585087418556213, 0.0]","[0.15967266261577606, 0.16949805617332458, -0.023422332480549812, 0.9938826560974121, -0.9548363089561462, 0.07994161546230316, 0.13304656744003296, 0.2064950168132782, -0.14394769072532654, 0.018053531646728516, 1.0092823505401611, 0.14603294432163239, 0.032352253794670105, -0.0904381200671196]","[286.0, 0.30000030994415283, 0.2999999523162842, 0.19999980926513672, 0.10000038146972656, 885.0]","[0.8651442527770996, 0.8644950985908508, 0.8644860982894897, 0.8586320877075195, 0.7585087418556213, 453.0]","[0.11438942700624466, 0.21244436502456665, -0.3120812177658081, 0.14071877300739288, -1.184928297996521, -0.18253172934055328, 0.2930862009525299, -0.04462925344705582, -0.44372791051864624, 0.11553991585969925, 0.06781873106956482, 0.19257451593875885, -0.3793606460094452, -0.7660915851593018, 0.30000001192092896, 0.29899999499320984, 0.29899999499320984, 0.19900000095367432, 1.0, 0.0, 0.3499999940395355, 0.30300000309944153, 0.30000001192092896, 0.3160000145435333, 0.5640000104904175, 0.0]","[0.10318305343389511, 0.2838127315044403, -0.24416817724704742, -0.080662801861763, -1.1018863916397095, -0.3038727343082428, 0.2128533124923706, -0.09503000229597092, -0.44826915860176086, 0.07305882126092911, -0.009822898544371128, 0.11943654716014862, -0.46983399987220764, -0.7570118308067322, 0.30000001192092896, 0.30000001192092896, 0.30000001192092896, 0.20000000298023224, 0.10000000149011612, 0.0, 0.30000001192092896, 0.30000001192092896, 0.30000001192092896, 0.20000000298023224, 0.10000000149011612, 0.0]"
153,153,153,0.016611945999102318,0.10425527199913631,True,"[0.16966067254543304, 0.16021710634231567, -0.017556890845298767, 1.0038706064224243, -0.9491386413574219, 0.08984573930501938, 0.13345633447170258, 0.21651899814605713, -0.1339476853609085, 0.027276096865534782, 1.0192703008651733, 0.13605691492557526, 0.04235225170850754, -0.08045010268688202]","[336.0, 2.0, 1.0, 5.0, 10.0, 935.0]","[2.0, 1.0, 0.0, 8.0, 0.0, 503.0]","[-0.12291797995567322, 0.17440712451934814, -0.028241045773029327, 0.7851364612579346, -1.1693607568740845, -0.3541753590106964, 0.141607403755188, -0.22789767384529114, -0.4484770596027374, 0.022269994020462036, 0.20588646829128265, 0.4244912266731262, -0.31744974851608276, -0.5235277414321899, 0.3000001907348633, 0.30000030994415283, 0.2999999225139618, 0.1999998241662979, 0.10000048577785492, 0.0, 0.8592679500579834, 0.8586615920066833, 0.8586721420288086, 0.8518268465995789, 0.7517068386077881, 0.0]","[0.15966066718101501, 0.1702171117067337, -0.02755689062178135, 0.9938706159591675, -0.9591386318206787, 0.07984574139118195, 0.141607403755188, 0.2065189927816391, -0.14394769072532654, 0.022269994020462036, 1.0092703104019165, 0.1460569202899933, 0.032352253794670105, -0.09045010060071945]","[286.0, 0.30000030994415283, 0.2999999523162842, 0.19999980926513672, 0.10000038146972656, 885.0]","[0.8592679500579834, 0.8586615920066833, 0.8586721420288086, 0.8518266677856445, 0.7517068386077881, 453.0]","[0.11423363536596298, 0.21244436502456665, -0.31124231219291687, 0.14061091840267181, -1.1847964525222778, -0.18253172934055328, 0.29282256960868835, -0.04382631182670593, -0.4416666328907013, 0.11416172981262207, 0.06793857365846634, 0.19257451593875885, -0.3792288303375244, -0.7661035656929016, 0.30000001192092896, 0.29899999499320984, 0.29899999499320984, 0.19900000095367432, 1.0, 0.0, 0.3499999940395355, 0.30300000309944153, 0.30000001192092896, 0.3160000145435333, 0.5640000104904175, 0.0]","[0.10422776639461517, 0.2836892306804657, -0.24406278133392334, -0.08149820566177368, -1.1015301942825317, -0.30359506607055664, 0.21255210041999817, -0.09424907714128494, -0.448102205991745, 0.07236669957637787, -0.010470528155565262, 0.11891785264015198, -0.469600647687912, -0.756316065788269, 0.30000001192092896, 0.30000001192092896, 0.30000001192092896, 0.20000000298023224, 0.10000000149011612, 0.0, 0.30000001192092896, 0.30000001192092896, 0.30000001192092896, 0.20000000298023224, 0.10000000149011612, 0.0]"
154,154,154,0.007493459999750485,0.11842891800006328,True,"[0.16966067254543304, 0.1609840989112854, -0.01997770369052887, 1.0038586854934692, -0.9528417587280273, 0.08972589671611786, 0.13483451306819916, 0.21649502217769623, -0.1339476853609085, 0.027851339429616928, 1.0192583799362183, 0.13605691492557526, 0.04235225170850754, -0.08046209067106247]","[336.0, 2.0, 1.0, 4.0, 10.0, 935.0]","[2.0, 1.0, 0.0, 8.0, 0.0, 503.0]","[-0.12238545715808868, 0.1813148409128189, -0.02462977170944214, 0.7759918570518494, -1.1700750589370728, -0.34869086742401123, 0.13927266001701355, -0.22995293140411377, -0.4532070457935333, 0.01779460906982422, 0.1915835738182068, 0.4209612309932709, -0.32409971952438354, -0.519465446472168, 0.3000001609325409, 0.30000030994415283, 0.2999999225139618, 0.19999980926513672, 0.10000050067901611, 0.0, 0.8623825311660767, 0.8617390394210815, 0.8617408275604248, 0.8554083108901978, 0.7552973628044128, 0.0]","[0.15966066718101501, 0.17098410427570343, -0.02462977170944214, 0.9938586950302124, -0.9628417491912842, 0.07972589880228043, 0.13927266001701355, 0.2064950168132782, -0.14394769072532654, 0.017851339653134346, 1.0092583894729614, 0.1460569202899933, 0.032352253794670105, -0.0904620885848999]","[286.0, 0.30000030994415283, 0.2999999523162842, 0.19999980926513672, 0.10000038146972656, 885.0]","[0.8623825311660767, 0.8617390394210815, 0.8617408275604248, 0.8554081916809082, 0.7552973628044128, 453.0]","[0.1137063279747963, 0.21242038905620575, -0.3092169761657715, 0.14065885543823242, -1.1848324537277222, -0.18250776827335358, 0.2928345501422882, -0.043958138674497604, -0.4396652579307556, 0.11243600398302078, 0.06808238476514816, 0.19257451593875885, -0.37907302379608154, -0.766067624092102, 0.30000001192092896, 0.29899999499320984, 0.29899999499320984, 0.19900000095367432, 1.0, 0.0, 0.34599998593330383, 0.3019999861717224, 0.30000001192092896, 0.31700000166893005, 0.5649999976158142, 0.0]","[0.10748708993196487, 0.2847641110420227, -0.24335069954395294, -0.08231928944587708, -1.1021678447723389, -0.30500319600105286, 0.20927858352661133, -0.09281400591135025, -0.447761207818985, 0.07323295623064041, -0.012317117303609848, 0.11472529917955399, -0.47054073214530945, -0.7560785412788391, 0.30000001192092896, 0.30000001192092896, 0.30000001192092896, 0.20000000298023224, 0.10000000149011612, 0.0, 0.30000001192092896, 0.30000001192092896, 0.30000001192092896, 0.20000000298023224, 0.10000000149011612, 0.0]"
155,155,155,0.009968784999728086,0.10499043500021799,True,"[0.16966067254543304, 0.16118782758712769, -0.020505009219050407, 1.0038586854934692, -0.9571441411972046, 0.08970192819833755, 0.1353258639574051, 0.21649502217769623, -0.13393570482730865, 0.02738395519554615, 1.0192463397979736, 0.1360688954591751, 0.04235225170850754, -0.08046209067106247]","[336.0, 2.0, 1.0, 4.0, 10.0, 935.0]","[2.0, 1.0, 0.0, 8.0, 0.0, 503.0]","[-0.1271074414253235, 0.1805904507637024, -0.03171180188655853, 0.7629234194755554, -1.1674301624298096, -0.3541959524154663, 0.13637378811836243, -0.238377645611763, -0.4479493796825409, 0.01855635643005371, 0.18992488086223602, 0.41519421339035034, -0.3227885365486145, -0.5350771546363831, 0.3000001609325409, 0.30000028014183044, 0.2999999225139618, 0.1999998390674591, 0.10000047087669373, 0.0, 0.8654385209083557, 0.8648688793182373, 0.8648800849914551, 0.8590579032897949, 0.7589542269706726, 0.0]","[0.15966066718101501, 0.17118783295154572, -0.03050500899553299, 0.9938586950302124, -0.9671441316604614, 0.07970193028450012, 0.13637378811836243, 0.2064950168132782, -0.14393571019172668, 0.01855635643005371, 1.0092463493347168, 0.14606890082359314, 0.032352253794670105, -0.0904620885848999]","[286.0, 0.30000030994415283, 0.2999999523162842, 0.19999980926513672, 0.10000038146972656, 885.0]","[0.8654384613037109, 0.8648688793182373, 0.8648800849914551, 0.8590579032897949, 0.7589542269706726, 453.0]","[0.11531221866607666, 0.21242038905620575, -0.30775490403175354, 0.14069479703903198, -1.1848324537277222, -0.18250776827335358, 0.2928345501422882, -0.04392218589782715, -0.43813130259513855, 0.11159710586071014, 0.06844191253185272, 0.1925864964723587, -0.37849777936935425, -0.7660796046257019, 0.30000001192092896, 0.29899999499320984, 0.29899999499320984, 0.19900000095367432, 1.0, 0.0, 0.3449999988079071, 0.30300000309944153, 0.30000001192092896, 0.3190000057220459, 0.5649999976158142, 0.0]","[0.10826616734266281, 0.28532376885414124, -0.24458354711532593, -0.08165885508060455, -1.1026171445846558, -0.30767983198165894, 0.20763999223709106, -0.09217417985200882, -0.4491235315799713, 0.07391130179166794, -0.015245308168232441, 0.11292099952697754, -0.4709039330482483, -0.7553074955940247, 0.30000001192092896, 0.30000001192092896, 0.30000001192092896, 0.20000000298023224, 0.10000000149011612, 0.0, 0.30000001192092896, 0.30000001192092896, 0.30000001192092896, 0.20000000298023224, 0.10000000149011612, 0.0]"
156,156,156,0.010826306999661028,0.12408047000099032,True,"[0.1697206050157547, 0.16172711551189423, -0.0228659026324749, 1.0038706064224243, -0.961530327796936, 0.08970192819833755, 0.13521800935268402, 0.21649502217769623, -0.1339476853609085, 0.02720419131219387, 1.0192703008651733, 0.13609285652637482, 0.042340267449617386, -0.08047407120466232]","[336.0, 2.0, 1.0, 4.0, 10.0, 935.0]","[2.0, 1.0, 0.0, 8.0, 0.0, 503.0]","[-0.1326342225074768, 0.180495023727417, -0.033639900386333466, 0.758588433265686, -1.1758958101272583, -0.3547913432121277, 0.1320805847644806, -0.2323189228773117, -0.4415282607078552, 0.007580459117889404, 0.2141071856021881, 0.42788711190223694, -0.3259090781211853, -0.5343719720840454, 0.3000001609325409, 0.3000003695487976, 0.2999998927116394, 0.19999973475933075, 0.10000056773424149, 0.0, 0.8548892736434937, 0.8540916442871094, 0.8540667295455933, 0.8465061187744141, 0.7463718056678772, 0.0]","[0.15972059965133667, 0.17172712087631226, -0.03286590427160263, 0.9938706159591675, -0.9715303182601929, 0.07970193028450012, 0.1320805847644806, 0.2064950168132782, -0.14394769072532654, 0.01720419153571129, 1.0092703104019165, 0.14609286189079285, 0.032340265810489655, -0.09047406911849976]","[286.0, 0.3000004291534424, 0.2999998927116394, 0.19999980926513672, 0.10000038146972656, 885.0]","[0.8548892736434937, 0.8540916442871094, 0.8540667295455933, 0.8465061187744141, 0.7463718056678772, 453.0]","[0.11629492044448853, 0.21244436502456665, -0.30717965960502625, 0.14071877300739288, -1.1848204135894775, -0.18249578773975372, 0.2928105890750885, -0.043958138674497604, -0.43790358304977417, 0.10988336056470871, 0.06842992454767227, 0.19255053997039795, -0.37815025448799133, -0.7660556435585022, 0.30000001192092896, 0.29899999499320984, 0.29899999499320984, 0.19900000095367432, 1.0, 0.0, 0.3449999988079071, 0.30300000309944153, 0.30000001192092896, 0.3190000057220459, 0.5649999976158142, 0.0]","[0.10920774936676025, 0.2863922417163849, -0.24294491112232208, -0.08251967281103134, -1.1035808324813843, -0.3064393997192383, 0.20519901812076569, -0.08992068469524384, -0.45028433203697205, 0.07354715466499329, -0.01677548885345459, 0.10998176038265228, -0.472992867231369, -0.7558019757270813, 0.30000001192092896, 0.30000001192092896, 0.30000001192092896, 0.20000000298023224, 0.10000000149011612, 0.0, 0.30000001192092896, 0.30000001192092896, 0.30000001192092896, 0.20000000298023224, 0.10000000149011612, 0.0]"
157,157,157,0.010382770000433084,0.10897697300060827,True,"[0.1696966290473938, 0.1640041172504425, -0.028390629217028618, 1.003882646560669, -0.9641908407211304, 0.08953414857387543, 0.134247288107872, 0.21650701761245728, -0.13393570482730865, 0.02701244316995144, 1.019282341003418, 0.13610485196113586, 0.042340267449617386, -0.08047407120466232]","[336.0, 2.0, 1.0, 4.0, 10.0, 935.0]","[2.0, 1.0, 0.0, 8.0, 0.0, 503.0]","[-0.13577920198440552, 0.18376345932483673, -0.03259477764368057, 0.7541022300720215, -1.170302152633667, -0.34636378288269043, 0.13659024238586426, -0.24992698431015015, -0.44828325510025024, 0.014894187450408936, 0.21000345051288605, 0.4355645179748535, -0.3161762058734894, -0.5278730988502502, 0.3000001609325409, 0.3000003397464752, 0.2999999225139618, 0.19999980926513672, 0.10000050812959671, 0.0, 0.8616085052490234, 0.8609333038330078, 0.8609356880187988, 0.8544712662696838, 0.7543573379516602, 0.0]","[0.15969662368297577, 0.17400412261486053, -0.03259477764368057, 0.9938826560974121, -0.9741908311843872, 0.079534150660038, 0.13659024238586426, 0.20650701224803925, -0.14393571019172668, 0.017012443393468857, 1.0092823505401611, 0.1461048573255539, 0.032340265810489655, -0.09047406911849976]","[286.0, 0.30000030994415283, 0.2999999523162842, 0.19999980926513672, 0.10000038146972656, 885.0]","[0.8616085052490234, 0.8609333038330078, 0.8609356880187988, 0.8544712066650391, 0.7543573379516602, 453.0]","[0.11719373613595963, 0.2125042825937271, -0.3071197271347046, 0.14069479703903198, -1.1847964525222778, -0.18249578773975372, 0.2928345501422882, -0.04388623312115669, -0.43787962198257446, 0.10886470228433609, 0.06869357824325562, 0.192562535405159, -0.3776349127292633, -0.7660436630249023, 0.30000001192092896, 0.29899999499320984, 0.29899999499320984, 0.19900000095367432, 1.0, 0.0, 0.34700000286102295, 0.3050000071525574, 0.30000001192092896, 0.3199999928474426, 0.5669999718666077, 0.0]","[0.11049904674291611, 0.28734418749809265, -0.2415439635515213, -0.08180922269821167, -1.1050034761428833, -0.30546337366104126, 0.20149998366832733, -0.08895106613636017, -0.45182251930236816, 0.07288727164268494, -0.021105719730257988, 0.10483870655298233, -0.47301045060157776, -0.7555296421051025, 0.30000001192092896, 0.30000001192092896, 0.30000001192092896, 0.20000000298023224, 0.10000000149011612, 0.0, 0.30000001192092896, 0.30000001192092896, 0.30000001192092896, 0.20000000298023224, 0.10000000149011612, 0.0]"
158,158,158,0.007160381001085625,0.11455471100089198,True,"[0.16968464851379395, 0.16504675149917603, -0.029169604182243347, 1.0038586854934692, -0.9661802053451538, 0.08954612910747528, 0.1341514140367508, 0.21649502217769623, -0.1339476853609085, 0.026856649667024612, 1.0192463397979736, 0.13611683249473572, 0.042340267449617386, -0.08047407120466232]","[336.0, 2.0, 1.0, 4.0, 10.0, 935.0]","[2.0, 1.0, 0.0, 8.0, 0.0, 503.0]","[-0.13836610317230225, 0.1827307641506195, -0.034164950251579285, 0.7631798982620239, -1.1699235439300537, -0.3490228056907654, 0.14137965440750122, -0.2654045522212982, -0.45353439450263977, 0.016675084829330444, 0.2007916271686554, 0.43980851769447327, -0.3091275691986084, -0.537589430809021, 0.3000001907348633, 0.30000030994415283, 0.2999999225139618, 0.1999998241662979, 0.10000050812959671, 0.0, 0.854710578918457, 0.8540650606155396, 0.8540746569633484, 0.8464645743370056, 0.7463480234146118, 0.0]","[0.15968464314937592, 0.17504675686359406, -0.034164950251579285, 0.9938586950302124, -0.9761801958084106, 0.07954613119363785, 0.14137965440750122, 0.2064950168132782, -0.14394769072532654, 0.01685664989054203, 1.0092463493347168, 0.14611683785915375, 0.032340265810489655, -0.09047406911849976]","[286.0, 0.30000030994415283, 0.2999999523162842, 0.19999980926513672, 0.10000038146972656, 885.0]","[0.854710578918457, 0.8540650606155396, 0.8540746569633484, 0.8464646339416504, 0.7463480234146118, 453.0]","[0.11773303151130676, 0.21264809370040894, -0.3071197271347046, 0.14071877300739288, -1.184712529182434, -0.18249578773975372, 0.29279857873916626, -0.043898217380046844, -0.4378916025161743, 0.10826548933982849, 0.06872953474521637, 0.19252657890319824, -0.3773592710494995, -0.7660316824913025, 0.30000001192092896, 0.29899999499320984, 0.29899999499320984, 0.19900000095367432, 1.0, 0.0, 0.34700000286102295, 0.3050000071525574, 0.30000001192092896, 0.3199999928474426, 0.5669999718666077, 0.0]","[0.11243315041065216, 0.2862783670425415, -0.24191215634346008, -0.08291950821876526, -1.1028857231140137, -0.30556347966194153, 0.20129822194576263, -0.08807060122489929, -0.45230937004089355, 0.0735936090350151, -0.02739320509135723, 0.09876392036676407, -0.4756833016872406, -0.7581350207328796, 0.30000001192092896, 0.30000001192092896, 0.30000001192092896, 0.20000000298023224, 0.10000000149011612, 0.0, 0.30000001192092896, 0.30000001192092896, 0.30000001192092896, 0.20000000298023224, 0.10000000149011612, 0.0]"
159,159,159,0.004766665000715875,0.08676166999975976,True,"[0.1696726679801941, 0.1654302477836609, -0.029816752299666405, 1.0038586854934692, -0.9697754979133606, 0.08955811709165573, 0.1347985714673996, 0.21650701761245728, -0.13395966589450836, 0.02677275985479355, 1.019282341003418, 0.13610485196113586, 0.042340267449617386, -0.08048605918884277]","[336.0, 2.0, 1.0, 4.0, 10.0, 935.0]","[2.0, 1.0, 0.0, 8.0, 0.0, 503.0]","[-0.1417580097913742, 0.1815023422241211, -0.033172547817230225, 0.7640751600265503, -1.1685620546340942, -0.34126803278923035, 0.13742712140083313, -0.2695997357368469, -0.447520911693573, 0.019976943731307983, 0.21275584399700165, 0.43815428018569946, -0.2989905774593353, -0.5312418937683105, 0.3000001609325409, 0.30000030994415283, 0.2999999225139618, 0.1999998390674591, 0.10000050067901611, 0.0, 0.8599764108657837, 0.859307050704956, 0.859306812286377, 0.8525867462158203, 0.752463161945343, 0.0]","[0.15967266261577606, 0.17543025314807892, -0.033172547817230225, 0.9938586950302124, -0.9797754883766174, 0.0795581191778183, 0.13742712140083313, 0.20650701224803925, -0.1439596712589264, 0.019976943731307983, 1.0092823505401611, 0.1461048573255539, 0.032340265810489655, -0.0904860571026802]","[286.0, 0.30000030994415283, 0.2999999523162842, 0.19999980926513672, 0.10000038146972656, 885.0]","[0.8599764108657837, 0.859307050704956, 0.859306812286377, 0.8525867462158203, 0.752463161945343, 453.0]","[0.11790081113576889, 0.21267205476760864, -0.3067961633205414, 0.14071877300739288, -1.184700608253479, -0.18250776827335358, 0.29279857873916626, -0.04386226460337639, -0.43787962198257446, 0.10816961526870728, 0.06869357824325562, 0.19247864186763763, -0.3772633969783783, -0.7660436630249023, 0.30000001192092896, 0.29899999499320984, 0.29899999499320984, 0.19900000095367432, 1.0, 0.0, 0.3499999940395355, 0.3059999942779541, 0.30000001192092896, 0.3230000138282776, 0.5690000057220459, 0.0]","[0.11295027285814285, 0.2859915792942047, -0.24292854964733124, -0.08666245639324188, -1.1003985404968262, -0.3056330978870392, 0.2026054710149765, -0.08886511623859406, -0.4536852538585663, 0.07262180745601654, -0.036903925240039825, 0.09376046806573868, -0.4777703583240509, -0.760685384273529, 0.30000001192092896, 0.30000001192092896, 0.30000001192092896, 0.20000000298023224, 0.10000000149011612, 0.0, 0.30000001192092896, 0.30000001192092896, 0.30000001192092896, 0.20000000298023224, 0.10000000149011612, 0.0]"
160,160,160,0.011191924000740983,0.11965247799889767,True,"[0.16966067254543304, 0.1657538264989853, -0.030140327289700508, 1.0038586854934692, -0.9744732975959778, 0.08955811709165573, 0.1347985714673996, 0.21649502217769623, -0.13393570482730865, 0.02696450613439083, 1.019294261932373, 0.13615278899669647, 0.042340267449617386, -0.08048605918884277]","[336.0, 2.0, 1.0, 4.0, 10.0, 935.0]","[2.0, 1.0, 0.0, 8.0, 0.0, 503.0]","[-0.1385452002286911, 0.1845211386680603, -0.03193064033985138, 0.7709827423095703, -1.1652894020080566, -0.34800130128860474, 0.14117518067359924, -0.267655611038208, -0.4560769498348236, 0.0161837637424469, 0.20231182873249054, 0.4430316388607025, -0.3009530305862427, -0.5340162515640259, 0.3000001609325409, 0.30000030994415283, 0.2999999225139618, 0.1999998539686203, 0.10000049322843552, 0.0, 0.855179488658905, 0.8545486330986023, 0.8545570969581604, 0.8470265865325928, 0.7469163537025452, 0.0]","[0.15966066718101501, 0.17575383186340332, -0.03193064033985138, 0.9938586950302124, -0.9844732880592346, 0.0795581191778183, 0.14117518067359924, 0.2064950168132782, -0.14393571019172668, 0.01696450635790825, 1.0092942714691162, 0.1461527943611145, 0.032340265810489655, -0.0904860571026802]","[286.0, 0.30000030994415283, 0.2999999523162842, 0.19999980926513672, 0.10000038146972656, 885.0]","[0.8551795482635498, 0.8545486330986023, 0.8545570969581604, 0.8470268249511719, 0.7469163537025452, 453.0]","[0.11785287410020828, 0.2126600742340088, -0.3067242503166199, 0.14068281650543213, -1.1846646070480347, -0.18249578773975372, 0.29282256960868835, -0.04386226460337639, -0.4379275441169739, 0.10761833935976028, 0.06858572363853455, 0.19241872429847717, -0.37725141644477844, -0.7660556435585022, 0.30000001192092896, 0.29899999499320984, 0.29899999499320984, 0.19900000095367432, 1.0, 0.0, 0.3499999940395355, 0.3059999942779541, 0.30000001192092896, 0.3230000138282776, 0.5690000057220459, 0.0]","[0.11514488607645035, 0.28608238697052, -0.24175353348255157, -0.09096511453390121, -1.098441481590271, -0.3033849000930786, 0.20390063524246216, -0.08788221329450607, -0.456916868686676, 0.0699719786643982, -0.05139341205358505, 0.08885393291711807, -0.47830870747566223, -0.7607320547103882, 0.30000001192092896, 0.30000001192092896, 0.30000001192092896, 0.20000000298023224, 0.10000000149011612, 0.0, 0.30000001192092896, 0.30000001192092896, 0.30000001192092896, 0.20000000298023224, 0.10000000149011612, 0.0]"
161,161,161,0.00941362300000037,0.09286516899919661,True,"[0.16966067254543304, 0.1658736616373062, -0.02996056340634823, 1.0038706064224243, -0.980057954788208, 0.08954612910747528, 0.13490642607212067, 0.21649502217769623, -0.1339476853609085, 0.0267847441136837, 1.0192703008651733, 0.13616476953029633, 0.04235225170850754, -0.08048605918884277]","[336.0, 2.0, 1.0, 4.0, 10.0, 935.0]","[2.0, 1.0, 0.0, 8.0, 0.0, 503.0]","[-0.1464865505695343, 0.18761029839515686, -0.03762933611869812, 0.7470405101776123, -1.167014718055725, -0.34011662006378174, 0.12926453351974487, -0.27671220898628235, -0.44873979687690735, 0.0119590163230896, 0.21785768866539001, 0.44565585255622864, -0.3062061369419098, -0.5316866040229797, 0.3000001609325409, 0.30000030994415283, 0.2999999225139618, 0.1999998390674591, 0.10000049322843552, 0.0, 0.8555014133453369, 0.8548590540885925, 0.8548581600189209, 0.8473780751228333, 0.7472824454307556, 0.0]","[0.15966066718101501, 0.17587366700172424, -0.03762933611869812, 0.9938706159591675, -0.9900579452514648, 0.07954613119363785, 0.12926453351974487, 0.2064950168132782, -0.14394769072532654, 0.01678474433720112, 1.0092703104019165, 0.14616477489471436, 0.032352253794670105, -0.0904860571026802]","[286.0, 0.30000030994415283, 0.2999999523162842, 0.19999980926513672, 0.10000038146972656, 885.0]","[0.8555014133453369, 0.8548590540885925, 0.8548581600189209, 0.8473782539367676, 0.7472824454307556, 453.0]","[0.1179487481713295, 0.21267205476760864, -0.30642464756965637, 0.14069479703903198, -1.1845687627792358, -0.18249578773975372, 0.29279857873916626, -0.04387424886226654, -0.4379275441169739, 0.10701913386583328, 0.06851381808519363, 0.19172362983226776, -0.3772394359111786, -0.7660556435585022, 0.30000001192092896, 0.29899999499320984, 0.29899999499320984, 0.19900000095367432, 1.0, 0.0, 0.35100001096725464, 0.3070000112056732, 0.30000001192092896, 0.3230000138282776, 0.5699999928474426, 0.0]","[0.11863384395837784, 0.28452128171920776, -0.24037912487983704, -0.09468106180429459, -1.0930407047271729, -0.3025140166282654, 0.2039678543806076, -0.0839960053563118, -0.4582091271877289, 0.06747263669967651, -0.07292837649583817, 0.0746334046125412, -0.4834824800491333, -0.7618920803070068, 0.30000001192092896, 0.30000001192092896, 0.30000001192092896, 0.20000000298023224, 0.10000000149011612, 0.0, 0.30000001192092896, 0.30000001192092896, 0.30000001192092896, 0.20000000298023224, 0.10000000149011612, 0.0]"
162,162,162,0.007993650000571506,0.11491113500051142,True,"[0.1696486920118332, 0.16641294956207275, -0.0319020077586174, 1.0038706064224243, -0.9832937121391296, 0.08955811709165573, 0.1324496567249298, 0.21653097867965698, -0.13393570482730865, 0.02672482281923294, 1.0192583799362183, 0.13618873059749603, 0.042340267449617386, -0.08052200824022293]","[336.0, 2.0, 1.0, 4.0, 10.0, 935.0]","[2.0, 1.0, 0.0, 8.0, 0.0, 503.0]","[-0.14449451863765717, 0.18154458701610565, -0.03870188444852829, 0.7513018250465393, -1.1773960590362549, -0.3427770137786865, 0.13301923871040344, -0.2757847309112549, -0.4465329945087433, 0.012967318296432495, 0.21863315999507904, 0.4480767846107483, -0.30075740814208984, -0.5447734594345093, 0.3000001609325409, 0.3000003397464752, 0.2999998927116394, 0.19999980926513672, 0.1000005379319191, 0.0, 0.8539203405380249, 0.8532030582427979, 0.8531973361968994, 0.8454617261886597, 0.7453426122665405, 0.0]","[0.15964868664741516, 0.17641295492649078, -0.03870188444852829, 0.9938706159591675, -0.9932937026023865, 0.0795581191778183, 0.13301923871040344, 0.20653097331523895, -0.14393571019172668, 0.01672482304275036, 1.0092583894729614, 0.14618873596191406, 0.032340265810489655, -0.09052200615406036]","[286.0, 0.30000030994415283, 0.2999998927116394, 0.19999980926513672, 0.10000038146972656, 885.0]","[0.8539203405380249, 0.8532030582427979, 0.8531973361968994, 0.8454618453979492, 0.7453426122665405, 453.0]","[0.11805660277605057, 0.2126600742340088, -0.30635276436805725, 0.14069479703903198, -1.1845088005065918, -0.18249578773975372, 0.2928105890750885, -0.04376639053225517, -0.4379275441169739, 0.10656373202800751, 0.06844191253185272, 0.1903933882713318, -0.3772154748439789, -0.7660436630249023, 0.30000001192092896, 0.29899999499320984, 0.29899999499320984, 0.19900000095367432, 1.0, 0.0, 0.35100001096725464, 0.3070000112056732, 0.30000001192092896, 0.3230000138282776, 0.5699999928474426, 0.0]","[0.1210806593298912, 0.2836671769618988, -0.24070218205451965, -0.09871421009302139, -1.0881240367889404, -0.30459320545196533, 0.20539253950119019, -0.08221256732940674, -0.46101880073547363, 0.0654904767870903, -0.09668078273534775, 0.05989044904708862, -0.48931992053985596, -0.7613993287086487, 0.30000001192092896, 0.30000001192092896, 0.30000001192092896, 0.20000000298023224, 0.10000000149011612, 0.0, 0.30000001192092896, 0.30000001192092896, 0.30000001192092896, 0.20000000298023224, 0.10000000149011612, 0.0]"
163,163,163,0.011001460999978008,0.083617588999914,True,"[0.1696726679801941, 0.16713200509548187, -0.03387940302491188, 1.0038586854934692, -0.9845041036605835, 0.08954612910747528, 0.1323537826538086, 0.21649502217769623, -0.13393570482730865, 0.026628948748111725, 1.0192583799362183, 0.13616476953029633, 0.042328283190727234, -0.08051002770662308]","[336.0, 2.0, 1.0, 4.0, 10.0, 935.0]","[2.0, 1.0, 0.0, 8.0, 0.0, 503.0]","[-0.14327839016914368, 0.18763820827007294, -0.03511878848075867, 0.7484626770019531, -1.165395975112915, -0.3394325077533722, 0.13287988305091858, -0.2730812728404999, -0.4466232359409332, 0.00833219289779663, 0.22713306546211243, 0.45321112871170044, -0.29871851205825806, -0.5307061672210693, 0.3000001609325409, 0.30000030994415283, 0.2999998927116394, 0.19999980926513672, 0.1000005230307579, 0.0, 0.8588311672210693, 0.8581198453903198, 0.8581127524375916, 0.8511966466903687, 0.7510804533958435, 0.0]","[0.15967266261577606, 0.1771320104598999, -0.03511878848075867, 0.9938586950302124, -0.9945040941238403, 0.07954613119363785, 0.13287988305091858, 0.2064950168132782, -0.14393571019172668, 0.016628948971629143, 1.0092583894729614, 0.14616477489471436, 0.0323282852768898, -0.09051002562046051]","[286.0, 0.30000030994415283, 0.2999998927116394, 0.19999980926513672, 0.10000038146972656, 885.0]","[0.8588311672210693, 0.8581198453903198, 0.8581127524375916, 0.8511967658996582, 0.7510804533958435, 453.0]","[0.1191231980919838, 0.21267205476760864, -0.3060891032218933, 0.14065885543823242, -1.184245228767395, -0.18249578773975372, 0.2928105890750885, -0.043119240552186966, -0.4379275441169739, 0.10592857003211975, 0.06822619587182999, 0.18436531722545624, -0.3772154748439789, -0.766067624092102, 0.30000001192092896, 0.29899999499320984, 0.29899999499320984, 0.19900000095367432, 1.0, 0.0, 0.35199999809265137, 0.30799999833106995, 0.30000001192092896, 0.32499998807907104, 0.5699999928474426, 0.0]","[0.1213347390294075, 0.2836470305919647, -0.24086688458919525, -0.09891632944345474, -1.087955117225647, -0.3045535385608673, 0.20558452606201172, -0.08152567595243454, -0.46086516976356506, 0.06542063504457474, -0.09750410914421082, 0.05941404029726982, -0.4888632297515869, -0.7616283893585205, 0.30000001192092896, 0.30000001192092896, 0.30000001192092896, 0.20000000298023224, 0.10000000149011612, 0.0, 0.30000001192092896, 0.30000001192092896, 0.30000001192092896, 0.20000000298023224, 0.10000000149011612, 0.0]"
164,164,164,0.007197925000582472,0.11237404399980733,True,"[0.1696966290473938, 0.16738367080688477, -0.03392734006047249, 1.0038586854934692, -0.9854868054389954, 0.08953414857387543, 0.13236576318740845, 0.21649502217769623, -0.1339237242937088, 0.02660498023033142, 1.019282341003418, 0.13616476953029633, 0.042340267449617386, -0.08051002770662308]","[336.0, 2.0, 1.0, 4.0, 10.0, 935.0]","[2.0, 1.0, 0.0, 8.0, 0.0, 503.0]","[-0.15148811042308807, 0.19062615931034088, -0.0416523739695549, 0.7354434132575989, -1.1671777963638306, -0.32608461380004883, 0.12130743265151978, -0.30095988512039185, -0.4507801830768585, 0.008478045463562012, 0.19389797747135162, 0.4657153785228729, -0.30342310667037964, -0.5409014225006104, 0.3000001609325409, 0.3000003695487976, 0.2999998927116394, 0.19999976456165314, 0.10000057518482208, 0.0, 0.8578431010246277, 0.8570063710212708, 0.8569891452789307, 0.8499169945716858, 0.7497709393501282, 0.0]","[0.15969662368297577, 0.1773836761713028, -0.0416523739695549, 0.9938586950302124, -0.9954867959022522, 0.079534150660038, 0.12236576527357101, 0.2064950168132782, -0.14392372965812683, 0.01660498045384884, 1.0092823505401611, 0.14616477489471436, 0.032340265810489655, -0.09051002562046051]","[286.0, 0.3000004291534424, 0.2999998927116394, 0.19999980926513672, 0.10000038146972656, 885.0]","[0.8578431606292725, 0.8570063710212708, 0.8569891452789307, 0.849916934967041, 0.7497709393501282, 453.0]","[0.12011788785457611, 0.2126840502023697, -0.3060171902179718, 0.14064686000347137, -1.1838496923446655, -0.18250776827335358, 0.2928105890750885, -0.04097406566143036, -0.43798747658729553, 0.10541324317455292, 0.06626078486442566, 0.1727166473865509, -0.3771315813064575, -0.7660556435585022, 0.30000001192092896, 0.29899999499320984, 0.29899999499320984, 0.19900000095367432, 1.0, 0.0, 0.35199999809265137, 0.30799999833106995, 0.30000001192092896, 0.32499998807907104, 0.5699999928474426, 0.0]","[0.12339911609888077, 0.28360962867736816, -0.2414351850748062, -0.10288580507040024, -1.0842087268829346, -0.3075239360332489, 0.2050337791442871, -0.08025249093770981, -0.46719565987586975, 0.06342864781618118, -0.13390201330184937, 0.04307368025183678, -0.5007902979850769, -0.7518949508666992, 0.30000001192092896, 0.30000001192092896, 0.30000001192092896, 0.20000000298023224, 0.10000000149011612, 0.0, 0.30000001192092896, 0.30000001192092896, 0.30000001192092896, 0.20000000298023224, 0.10000000149011612, 0.0]"
165,165,165,0.0072854310001275735,0.1021040699997684,True,"[0.16970860958099365, 0.16835439205169678, -0.0364200621843338, 1.0038706064224243, -0.9865294098854065, 0.08952216058969498, 0.1303044855594635, 0.21649502217769623, -0.1339476853609085, 0.02654505893588066, 1.0192463397979736, 0.13616476953029633, 0.042340267449617386, -0.08051002770662308]","[336.0, 2.0, 1.0, 4.0, 10.0, 935.0]","[2.0, 1.0, 0.0, 8.0, 0.0, 503.0]","[-0.15340851247310638, 0.18827487528324127, -0.041257552802562714, 0.741597056388855, -1.1728986501693726, -0.32436054944992065, 0.12131094932556152, -0.312004953622818, -0.44812044501304626, 0.014259546995162964, 0.21288511157035828, 0.47416698932647705, -0.2861054539680481, -0.5431437492370605, 0.3000001609325409, 0.3000003397464752, 0.2999998927116394, 0.1999998241662979, 0.1000005230307579, 0.0, 0.8578687906265259, 0.8571279048919678, 0.8571228981018066, 0.8500458002090454, 0.7499263286590576, 0.0]","[0.15970860421657562, 0.1783543974161148, -0.041257552802562714, 0.9938706159591675, -0.9965294003486633, 0.07952216267585754, 0.12131094932556152, 0.2064950168132782, -0.14394769072532654, 0.01654505915939808, 1.0092463493347168, 0.14616477489471436, 0.032340265810489655, -0.09051002562046051]","[286.0, 0.30000030994415283, 0.2999998927116394, 0.19999980926513672, 0.10000038146972656, 885.0]","[0.8578687906265259, 0.8571279048919678, 0.8571228981018066, 0.8500456809997559, 0.7499263286590576, 453.0]","[0.12044146656990051, 0.2127080112695694, -0.30602917075157166, 0.14061091840267181, -1.1833943128585815, -0.18250776827335358, 0.29277461767196655, -0.034202978014945984, -0.43803542852401733, 0.10496982932090759, 0.05813547596335411, 0.16262593865394592, -0.37697577476501465, -0.7658998370170593, 0.30000001192092896, 0.29899999499320984, 0.29899999499320984, 0.19900000095367432, 1.0, 0.0, 0.3540000021457672, 0.3089999854564667, 0.29899999499320984, 0.32499998807907104, 0.5709999799728394, 0.0]","[0.12431085854768753, 0.2842615246772766, -0.2417016327381134, -0.10644395649433136, -1.0802099704742432, -0.30839234590530396, 0.20526666939258575, -0.07913452386856079, -0.47396332025527954, 0.06074981763958931, -0.16828511655330658, 0.04698925465345383, -0.5046541690826416, -0.7337834239006042, 0.30000001192092896, 0.30000001192092896, 0.30000001192092896, 0.20000000298023224, 0.10000000149011612, 0.0, 0.30000001192092896, 0.30000001192092896, 0.30000001192092896, 0.20000000298023224, 0.10000000149011612, 0.0]"
166,166,166,0.011175358000400593,0.11975670799984073,True,"[0.16970860958099365, 0.1694929003715515, -0.03784618154168129, 1.0038706064224243, -0.9871765971183777, 0.08949819207191467, 0.12956145405769348, 0.21651899814605713, -0.1339237242937088, 0.02653307467699051, 1.0192583799362183, 0.13620072603225708, 0.04235225170850754, -0.08051002770662308]","[336.0, 2.0, 1.0, 4.0, 10.0, 935.0]","[2.0, 1.0, 0.0, 8.0, 0.0, 503.0]","[-0.15865574777126312, 0.18775524199008942, -0.04551445692777634, 0.7409563064575195, -1.175865650177002, -0.3308829963207245, 0.12535566091537476, -0.31860071420669556, -0.4537050127983093, 0.009526550769805908, 0.2088773399591446, 0.4729684889316559, -0.29846012592315674, -0.5560286045074463, 0.3000001609325409, 0.3000003397464752, 0.2999998927116394, 0.19999977946281433, 0.10000056773424149, 0.0, 0.8538482189178467, 0.8530842065811157, 0.8530762195587158, 0.8453325033187866, 0.7452034950256348, 0.0]","[0.15970860421657562, 0.17949290573596954, -0.04551445692777634, 0.9938706159591675, -0.9971765875816345, 0.07949819415807724, 0.12535566091537476, 0.2065189927816391, -0.14392372965812683, 0.016533074900507927, 1.0092583894729614, 0.1462007313966751, 0.032352253794670105, -0.09051002562046051]","[286.0, 0.30000030994415283, 0.2999998927116394, 0.19999980926513672, 0.10000038146972656, 885.0]","[0.8538482189178467, 0.8530842065811157, 0.8530762195587158, 0.8453326225280762, 0.7452034950256348, 453.0]","[0.12045344710350037, 0.21274396777153015, -0.30600520968437195, 0.14062289893627167, -1.1829389333724976, -0.18251974880695343, 0.2927865982055664, -0.02630537375807762, -0.43798747658729553, 0.10496982932090759, 0.047936901450157166, 0.15572302043437958, -0.37692785263061523, -0.7638145685195923, 0.30000001192092896, 0.29899999499320984, 0.29899999499320984, 0.19900000095367432, 1.0, 0.0, 0.3540000021457672, 0.3089999854564667, 0.29899999499320984, 0.32499998807907104, 0.5709999799728394, 0.0]","[0.12532734870910645, 0.28496822714805603, -0.24553583562374115, -0.10854925215244293, -1.0728564262390137, -0.314862996339798, 0.20645976066589355, -0.07692357897758484, -0.47812342643737793, 0.05967850238084793, -0.2003476768732071, 0.03536522015929222, -0.5200196504592896, -0.71662437915802, 0.30000001192092896, 0.30000001192092896, 0.30000001192092896, 0.20000000298023224, 0.10000000149011612, 0.0, 0.30000001192092896, 0.30000001192092896, 0.30000001192092896, 0.20000000298023224, 0.10000000149011612, 0.0]"
167,167,167,0.010917298999629566,0.11197473500033084,True,"[0.16970860958099365, 0.17016401886940002, -0.03953595831990242, 1.0038586854934692, -0.9874402284622192, 0.08947422355413437, 0.1294296383857727, 0.21649502217769623, -0.13393570482730865, 0.026437200605869293, 1.0192703008651733, 0.13621270656585693, 0.042340267449617386, -0.08052200824022293]","[336.0, 2.0, 1.0, 4.0, 10.0, 935.0]","[2.0, 1.0, 0.0, 8.0, 0.0, 503.0]","[-0.16140098869800568, 0.18897318840026855, -0.04457823187112808, 0.7346212863922119, -1.1721787452697754, -0.3148651123046875, 0.12040120363235474, -0.33860939741134644, -0.4602089524269104, 0.012009471654891968, 0.2041682004928589, 0.4836704134941101, -0.2851946949958801, -0.5500016808509827, 0.3000001609325409, 0.3000003695487976, 0.2999998927116394, 0.19999976456165314, 0.10000056773424149, 0.0, 0.8563566207885742, 0.8555744886398315, 0.8555727601051331, 0.8482413291931152, 0.7481032013893127, 0.0]","[0.15970860421657562, 0.18016402423381805, -0.04457823187112808, 0.9938586950302124, -0.9974402189254761, 0.07947422564029694, 0.12040120363235474, 0.2064950168132782, -0.14393571019172668, 0.01643720082938671, 1.0092703104019165, 0.14621271193027496, 0.032340265810489655, -0.09052200615406036]","[286.0, 0.3000004291534424, 0.2999998927116394, 0.19999980926513672, 0.10000038146972656, 885.0]","[0.8563566207885742, 0.8555744886398315, 0.8555727601051331, 0.8482413291931152, 0.7481032013893127, 453.0]","[0.12074106931686401, 0.21285182237625122, -0.3059452772140503, 0.14062289893627167, -1.1813929080963135, -0.18254372477531433, 0.29279857873916626, -0.017496969550848007, -0.43795153498649597, 0.10500577837228775, 0.03344797343015671, 0.15533952414989471, -0.3768679201602936, -0.7543830275535583, 0.30000001192092896, 0.29899999499320984, 0.29899999499320984, 0.19900000095367432, 1.0, 0.0, 0.3540000021457672, 0.3089999854564667, 0.29899999499320984, 0.32499998807907104, 0.5709999799728394, 0.0]","[0.1266288310289383, 0.28732573986053467, -0.24746248126029968, -0.10889575630426407, -1.0714460611343384, -0.3197058439254761, 0.20437759160995483, -0.07522488385438919, -0.4841410517692566, 0.05985350161790848, -0.22672279179096222, 0.025920024141669273, -0.528091311454773, -0.70020991563797, 0.30000001192092896, 0.30000001192092896, 0.30000001192092896, 0.20000000298023224, 0.10000000149011612, 0.0, 0.30000001192092896, 0.30000001192092896, 0.30000001192092896, 0.20000000298023224, 0.10000000149011612, 0.0]"
168,168,168,0.01072303299952182,0.10384310500012361,True,"[0.16968464851379395, 0.1706913262605667, -0.040350887924432755, 1.0038586854934692, -0.9876319766044617, 0.08948621153831482, 0.12899820506572723, 0.21649502217769623, -0.1339237242937088, 0.026437200605869293, 1.0192583799362183, 0.1362246870994568, 0.042340267449617386, -0.08054597675800323]","[336.0, 2.0, 1.0, 4.0, 10.0, 935.0]","[2.0, 1.0, 0.0, 8.0, 0.0, 503.0]","[-0.1611867994070053, 0.1941535621881485, -0.04095638543367386, 0.73679119348526, -1.163475751876831, -0.3129642903804779, 0.12311810255050659, -0.34895601868629456, -0.46536409854888916, 0.01072809100151062, 0.18792523443698883, 0.48639386892318726, -0.2799856662750244, -0.5476617217063904, 0.3000001609325409, 0.3000003397464752, 0.2999998927116394, 0.19999979436397552, 0.1000005453824997, 0.0, 0.8613082766532898, 0.8605472445487976, 0.8605537414550781, 0.8540465235710144, 0.753905177116394, 0.0]","[0.15968464314937592, 0.18069133162498474, -0.04095638543367386, 0.9938586950302124, -0.9976319670677185, 0.07948621362447739, 0.12311810255050659, 0.2064950168132782, -0.14392372965812683, 0.01643720082938671, 1.0092583894729614, 0.14622469246387482, 0.032340265810489655, -0.09054597467184067]","[286.0, 0.30000030994415283, 0.2999998927116394, 0.19999980926513672, 0.10000038146972656, 885.0]","[0.8613083362579346, 0.8605472445487976, 0.8605537414550781, 0.8540463447570801, 0.753905177116394, 453.0]","[0.12086091190576553, 0.21297167241573334, -0.3059452772140503, 0.14063487946987152, -1.178720474243164, -0.18255570530891418, 0.29279857873916626, -0.011061440221965313, -0.4380474090576172, 0.10453839600086212, 0.02177533693611622, 0.15508785843849182, -0.37684395909309387, -0.7450233101844788, 0.30000001192092896, 0.29899999499320984, 0.29899999499320984, 0.19900000095367432, 1.0, 0.0, 0.3540000021457672, 0.3089999854564667, 0.29899999499320984, 0.3269999921321869, 0.5720000267028809, 0.0]","[0.12677480280399323, 0.2875080406665802, -0.2485482543706894, -0.11029638350009918, -1.0702515840530396, -0.3218240737915039, 0.20453526079654694, -0.075665183365345, -0.4894615411758423, 0.06155271828174591, -0.24989591538906097, 0.012449064292013645, -0.5350273847579956, -0.6887785792350769, 0.30000001192092896, 0.30000001192092896, 0.30000001192092896, 0.20000000298023224, 0.10000000149011612, 0.0, 0.30000001192092896, 0.30000001192092896, 0.30000001192092896, 0.20000000298023224, 0.10000000149011612, 0.0]"
169,169,169,0.010185691000515362,0.10789055799978087,True,"[0.1696966290473938, 0.17076322436332703, -0.0397157222032547, 1.0038586854934692, -0.9877758026123047, 0.08949819207191467, 0.12886637449264526, 0.21649502217769623, -0.13393570482730865, 0.026401247829198837, 1.0192583799362183, 0.1362486630678177, 0.04235225170850754, -0.08054597675800323]","[336.0, 2.0, 1.0, 4.0, 10.0, 935.0]","[2.0, 1.0, 0.0, 8.0, 0.0, 503.0]","[-0.16206860542297363, 0.1920594871044159, -0.05109579116106033, 0.7150001525878906, -1.1777561902999878, -0.31737834215164185, 0.11557111144065857, -0.3288341462612152, -0.4558752775192261, 0.0054302215576171875, 0.21066051721572876, 0.48633819818496704, -0.2922270894050598, -0.5566735863685608, 0.3000001609325409, 0.3000003397464752, 0.2999998927116394, 0.19999977946281433, 0.10000056773424149, 0.0, 0.8552352786064148, 0.8544536232948303, 0.854455828666687, 0.8469362258911133, 0.7467934489250183, 0.0]","[0.15969662368297577, 0.18076322972774506, -0.04971572011709213, 0.9938586950302124, -0.9977757930755615, 0.07949819415807724, 0.11886637657880783, 0.2064950168132782, -0.14393571019172668, 0.016401248052716255, 1.0092583894729614, 0.14624866843223572, 0.032352253794670105, -0.09054597467184067]","[286.0, 0.30000030994415283, 0.2999998927116394, 0.19999980926513672, 0.10000038146972656, 885.0]","[0.8552353382110596, 0.8544536232948303, 0.854455828666687, 0.8469362258911133, 0.7467934489250183, 453.0]","[0.12130432575941086, 0.21260015666484833, -0.3061849772930145, 0.1405869424343109, -1.1688454151153564, -0.18254372477531433, 0.2927865982055664, 0.00977912824600935, -0.4380953311920166, 0.10462228953838348, -0.016921725124120712, 0.15027019381523132, -0.3769158720970154, -0.7224929928779602, 0.30000001192092896, 0.29899999499320984, 0.29899999499320984, 0.19900000095367432, 1.0, 0.0, 0.35600000619888306, 0.3100000023841858, 0.29899999499320984, 0.3269999921321869, 0.5730000138282776, 0.0]","[0.12611234188079834, 0.2871965765953064, -0.24899540841579437, -0.11317421495914459, -1.068155288696289, -0.3220469057559967, 0.20456436276435852, -0.07711628079414368, -0.49905866384506226, 0.0639066994190216, -0.28695839643478394, -0.0008187754428945482, -0.5420405864715576, -0.6740201115608215, 0.30000001192092896, 0.30000001192092896, 0.30000001192092896, 0.20000000298023224, 0.10000000149011612, 0.0, 0.30000001192092896, 0.30000001192092896, 0.30000001192092896, 0.20000000298023224, 0.10000000149011612, 0.0]"
170,170,170,0.014249886999095907,0.12139919100081897,True,"[0.1696966290473938, 0.1711706817150116, -0.04212455078959465, 1.0038586854934692, -0.9883270859718323, 0.08943827450275421, 0.12839898467063904, 0.21649502217769623, -0.13393570482730865, 0.026389263570308685, 1.0192583799362183, 0.13630858063697815, 0.042340267449617386, -0.08054597675800323]","[336.0, 2.0, 1.0, 4.0, 10.0, 935.0]","[2.0, 1.0, 0.0, 8.0, 0.0, 503.0]","[-0.1682753562927246, 0.19058138132095337, -0.0518810898065567, 0.7185086011886597, -1.1777927875518799, -0.3115341067314148, 0.11257702112197876, -0.3511717915534973, -0.4496982991695404, 0.012418985366821289, 0.2289063185453415, 0.502744197845459, -0.2754785418510437, -0.5547870397567749, 0.3000001609325409, 0.3000003695487976, 0.2999998927116394, 0.19999979436397552, 0.10000056028366089, 0.0, 0.8553528189659119, 0.8545800447463989, 0.8545740842819214, 0.8470726013183594, 0.7469519376754761, 0.0]","[0.15969662368297577, 0.18117068707942963, -0.0518810898065567, 0.9938586950302124, -0.9983270764350891, 0.07943827658891678, 0.1183989867568016, 0.2064950168132782, -0.14393571019172668, 0.016389263793826103, 1.0092583894729614, 0.14630858600139618, 0.032340265810489655, -0.09054597467184067]","[286.0, 0.3000004291534424, 0.2999998927116394, 0.19999980926513672, 0.10000038146972656, 885.0]","[0.8553528785705566, 0.8545800447463989, 0.8545740842819214, 0.8470726013183594, 0.7469519376754761, 453.0]","[0.12111257761716843, 0.21262411773204803, -0.30620893836021423, 0.14055100083351135, -1.1661609411239624, -0.18254372477531433, 0.2927865982055664, 0.02208692766726017, -0.43847882747650146, 0.10519752651453018, -0.04434163495898247, 0.1371714472770691, -0.376831978559494, -0.7076804637908936, 0.30000001192092896, 0.29899999499320984, 0.29899999499320984, 0.19900000095367432, 1.0, 0.0, 0.35600000619888306, 0.3100000023841858, 0.29899999499320984, 0.3269999921321869, 0.5730000138282776, 0.0]","[0.12782633304595947, 0.28839707374572754, -0.24944885075092316, -0.11831224709749222, -1.0663681030273438, -0.3209889829158783, 0.20598971843719482, -0.07867591828107834, -0.5095593929290771, 0.06377707421779633, -0.3207775056362152, 0.01497482880949974, -0.5534833073616028, -0.6492769122123718, 0.30000001192092896, 0.30000001192092896, 0.30000001192092896, 0.20000000298023224, 0.10000000149011612, 0.0, 0.30000001192092896, 0.30000001192092896, 0.30000001192092896, 0.20000000298023224, 0.10000000149011612, 0.0]"
171,171,171,0.007488979999834555,0.10719633599910594,True,"[0.1696726679801941, 0.172464981675148, -0.046366967260837555, 1.0038586854934692, -0.9895015358924866, 0.08919858932495117, 0.12832708656787872, 0.21651899814605713, -0.13393570482730865, 0.026389263570308685, 1.0192583799362183, 0.1363445371389389, 0.04235225170850754, -0.08056994527578354]","[336.0, 2.0, 1.0, 4.0, 10.0, 935.0]","[2.0, 1.0, 0.0, 8.0, 0.0, 503.0]","[-0.16117385029792786, 0.19414466619491577, -0.04693616181612015, 0.7189983129501343, -1.171706199645996, -0.2987610399723053, 0.10535258054733276, -0.3439961075782776, -0.4560602903366089, 0.0061643123626708984, 0.23012882471084595, 0.4972969889640808, -0.2716289162635803, -0.5479595065116882, 0.3000001311302185, 0.3000003397464752, 0.2999998927116394, 0.19999977946281433, 0.10000056028366089, 0.0, 0.8615615963935852, 0.8607444167137146, 0.8607410192489624, 0.854283332824707, 0.7541332244873047, 0.0]","[0.15967266261577606, 0.18246498703956604, -0.04693616181612015, 0.9938586950302124, -0.9995015263557434, 0.07919859141111374, 0.11832708865404129, 0.2065189927816391, -0.14393571019172668, 0.016389263793826103, 1.0092583894729614, 0.14634454250335693, 0.032352253794670105, -0.09056994318962097]","[286.0, 0.30000030994415283, 0.2999998927116394, 0.19999980926513672, 0.10000038146972656, 885.0]","[0.8615615367889404, 0.8607444167137146, 0.8607410192489624, 0.854283332824707, 0.7541332244873047, 453.0]","[0.12132829427719116, 0.21256420016288757, -0.30625689029693604, 0.14040718972682953, -1.1639678478240967, -0.18251974880695343, 0.29277461767196655, 0.030403979122638702, -0.44152283668518066, 0.10558102279901505, -0.07487744092941284, 0.13345633447170258, -0.3768919110298157, -0.6894285082817078, 0.30000001192092896, 0.29899999499320984, 0.29899999499320984, 0.19900000095367432, 1.0, 0.0, 0.35600000619888306, 0.3100000023841858, 0.29899999499320984, 0.32899999618530273, 0.5730000138282776, 0.0]","[0.1288047879934311, 0.28856024146080017, -0.25024521350860596, -0.12289174646139145, -1.0636526346206665, -0.3189939856529236, 0.2098739594221115, -0.07962104678153992, -0.5127700567245483, 0.06362538039684296, -0.3428906798362732, 0.0323605015873909, -0.5610867738723755, -0.6237912178039551, 0.30000001192092896, 0.30000001192092896, 0.30000001192092896, 0.20000000298023224, 0.10000000149011612, 0.0, 0.30000001192092896, 0.30000001192092896, 0.30000001192092896, 0.20000000298023224, 0.10000000149011612, 0.0]"
172,172,172,0.012777276999258902,0.12140367199936009,True,"[0.1696726679801941, 0.17321999371051788, -0.046954195946455, 1.0038586854934692, -0.9909515976905823, 0.0890427902340889, 0.12821923196315765, 0.21650701761245728, -0.13393570482730865, 0.02636529505252838, 1.0192463397979736, 0.1363924741744995, 0.04235225170850754, -0.08056994527578354]","[336.0, 2.0, 1.0, 4.0, 10.0, 935.0]","[2.0, 1.0, 0.0, 8.0, 0.0, 503.0]","[-0.1744345873594284, 0.18829813599586487, -0.055160388350486755, 0.7164108753204346, -1.178903341293335, -0.2909817695617676, 0.10504117608070374, -0.38747438788414, -0.45977210998535156, 0.018296897411346436, 0.20301683247089386, 0.5168181657791138, -0.25952523946762085, -0.5859485268592834, 0.3000001311302185, 0.30000039935112, 0.299999862909317, 0.19999974966049194, 0.10000061243772507, 0.0, 0.8508192300796509, 0.8499091863632202, 0.84990394115448, 0.8416589498519897, 0.7414805293083191, 0.0]","[0.15967266261577606, 0.1832199990749359, -0.055160388350486755, 0.9938586950302124, -1.0009516477584839, 0.07904279232025146, 0.11821923404932022, 0.20650701224803925, -0.14393571019172668, 0.018296897411346436, 1.0092463493347168, 0.14639247953891754, 0.032352253794670105, -0.09056994318962097]","[286.0, 0.3000004291534424, 0.29999983310699463, 0.19999980926513672, 0.10000038146972656, 885.0]","[0.8508192300796509, 0.8499091863632202, 0.84990394115448, 0.8416590690612793, 0.7414805293083191, 453.0]","[0.12134028226137161, 0.21260015666484833, -0.3062448799610138, 0.14040718972682953, -1.163033127784729, -0.18251974880695343, 0.2927865982055664, 0.03452655300498009, -0.44449490308761597, 0.10547316819429398, -0.10407101362943649, 0.13189838826656342, -0.37722745537757874, -0.6705173850059509, 0.30000001192092896, 0.29899999499320984, 0.29899999499320984, 0.19900000095367432, 1.0, 0.0, 0.35600000619888306, 0.3100000023841858, 0.29899999499320984, 0.32899999618530273, 0.5730000138282776, 0.0]","[0.1292608231306076, 0.2883848547935486, -0.2502911686897278, -0.12481518089771271, -1.0609797239303589, -0.31463539600372314, 0.20954208076000214, -0.08148739486932755, -0.5158810019493103, 0.0654018372297287, -0.3652270436286926, 0.055654704570770264, -0.572272777557373, -0.5922571420669556, 0.30000001192092896, 0.30000001192092896, 0.30000001192092896, 0.20000000298023224, 0.10000000149011612, 0.0, 0.30000001192092896, 0.30000001192092896, 0.30000001192092896, 0.20000000298023224, 0.10000000149011612, 0.0]"
173,173,173,0.010389688999566715,0.09124042999974336,True,"[0.1696966290473938, 0.1739150732755661, -0.0487518273293972, 1.0038586854934692, -0.9944869875907898, 0.08903080970048904, 0.12819525599479675, 0.21649502217769623, -0.13393570482730865, 0.026509106159210205, 1.0192583799362183, 0.13644041121006012, 0.04235225170850754, -0.08056994527578354]","[336.0, 2.0, 1.0, 4.0, 10.0, 935.0]","[2.0, 1.0, 0.0, 8.0, 0.0, 503.0]","[-0.1763886958360672, 0.19146008789539337, -0.057439982891082764, 0.7064751386642456, -1.1870137453079224, -0.2877892851829529, 0.0925644040107727, -0.3813839852809906, -0.44977593421936035, 0.01733461022377014, 0.25466689467430115, 0.5307331681251526, -0.2592834532260895, -0.5559662580490112, 0.3000001311302185, 0.30000039935112, 0.2999998927116394, 0.19999976456165314, 0.10000059008598328, 0.0, 0.8530474305152893, 0.8522019982337952, 0.8521968722343445, 0.8443113565444946, 0.7441664338111877, 0.0]","[0.15969662368297577, 0.18391507863998413, -0.057439982891082764, 0.9938586950302124, -1.0044870376586914, 0.07903081178665161, 0.11819525808095932, 0.2064950168132782, -0.14393571019172668, 0.01733461022377014, 1.0092583894729614, 0.14644041657447815, 0.032352253794670105, -0.09056994318962097]","[286.0, 0.3000004291534424, 0.2999998927116394, 0.19999980926513672, 0.10000038146972656, 885.0]","[0.8530473709106445, 0.8522019982337952, 0.8521968722343445, 0.8443112373352051, 0.7441664338111877, 453.0]","[0.12112456560134888, 0.21260015666484833, -0.30625689029693604, 0.14032329618930817, -1.162457823753357, -0.18250776827335358, 0.29277461767196655, 0.03543735295534134, -0.4469876289367676, 0.10519752651453018, -0.1299329698085785, 0.1317785382270813, -0.3773353099822998, -0.6518699526786804, 0.30000001192092896, 0.29899999499320984, 0.29899999499320984, 0.19900000095367432, 1.0, 0.0, 0.3569999933242798, 0.30399999022483826, 0.29899999499320984, 0.33000001311302185, 0.574999988079071, 0.0]","[0.13020703196525574, 0.28879421949386597, -0.2503170669078827, -0.1253378838300705, -1.0571510791778564, -0.31334051489830017, 0.20802004635334015, -0.08329129964113235, -0.5181198120117188, 0.0671086460351944, -0.38444459438323975, 0.08755652606487274, -0.5835567116737366, -0.558070182800293, 0.30000001192092896, 0.30000001192092896, 0.30000001192092896, 0.20000000298023224, 0.10000000149011612, 0.0, 0.30000001192092896, 0.30000001192092896, 0.30000001192092896, 0.20000000298023224, 0.10000000149011612, 0.0]"
174,174,174,0.01684144600039872,0.13611864300037269,True,"[0.16970860958099365, 0.1745622307062149, -0.049746520817279816, 1.0038586854934692, -0.9990529417991638, 0.08905477821826935, 0.12817129492759705, 0.21651899814605713, -0.13393570482730865, 0.026497121900320053, 1.0192344188690186, 0.13650032877922058, 0.04235225170850754, -0.08058193325996399]","[336.0, 2.0, 1.0, 4.0, 10.0, 935.0]","[2.0, 1.0, 0.0, 8.0, 0.0, 503.0]","[-0.16604043543338776, 0.1896403580904007, -0.05188356339931488, 0.7074642181396484, -1.1849076747894287, -0.2943764925003052, 0.10077226161956787, -0.36491361260414124, -0.45382601022720337, 0.014159232378005981, 0.23333044350147247, 0.5298612117767334, -0.26032689213752747, -0.5645985007286072, 0.3000001311302185, 0.3000003695487976, 0.2999998927116394, 0.19999976456165314, 0.10000059753656387, 0.0, 0.8654799461364746, 0.8646432161331177, 0.864660382270813, 0.8588446974754333, 0.7586669921875, 0.0]","[0.15970860421657562, 0.18456223607063293, -0.05188356339931488, 0.9938586950302124, -1.0090529918670654, 0.07905478030443192, 0.11817129701375961, 0.2065189927816391, -0.14393571019172668, 0.01649712212383747, 1.0092344284057617, 0.1465003341436386, 0.032352253794670105, -0.09058193117380142]","[286.0, 0.3000004291534424, 0.2999998927116394, 0.19999980926513672, 0.10000038146972656, 885.0]","[0.8654799461364746, 0.8646432161331177, 0.864660382270813, 0.8588447570800781, 0.7586669921875, 453.0]","[0.12095678597688675, 0.21258817613124847, -0.30628085136413574, 0.14027535915374756, -1.1620144844055176, -0.18250776827335358, 0.29277461767196655, 0.03526957333087921, -0.45124202966690063, 0.10496982932090759, -0.15299062430858612, 0.13410347700119019, -0.38071486353874207, -0.6286924481391907, 0.30000001192092896, 0.29899999499320984, 0.29899999499320984, 0.19900000095367432, 1.0, 0.0, 0.3580000102519989, 0.3070000112056732, 0.29899999499320984, 0.33000001311302185, 0.574999988079071, 0.0]","[0.13162465393543243, 0.29032376408576965, -0.25026753544807434, -0.12874627113342285, -1.0495140552520752, -0.30808374285697937, 0.20525455474853516, -0.08857229351997375, -0.5198298096656799, 0.07274436205625534, -0.40837401151657104, 0.128346785902977, -0.5870031714439392, -0.5154426097869873, 0.30000001192092896, 0.30000001192092896, 0.30000001192092896, 0.20000000298023224, 0.10000000149011612, 0.0, 0.30000001192092896, 0.30000001192092896, 0.30000001192092896, 0.20000000298023224, 0.10000000149011612, 0.0]"
175,175,175,0.011243148001085501,0.1080528239999694,True,"[0.16970860958099365, 0.1748618334531784, -0.04924318194389343, 1.0038586854934692, -1.0033073425292969, 0.08903080970048904, 0.12812335789203644, 0.21650701761245728, -0.13393570482730865, 0.026389263570308685, 1.0192463397979736, 0.13656024634838104, 0.04235225170850754, -0.08058193325996399]","[336.0, 2.0, 1.0, 4.0, 10.0, 935.0]","[2.0, 1.0, 0.0, 8.0, 0.0, 503.0]","[-0.1750245988368988, 0.21190159022808075, -0.060750409960746765, 0.6682494878768921, -1.1732177734375, -0.27983537316322327, 0.0794878602027893, -0.39010119438171387, -0.46025821566581726, 0.008287101984024048, 0.23844756186008453, 0.5577630996704102, -0.25745218992233276, -0.5458643436431885, 0.3000001311302185, 0.3000003695487976, 0.2999998927116394, 0.19999974966049194, 0.10000059008598328, 0.0, 0.8717633485794067, 0.8709259629249573, 0.8709512948989868, 0.8661693334579468, 0.765994131565094, 0.0]","[0.15970860421657562, 0.18486183881759644, -0.059243179857730865, 0.9938586950302124, -1.0133073329925537, 0.07903081178665161, 0.118123359978199, 0.20650701224803925, -0.14393571019172668, 0.016389263793826103, 1.0092463493347168, 0.14656025171279907, 0.032352253794670105, -0.09058193117380142]","[286.0, 0.3000004291534424, 0.2999998927116394, 0.19999980926513672, 0.10000038146972656, 885.0]","[0.8717633485794067, 0.8709259629249573, 0.8709512948989868, 0.8661694526672363, 0.765994131565094, 453.0]","[0.12090884894132614, 0.21267205476760864, -0.30625689029693604, 0.14010757207870483, -1.1615949869155884, -0.18244785070419312, 0.29277461767196655, 0.035005923360586166, -0.4591636061668396, 0.10505371540784836, -0.17792978882789612, 0.14167751371860504, -0.3812781274318695, -0.5995468497276306, 0.30000001192092896, 0.29899999499320984, 0.29899999499320984, 0.19900000095367432, 1.0, 0.0, 0.3580000102519989, 0.3070000112056732, 0.29899999499320984, 0.33000001311302185, 0.574999988079071, 0.0]","[0.13186223804950714, 0.29236647486686707, -0.2521325349807739, -0.13542914390563965, -1.0414786338806152, -0.3016095757484436, 0.20569680631160736, -0.09317155182361603, -0.5203729867935181, 0.08034078776836395, -0.42645180225372314, 0.17657801508903503, -0.5888955593109131, -0.46957817673683167, 0.30000001192092896, 0.30000001192092896, 0.30000001192092896, 0.20000000298023224, 0.10000000149011612, 0.0, 0.30000001192092896, 0.30000001192092896, 0.30000001192092896, 0.20000000298023224, 0.10000000149011612, 0.0]"
176,176,176,0.013429250999251963,0.13410087000011117,True,"[0.16968464851379395, 0.17522135376930237, -0.050825100392103195, 1.0038586854934692, -1.0055843591690063, 0.08903080970048904, 0.12802748382091522, 0.21649502217769623, -0.13395966589450836, 0.026401247829198837, 1.0192463397979736, 0.13670405745506287, 0.04235225170850754, -0.08058193325996399]","[336.0, 2.0, 1.0, 4.0, 10.0, 935.0]","[2.0, 1.0, 0.0, 8.0, 0.0, 503.0]","[-0.1739255040884018, 0.203934907913208, -0.05264606326818466, 0.6800022721290588, -1.1705009937286377, -0.27517110109329224, 0.09200426936149597, -0.3967326283454895, -0.46685856580734253, 0.016125470399856567, 0.22954103350639343, 0.5512080788612366, -0.24168017506599426, -0.5517182946205139, 0.3000001311302185, 0.3000003695487976, 0.2999998927116394, 0.19999976456165314, 0.10000058263540268, 0.0, 0.8688492774963379, 0.8680427074432373, 0.8680766224861145, 0.8628031015396118, 0.762630045413971, 0.0]","[0.15968464314937592, 0.1852213591337204, -0.05264606326818466, 0.9938586950302124, -1.0155843496322632, 0.07903081178665161, 0.11802748590707779, 0.2064950168132782, -0.1439596712589264, 0.016401248052716255, 1.0092463493347168, 0.1467040628194809, 0.032352253794670105, -0.09058193117380142]","[286.0, 0.3000004291534424, 0.2999998927116394, 0.19999980926513672, 0.10000038146972656, 885.0]","[0.8688492774963379, 0.8680427074432373, 0.8680766224861145, 0.8628029823303223, 0.762630045413971, 453.0]","[0.12081297487020493, 0.21264809370040894, -0.30630481243133545, 0.13972407579421997, -1.1601688861846924, -0.1819804608821869, 0.29277461767196655, 0.034946002066135406, -0.46843940019607544, 0.10556904226541519, -0.20538565516471863, 0.16084028780460358, -0.3817335367202759, -0.5616167187690735, 0.30000001192092896, 0.29899999499320984, 0.29899999499320984, 0.19900000095367432, 1.0, 0.0, 0.35899999737739563, 0.3059999942779541, 0.29899999499320984, 0.3310000002384186, 0.5759999752044678, 0.0]","[0.13324134051799774, 0.2925712764263153, -0.2561612129211426, -0.1386941820383072, -1.0362757444381714, -0.2971099019050598, 0.20386013388633728, -0.09530804306268692, -0.5176571607589722, 0.08905705064535141, -0.43972235918045044, 0.2097637951374054, -0.5862657427787781, -0.43860530853271484, 0.30000001192092896, 0.30000001192092896, 0.30000001192092896, 0.20000000298023224, 0.10000000149011612, 0.0, 0.30000001192092896, 0.30000001192092896, 0.30000001192092896, 0.20000000298023224, 0.10000000149011612, 0.0]"
177,177,177,0.016939713999818196,0.11587666699961119,True,"[0.16968464851379395, 0.1757127046585083, -0.05041763558983803, 1.0038586854934692, -1.0070823431015015, 0.0890427902340889, 0.1279076337814331, 0.21650701761245728, -0.13393570482730865, 0.026401247829198837, 1.019222378730774, 0.1368718296289444, 0.042340267449617386, -0.0806059017777443]","[336.0, 2.0, 1.0, 4.0, 10.0, 935.0]","[2.0, 1.0, 0.0, 8.0, 0.0, 503.0]","[-0.15934431552886963, 0.20018813014030457, -0.03938651829957962, 0.7108968496322632, -1.170318841934204, -0.27897197008132935, 0.09906163811683655, -0.36870864033699036, -0.46280601620674133, 0.00289037823677063, 0.2106408327817917, 0.5394656658172607, -0.2505272626876831, -0.5516467690467834, 0.3000001311302185, 0.3000003397464752, 0.2999998927116394, 0.1999998241662979, 0.10000056028366089, 0.0, 0.8639039993286133, 0.8631319403648376, 0.8631482124328613, 0.8570689558982849, 0.7569179534912109, 0.0]","[0.15968464314937592, 0.18571271002292633, -0.0404176339507103, 0.9938586950302124, -1.0170823335647583, 0.07904279232025146, 0.11790763586759567, 0.20650701224803925, -0.14393571019172668, 0.016401248052716255, 1.009222388267517, 0.14687183499336243, 0.032340265810489655, -0.09060589969158173]","[286.0, 0.30000030994415283, 0.2999998927116394, 0.19999980926513672, 0.10000038146972656, 885.0]","[0.8639039993286133, 0.8631319403648376, 0.8631482124328613, 0.8570690155029297, 0.7569179534912109, 453.0]","[0.12113654613494873, 0.21264809370040894, -0.3064725995063782, 0.139364555478096, -1.156022310256958, -0.181357279419899, 0.29277461767196655, 0.03365170583128929, -0.4749588072299957, 0.10731873661279678, -0.23333287239074707, 0.19809924066066742, -0.38276416063308716, -0.5146745443344116, 0.30000001192092896, 0.29899999499320984, 0.29899999499320984, 0.19900000095367432, 1.0, 0.0, 0.36000001430511475, 0.3070000112056732, 0.29899999499320984, 0.3310000002384186, 0.578000009059906, 0.0]","[0.13638795912265778, 0.2943752110004425, -0.26137828826904297, -0.1411024034023285, -1.0266965627670288, -0.2928001582622528, 0.19594299793243408, -0.09655983746051788, -0.5108686685562134, 0.10717254877090454, -0.45456594228744507, 0.2574409246444702, -0.5858211517333984, -0.38481682538986206, 0.30000001192092896, 0.30000001192092896, 0.30000001192092896, 0.20000000298023224, 0.10000000149011612, 0.0, 0.30000001192092896, 0.30000001192092896, 0.30000001192092896, 0.20000000298023224, 0.10000000149011612, 0.0]"
178,178,178,0.020355979999294505,0.13512178800010588,True,"[0.1696726679801941, 0.17565278708934784, -0.04671451076865196, 1.0038466453552246, -1.0094552040100098, 0.0890667587518692, 0.12746421992778778, 0.21650701761245728, -0.13393570482730865, 0.026341326534748077, 1.019222378730774, 0.13706357777118683, 0.04235225170850754, -0.08058193325996399]","[336.0, 2.0, 1.0, 4.0, 10.0, 935.0]","[2.0, 1.0, 0.0, 8.0, 0.0, 503.0]","[-0.17536327242851257, 0.20438122749328613, -0.05513812601566315, 0.6850695610046387, -1.1837670803070068, -0.27278932929039, 0.07796171307563782, -0.39796915650367737, -0.4575116038322449, 0.014178216457366943, 0.2508373260498047, 0.5643115043640137, -0.24369224905967712, -0.5615004897117615, 0.3000001311302185, 0.3000003695487976, 0.2999998927116394, 0.19999976456165314, 0.10000059008598328, 0.0, 0.8694732189178467, 0.8686298131942749, 0.8686450719833374, 0.8634930849075317, 0.7633222341537476, 0.0]","[0.15967266261577606, 0.18565279245376587, -0.05513812601566315, 0.9938466548919678, -1.0194551944732666, 0.07906676083803177, 0.11746422201395035, 0.20650701224803925, -0.14393571019172668, 0.016341326758265495, 1.009222388267517, 0.14706358313560486, 0.032352253794670105, -0.09058193117380142]","[286.0, 0.3000004291534424, 0.2999998927116394, 0.19999980926513672, 0.10000038146972656, 885.0]","[0.8694732189178467, 0.8686298131942749, 0.8686450719833374, 0.8634929656982422, 0.7633222341537476, 453.0]","[0.12132829427719116, 0.21254023909568787, -0.30743134021759033, 0.13919678330421448, -1.147645354270935, -0.18077005445957184, 0.29267874360084534, 0.03093128465116024, -0.4748389720916748, 0.11198060214519501, -0.25462883710861206, 0.22924624383449554, -0.38303980231285095, -0.4763130247592926, 0.30000001192092896, 0.29899999499320984, 0.29899999499320984, 0.19900000095367432, 1.0, 0.0, 0.36000001430511475, 0.3070000112056732, 0.29899999499320984, 0.3310000002384186, 0.578000009059906, 0.0]","[0.13790400326251984, 0.2952979803085327, -0.26389187574386597, -0.14299914240837097, -1.022055745124817, -0.2906136214733124, 0.19293038547039032, -0.09776032716035843, -0.5082867741584778, 0.1170787438750267, -0.4596816599369049, 0.2814876139163971, -0.5825660228729248, -0.358207643032074, 0.30000001192092896, 0.30000001192092896, 0.30000001192092896, 0.20000000298023224, 0.10000000149011612, 0.0, 0.30000001192092896, 0.30000001192092896, 0.30000001192092896, 0.20000000298023224, 0.10000000149011612, 0.0]"
179,179,179,0.007994432000486995,0.11016514000039024,True,"[0.1696486920118332, 0.17652763426303864, -0.04917127639055252, 1.00383460521698, -1.0127149820327759, 0.0890427902340889, 0.12729644775390625, 0.21649502217769623, -0.1339476853609085, 0.026329342275857925, 1.019222378730774, 0.13727930188179016, 0.04236423596739769, -0.08061788231134415]","[336.0, 2.0, 1.0, 4.0, 10.0, 935.0]","[2.0, 1.0, 0.0, 8.0, 0.0, 503.0]","[-0.17751961946487427, 0.20555667579174042, -0.061331115663051605, 0.6807230114936829, -1.1754354238510132, -0.2629014849662781, 0.07605147361755371, -0.4165104329586029, -0.4601283371448517, 0.02015778422355652, 0.2580760717391968, 0.5868015289306641, -0.2323063611984253, -0.5565168261528015, 0.3000001311302185, 0.3000003695487976, 0.2999998927116394, 0.19999977946281433, 0.10000059008598328, 0.0, 0.8749545216560364, 0.8741276264190674, 0.8741617798805237, 0.8699133396148682, 0.7697230577468872, 0.0]","[0.15964868664741516, 0.18652763962745667, -0.059171274304389954, 0.9938346147537231, -1.0227149724960327, 0.07904279232025146, 0.11729644984006882, 0.2064950168132782, -0.14394769072532654, 0.02015778422355652, 1.009222388267517, 0.1472793072462082, 0.03236423432826996, -0.09061788022518158]","[286.0, 0.3000004291534424, 0.2999998927116394, 0.19999980926513672, 0.10000038146972656, 885.0]","[0.8749544620513916, 0.8741276264190674, 0.8741617798805237, 0.8699131011962891, 0.7697230577468872, 453.0]","[0.12265854328870773, 0.21252824366092682, -0.3079346716403961, 0.13916082680225372, -1.1430913209915161, -0.17879265546798706, 0.29260683059692383, 0.025478463619947433, -0.4749108850955963, 0.12506736814975739, -0.265953928232193, 0.2581162452697754, -0.3834472596645355, -0.4461367428302765, 0.30000001192092896, 0.29899999499320984, 0.29899999499320984, 0.19900000095367432, 1.0, 0.0, 0.3569999933242798, 0.30799999833106995, 0.29899999499320984, 0.3310000002384186, 0.578000009059906, 0.0]","[0.1383390575647354, 0.2965955436229706, -0.2697182893753052, -0.15206049382686615, -1.0199071168899536, -0.28004634380340576, 0.19228844344615936, -0.10271557420492172, -0.5020566582679749, 0.1388510763645172, -0.4714774489402771, 0.294776976108551, -0.5647625923156738, -0.3324931263923645, 0.30000001192092896, 0.30000001192092896, 0.30000001192092896, 0.20000000298023224, 0.10000000149011612, 0.0, 0.30000001192092896, 0.30000001192092896, 0.30000001192092896, 0.20000000298023224, 0.10000000149011612, 0.0]"
180,180,180,0.01616165100131184,0.12016592399959336,True,"[0.1696726679801941, 0.1768871694803238, -0.0514482781291008, 1.003822684288025, -1.020313024520874, 0.0890427902340889, 0.12720057368278503, 0.21649502217769623, -0.1339476853609085, 0.026688870042562485, 1.0192344188690186, 0.13745906949043274, 0.04235225170850754, -0.0806298702955246]","[336.0, 2.0, 1.0, 4.0, 10.0, 935.0]","[2.0, 1.0, 0.0, 8.0, 0.0, 503.0]","[-0.17657099664211273, 0.2096741497516632, -0.0640675276517868, 0.6631625890731812, -1.1784042119979858, -0.263079434633255, 0.0667421817779541, -0.42342591285705566, -0.46393755078315735, 0.017764568328857422, 0.24076592922210693, 0.5837124586105347, -0.23111814260482788, -0.5610990524291992, 0.3000001311302185, 0.3000003695487976, 0.2999998927116394, 0.19999977946281433, 0.10000057518482208, 0.0, 0.8695880174636841, 0.8688044548034668, 0.8688398599624634, 0.8636865019798279, 0.763525664806366, 0.0]","[0.15967266261577606, 0.18688717484474182, -0.06144827604293823, 0.9938226938247681, -1.0303130149841309, 0.07904279232025146, 0.1172005757689476, 0.2064950168132782, -0.14394769072532654, 0.017764568328857422, 1.0092344284057617, 0.14745907485485077, 0.032352253794670105, -0.09062986820936203]","[286.0, 0.3000004291534424, 0.2999998927116394, 0.19999980926513672, 0.10000038146972656, 885.0]","[0.8695880174636841, 0.8688044548034668, 0.8688398599624634, 0.8636865615844727, 0.763525664806366, 453.0]","[0.12468387931585312, 0.21252824366092682, -0.30886945128440857, 0.1384177953004837, -1.1404788494110107, -0.17500564455986023, 0.292594850063324, 0.01738911122083664, -0.47473111748695374, 0.14017948508262634, -0.26601386070251465, 0.2796758711338043, -0.3831716477870941, -0.4137553870677948, 0.30000001192092896, 0.29899999499320984, 0.29899999499320984, 0.19900000095367432, 1.0, 0.0, 0.3569999933242798, 0.30799999833106995, 0.29899999499320984, 0.3310000002384186, 0.578000009059906, 0.0]","[0.13921809196472168, 0.2975848913192749, -0.2724553644657135, -0.15847887098789215, -1.0175464153289795, -0.27004674077033997, 0.19015465676784515, -0.10505010932683945, -0.4979943633079529, 0.15401017665863037, -0.4756205081939697, 0.313550740480423, -0.550553560256958, -0.31121206283569336, 0.30000001192092896, 0.30000001192092896, 0.30000001192092896, 0.20000000298023224, 0.10000000149011612, 0.0, 0.30000001192092896, 0.30000001192092896, 0.30000001192092896, 0.20000000298023224, 0.10000000149011612, 0.0]"
181,181,181,0.009811505000470788,0.09910911499900976,True,"[0.1696726679801941, 0.17737852036952972, -0.05434846132993698, 1.0038466453552246, -1.0239681005477905, 0.0890427902340889, 0.12716461718082428, 0.21649502217769623, -0.13395966589450836, 0.026616964489221573, 1.019222378730774, 0.1375669240951538, 0.042340267449617386, -0.0806298702955246]","[336.0, 2.0, 1.0, 4.0, 10.0, 935.0]","[2.0, 1.0, 0.0, 8.0, 0.0, 503.0]","[-0.17710542678833008, 0.20584923028945923, -0.058599188923835754, 0.6678259372711182, -1.1776018142700195, -0.2624923586845398, 0.07011735439300537, -0.4119381904602051, -0.45764994621276855, 0.01596406102180481, 0.24873259663581848, 0.5940334796905518, -0.223621666431427, -0.5538097023963928, 0.3000001311302185, 0.3000003695487976, 0.2999998927116394, 0.19999974966049194, 0.10000060498714447, 0.0, 0.8728553652763367, 0.8719725012779236, 0.871999979019165, 0.8674113750457764, 0.7672081589698792, 0.0]","[0.15967266261577606, 0.18737852573394775, -0.058599188923835754, 0.9938466548919678, -1.0339680910110474, 0.07904279232025146, 0.11716461926698685, 0.2064950168132782, -0.1439596712589264, 0.01661696471273899, 1.009222388267517, 0.14756692945957184, 0.032340265810489655, -0.09062986820936203]","[286.0, 0.3000004291534424, 0.2999998927116394, 0.19999980926513672, 0.10000038146972656, 885.0]","[0.8728554248809814, 0.8719725012779236, 0.871999979019165, 0.8674116134643555, 0.7672081589698792, 453.0]","[0.12593023478984833, 0.21254023909568787, -0.31239280104637146, 0.13748303055763245, -1.1383576393127441, -0.17112275958061218, 0.29252296686172485, 0.015172028914093971, -0.47485095262527466, 0.15565112233161926, -0.2660737633705139, 0.2964537739753723, -0.38276416063308716, -0.3908894658088684, 0.30000001192092896, 0.29899999499320984, 0.29899999499320984, 0.19900000095367432, 1.0, 0.0, 0.34599998593330383, 0.3089999854564667, 0.29899999499320984, 0.3330000042915344, 0.5789999961853027, 0.0]","[0.1392652541399002, 0.29885920882225037, -0.2747976779937744, -0.16176430881023407, -1.0153024196624756, -0.2655881643295288, 0.18911497294902802, -0.1063321977853775, -0.49604496359825134, 0.16412663459777832, -0.4759035110473633, 0.32395273447036743, -0.5456348657608032, -0.30204805731773376, 0.30000001192092896, 0.30000001192092896, 0.30000001192092896, 0.20000000298023224, 0.10000000149011612, 0.0, 0.30000001192092896, 0.30000001192092896, 0.30000001192092896, 0.20000000298023224, 0.10000000149011612, 0.0]"
182,182,182,0.016980159000013373,0.13324388500041096,True,"[0.16966067254543304, 0.1790802776813507, -0.056529588997364044, 1.0038106441497803, -1.02659273147583, 0.0890427902340889, 0.12715263664722443, 0.21650701761245728, -0.1339476853609085, 0.026521090418100357, 1.0192344188690186, 0.13765081763267517, 0.04235225170850754, -0.0806298702955246]","[336.0, 2.0, 1.0, 4.0, 10.0, 935.0]","[2.0, 1.0, 0.0, 8.0, 0.0, 503.0]","[-0.17445923388004303, 0.21218815445899963, -0.05943753570318222, 0.6726486682891846, -1.1739470958709717, -0.25705665349960327, 0.06775104999542236, -0.41505298018455505, -0.4695444703102112, 0.011748552322387695, 0.246267169713974, 0.5957304239273071, -0.23241250216960907, -0.5594416856765747, 0.3000001311302185, 0.3000003695487976, 0.2999998927116394, 0.19999974966049194, 0.10000061243772507, 0.0, 0.8707784414291382, 0.8699279427528381, 0.8699598908424377, 0.8650168180465698, 0.7648226022720337, 0.0]","[0.15966066718101501, 0.18908028304576874, -0.05943753570318222, 0.9938106536865234, -1.036592721939087, 0.07904279232025146, 0.117152638733387, 0.20650701224803925, -0.14394769072532654, 0.016521090641617775, 1.0092344284057617, 0.1476508229970932, 0.032352253794670105, -0.09062986820936203]","[286.0, 0.3000004291534424, 0.2999998927116394, 0.19999980926513672, 0.10000038146972656, 885.0]","[0.8707784414291382, 0.8699279427528381, 0.8699598908424377, 0.8650169372558594, 0.7648226022720337, 453.0]","[0.12954947352409363, 0.21254023909568787, -0.3130519390106201, 0.1308557540178299, -1.1248273849487305, -0.16765931248664856, 0.2918877899646759, 0.011085408739745617, -0.47487491369247437, 0.1715421974658966, -0.2664213180541992, 0.31135016679763794, -0.382776141166687, -0.36663341522216797, 0.30000001192092896, 0.29899999499320984, 0.29899999499320984, 0.19900000095367432, 1.0, 0.0, 0.3479999899864197, 0.30300000309944153, 0.29899999499320984, 0.33399999141693115, 0.578000009059906, 0.0]","[0.1386098861694336, 0.30179497599601746, -0.2823028862476349, -0.17323584854602814, -1.0097073316574097, -0.25132131576538086, 0.18585392832756042, -0.11209928244352341, -0.48786863684654236, 0.19399164617061615, -0.47211509943008423, 0.34261906147003174, -0.5283250212669373, -0.27895116806030273, 0.30000001192092896, 0.30000001192092896, 0.30000001192092896, 0.20000000298023224, 0.10000000149011612, 0.0, 0.30000001192092896, 0.30000001192092896, 0.30000001192092896, 0.20000000298023224, 0.10000000149011612, 0.0]"
183,183,183,0.01095701300073415,0.11098079099974711,True,"[0.16966067254543304, 0.18024274706840515, -0.056469667702913284, 1.0038106441497803, -1.0277671813964844, 0.08905477821826935, 0.12714064121246338, 0.21649502217769623, -0.1339476853609085, 0.026437200605869293, 1.0192344188690186, 0.13769875466823578, 0.042340267449617386, -0.08064185082912445]","[336.0, 2.0, 1.0, 4.0, 10.0, 935.0]","[2.0, 1.0, 0.0, 8.0, 0.0, 503.0]","[-0.18119031190872192, 0.21253597736358643, -0.06402409821748734, 0.6599119901657104, -1.181239366531372, -0.26018017530441284, 0.06479600071907043, -0.4220740795135498, -0.4596126973628998, 0.01852235198020935, 0.25775814056396484, 0.596963107585907, -0.2284720540046692, -0.563684344291687, 0.3000001311302185, 0.3000003397464752, 0.2999998927116394, 0.19999979436397552, 0.10000059008598328, 0.0, 0.8748118281364441, 0.8739998936653137, 0.8740341663360596, 0.8697645664215088, 0.7695749998092651, 0.0]","[0.15966066718101501, 0.19024275243282318, -0.06402409821748734, 0.9938106536865234, -1.0377671718597412, 0.07905478030443192, 0.11714064329862595, 0.2064950168132782, -0.14394769072532654, 0.01852235198020935, 1.0092344284057617, 0.1476987600326538, 0.032340265810489655, -0.09064184874296188]","[286.0, 0.30000030994415283, 0.2999998927116394, 0.19999980926513672, 0.10000038146972656, 885.0]","[0.8748118877410889, 0.8739998936653137, 0.8740341663360596, 0.8697643280029297, 0.7695749998092651, 453.0]","[0.1297052651643753, 0.21274396777153015, -0.313663125038147, 0.12554673850536346, -1.1207168102264404, -0.16208665072917938, 0.29125261306762695, 0.009395632892847061, -0.4747430980205536, 0.1816808581352234, -0.26676884293556213, 0.32075777649879456, -0.38269227743148804, -0.35303130745887756, 0.30000001192092896, 0.29899999499320984, 0.29899999499320984, 0.19900000095367432, 1.0, 0.0, 0.3479999899864197, 0.30300000309944153, 0.29899999499320984, 0.33399999141693115, 0.578000009059906, 0.0]","[0.13880865275859833, 0.3021491765975952, -0.28298336267471313, -0.17457954585552216, -1.0089389085769653, -0.2501544952392578, 0.1858460009098053, -0.11272550374269485, -0.4871337115764618, 0.1969860941171646, -0.4720074534416199, 0.34230825304985046, -0.5266090035438538, -0.2783322334289551, 0.30000001192092896, 0.30000001192092896, 0.30000001192092896, 0.20000000298023224, 0.10000000149011612, 0.0, 0.30000001192092896, 0.30000001192092896, 0.30000001192092896, 0.20000000298023224, 0.10000000149011612, 0.0]"
184,184,184,0.01225271499970404,0.11444001400013804,True,"[0.16963671147823334, 0.18174077570438385, -0.05908222869038582, 1.0037987232208252, -1.02847421169281, 0.0890427902340889, 0.12711668014526367, 0.21651899814605713, -0.1339476853609085, 0.026497121900320053, 1.019222378730774, 0.1377466917037964, 0.042340267449617386, -0.08066581934690475]","[336.0, 2.0, 1.0, 4.0, 10.0, 935.0]","[2.0, 1.0, 0.0, 8.0, 0.0, 503.0]","[-0.17168419063091278, 0.21238970756530762, -0.05306734889745712, 0.6642493009567261, -1.1728497743606567, -0.24738678336143494, 0.061750203371047974, -0.41684237122535706, -0.46411246061325073, 0.015307962894439697, 0.22533337771892548, 0.6075052618980408, -0.21873801946640015, -0.5518808364868164, 0.3000001311302185, 0.3000003397464752, 0.2999998927116394, 0.1999998241662979, 0.10000057518482208, 0.0, 0.879351019859314, 0.8785783648490906, 0.8786203861236572, 0.8750900626182556, 0.7749258875846863, 0.0]","[0.1596367061138153, 0.19174078106880188, -0.05306734889745712, 0.9937987327575684, -1.038474202156067, 0.07904279232025146, 0.11711668223142624, 0.2065189927816391, -0.14394769072532654, 0.01649712212383747, 1.009222388267517, 0.14774669706821442, 0.032340265810489655, -0.09066581726074219]","[286.0, 0.30000030994415283, 0.2999998927116394, 0.19999980926513672, 0.10000038146972656, 885.0]","[0.879351019859314, 0.8785783648490906, 0.8786203861236572, 0.8750901222229004, 0.7749258875846863, 453.0]","[0.1291060596704483, 0.2128278613090515, -0.3141305148601532, 0.11624698340892792, -1.119865894317627, -0.1510491818189621, 0.29090508818626404, 0.007909588515758514, -0.47500675916671753, 0.2004481554031372, -0.26676884293556213, 0.3362653851509094, -0.3811822533607483, -0.33636125922203064, 0.30000001192092896, 0.29899999499320984, 0.29899999499320984, 0.19900000095367432, 1.0, 0.0, 0.3499999940395355, 0.30000001192092896, 0.29899999499320984, 0.33500000834465027, 0.5789999961853027, 0.0]","[0.14011068642139435, 0.304843932390213, -0.2883688509464264, -0.18089477717876434, -1.0010597705841064, -0.2378113567829132, 0.17985345423221588, -0.11654951423406601, -0.4835575520992279, 0.21700312197208405, -0.47133132815361023, 0.3497801423072815, -0.5148562788963318, -0.26287201046943665, 0.30000001192092896, 0.30000001192092896, 0.30000001192092896, 0.20000000298023224, 0.10000000149011612, 0.0, 0.30000001192092896, 0.30000001192092896, 0.30000001192092896, 0.20000000298023224, 0.10000000149011612, 0.0]"
185,185,185,0.01079317099902255,0.09731246599949372,True,"[0.16966067254543304, 0.18193252384662628, -0.0571887232363224, 1.0037866830825806, -1.030176043510437, 0.0890667587518692, 0.1270088255405426, 0.21649502217769623, -0.1339237242937088, 0.02642521634697914, 1.019222378730774, 0.1378185898065567, 0.042340267449617386, -0.08066581934690475]","[336.0, 2.0, 1.0, 4.0, 10.0, 935.0]","[2.0, 1.0, 0.0, 8.0, 0.0, 503.0]","[-0.1810062974691391, 0.21367065608501434, -0.0548880398273468, 0.6704400181770325, -1.1735063791275024, -0.2414635419845581, 0.05542293190956116, -0.43178659677505493, -0.4615155756473541, 0.015914440155029297, 0.2724558711051941, 0.6248977184295654, -0.2109152376651764, -0.5434799194335938, 0.3000001311302185, 0.30000030994415283, 0.2999998927116394, 0.1999998241662979, 0.1000005379319191, 0.0, 0.8771437406539917, 0.8764415979385376, 0.8765029311180115, 0.872606635093689, 0.7724249958992004, 0.0]","[0.15966066718101501, 0.1919325292110443, -0.0548880398273468, 0.9937866926193237, -1.0401760339736938, 0.07906676083803177, 0.11700882762670517, 0.2064950168132782, -0.14392372965812683, 0.01642521657049656, 1.009222388267517, 0.14781859517097473, 0.032340265810489655, -0.09066581726074219]","[286.0, 0.30000030994415283, 0.2999998927116394, 0.19999980926513672, 0.10000038146972656, 885.0]","[0.8771437406539917, 0.8764415979385376, 0.8765029311180115, 0.8726067543029785, 0.7724249958992004, 453.0]","[0.1290341466665268, 0.2130555510520935, -0.3147297203540802, 0.10903248190879822, -1.1140415668487549, -0.14185728132724762, 0.290162056684494, 0.007957525551319122, -0.4751385748386383, 0.2171781361103058, -0.2667448818683624, 0.3460085391998291, -0.3789531886577606, -0.3203742802143097, 0.30000001192092896, 0.29899999499320984, 0.29899999499320984, 0.19900000095367432, 1.0, 0.0, 0.35199999809265137, 0.30300000309944153, 0.29899999499320984, 0.33500000834465027, 0.5809999704360962, 0.0]","[0.13858836889266968, 0.31217044591903687, -0.2958577275276184, -0.1951003074645996, -1.0008230209350586, -0.22139394283294678, 0.17348235845565796, -0.1242932677268982, -0.4818873703479767, 0.2407200038433075, -0.4736855924129486, 0.3652118444442749, -0.5044050216674805, -0.250862717628479, 0.30000001192092896, 0.30000001192092896, 0.30000001192092896, 0.20000000298023224, 0.10000000149011612, 0.0, 0.30000001192092896, 0.30000001192092896, 0.30000001192092896, 0.20000000298023224, 0.10000000149011612, 0.0]"
186,186,186,0.016748744001233717,0.12665972099966893,True,"[0.1696726679801941, 0.18371817469596863, -0.055391088128089905, 1.0037987232208252, -1.0312066078186035, 0.0890667587518692, 0.12697286903858185, 0.21649502217769623, -0.1339237242937088, 0.026389263570308685, 1.0192463397979736, 0.13783057034015656, 0.04235225170850754, -0.0806778073310852]","[336.0, 2.0, 1.0, 4.0, 10.0, 935.0]","[2.0, 1.0, 0.0, 8.0, 0.0, 503.0]","[-0.18114185333251953, 0.21880945563316345, -0.05988171696662903, 0.6464827656745911, -1.1742808818817139, -0.24230524897575378, 0.04960969090461731, -0.4397212266921997, -0.46379148960113525, 0.023100972175598145, 0.24308787286281586, 0.6343352794647217, -0.20812152326107025, -0.5469616651535034, 0.3000001311302185, 0.3000003397464752, 0.2999998927116394, 0.1999998390674591, 0.10000056028366089, 0.0, 0.8720440864562988, 0.8713077306747437, 0.8713593482971191, 0.8666181564331055, 0.7664414644241333, 0.0]","[0.15967266261577606, 0.19371818006038666, -0.05988171696662903, 0.9937987327575684, -1.0412065982818604, 0.07906676083803177, 0.11697287112474442, 0.2064950168132782, -0.14392372965812683, 0.023100972175598145, 1.0092463493347168, 0.14783057570457458, 0.032352253794670105, -0.09067780524492264]","[286.0, 0.30000030994415283, 0.2999998927116394, 0.19999980926513672, 0.10000038146972656, 885.0]","[0.8720440864562988, 0.8713077306747437, 0.8713593482971191, 0.8666181564331055, 0.7664414644241333, 453.0]","[0.1290341466665268, 0.21428993344306946, -0.31582027673721313, 0.10283663868904114, -1.1054129600524902, -0.1344989538192749, 0.2898624539375305, 0.007909588515758514, -0.4751385748386383, 0.23403993248939514, -0.2667448818683624, 0.35660260915756226, -0.3770117461681366, -0.3106071352958679, 0.30000001192092896, 0.29899999499320984, 0.29899999499320984, 0.19900000095367432, 1.0, 0.0, 0.35199999809265137, 0.30300000309944153, 0.29899999499320984, 0.33500000834465027, 0.5809999704360962, 0.0]","[0.13845577836036682, 0.3167223632335663, -0.30015987157821655, -0.2033603936433792, -1.0014327764511108, -0.2103227823972702, 0.16761091351509094, -0.12706074118614197, -0.48115041851997375, 0.2522263824939728, -0.47507697343826294, 0.3749180734157562, -0.5031152963638306, -0.2418019324541092, 0.30000001192092896, 0.30000001192092896, 0.30000001192092896, 0.20000000298023224, 0.10000000149011612, 0.0, 0.30000001192092896, 0.30000001192092896, 0.30000001192092896, 0.20000000298023224, 0.10000000149011612, 0.0]"
187,187,187,0.009612886999093462,0.11760150200097996,True,"[0.16966067254543304, 0.18640263378620148, -0.056481651961803436, 1.0037987232208252, -1.0332319736480713, 0.0890667587518692, 0.12694889307022095, 0.21650701761245728, -0.13393570482730865, 0.02767157554626465, 1.019222378730774, 0.1378905028104782, 0.04235225170850754, -0.08077368140220642]","[336.0, 2.0, 1.0, 4.0, 10.0, 935.0]","[2.0, 1.0, 0.0, 8.0, 0.0, 503.0]","[-0.16874971985816956, 0.21873459219932556, -0.056419841945171356, 0.6335647702217102, -1.1772217750549316, -0.24437497556209564, 0.05588611960411072, -0.4082294702529907, -0.4584243893623352, 0.010532766580581665, 0.24633903801441193, 0.6123132705688477, -0.21290400624275208, -0.5445698499679565, 0.3000001311302185, 0.30000030994415283, 0.2999998927116394, 0.1999998390674591, 0.10000056028366089, 0.0, 0.8865247964859009, 0.8857918381690979, 0.8858453035354614, 0.8835098147392273, 0.7833325862884521, 0.0]","[0.15966066718101501, 0.1964026391506195, -0.056419841945171356, 0.9937987327575684, -1.0432319641113281, 0.07906676083803177, 0.11694889515638351, 0.20650701224803925, -0.14393571019172668, 0.017671575769782066, 1.009222388267517, 0.14789050817489624, 0.032352253794670105, -0.09077367931604385]","[286.0, 0.30000030994415283, 0.2999998927116394, 0.19999980926513672, 0.10000038146972656, 885.0]","[0.8865247964859009, 0.8857918381690979, 0.8858453035354614, 0.883509635925293, 0.7833325862884521, 453.0]","[0.1290341466665268, 0.2179211527109146, -0.31953540444374084, 0.09322528541088104, -1.1028003692626953, -0.1251632422208786, 0.28855618834495544, 0.007969509810209274, -0.475534051656723, 0.2546887695789337, -0.26676884293556213, 0.36174383759498596, -0.36895835399627686, -0.29789188504219055, 0.30000001192092896, 0.29899999499320984, 0.29899999499320984, 0.19900000095367432, 1.0, 0.0, 0.35199999809265137, 0.3019999861717224, 0.29899999499320984, 0.3370000123977661, 0.5830000042915344, 0.0]","[0.13884422183036804, 0.3214709758758545, -0.3053283393383026, -0.2102675437927246, -1.0005754232406616, -0.19993595778942108, 0.15695765614509583, -0.12932005524635315, -0.4796576201915741, 0.26318472623825073, -0.47576290369033813, 0.3925425112247467, -0.5008402466773987, -0.22387973964214325, 0.30000001192092896, 0.30000001192092896, 0.30000001192092896, 0.20000000298023224, 0.10000000149011612, 0.0, 0.30000001192092896, 0.30000001192092896, 0.30000001192092896, 0.20000000298023224, 0.10000000149011612, 0.0]"
188,188,188,0.019931820999772754,0.1258847360004438,True,"[0.1696726679801941, 0.18855980038642883, -0.05673332139849663, 1.0037987232208252, -1.0415610074996948, 0.0890667587518692, 0.1269369125366211, 0.21651899814605713, -0.13393570482730865, 0.026928553357720375, 1.0192344188690186, 0.13797438144683838, 0.04235225170850754, -0.08080963045358658]","[336.0, 2.0, 1.0, 4.0, 10.0, 935.0]","[2.0, 1.0, 0.0, 8.0, 0.0, 503.0]","[-0.17268876731395721, 0.2172195017337799, -0.05720984935760498, 0.6561002731323242, -1.1687140464782715, -0.23818764090538025, 0.047544121742248535, -0.4206997752189636, -0.46728765964508057, 0.014951378107070923, 0.23590926826000214, 0.6412181854248047, -0.2036268711090088, -0.5398879647254944, 0.3000001311302185, 0.30000030994415283, 0.2999999225139618, 0.1999998688697815, 0.1000005304813385, 0.0, 0.8773785829544067, 0.8767480254173279, 0.8768128156661987, 0.8729486465454102, 0.7727941274642944, 0.0]","[0.15967266261577606, 0.19855980575084686, -0.05720984935760498, 0.9937987327575684, -1.0515609979629517, 0.07906676083803177, 0.11693691462278366, 0.2065189927816391, -0.14393571019172668, 0.016928553581237793, 1.0092344284057617, 0.1479743868112564, 0.032352253794670105, -0.09080962836742401]","[286.0, 0.30000030994415283, 0.2999999523162842, 0.19999980926513672, 0.10000038146972656, 885.0]","[0.8773785829544067, 0.8767480254173279, 0.8768128156661987, 0.8729486465454102, 0.7727941274642944, 453.0]","[0.12932176887989044, 0.2217201441526413, -0.3231666088104248, 0.085747130215168, -1.1001638174057007, -0.11533618718385696, 0.28728583455085754, 0.007993478327989578, -0.4759654998779297, 0.2664452791213989, -0.26676884293556213, 0.3782101571559906, -0.3644043505191803, -0.2830793857574463, 0.30000001192092896, 0.29899999499320984, 0.29899999499320984, 0.19900000095367432, 1.0, 0.0, 0.35199999809265137, 0.3019999861717224, 0.29899999499320984, 0.3370000123977661, 0.5830000042915344, 0.0]","[0.13712573051452637, 0.32507607340812683, -0.3127385377883911, -0.22035492956638336, -1.0057770013809204, -0.1886613517999649, 0.14956195652484894, -0.13607704639434814, -0.4761769473552704, 0.2752853035926819, -0.47741302847862244, 0.4072488844394684, -0.49330949783325195, -0.2070239782333374, 0.30000001192092896, 0.30000001192092896, 0.30000001192092896, 0.20000000298023224, 0.10000000149011612, 0.0, 0.30000001192092896, 0.30000001192092896, 0.30000001192092896, 0.20000000298023224, 0.10000000149011612, 0.0]"
189,189,189,0.011422483999922406,0.11036402300123882,True,"[0.16966067254543304, 0.19012972712516785, -0.05655355751514435, 1.0037747621536255, -1.0455996990203857, 0.0890667587518692, 0.12688897550106049, 0.21649502217769623, -0.1339476853609085, 0.02683268114924431, 1.0192104578018188, 0.138022318482399, 0.042340267449617386, -0.08086955547332764]","[336.0, 2.0, 1.0, 5.0, 10.0, 935.0]","[2.0, 1.0, 0.0, 8.0, 0.0, 503.0]","[-0.17781411111354828, 0.22190463542938232, -0.06352629512548447, 0.6406573057174683, -1.1778451204299927, -0.24230094254016876, 0.042155325412750244, -0.4339824914932251, -0.460191547870636, 0.01588788628578186, 0.24440601468086243, 0.6542853713035583, -0.20856761932373047, -0.5467687249183655, 0.3000001311302185, 0.30000030994415283, 0.2999998927116394, 0.1999998390674591, 0.10000057518482208, 0.0, 0.8748089671134949, 0.8740667700767517, 0.8741133809089661, 0.8698335289955139, 0.7696608901023865, 0.0]","[0.15966066718101501, 0.20012973248958588, -0.06352629512548447, 0.9937747716903687, -1.0555996894836426, 0.07906676083803177, 0.11688897758722305, 0.2064950168132782, -0.14394769072532654, 0.016832681372761726, 1.009210467338562, 0.14802232384681702, 0.032340265810489655, -0.09086955338716507]","[286.0, 0.30000030994415283, 0.2999998927116394, 0.19999980926513672, 0.10000038146972656, 885.0]","[0.8748090267181396, 0.8740667700767517, 0.8741133809089661, 0.8698334693908691, 0.7696608901023865, 453.0]","[0.12944161891937256, 0.22871893644332886, -0.32859545946121216, 0.07819706946611404, -1.097071886062622, -0.10467022657394409, 0.2866746485233307, 0.006938866339623928, -0.4758096933364868, 0.2772790193557739, -0.26676884293556213, 0.3948322832584381, -0.35837626457214355, -0.2710951566696167, 0.30000001192092896, 0.29899999499320984, 0.29899999499320984, 0.19900000095367432, 1.0, 0.0, 0.3540000021457672, 0.30300000309944153, 0.29899999499320984, 0.3370000123977661, 0.5830000042915344, 0.0]","[0.1345750242471695, 0.3294202387332916, -0.3214719593524933, -0.22792309522628784, -1.0117048025131226, -0.17864258587360382, 0.1425705850124359, -0.14326772093772888, -0.4736301600933075, 0.290720671415329, -0.47628146409988403, 0.41778838634490967, -0.48900267481803894, -0.1916419267654419, 0.30000001192092896, 0.30000001192092896, 0.30000001192092896, 0.20000000298023224, 0.10000000149011612, 0.0, 0.30000001192092896, 0.30000001192092896, 0.30000001192092896, 0.20000000298023224, 0.10000000149011612, 0.0]"
190,190,190,0.007085847999405814,0.10785378900072828,True,"[0.1696726679801941, 0.19080084562301636, -0.059010326862335205, 1.0037747621536255, -1.0489312410354614, 0.0890667587518692, 0.12686501443386078, 0.21649502217769623, -0.13393570482730865, 0.02665291726589203, 1.019222378730774, 0.13808223605155945, 0.04235225170850754, -0.08089352399110794]","[336.0, 2.0, 1.0, 4.0, 10.0, 935.0]","[2.0, 1.0, 0.0, 8.0, 0.0, 503.0]","[-0.17503491044044495, 0.2175215631723404, -0.06347586959600449, 0.6365219950675964, -1.175323247909546, -0.23823145031929016, 0.04695260524749756, -0.4268728494644165, -0.45244866609573364, 0.021317631006240845, 0.24713484942913055, 0.6454541683197021, -0.1989513784646988, -0.552675187587738, 0.3000001311302185, 0.3000003397464752, 0.2999999225139618, 0.1999998390674591, 0.10000056028366089, 0.0, 0.8859745264053345, 0.8852509260177612, 0.8853017687797546, 0.8828794956207275, 0.7827049493789673, 0.0]","[0.15967266261577606, 0.2008008509874344, -0.06347586959600449, 0.9937747716903687, -1.0589312314987183, 0.07906676083803177, 0.11686501652002335, 0.2064950168132782, -0.14393571019172668, 0.021317631006240845, 1.009222388267517, 0.14808224141597748, 0.032352253794670105, -0.09089352190494537]","[286.0, 0.30000030994415283, 0.2999999523162842, 0.19999980926513672, 0.10000038146972656, 885.0]","[0.8859745264053345, 0.8852509260177612, 0.8853017687797546, 0.8828792572021484, 0.7827049493789673, 453.0]","[0.1297292411327362, 0.2410387247800827, -0.3391415774822235, 0.0706709772348404, -1.0957057476043701, -0.09567006677389145, 0.2837744653224945, 0.006099970545619726, -0.4760373830795288, 0.28915539383888245, -0.2667448818683624, 0.40336504578590393, -0.3526717722415924, -0.26105237007141113, 0.30000001192092896, 0.29899999499320984, 0.29899999499320984, 0.19900000095367432, 1.0, 0.0, 0.3540000021457672, 0.30399999022483826, 0.29899999499320984, 0.33500000834465027, 0.5830000042915344, 0.0]","[0.1321289986371994, 0.33479073643684387, -0.32875052094459534, -0.23488830029964447, -1.0129510164260864, -0.17194651067256927, 0.1332385092973709, -0.15035636723041534, -0.47361791133880615, 0.30419108271598816, -0.4771149754524231, 0.42997920513153076, -0.48104003071784973, -0.1818603277206421, 0.30000001192092896, 0.30000001192092896, 0.30000001192092896, 0.20000000298023224, 0.10000000149011612, 0.0, 0.30000001192092896, 0.30000001192092896, 0.30000001192092896, 0.20000000298023224, 0.10000000149011612, 0.0]"
191,191,191,0.024430718000076013,0.11484669399942504,True,"[0.16966067254543304, 0.19089671969413757, -0.06013684347271919, 1.0037987232208252, -1.0521070957183838, 0.08907874673604965, 0.12686501443386078, 0.21651899814605713, -0.1339476853609085, 0.027216175571084023, 1.0192344188690186, 0.13808223605155945, 0.04235225170850754, -0.08091749250888824]","[336.0, 2.0, 1.0, 4.0, 10.0, 935.0]","[2.0, 1.0, 0.0, 8.0, 0.0, 503.0]","[-0.17871157824993134, 0.21564465761184692, -0.05828790366649628, 0.6560958623886108, -1.1738989353179932, -0.2377777397632599, 0.041012972593307495, -0.43421274423599243, -0.4617331624031067, 0.014696478843688965, 0.2632496953010559, 0.6538759469985962, -0.19574354588985443, -0.5509678721427917, 0.3000001609325409, 0.30000030994415283, 0.2999998927116394, 0.1999998241662979, 0.1000005453824997, 0.0, 0.8644520044326782, 0.863735020160675, 0.8637871146202087, 0.8577874898910522, 0.7576046586036682, 0.0]","[0.15966066718101501, 0.2008967250585556, -0.05828790366649628, 0.9937987327575684, -1.0621070861816406, 0.07907874882221222, 0.11686501652002335, 0.2065189927816391, -0.14394769072532654, 0.01721617579460144, 1.0092344284057617, 0.14808224141597748, 0.032352253794670105, -0.09091749042272568]","[286.0, 0.30000030994415283, 0.2999998927116394, 0.19999980926513672, 0.10000038146972656, 885.0]","[0.8644520044326782, 0.863735020160675, 0.8637871146202087, 0.8577876091003418, 0.7576046586036682, 453.0]","[0.13007678091526031, 0.25370603799819946, -0.34699127078056335, 0.06741126626729965, -1.0942076444625854, -0.0884915217757225, 0.27023229002952576, 0.002636529505252838, -0.4760134220123291, 0.3026975691318512, -0.2667448818683624, 0.4192201793193817, -0.3457329273223877, -0.24704281985759735, 0.30000001192092896, 0.29899999499320984, 0.29899999499320984, 0.19900000095367432, 1.0, 0.0, 0.3540000021457672, 0.30399999022483826, 0.29899999499320984, 0.33500000834465027, 0.5830000042915344, 0.0]","[0.12818178534507751, 0.33864498138427734, -0.33407875895500183, -0.24213890731334686, -1.0169262886047363, -0.1661195009946823, 0.12661130726337433, -0.15903621912002563, -0.4718945622444153, 0.3156077563762665, -0.4756757318973541, 0.444873571395874, -0.47182127833366394, -0.1685512214899063, 0.30000001192092896, 0.30000001192092896, 0.30000001192092896, 0.20000000298023224, 0.10000000149011612, 0.0, 0.30000001192092896, 0.30000001192092896, 0.30000001192092896, 0.20000000298023224, 0.10000000149011612, 0.0]"
192,192,192,0.011453908999101259,0.11269780899965554,True,"[0.1696726679801941, 0.19125625491142273, -0.058890484273433685, 1.0037866830825806, -1.059777021408081, 0.0890667587518692, 0.12686501443386078, 0.21650701761245728, -0.13393570482730865, 0.026868632063269615, 1.019222378730774, 0.13810621201992035, 0.04235225170850754, -0.0809294730424881]","[336.0, 2.0, 1.0, 4.0, 10.0, 935.0]","[2.0, 1.0, 0.0, 8.0, 0.0, 503.0]","[-0.17817191779613495, 0.2261911928653717, -0.06313873082399368, 0.6369355916976929, -1.178649663925171, -0.2357385903596878, 0.028614282608032227, -0.4533740282058716, -0.4609815776348114, 0.022146791219711304, 0.22775012254714966, 0.6758133769035339, -0.19417405128479004, -0.5656963586807251, 0.3000001311302185, 0.30000030994415283, 0.2999999225139618, 0.1999998837709427, 0.10000056773424149, 0.0, 0.8747572898864746, 0.8740614652633667, 0.8741100430488586, 0.8698142170906067, 0.76966392993927, 0.0]","[0.15967266261577606, 0.20125626027584076, -0.06313873082399368, 0.9937866926193237, -1.069777011871338, 0.07906676083803177, 0.11686501652002335, 0.20650701224803925, -0.14393571019172668, 0.022146791219711304, 1.009222388267517, 0.14810621738433838, 0.032352253794670105, -0.09092947095632553]","[286.0, 0.30000030994415283, 0.2999999523162842, 0.19999980926513672, 0.10000038146972656, 885.0]","[0.8747572898864746, 0.8740614652633667, 0.8741100430488586, 0.869814395904541, 0.76966392993927, 453.0]","[0.13016067445278168, 0.26137596368789673, -0.349220335483551, 0.06221011281013489, -1.0864059925079346, -0.07660316675901413, 0.26337730884552, -0.0029241510201245546, -0.4768643081188202, 0.3158082962036133, -0.2667448818683624, 0.4337330758571625, -0.3384944498538971, -0.23768313229084015, 0.30000001192092896, 0.29899999499320984, 0.29899999499320984, 0.19900000095367432, 1.0, 0.0, 0.3540000021457672, 0.30399999022483826, 0.29899999499320984, 0.33799999952316284, 0.5839999914169312, 0.0]","[0.12240008264780045, 0.34476402401924133, -0.3397965729236603, -0.25511398911476135, -1.0279138088226318, -0.15463288128376007, 0.12050551921129227, -0.1693628430366516, -0.46932312846183777, 0.3327581286430359, -0.47260308265686035, 0.4756307601928711, -0.45822152495384216, -0.1463894546031952, 0.30000001192092896, 0.30000001192092896, 0.30000001192092896, 0.20000000298023224, 0.10000000149011612, 0.0, 0.30000001192092896, 0.30000001192092896, 0.30000001192092896, 0.20000000298023224, 0.10000000149011612, 0.0]"
193,193,193,0.013398408998909872,0.10036113100068178,True,"[0.1696486920118332, 0.19169966876506805, -0.059238024055957794, 1.0038106441497803, -1.0654096603393555, 0.0890667587518692, 0.12685301899909973, 0.21649502217769623, -0.13393570482730865, 0.027467845007777214, 1.0192344188690186, 0.1381661295890808, 0.042340267449617386, -0.08096542209386826]","[336.0, 2.0, 1.0, 4.0, 10.0, 935.0]","[2.0, 1.0, 0.0, 8.0, 0.0, 503.0]","[-0.1700068861246109, 0.21998146176338196, -0.05389872193336487, 0.6462643146514893, -1.1772520542144775, -0.23325693607330322, 0.04136839509010315, -0.42016831040382385, -0.45722562074661255, 0.009081363677978516, 0.22991807758808136, 0.6645534634590149, -0.19677524268627167, -0.5525333285331726, 0.3000001609325409, 0.30000028014183044, 0.2999999225139618, 0.1999998837709427, 0.1000005453824997, 0.0, 0.8803589344024658, 0.8797287940979004, 0.8797941207885742, 0.8764346241950989, 0.7762681841850281, 0.0]","[0.15964868664741516, 0.20169967412948608, -0.05389872193336487, 0.9938106536865234, -1.0754096508026123, 0.07906676083803177, 0.1168530210852623, 0.2064950168132782, -0.14393571019172668, 0.017467845231294632, 1.0092344284057617, 0.14816613495349884, 0.032340265810489655, -0.09096542000770569]","[286.0, 0.30000030994415283, 0.2999999523162842, 0.19999980926513672, 0.10000038146972656, 885.0]","[0.8803589344024658, 0.8797287940979004, 0.8797941207885742, 0.8764348030090332, 0.7762681841850281, 453.0]","[0.13017265498638153, 0.2662774920463562, -0.34930419921875, 0.05790777504444122, -1.0852195024490356, -0.06488259881734848, 0.25603097677230835, -0.008017446845769882, -0.476540744304657, 0.32384970784187317, -0.2667448818683624, 0.4437159299850464, -0.33163946866989136, -0.22850322723388672, 0.30000001192092896, 0.29899999499320984, 0.29899999499320984, 0.19900000095367432, 1.0, 0.0, 0.3540000021457672, 0.3050000071525574, 0.29899999499320984, 0.3370000123977661, 0.5839999914169312, 0.0]","[0.11934635043144226, 0.3502025604248047, -0.3431892693042755, -0.2618427276611328, -1.03197181224823, -0.1509411334991455, 0.10939494520425797, -0.17607922852039337, -0.46665114164352417, 0.34683552384376526, -0.4684521555900574, 0.5056285858154297, -0.44679388403892517, -0.1290130615234375, 0.30000001192092896, 0.30000001192092896, 0.30000001192092896, 0.20000000298023224, 0.10000000149011612, 0.0, 0.30000001192092896, 0.30000001192092896, 0.30000001192092896, 0.20000000298023224, 0.10000000149011612, 0.0]"
194,194,194,0.016342499999154825,0.1233688889988116,True,"[0.16966067254543304, 0.19167569279670715, -0.05662546306848526, 1.0037866830825806, -1.0686572790145874, 0.08907874673604965, 0.12685301899909973, 0.21651899814605713, -0.13393570482730865, 0.026880616322159767, 1.019222378730774, 0.13821406662464142, 0.042340267449617386, -0.0809774100780487]","[336.0, 2.0, 1.0, 4.0, 10.0, 935.0]","[2.0, 1.0, 0.0, 8.0, 0.0, 503.0]","[-0.18144580721855164, 0.22703862190246582, -0.06544032692909241, 0.6391464471817017, -1.1725205183029175, -0.23436108231544495, 0.03563123941421509, -0.44600173830986023, -0.4600077271461487, 0.028436362743377686, 0.24222013354301453, 0.6647137403488159, -0.19229134917259216, -0.5593892335891724, 0.3000001311302185, 0.30000030994415283, 0.2999999225139618, 0.1999998688697815, 0.1000005379319191, 0.0, 0.8813384771347046, 0.8806610107421875, 0.8807119131088257, 0.8775085210800171, 0.7773593068122864, 0.0]","[0.15966066718101501, 0.20167569816112518, -0.06544032692909241, 0.9937866926193237, -1.0786572694778442, 0.07907874882221222, 0.1168530210852623, 0.2065189927816391, -0.14393571019172668, 0.028436362743377686, 1.009222388267517, 0.14821407198905945, 0.032340265810489655, -0.09097740799188614]","[286.0, 0.30000030994415283, 0.2999999523162842, 0.19999980926513672, 0.10000038146972656, 885.0]","[0.8813384771347046, 0.8806610107421875, 0.8807119131088257, 0.8775086402893066, 0.7773593068122864, 453.0]","[0.13005280494689941, 0.2733122408390045, -0.352252334356308, 0.05535513535141945, -1.084967851638794, -0.05687713250517845, 0.24828918278217316, -0.013685985468327999, -0.4769362211227417, 0.33276599645614624, -0.2667209208011627, 0.46618637442588806, -0.3244129717350006, -0.21748971939086914, 0.30000001192092896, 0.29899999499320984, 0.29899999499320984, 0.19900000095367432, 1.0, 0.0, 0.3540000021457672, 0.3050000071525574, 0.29899999499320984, 0.3370000123977661, 0.5839999914169312, 0.0]","[0.11650820076465607, 0.35519832372665405, -0.34619849920272827, -0.2699403464794159, -1.033776879310608, -0.14896591007709503, 0.09788521379232407, -0.17880383133888245, -0.46252521872520447, 0.3620038628578186, -0.46469250321388245, 0.5223822593688965, -0.4380791485309601, -0.11547217518091202, 0.30000001192092896, 0.30000001192092896, 0.30000001192092896, 0.20000000298023224, 0.10000000149011612, 0.0, 0.30000001192092896, 0.30000001192092896, 0.30000001192092896, 0.20000000298023224, 0.10000000149011612, 0.0]"
195,195,195,0.017458970000006957,0.12469823600076779,True,"[0.1696486920118332, 0.19285015761852264, -0.05914214998483658, 1.0037866830825806, -1.071293830871582, 0.08899485319852829, 0.12684103846549988, 0.21650701761245728, -0.13407951593399048, 0.03003246895968914, 1.019222378730774, 0.13827398419380188, 0.04235225170850754, -0.08119312673807144]","[336.0, 2.0, 1.0, 4.0, 10.0, 935.0]","[2.0, 1.0, 0.0, 8.0, 0.0, 503.0]","[-0.1735531985759735, 0.23123008012771606, -0.06028331071138382, 0.6369592547416687, -1.168440818786621, -0.227483868598938, 0.027956902980804443, -0.4315529465675354, -0.4647826850414276, 0.008516192436218262, 0.2262101173400879, 0.6994587779045105, -0.18406423926353455, -0.5564211010932922, 0.3000001609325409, 0.30000028014183044, 0.2999999225139618, 0.19999989867210388, 0.1000005453824997, 0.0, 0.8791865706443787, 0.8785737752914429, 0.8786355257034302, 0.8750656843185425, 0.7749271392822266, 0.0]","[0.15964868664741516, 0.20285016298294067, -0.06028331071138382, 0.9937866926193237, -1.0812938213348389, 0.07899485528469086, 0.11684104055166245, 0.20650701224803925, -0.1440795212984085, 0.020032469183206558, 1.009222388267517, 0.1482739895582199, 0.032352253794670105, -0.09119312465190887]","[286.0, 0.30000030994415283, 0.2999999523162842, 0.19999980926513672, 0.10000038146972656, 885.0]","[0.8791866302490234, 0.8785737752914429, 0.8786355257034302, 0.875065803527832, 0.7749271392822266, 453.0]","[0.12909407913684845, 0.2851047217845917, -0.36059334874153137, 0.051064785569906235, -1.0847281217575073, -0.05249090492725372, 0.24644361436367035, -0.018731344491243362, -0.4764688313007355, 0.3405916690826416, -0.2667209208011627, 0.4852412939071655, -0.3175699710845947, -0.20732709765434265, 0.30000001192092896, 0.29899999499320984, 0.29899999499320984, 0.19900000095367432, 1.0, 0.0, 0.3540000021457672, 0.3050000071525574, 0.29899999499320984, 0.3370000123977661, 0.5849999785423279, 0.0]","[0.11360400170087814, 0.3597772717475891, -0.3495039939880371, -0.2787846624851227, -1.0397694110870361, -0.14515097439289093, 0.09309228509664536, -0.18059426546096802, -0.45882144570350647, 0.37797510623931885, -0.4587322175502777, 0.5261653661727905, -0.4336497485637665, -0.11056620627641678, 0.30000001192092896, 0.30000001192092896, 0.30000001192092896, 0.20000000298023224, 0.10000000149011612, 0.0, 0.30000001192092896, 0.30000001192092896, 0.30000001192092896, 0.20000000298023224, 0.10000000149011612, 0.0]"
196,196,196,0.01606505699965055,0.12569509599961748,True,"[0.1696726679801941, 0.1928860992193222, -0.06024470180273056, 1.0037866830825806, -1.075560212135315, 0.08903080970048904, 0.12681707739830017, 0.21649502217769623, -0.13403157889842987, 0.028606345877051353, 1.0192344188690186, 0.1384417712688446, 0.04235225170850754, -0.08133693784475327]","[336.0, 2.0, 1.0, 4.0, 10.0, 935.0]","[2.0, 1.0, 0.0, 8.0, 0.0, 503.0]","[-0.1774834245443344, 0.2282533049583435, -0.05849664658308029, 0.6406545042991638, -1.1691243648529053, -0.22480973601341248, 0.023895949125289917, -0.4331806004047394, -0.455294668674469, 0.013930559158325195, 0.23563805222511292, 0.6973091959953308, -0.1843063086271286, -0.5703748464584351, 0.3000001609325409, 0.30000028014183044, 0.2999999225139618, 0.19999992847442627, 0.1000005230307579, 0.0, 0.8800079226493835, 0.8794205188751221, 0.8794938921928406, 0.8760629296302795, 0.7759027481079102, 0.0]","[0.15967266261577606, 0.20288610458374023, -0.05849664658308029, 0.9937866926193237, -1.0855602025985718, 0.07903081178665161, 0.11681707948446274, 0.2064950168132782, -0.1440315842628479, 0.01860634610056877, 1.0092344284057617, 0.14844177663326263, 0.032352253794670105, -0.0913369357585907]","[286.0, 0.30000030994415283, 0.2999999523162842, 0.19999980926513672, 0.10000038146972656, 885.0]","[0.8800079822540283, 0.8794205188751221, 0.8794938921928406, 0.8760628700256348, 0.7759027481079102, 453.0]","[0.12874652445316315, 0.29851505160331726, -0.3726614713668823, 0.04399409145116806, -1.0847641229629517, -0.05026184022426605, 0.24540098011493683, -0.022470422089099884, -0.47697216272354126, 0.35019105672836304, -0.26670894026756287, 0.5046437382698059, -0.3138548731803894, -0.19788353145122528, 0.30000001192092896, 0.29899999499320984, 0.29899999499320984, 0.0, 1.0, 0.0, 0.34200000762939453, 0.3059999942779541, 0.29899999499320984, 0.33899998664855957, 0.5849999785423279, 0.0]","[0.11043388396501541, 0.36371636390686035, -0.3539656102657318, -0.28618887066841125, -1.0464335680007935, -0.14333000779151917, 0.09209957718849182, -0.18279513716697693, -0.45534029603004456, 0.3923704922199249, -0.4522750675678253, 0.5232495069503784, -0.43627458810806274, -0.10659172385931015, 0.30000001192092896, 0.30000001192092896, 0.30000001192092896, 0.20000000298023224, 0.10000000149011612, 0.0, 0.30000001192092896, 0.30000001192092896, 0.30000001192092896, 0.20000000298023224, 0.10000000149011612, 0.0]"
197,197,197,0.011040599998523248,0.11546804499994323,True,"[0.16966067254543304, 0.1931138038635254, -0.05945374071598053, 1.0037747621536255, -1.0834938287734985, 0.08900684118270874, 0.12680508196353912, 0.21650701761245728, -0.13399562239646912, 0.027791418135166168, 1.019222378730774, 0.13859756290912628, 0.04235225170850754, -0.08146876096725464]","[336.0, 2.0, 1.0, 4.0, 10.0, 935.0]","[2.0, 1.0, 0.0, 8.0, 0.0, 503.0]","[-0.18374799191951752, 0.22535663843154907, -0.06356791406869888, 0.6430158615112305, -1.1740384101867676, -0.22838585078716278, 0.02824750542640686, -0.44989582896232605, -0.45723795890808105, 0.011699259281158447, 0.26150357723236084, 0.7009639143943787, -0.1878507435321808, -0.5578880310058594, 0.3000001609325409, 0.30000028014183044, 0.2999999225139618, 0.19999989867210388, 0.1000005304813385, 0.0, 0.879446804523468, 0.8788614273071289, 0.8789273500442505, 0.8754048943519592, 0.7752591967582703, 0.0]","[0.15966066718101501, 0.20311380922794342, -0.06356791406869888, 0.9937747716903687, -1.0934938192367554, 0.07900684326887131, 0.11680508404970169, 0.20650701224803925, -0.14399562776088715, 0.017791418358683586, 1.009222388267517, 0.1485975682735443, 0.032352253794670105, -0.09146875888109207]","[286.0, 0.30000030994415283, 0.2999999523162842, 0.19999980926513672, 0.10000038146972656, 885.0]","[0.8794467449188232, 0.8788614273071289, 0.8789273500442505, 0.8754048347473145, 0.7752591967582703, 453.0]","[0.12893827259540558, 0.30734744668006897, -0.3804272413253784, 0.034143056720495224, -1.084740161895752, -0.044677190482616425, 0.24268056452274323, -0.025106951594352722, -0.47475507855415344, 0.3616839051246643, -0.2666490077972412, 0.514207124710083, -0.3117576241493225, -0.19594208896160126, 0.30000001192092896, 0.29899999499320984, 0.29899999499320984, 0.0, 1.0, 0.0, 0.34200000762939453, 0.3059999942779541, 0.29899999499320984, 0.33899998664855957, 0.5849999785423279, 0.0]","[0.10513859242200851, 0.36827659606933594, -0.36098620295524597, -0.29535701870918274, -1.050501823425293, -0.14315268397331238, 0.0947248712182045, -0.18662896752357483, -0.4486735761165619, 0.4102409780025482, -0.4418078064918518, 0.5157760977745056, -0.4388927221298218, -0.10710177570581436, 0.30000001192092896, 0.30000001192092896, 0.30000001192092896, 0.20000000298023224, 0.10000000149011612, 0.0, 0.30000001192092896, 0.30000001192092896, 0.30000001192092896, 0.20000000298023224, 0.10000000149011612, 0.0]"
198,198,198,0.007808643998941989,0.10804742999971495,True,"[0.16966067254543304, 0.19319769740104675, -0.05974136292934418, 1.0037866830825806, -1.0885990858078003, 0.08903080970048904, 0.12680508196353912, 0.21649502217769623, -0.13399562239646912, 0.027336018159985542, 1.019222378730774, 0.1387413740158081, 0.04235225170850754, -0.08154066652059555]","[336.0, 2.0, 1.0, 4.0, 10.0, 935.0]","[2.0, 1.0, 0.0, 8.0, 0.0, 503.0]","[-0.15952782332897186, 0.22096726298332214, -0.0497923269867897, 0.6366246342658997, -1.173649787902832, -0.22484326362609863, 0.03354674577713013, -0.40109261870384216, -0.44518399238586426, 0.0009863972663879395, 0.22216446697711945, 0.6978929042816162, -0.18545830249786377, -0.5448450446128845, 0.3000001609325409, 0.30000025033950806, 0.2999999523162842, 0.19999994337558746, 0.1000005379319191, 0.0, 0.8832210302352905, 0.8826441168785095, 0.8827142715454102, 0.879839301109314, 0.7796676158905029, 0.0]","[0.15966066718101501, 0.20319770276546478, -0.0497923269867897, 0.9937866926193237, -1.0985990762710571, 0.07903081178665161, 0.11680508404970169, 0.2064950168132782, -0.14399562776088715, 0.01733601838350296, 1.009222388267517, 0.14874137938022614, 0.032352253794670105, -0.09154066443443298]","[286.0, 0.3000001907348633, 0.2999999523162842, 0.20000004768371582, 0.10000038146972656, 885.0]","[0.8832210302352905, 0.8826441168785095, 0.8827142715454102, 0.8798394203186035, 0.7796676158905029, 453.0]","[0.12877050042152405, 0.31766584515571594, -0.387521892786026, 0.019833892583847046, -1.0846922397613525, -0.03736681491136551, 0.2422850877046585, -0.028905950486660004, -0.47525840997695923, 0.3773592710494995, -0.26628947257995605, 0.5151538848876953, -0.3111823797225952, -0.1949833482503891, 0.30000001192092896, 0.29899999499320984, 0.29899999499320984, 0.19900000095367432, 1.0, 0.0, 0.32100000977516174, 0.3050000071525574, 0.29899999499320984, 0.3370000123977661, 0.5860000252723694, 0.0]","[0.10142472386360168, 0.3705090284347534, -0.36440524458885193, -0.29996687173843384, -1.0542582273483276, -0.1430259793996811, 0.09685128927230835, -0.18986575305461884, -0.4446648061275482, 0.4202753007411957, -0.43434104323387146, 0.5095628499984741, -0.4416649639606476, -0.11041472852230072, 0.30000001192092896, 0.30000001192092896, 0.30000001192092896, 0.20000000298023224, 0.10000000149011612, 0.0, 0.30000001192092896, 0.30000001192092896, 0.30000001192092896, 0.20000000298023224, 0.10000000149011612, 0.0]"
199,199,199,0.014081885999985388,0.0987986340005591,True,"[0.16966067254543304, 0.19298197329044342, -0.055942364037036896, 1.0037627220153809, -1.0928055047988892, 0.0890667587518692, 0.12676914036273956, 0.21650701761245728, -0.13399562239646912, 0.027156254276633263, 1.019222378730774, 0.13883724808692932, 0.042340267449617386, -0.0815766230225563]","[336.0, 2.0, 1.0, 4.0, 10.0, 935.0]","[2.0, 1.0, 0.0, 8.0, 0.0, 503.0]","[-0.16600164771080017, 0.22756093740463257, -0.058761224150657654, 0.6237496733665466, -1.174349308013916, -0.21905937790870667, 0.02324444055557251, -0.41376757621765137, -0.44686421751976013, 0.008555978536605835, 0.22325538098812103, 0.7040005922317505, -0.18118339776992798, -0.5643286108970642, 0.3000001609325409, 0.30000028014183044, 0.2999999225139618, 0.19999994337558746, 0.1000005379319191, 0.0, 0.8870030641555786, 0.8863948583602905, 0.8864632844924927, 0.8842043280601501, 0.7840368151664734, 0.0]","[0.15966066718101501, 0.20298197865486145, -0.058761224150657654, 0.993762731552124, -1.102805495262146, 0.07906676083803177, 0.11676914244890213, 0.20650701224803925, -0.14399562776088715, 0.01715625450015068, 1.009222388267517, 0.14883725345134735, 0.032340265810489655, -0.09157662093639374]","[286.0, 0.30000030994415283, 0.2999999523162842, 0.20000004768371582, 0.10000038146972656, 885.0]","[0.8870030641555786, 0.8863948583602905, 0.8864632844924927, 0.8842043876647949, 0.7840368151664734, 453.0]","[0.12891431152820587, 0.32702553272247314, -0.3907935917377472, 0.008628642186522484, -1.0847761631011963, -0.030344057828187943, 0.23750337958335876, -0.02985270507633686, -0.47577375173568726, 0.3886963725090027, -0.26628947257995605, 0.514494776725769, -0.30890539288520813, -0.18761304020881653, 0.30000001192092896, 0.29899999499320984, 0.29899999499320984, 0.19900000095367432, 1.0, 0.0, 0.3310000002384186, 0.3050000071525574, 0.29899999499320984, 0.3409999907016754, 0.5860000252723694, 0.0]","[0.09367213398218155, 0.37354791164398193, -0.3684593737125397, -0.30805787444114685, -1.0697824954986572, -0.13429732620716095, 0.09854993224143982, -0.20121854543685913, -0.43504223227500916, 0.4418599307537079, -0.415547251701355, 0.4966330826282501, -0.45016905665397644, -0.12303847819566727, 0.30000001192092896, 0.30000001192092896, 0.30000001192092896, 0.20000000298023224, 0.10000000149011612, 0.0, 0.30000001192092896, 0.30000001192092896, 0.30000001192092896, 0.20000000298023224, 0.10000000149011612, 0.0]"
200,200,200,1.7268494550007745,1.8631860570003482,True,"[0.16962473094463348, 0.19421635568141937, -0.052203286439180374, 1.0037866830825806, -1.0995765924453735, 0.08898287266492844, 0.1267331838607788, 0.21650701761245728, -0.13399562239646912, 0.026916569098830223, 1.019222378730774, 0.1389451026916504, 0.04235225170850754, -0.08170844614505768]","[336.0, 2.0, 1.0, 4.0, 10.0, 935.0]","[2.0, 1.0, 0.0, 8.0, 0.0, 503.0]","[-0.2917218506336212, 0.2204921543598175, -0.2147980034351349, 0.37025636434555054, -1.191086769104004, -0.23738977313041687, -0.04611901938915253, -0.7235361933708191, -0.39925137162208557, 0.10970225930213928, 0.4168091118335724, 0.5258315205574036, -0.2743946313858032, -0.6711094975471497, 0.3000001311302185, 0.30000025033950806, 0.29999980330467224, 0.19999973475933075, 0.10000050067901611, 0.0, 0.4845764935016632, 0.4836108684539795, 0.4836704134941101, 0.41439610719680786, 0.31411558389663696, 0.0]","[0.15962472558021545, 0.2042163610458374, -0.062203288078308105, 0.9937866926193237, -1.1095765829086304, 0.078982874751091, 0.11673318594694138, 0.20650701224803925, -0.14399562776088715, 0.036916568875312805, 1.009222388267517, 0.14894510805606842, 0.032352253794670105, -0.09170844405889511]","[286.0, 0.3000001907348633, 0.29999983310699463, 0.19999980926513672, 0.10000038146972656, 885.0]","[0.4845764636993408, 0.4836108684539795, 0.4836704134941101, 0.4143962860107422, 0.31411558389663696, 453.0]","[0.12835104763507843, 0.3293384909629822, -0.39041009545326233, 0.005249090492725372, -1.085495114326477, -0.028929919004440308, 0.22855116426944733, -0.033364083617925644, -0.4743116796016693, 0.4045754671096802, -0.26513901352882385, 0.5133682489395142, -0.3085578382015228, -0.18641462922096252, 0.30000001192092896, 0.29899999499320984, 0.29899999499320984, 0.19900000095367432, 1.0, 0.0, 0.3310000002384186, 0.3050000071525574, 0.29899999499320984, 0.3409999907016754, 0.5860000252723694, 0.0]","[0.08855302631855011, 0.3746201992034912, -0.37025633454322815, -0.3104213774204254, -1.0851165056228638, -0.1281915307044983, 0.0949169173836708, -0.20995186269283295, -0.42755126953125, 0.4560321271419525, -0.39718857407569885, 0.48793816566467285, -0.45683708786964417, -0.13270699977874756, 0.30000001192092896, 0.30000001192092896, 0.30000001192092896, 0.20000000298023224, 0.10000000149011612, 0.0, 0.30000001192092896, 0.30000001192092896, 0.30000001192092896, 0.20000000298023224, 0.10000000149011612, 0.0]"
201,201,201,0.01573973999984446,0.12557669099987834,True,"[0.16962473094463348, 0.1944560408592224, -0.05805158615112305, 1.0037627220153809, -1.106695294380188, 0.08900684118270874, 0.1267092078924179, 0.21649502217769623, -0.1344030797481537, 0.03470631688833237, 1.0191744565963745, 0.13914884626865387, 0.042328283190727234, -0.08285893499851227]","[336.0, 2.0, 1.0, 4.0, 10.0, 935.0]","[2.0, 1.0, 0.0, 8.0, 0.0, 503.0]","[-0.2975509762763977, 0.2165372669696808, -0.22222180664539337, 0.3796367049217224, -1.1867843866348267, -0.24150234460830688, -0.0354914665222168, -0.7305647134780884, -0.3948225677013397, 0.11904360353946686, 0.40137141942977905, 0.5340002775192261, -0.2648177742958069, -0.6447739005088806, 0.3000001013278961, 0.30000028014183044, 0.29999980330467224, 0.19999969005584717, 0.10000058263540268, 0.0, 0.5575269460678101, 0.5563838481903076, 0.5564162135124207, 0.4993119239807129, 0.3990081548690796, 0.0]","[0.15962472558021545, 0.20445604622364044, -0.06805158406496048, 0.993762731552124, -1.1166952848434448, 0.07900684326887131, 0.11670920997858047, 0.2064950168132782, -0.14440308511257172, 0.0447063148021698, 1.0091744661331177, 0.1491488516330719, 0.0323282852768898, -0.0928589329123497]","[286.0, 0.30000030994415283, 0.29999983310699463, 0.19999980926513672, 0.10000038146972656, 885.0]","[0.5575269460678101, 0.5563838481903076, 0.5564162135124207, 0.4993119239807129, 0.3990081548690796, 453.0]","[0.12724851071834564, 0.33147168159484863, -0.3904340863227844, -0.0012583436910063028, -1.0860224962234497, -0.025478463619947433, 0.22717297077178955, -0.03988350182771683, -0.47427570819854736, 0.420166939496994, -0.2621309459209442, 0.5127690434455872, -0.3085698187351227, -0.18647454679012299, 0.30000001192092896, 0.29899999499320984, 0.29899999499320984, 0.19900000095367432, 1.0, 0.0, 0.33399999141693115, 0.29899999499320984, 0.29899999499320984, 0.33799999952316284, 0.5870000123977661, 0.0]","[0.08237504214048386, 0.3748210370540619, -0.3739335536956787, -0.31051722168922424, -1.0892986059188843, -0.12431451678276062, 0.09053120762109756, -0.22149835526943207, -0.41913139820098877, 0.4710346460342407, -0.37401843070983887, 0.4731937050819397, -0.46413421630859375, -0.15010805428028107, 0.30000001192092896, 0.30000001192092896, 0.30000001192092896, 0.20000000298023224, 0.10000000149011612, 0.0, 0.30000001192092896, 0.30000001192092896, 0.30000001192092896, 0.20000000298023224, 0.10000000149011612, 0.0]"
202,202,202,0.004983901000741753,0.12237683899911644,True,"[0.16962473094463348, 0.1950312852859497, -0.062018364667892456, 1.0037747621536255, -1.1103265285491943, 0.08898287266492844, 0.12669722735881805, 0.21647106111049652, -0.13469070196151733, 0.04002731293439865, 1.0191504955291748, 0.1393166184425354, 0.04235225170850754, -0.08358997106552124]","[336.0, 2.0, 1.0, 4.0, 10.0, 935.0]","[3.0, 1.0, 0.0, 8.0, 0.0, 503.0]","[-0.292193204164505, 0.21285274624824524, -0.21662452816963196, 0.3618457615375519, -1.1837700605392456, -0.2387540638446808, -0.035250306129455566, -0.7098801732063293, -0.38979771733283997, 0.10544884204864502, 0.391994833946228, 0.5282742381095886, -0.2655016779899597, -0.6333010196685791, 0.3000001013278961, 0.30000025033950806, 0.29999980330467224, 0.19999973475933075, 0.10000055283308029, 0.0, 0.4902242422103882, 0.48911166191101074, 0.489163875579834, 0.420859694480896, 0.3205195665359497, 0.0]","[0.15962472558021545, 0.20503129065036774, -0.07201836258172989, 0.9937747716903687, -1.1203265190124512, 0.078982874751091, 0.11669722944498062, 0.2064710557460785, -0.14469070732593536, 0.050027310848236084, 1.009150505065918, 0.14931662380695343, 0.032352253794670105, -0.09358996897935867]","[286.0, 0.3000001907348633, 0.29999983310699463, 0.19999980926513672, 0.10000038146972656, 885.0]","[0.49022436141967773, 0.48911166191101074, 0.489163875579834, 0.42085981369018555, 0.3205195665359497, 453.0]","[0.1254388839006424, 0.33166342973709106, -0.39060184359550476, -0.0068669612519443035, -1.0865857601165771, -0.02310558594763279, 0.2231942117214203, -0.049566756933927536, -0.47383230924606323, 0.4402884542942047, -0.257061630487442, 0.5115227103233337, -0.3086177706718445, -0.18669025599956512, 0.30000001192092896, 0.29899999499320984, 0.29899999499320984, 0.19900000095367432, 1.0, 0.0, 0.3310000002384186, 0.30000001192092896, 0.29899999499320984, 0.3400000035762787, 0.5879999995231628, 0.0]","[0.07588940858840942, 0.37409475445747375, -0.3780614733695984, -0.3113042116165161, -1.091275691986084, -0.12140829861164093, 0.09140776842832565, -0.2330377697944641, -0.4120492935180664, 0.4821895360946655, -0.35143959522247314, 0.45943647623062134, -0.47060781717300415, -0.16546234488487244, 0.30000001192092896, 0.30000001192092896, 0.30000001192092896, 0.20000000298023224, 0.10000000149011612, 0.0, 0.30000001192092896, 0.30000001192092896, 0.30000001192092896, 0.20000000298023224, 0.10000000149011612, 0.0]"
203,203,203,0.013564729999416159,0.11919163299899083,True,"[0.16963671147823334, 0.19539080560207367, -0.06860969215631485, 1.0037387609481812, -1.1146767139434814, 0.08895890414714813, 0.12669722735881805, 0.21649502217769623, -0.13448697328567505, 0.04643887281417847, 1.0191504955291748, 0.13949638605117798, 0.04235225170850754, -0.08372179418802261]","[336.0, 2.0, 1.0, 4.0, 10.0, 935.0]","[2.0, 1.0, 0.0, 8.0, 0.0, 503.0]","[-0.29549676179885864, 0.2168123871088028, -0.21640944480895996, 0.35439997911453247, -1.1759063005447388, -0.2425314486026764, -0.04063960909843445, -0.7387287616729736, -0.40681442618370056, 0.11193837225437164, 0.3636133074760437, 0.5112866759300232, -0.2601761519908905, -0.6587470769882202, 0.3000001013278961, 0.30000025033950806, 0.29999980330467224, 0.19999971985816956, 0.10000050812959671, 0.0, 0.512965202331543, 0.5119319558143616, 0.5119913220405579, 0.44747522473335266, 0.3471487760543823, 0.0]","[0.1596367061138153, 0.2053908109664917, -0.07860969007015228, 0.9937387704849243, -1.1246767044067383, 0.0789589062333107, 0.11669722944498062, 0.2064950168132782, -0.14448697865009308, 0.0564388707280159, 1.009150505065918, 0.149496391415596, 0.032352253794670105, -0.09372179210186005]","[286.0, 0.3000001907348633, 0.29999983310699463, 0.19999980926513672, 0.10000038146972656, 885.0]","[0.512965202331543, 0.5119319558143616, 0.5119913220405579, 0.4474754333496094, 0.3471487760543823, 453.0]","[0.12342553585767746, 0.33161550760269165, -0.3916205167770386, -0.008736500516533852, -1.0867176055908203, -0.02147573232650757, 0.2222953885793686, -0.05436044558882713, -0.4738682508468628, 0.44956424832344055, -0.2522919178009033, 0.5094015002250671, -0.3085698187351227, -0.18673819303512573, 0.30000001192092896, 0.29899999499320984, 0.29899999499320984, 0.19900000095367432, 1.0, 0.0, 0.3310000002384186, 0.30000001192092896, 0.29899999499320984, 0.3400000035762787, 0.5879999995231628, 0.0]","[0.072020523250103, 0.37289562821388245, -0.3816015422344208, -0.31270965933799744, -1.0977147817611694, -0.1175256296992302, 0.09102845937013626, -0.24294860661029816, -0.4046420156955719, 0.4891625642776489, -0.33404839038848877, 0.4499151408672333, -0.4773028790950775, -0.17525909841060638, 0.30000001192092896, 0.30000001192092896, 0.30000001192092896, 0.20000000298023224, 0.10000000149011612, 0.0, 0.30000001192092896, 0.30000001192092896, 0.30000001192092896, 0.20000000298023224, 0.10000000149011612, 0.0]"
204,204,204,0.007819089998520212,0.11597722099941166,True,"[0.16962473094463348, 0.1957862824201584, -0.07264837622642517, 1.0037627220153809, -1.1204291582107544, 0.08894691616296768, 0.12669722735881805, 0.21649502217769623, -0.1344989538192749, 0.05331781879067421, 1.0191504955291748, 0.1396881341934204, 0.042340267449617386, -0.08384163677692413]","[336.0, 2.0, 1.0, 4.0, 10.0, 935.0]","[2.0, 1.0, 0.0, 8.0, 0.0, 503.0]","[-0.29188722372055054, 0.21652105450630188, -0.21078446507453918, 0.36301448941230774, -1.1813603639602661, -0.23962673544883728, -0.036690205335617065, -0.7277970314025879, -0.4002145826816559, 0.11955118179321289, 0.3561568260192871, 0.5274762511253357, -0.25961050391197205, -0.6504746675491333, 0.3000001013278961, 0.30000028014183044, 0.29999980330467224, 0.19999970495700836, 0.10000059008598328, 0.0, 0.5624381899833679, 0.5612385272979736, 0.5612801909446716, 0.5050123333930969, 0.40465933084487915, 0.0]","[0.15962472558021545, 0.20578628778457642, -0.0826483741402626, 0.993762731552124, -1.1304291486740112, 0.07894691824913025, 0.11669722944498062, 0.2064950168132782, -0.14449895918369293, 0.06331782042980194, 1.009150505065918, 0.14968813955783844, 0.032340265810489655, -0.09384163469076157]","[286.0, 0.30000030994415283, 0.29999983310699463, 0.19999980926513672, 0.10000038146972656, 885.0]","[0.5624382495880127, 0.5612385272979736, 0.5612801909446716, 0.5050125122070312, 0.40465933084487915, 453.0]","[0.12173575907945633, 0.33177128434181213, -0.39283090829849243, -0.011205250397324562, -1.087820053100586, -0.019486350938677788, 0.22192388772964478, -0.06662030518054962, -0.47220245003700256, 0.46876296401023865, -0.2379228174686432, 0.5037809014320374, -0.3113861382007599, -0.19092069566249847, 0.30000001192092896, 0.29899999499320984, 0.29899999499320984, 0.19900000095367432, 1.0, 0.0, 0.3319999873638153, 0.30000001192092896, 0.29899999499320984, 0.3409999907016754, 0.5879999995231628, 0.0]","[0.06861056387424469, 0.3708585798740387, -0.3846081793308258, -0.3154110610485077, -1.1111074686050415, -0.10886792838573456, 0.08908460289239883, -0.2530103325843811, -0.39621105790138245, 0.4955050051212311, -0.31490665674209595, 0.4394935965538025, -0.4843105971813202, -0.18811523914337158, 0.30000001192092896, 0.30000001192092896, 0.30000001192092896, 0.20000000298023224, 0.10000000149011612, 0.0, 0.30000001192092896, 0.30000001192092896, 0.30000001192092896, 0.20000000298023224, 0.10000000149011612, 0.0]"
205,205,205,0.011637735999102006,0.10843566899893631,True,"[0.16962473094463348, 0.1959540694952011, -0.07798135280609131, 1.0037627220153809, -1.1250790357589722, 0.08897088468074799, 0.12669722735881805, 0.21644708514213562, -0.13473863899707794, 0.05795571208000183, 1.0191504955291748, 0.13973607122898102, 0.042340267449617386, -0.08415322750806808]","[336.0, 2.0, 1.0, 4.0, 10.0, 935.0]","[4.0, 1.0, 0.0, 8.0, 0.0, 503.0]","[-0.30092954635620117, 0.21422460675239563, -0.21900200843811035, 0.37188443541526794, -1.1673120260238647, -0.24299317598342896, -0.03455951809883118, -0.7359172701835632, -0.4127630889415741, 0.11999595165252686, 0.3366866707801819, 0.5134578347206116, -0.2627509832382202, -0.6422075033187866, 0.3000001013278961, 0.30000025033950806, 0.29999980330467224, 0.19999970495700836, 0.1000005453824997, 0.0, 0.5429590344429016, 0.5419020652770996, 0.5419607162475586, 0.4824289083480835, 0.38211220502853394, 0.0]","[0.15962472558021545, 0.20595407485961914, -0.08798135071992874, 0.993762731552124, -1.135079026222229, 0.07897088676691055, 0.11669722944498062, 0.2064470797777176, -0.14473864436149597, 0.06795570999383926, 1.009150505065918, 0.14973607659339905, 0.032340265810489655, -0.09415322542190552]","[286.0, 0.3000001907348633, 0.29999983310699463, 0.19999980926513672, 0.10000038146972656, 885.0]","[0.5429589748382568, 0.5419020652770996, 0.5419607162475586, 0.48242902755737305, 0.38211220502853394, 453.0]","[0.11736151576042175, 0.33186715841293335, -0.3956112563610077, -0.01555552426725626, -1.091307520866394, -0.01191231980919838, 0.22178007662296295, -0.08807206898927689, -0.4654313623905182, 0.48935186862945557, -0.20808210968971252, 0.49050235748291016, -0.311829537153244, -0.19845877587795258, 0.30000001192092896, 0.29899999499320984, 0.29899999499320984, 0.19900000095367432, 1.0, 0.0, 0.3319999873638153, 0.29899999499320984, 0.29899999499320984, 0.3409999907016754, 0.5879999995231628, 0.0]","[0.06422794610261917, 0.3685372471809387, -0.3857622444629669, -0.31705355644226074, -1.1285135746002197, -0.09587400406599045, 0.08327340334653854, -0.26337572932243347, -0.38600555062294006, 0.5012764930725098, -0.28505516052246094, 0.4492844045162201, -0.49144217371940613, -0.19971846044063568, 0.30000001192092896, 0.30000001192092896, 0.30000001192092896, 0.20000000298023224, 0.10000000149011612, 0.0, 0.30000001192092896, 0.30000001192092896, 0.30000001192092896, 0.20000000298023224, 0.10000000149011612, 0.0]"
206,206,206,0.01407349900000554,0.13513015500029724,True,"[0.16961273550987244, 0.19624169170856476, -0.08283496648073196, 1.0037508010864258, -1.1304600238800049, 0.08894691616296768, 0.1266852468252182, 0.21649502217769623, -0.1344989538192749, 0.06669221073389053, 1.0191504955291748, 0.13992781937122345, 0.042340267449617386, -0.08421315252780914]","[336.0, 2.0, 1.0, 4.0, 10.0, 935.0]","[4.0, 1.0, 0.0, 8.0, 0.0, 503.0]","[-0.308503121137619, 0.2069392055273056, -0.22268624603748322, 0.37379294633865356, -1.1743654012680054, -0.24322094023227692, -0.041313573718070984, -0.7588980197906494, -0.4069306254386902, 0.11236041784286499, 0.35884615778923035, 0.5380146503448486, -0.2518010437488556, -0.6299999356269836, 0.3000001013278961, 0.30000025033950806, 0.29999980330467224, 0.19999971985816956, 0.10000057518482208, 0.0, 0.5788620710372925, 0.5777389407157898, 0.577792227268219, 0.5242624282836914, 0.4239184260368347, 0.0]","[0.1596127301454544, 0.2062416970729828, -0.0928349643945694, 0.993750810623169, -1.1404600143432617, 0.07894691824913025, 0.11668524891138077, 0.2064950168132782, -0.14449895918369293, 0.07669220864772797, 1.009150505065918, 0.14992782473564148, 0.032340265810489655, -0.09421315044164658]","[286.0, 0.3000001907348633, 0.29999983310699463, 0.19999980926513672, 0.10000038146972656, 885.0]","[0.578862190246582, 0.5777389407157898, 0.577792227268219, 0.5242624282836914, 0.4239184260368347, 453.0]","[0.11595936119556427, 0.3320469260215759, -0.39716920256614685, -0.017604826018214226, -1.0949627161026, -0.009239837527275085, 0.2217680811882019, -0.09410014003515244, -0.4620637893676758, 0.4933905601501465, -0.1964574009180069, 0.4854929447174072, -0.31174564361572266, -0.20055601000785828, 0.30000001192092896, 0.29899999499320984, 0.29899999499320984, 0.19900000095367432, 1.0, 0.0, 0.3319999873638153, 0.29899999499320984, 0.29899999499320984, 0.3409999907016754, 0.5879999995231628, 0.0]","[0.05989909917116165, 0.36684921383857727, -0.38803213834762573, -0.3143842816352844, -1.1343320608139038, -0.09174438565969467, 0.07920835167169571, -0.27231910824775696, -0.3788984417915344, 0.5037411451339722, -0.2619819641113281, 0.4563804566860199, -0.4943101406097412, -0.20675034821033478, 0.30000001192092896, 0.30000001192092896, 0.30000001192092896, 0.20000000298023224, 0.10000000149011612, 0.0, 0.30000001192092896, 0.30000001192092896, 0.30000001192092896, 0.20000000298023224, 0.10000000149011612, 0.0]"
207,207,207,0.013082527999358717,0.11188973400021496,True,"[0.16963671147823334, 0.1962297111749649, -0.08845556527376175, 1.0037747621536255, -1.135840892791748, 0.08897088468074799, 0.1266852468252182, 0.21647106111049652, -0.13466674089431763, 0.07349925488233566, 1.0191504955291748, 0.14004765450954437, 0.04235225170850754, -0.0845247432589531]","[336.0, 2.0, 1.0, 5.0, 10.0, 935.0]","[0.0, 1.0, 0.0, 8.0, 0.0, 503.0]","[-0.28506696224212646, 0.21589955687522888, -0.20924365520477295, 0.3875157833099365, -1.1570205688476562, -0.23494704067707062, -0.019585072994232178, -0.7449563145637512, -0.42238426208496094, 0.11801186203956604, 0.3057796359062195, 0.5300301909446716, -0.24700775742530823, -0.6342282891273499, 0.3000001013278961, 0.30000028014183044, 0.29999980330467224, 0.19999970495700836, 0.10000057518482208, 0.0, 0.554946780204773, 0.5538120865821838, 0.5538643002510071, 0.49634045362472534, 0.3960002362728119, 0.0]","[0.1596367061138153, 0.20622971653938293, -0.09845556318759918, 0.9937747716903687, -1.1458408832550049, 0.07897088676691055, 0.11668524891138077, 0.2064710557460785, -0.14466674625873566, 0.0834992527961731, 1.009150505065918, 0.1500476598739624, 0.032352253794670105, -0.09452474117279053]","[286.0, 0.30000030994415283, 0.29999983310699463, 0.19999980926513672, 0.10000038146972656, 885.0]","[0.554946780204773, 0.5538120865821838, 0.5538643002510071, 0.496340274810791, 0.3960002362728119, 453.0]","[0.11291536688804626, 0.3338805139064789, -0.400333046913147, -0.020445087924599648, -1.1077378988265991, -0.005081311333924532, 0.21783725917339325, -0.10576079040765762, -0.45271608233451843, 0.49702176451683044, -0.16880980134010315, 0.48021990060806274, -0.3145259916782379, -0.20273713767528534, 0.30000001192092896, 0.29899999499320984, 0.29899999499320984, 0.19900000095367432, 1.0, 0.0, 0.33399999141693115, 0.30000001192092896, 0.29899999499320984, 0.3409999907016754, 0.5889999866485596, 0.0]","[0.054545868188142776, 0.36367806792259216, -0.39233362674713135, -0.31214824318885803, -1.1416531801223755, -0.08723815530538559, 0.07556820660829544, -0.2846442759037018, -0.3674175441265106, 0.5070384740829468, -0.2316138744354248, 0.46261921525001526, -0.497035413980484, -0.21340502798557281, 0.30000001192092896, 0.30000001192092896, 0.30000001192092896, 0.20000000298023224, 0.10000000149011612, 0.0, 0.30000001192092896, 0.30000001192092896, 0.30000001192092896, 0.20000000298023224, 0.10000000149011612, 0.0]"
208,208,208,0.019629696998890722,0.13668083400079922,True,"[0.16961273550987244, 0.19662518799304962, -0.09164337068796158, 1.0037627220153809, -1.1401193141937256, 0.08894691616296768, 0.12667326629161835, 0.21649502217769623, -0.13443903625011444, 0.0785565972328186, 1.0191504955291748, 0.1402154415845871, 0.042328283190727234, -0.084596648812294]","[336.0, 2.0, 1.0, 4.0, 10.0, 935.0]","[4.0, 1.0, 0.0, 8.0, 0.0, 503.0]","[-0.3166255056858063, 0.21322724223136902, -0.21697118878364563, 0.37885141372680664, -1.162637710571289, -0.23892885446548462, -0.038629308342933655, -0.7653249502182007, -0.422973096370697, 0.12440496683120728, 0.3287608027458191, 0.5322086811065674, -0.25168144702911377, -0.6304248571395874, 0.30000007152557373, 0.30000028014183044, 0.29999980330467224, 0.19999970495700836, 0.10000059008598328, 0.0, 0.5916557312011719, 0.5905219316482544, 0.5905839800834656, 0.53917396068573, 0.43882402777671814, 0.0]","[0.1596127301454544, 0.20662519335746765, -0.10164336860179901, 0.993762731552124, -1.1501193046569824, 0.07894691824913025, 0.11667326837778091, 0.2064950168132782, -0.14443904161453247, 0.08855659514665604, 1.009150505065918, 0.15021544694900513, 0.0323282852768898, -0.09459664672613144]","[286.0, 0.30000030994415283, 0.29999983310699463, 0.19999980926513672, 0.10000038146972656, 885.0]","[0.5916557312011719, 0.5905219316482544, 0.5905839800834656, 0.5391740798950195, 0.43882402777671814, 453.0]","[0.11047058552503586, 0.3353785574436188, -0.40235838294029236, -0.020732710137963295, -1.1099190711975098, -0.0028282771818339825, 0.20900489389896393, -0.12634968757629395, -0.4366692006587982, 0.49789661169052124, -0.12468387931585312, 0.48033973574638367, -0.3149574100971222, -0.21069467067718506, 0.30000001192092896, 0.29899999499320984, 0.29899999499320984, 0.19900000095367432, 1.0, 0.0, 0.33500000834465027, 0.30000001192092896, 0.29899999499320984, 0.3269999921321869, 0.5899999737739563, 0.0]","[0.046241406351327896, 0.36104118824005127, -0.39976876974105835, -0.3104492127895355, -1.1551340818405151, -0.08377335965633392, 0.07035136967897415, -0.30194467306137085, -0.3509446084499359, 0.5138137340545654, -0.18731951713562012, 0.4560624957084656, -0.4966890215873718, -0.22304224967956543, 0.30000001192092896, 0.30000001192092896, 0.30000001192092896, 0.20000000298023224, 0.10000000149011612, 0.0, 0.30000001192092896, 0.30000001192092896, 0.30000001192092896, 0.20000000298023224, 0.10000000149011612, 0.0]"
209,209,209,0.007782171000144444,0.1839503869996406,True,"[0.16963671147823334, 0.1968289166688919, -0.09726396948099136, 1.0037508010864258, -1.1444934606552124, 0.08894691616296768, 0.12667326629161835, 0.21647106111049652, -0.1345708668231964, 0.08373378217220306, 1.0191504955291748, 0.1403113156557083, 0.04235225170850754, -0.08471649140119553]","[336.0, 2.0, 1.0, 5.0, 10.0, 935.0]","[4.0, 1.0, 0.0, 8.0, 0.0, 503.0]","[-0.31718066334724426, 0.2131737470626831, -0.2254645824432373, 0.330970823764801, -1.1738815307617188, -0.2450980693101883, -0.03378558158874512, -0.7429370284080505, -0.40129294991493225, 0.13290360569953918, 0.36367782950401306, 0.5006695985794067, -0.2516952455043793, -0.6412138342857361, 0.30000007152557373, 0.30000025033950806, 0.29999980330467224, 0.19999973475933075, 0.1000005453824997, 0.0, 0.610746443271637, 0.6096562743186951, 0.6097137928009033, 0.5614943504333496, 0.4611508846282959, 0.0]","[0.1596367061138153, 0.20682892203330994, -0.1072639673948288, 0.993750810623169, -1.1544934511184692, 0.07894691824913025, 0.11667326837778091, 0.2064710557460785, -0.14457087218761444, 0.0937337800860405, 1.009150505065918, 0.15031132102012634, 0.032352253794670105, -0.09471648931503296]","[286.0, 0.3000001907348633, 0.29999983310699463, 0.19999980926513672, 0.10000038146972656, 885.0]","[0.6107463836669922, 0.6096562743186951, 0.6097137928009033, 0.5614943504333496, 0.4611508846282959, 453.0]","[0.11035074293613434, 0.3362294137477875, -0.4028497338294983, -0.021271999925374985, -1.1129150390625, -0.0028043086640536785, 0.20755480229854584, -0.1359969824552536, -0.4284360408782959, 0.4980524182319641, -0.10453839600086212, 0.4804116487503052, -0.31494542956352234, -0.21589581668376923, 0.30000001192092896, 0.29899999499320984, 0.29899999499320984, 0.19900000095367432, 1.0, 0.0, 0.33500000834465027, 0.30000001192092896, 0.29899999499320984, 0.3269999921321869, 0.5899999737739563, 0.0]","[0.04420138895511627, 0.3604503870010376, -0.4013015031814575, -0.3098805248737335, -1.1580146551132202, -0.0834314152598381, 0.06884168833494186, -0.3062984347343445, -0.3475635349750519, 0.5157642960548401, -0.17757588624954224, 0.44969555735588074, -0.4945862293243408, -0.22643128037452698, 0.30000001192092896, 0.30000001192092896, 0.30000001192092896, 0.20000000298023224, 0.10000000149011612, 0.0, 0.30000001192092896, 0.30000001192092896, 0.30000001192092896, 0.20000000298023224, 0.10000000149011612, 0.0]"
210,210,210,0.017192274000990437,0.14368379400002596,True,"[0.16963671147823334, 0.19734424352645874, -0.1047181636095047, 1.0037866830825806, -1.149574875831604, 0.08892294764518738, 0.12667326629161835, 0.21649502217769623, -0.1344989538192749, 0.0896899402141571, 1.0191504955291748, 0.14037123322486877, 0.042340267449617386, -0.08480037748813629]","[336.0, 2.0, 1.0, 5.0, 10.0, 935.0]","[4.0, 1.0, 0.0, 8.0, 0.0, 503.0]","[-0.31464970111846924, 0.20932582020759583, -0.22684261202812195, 0.35814499855041504, -1.1553071737289429, -0.24053719639778137, -0.02871200442314148, -0.7617266774177551, -0.41133540868759155, 0.12541519105434418, 0.33101147413253784, 0.5281535983085632, -0.24521231651306152, -0.6233980059623718, 0.30000007152557373, 0.30000025033950806, 0.29999980330467224, 0.19999971985816956, 0.10000056773424149, 0.0, 0.5949982404708862, 0.5938791632652283, 0.5939409136772156, 0.5431005954742432, 0.4427393674850464, 0.0]","[0.1596367061138153, 0.20734424889087677, -0.11471816152334213, 0.9937866926193237, -1.1553071737289429, 0.07892294973134995, 0.11667326837778091, 0.2064950168132782, -0.14449895918369293, 0.09968993812799454, 1.009150505065918, 0.1503712385892868, 0.032340265810489655, -0.09480037540197372]","[286.0, 0.3000001907348633, 0.29999983310699463, 0.19999980926513672, 0.10000038146972656, 885.0]","[0.5949983596801758, 0.5938791632652283, 0.5939409136772156, 0.5431003570556641, 0.4427393674850464, 453.0]","[0.10776215046644211, 0.3391895294189453, -0.40443164110183716, -0.021439779549837112, -1.124204158782959, -0.0024447820615023375, 0.20566128194332123, -0.15370967984199524, -0.41623610258102417, 0.49879544973373413, -0.06946057081222534, 0.4805075228214264, -0.3153289258480072, -0.2274605929851532, 0.30000001192092896, 0.29899999499320984, 0.29899999499320984, 0.19900000095367432, 1.0, 0.0, 0.33399999141693115, 0.30000001192092896, 0.29899999499320984, 0.33500000834465027, 0.5899999737739563, 0.0]","[0.03745931759476662, 0.3579728901386261, -0.4062676727771759, -0.3078099489212036, -1.1660723686218262, -0.08360736072063446, 0.06386160105466843, -0.3200325667858124, -0.337755411863327, 0.5235631465911865, -0.1476859301328659, 0.4264671802520752, -0.49122971296310425, -0.2387191355228424, 0.30000001192092896, 0.30000001192092896, 0.30000001192092896, 0.20000000298023224, 0.10000000149011612, 0.0, 0.30000001192092896, 0.30000001192092896, 0.30000001192092896, 0.20000000298023224, 0.10000000149011612, 0.0]"
211,211,211,0.017686320999928284,0.11722098400059622,True,"[0.16960075497627258, 0.19869846105575562, -0.10943994671106339, 1.0037508010864258, -1.1514443159103394, 0.08859937638044357, 0.12667326629161835, 0.21647106111049652, -0.13459482789039612, 0.0966048389673233, 1.0191504955291748, 0.14045512676239014, 0.04235225170850754, -0.08500410616397858]","[336.0, 2.0, 1.0, 4.0, 10.0, 935.0]","[2.0, 1.0, 0.0, 8.0, 0.0, 503.0]","[-0.311544805765152, 0.21542811393737793, -0.22192364931106567, 0.37497827410697937, -1.15549635887146, -0.23397237062454224, -0.02382621169090271, -0.7529053688049316, -0.4033675193786621, 0.1526506394147873, 0.3358631134033203, 0.5240973830223083, -0.23414087295532227, -0.599193274974823, 0.30000004172325134, 0.30000028014183044, 0.29999983310699463, 0.19999971985816956, 0.10000061988830566, 0.0, 0.7311007976531982, 0.7299383878707886, 0.7299750447273254, 0.7018165588378906, 0.6014729142189026, 0.0]","[0.15960074961185455, 0.20869846642017365, -0.11943994462490082, 0.993750810623169, -1.15549635887146, 0.07859937846660614, 0.11667326837778091, 0.2064710557460785, -0.14459483325481415, 0.10660483688116074, 1.009150505065918, 0.15045513212680817, 0.032352253794670105, -0.09500410407781601]","[286.0, 0.30000030994415283, 0.29999983310699463, 0.19999980926513672, 0.10000038146972656, 885.0]","[0.7311007976531982, 0.7299383878707886, 0.7299750447273254, 0.7018165588378906, 0.6014729142189026, 453.0]","[0.10431069880723953, 0.340819388628006, -0.4058697521686554, -0.02142779529094696, -1.1280871629714966, -0.001797633827663958, 0.20531374216079712, -0.16358467936515808, -0.41141843795776367, 0.4995744228363037, -0.045288387686014175, 0.4792851209640503, -0.3152810037136078, -0.24064324796199799, 0.30000001192092896, 0.29899999499320984, 0.29899999499320984, 0.19900000095367432, 1.0, 0.0, 0.335999995470047, 0.29899999499320984, 0.29899999499320984, 0.3370000123977661, 0.5899999737739563, 0.0]","[0.029937567189335823, 0.35606226325035095, -0.4115990102291107, -0.306833416223526, -1.1726782321929932, -0.08499602973461151, 0.060747407376766205, -0.3316085636615753, -0.33049917221069336, 0.5321460366249084, -0.12240302562713623, 0.4033222794532776, -0.48423492908477783, -0.2529487907886505, 0.30000001192092896, 0.30000001192092896, 0.30000001192092896, 0.20000000298023224, 0.10000000149011612, 0.0, 0.30000001192092896, 0.30000001192092896, 0.30000001192092896, 0.20000000298023224, 0.10000000149011612, 0.0]"
212,212,212,0.008954192999226507,0.1271580359989457,True,"[0.16928917169570923, 0.20028036832809448, -0.1143055409193039, 1.0037508010864258, -1.15248703956604, 0.08797619491815567, 0.12667326629161835, 0.21647106111049652, -0.13473863899707794, 0.10488593578338623, 1.0191504955291748, 0.14050306379795074, 0.04235225170850754, -0.08535165339708328]","[336.0, 2.0, 1.0, 4.0, 10.0, 935.0]","[2.0, 1.0, 0.0, 8.0, 0.0, 503.0]","[-0.33198288083076477, 0.20843687653541565, -0.2326211929321289, 0.34403547644615173, -1.1672264337539673, -0.24168610572814941, -0.03496122360229492, -0.7709872722625732, -0.40199002623558044, 0.15061911940574646, 0.3686358332633972, 0.5348698496818542, -0.2378048598766327, -0.6009137630462646, 0.30000007152557373, 0.30000025033950806, 0.29999983310699463, 0.19999974966049194, 0.10000056773424149, 0.0, 0.6989012360572815, 0.6978426575660706, 0.6979092955589294, 0.6643847823143005, 0.5640244483947754, 0.0]","[0.1592891663312912, 0.20843687653541565, -0.12430553883314133, 0.993750810623169, -1.1624870300292969, 0.07797619700431824, 0.11667326837778091, 0.2064710557460785, -0.14473864436149597, 0.11488593369722366, 1.009150505065918, 0.15050306916236877, 0.032352253794670105, -0.09535165131092072]","[286.0, 0.3000001907348633, 0.29999983310699463, 0.19999980926513672, 0.10000038146972656, 885.0]","[0.6989011764526367, 0.6978426575660706, 0.6979092955589294, 0.6643848419189453, 0.5640244483947754, 453.0]","[0.10106296837329865, 0.3412388265132904, -0.40705618262290955, -0.02141581103205681, -1.1296091079711914, -0.0010186590952798724, 0.2052897810935974, -0.17009210586547852, -0.40853026509284973, 0.5001975893974304, -0.022722091525793076, 0.47233426570892334, -0.3153049647808075, -0.2524476945400238, 0.30000001192092896, 0.29899999499320984, 0.29899999499320984, 0.19900000095367432, 1.0, 0.0, 0.335999995470047, 0.29899999499320984, 0.29899999499320984, 0.3370000123977661, 0.5899999737739563, 0.0]","[0.020702365785837173, 0.3515141010284424, -0.41755446791648865, -0.3084609806537628, -1.1740124225616455, -0.0850764587521553, 0.05677402764558792, -0.3476139307022095, -0.32248982787132263, 0.5426298379898071, -0.08381478488445282, 0.376062273979187, -0.4804980754852295, -0.26697278022766113, 0.30000001192092896, 0.30000001192092896, 0.30000001192092896, 0.20000000298023224, 0.10000000149011612, 0.0, 0.30000001192092896, 0.30000001192092896, 0.30000001192092896, 0.20000000298023224, 0.10000000149011612, 0.0]"
213,213,213,0.01222817599955306,0.10728027400000428,True,"[0.1690974235534668, 0.20121514797210693, -0.11828429996967316, 1.0037387609481812, -1.155566930770874, 0.08746087551116943, 0.12667326629161835, 0.21647106111049652, -0.13469070196151733, 0.11108178645372391, 1.0191504955291748, 0.1405390053987503, 0.04235225170850754, -0.08556737005710602]","[336.0, 2.0, 1.0, 4.0, 10.0, 935.0]","[2.0, 1.0, 0.0, 8.0, 0.0, 503.0]","[-0.3322131335735321, 0.21000263094902039, -0.23771634697914124, 0.3361504375934601, -1.1626379489898682, -0.23352378606796265, -0.027110695838928223, -0.7644805312156677, -0.39336517453193665, 0.16321440041065216, 0.38332605361938477, 0.5238655805587769, -0.22972865402698517, -0.5766578316688538, 0.30000007152557373, 0.30000025033950806, 0.29999983310699463, 0.19999976456165314, 0.10000057518482208, 0.0, 0.699339747428894, 0.6982330083847046, 0.6982864141464233, 0.6648398041725159, 0.5644823312759399, 0.0]","[0.15909741818904877, 0.21000263094902039, -0.1282843053340912, 0.9937387704849243, -1.1626379489898682, 0.077460877597332, 0.11667326837778091, 0.2064710557460785, -0.14469070732593536, 0.12108178436756134, 1.009150505065918, 0.15053901076316833, 0.032352253794670105, -0.09556736797094345]","[286.0, 0.3000001907348633, 0.29999983310699463, 0.19999980926513672, 0.10000038146972656, 885.0]","[0.699339747428894, 0.6982330083847046, 0.6982864141464233, 0.6648397445678711, 0.5644823312759399, 453.0]","[0.09521467238664627, 0.34244924783706665, -0.4102320075035095, -0.02135588973760605, -1.1329526901245117, 0.0004793690168298781, 0.2052897810935974, -0.18160894513130188, -0.4038683772087097, 0.5069806575775146, 0.011408982798457146, 0.45767757296562195, -0.3160000443458557, -0.2675718069076538, 0.30000001192092896, 0.29899999499320984, 0.29899999499320984, 0.19900000095367432, 1.0, 0.0, 0.3370000123977661, 0.30000001192092896, 0.29899999499320984, 0.3370000123977661, 0.5910000205039978, 0.0]","[0.01151085365563631, 0.3472606837749481, -0.424734890460968, -0.3078674077987671, -1.1786017417907715, -0.087913379073143, 0.051872964948415756, -0.36110106110572815, -0.3158784508705139, 0.5521941184997559, -0.04735446348786354, 0.35561490058898926, -0.4780658483505249, -0.2792566418647766, 0.30000001192092896, 0.30000001192092896, 0.30000001192092896, 0.20000000298023224, 0.10000000149011612, 0.0, 0.30000001192092896, 0.30000001192092896, 0.30000001192092896, 0.20000000298023224, 0.10000000149011612, 0.0]"
214,214,214,0.015111713999431231,0.1257564560000901,True,"[0.16910940408706665, 0.20253340899944305, -0.12267053127288818, 1.0037387609481812, -1.1587307453155518, 0.08601078391075134, 0.12669722735881805, 0.21644708514213562, -0.13461880385875702, 0.11774501204490662, 1.0191504955291748, 0.14063487946987152, 0.042340267449617386, -0.08566324412822723]","[336.0, 2.0, 1.0, 4.0, 10.0, 935.0]","[2.0, 1.0, 0.0, 8.0, 0.0, 503.0]","[-0.3331364095211029, 0.21581298112869263, -0.23092138767242432, 0.36759889125823975, -1.1609567403793335, -0.23647856712341309, -0.03606840968132019, -0.7785022258758545, -0.4155443608760834, 0.15804113447666168, 0.3460474908351898, 0.5344654321670532, -0.23290343582630157, -0.6086394786834717, 0.30000004172325134, 0.30000028014183044, 0.29999980330467224, 0.19999970495700836, 0.10000060498714447, 0.0, 0.6949529051780701, 0.6938156485557556, 0.6938729882240295, 0.6596733927726746, 0.559326708316803, 0.0]","[0.15910939872264862, 0.21253341436386108, -0.1326705366373062, 0.9937387704849243, -1.1609567403793335, 0.07601078599691391, 0.11669722944498062, 0.2064470797777176, -0.14461880922317505, 0.12774501740932465, 1.009150505065918, 0.15063488483428955, 0.032340265810489655, -0.09566324204206467]","[286.0, 0.30000030994415283, 0.29999983310699463, 0.19999980926513672, 0.10000038146972656, 885.0]","[0.6949529647827148, 0.6938156485557556, 0.6938729882240295, 0.6596732139587402, 0.559326708316803, 453.0]","[0.0860467404127121, 0.34394726157188416, -0.4178300201892853, -0.021343905478715897, -1.1417371034622192, 0.0018216022290289402, 0.2051939070224762, -0.19456389546394348, -0.3988470137119293, 0.5116065740585327, 0.05060938373208046, 0.44022852182388306, -0.3161798119544983, -0.28178510069847107, 0.30000001192092896, 0.29899999499320984, 0.29899999499320984, 0.19900000095367432, 1.0, 0.0, 0.3370000123977661, 0.30000001192092896, 0.29899999499320984, 0.3370000123977661, 0.5910000205039978, 0.0]","[0.00451686093583703, 0.3435906767845154, -0.4321649968624115, -0.306661456823349, -1.185844898223877, -0.08966702967882156, 0.045674048364162445, -0.3726319670677185, -0.3102554678916931, 0.5595047473907471, -0.01374852005392313, 0.3342719078063965, -0.48045626282691956, -0.28813496232032776, 0.30000001192092896, 0.30000001192092896, 0.30000001192092896, 0.20000000298023224, 0.10000000149011612, 0.0, 0.30000001192092896, 0.30000001192092896, 0.30000001192092896, 0.20000000298023224, 0.10000000149011612, 0.0]"
215,215,215,0.009796508000363247,0.09998936400006642,True,"[0.16898955404758453, 0.20326444506645203, -0.12775184214115143, 1.0037387609481812, -1.1586709022521973, 0.08073772490024567, 0.1266852468252182, 0.21648304164409637, -0.13465476036071777, 0.12313791364431381, 1.0191504955291748, 0.14064686000347137, 0.04235225170850754, -0.0860467404127121]","[336.0, 2.0, 1.0, 4.0, 10.0, 935.0]","[2.0, 1.0, 0.0, 8.0, 0.0, 503.0]","[-0.31649264693260193, 0.21340028941631317, -0.23219072818756104, 0.3650768995285034, -1.147570013999939, -0.22652491927146912, -0.019439995288848877, -0.7469566464424133, -0.4130622446537018, 0.1539555937051773, 0.3470217287540436, 0.5246859788894653, -0.23149624466896057, -0.5772686004638672, 0.30000004172325134, 0.30000028014183044, 0.29999980330467224, 0.19999971985816956, 0.10000060498714447, 0.0, 0.6176211833953857, 0.6164330244064331, 0.6164968609809875, 0.5694128274917603, 0.46904492378234863, 0.0]","[0.1589895486831665, 0.21326445043087006, -0.13775184750556946, 0.9937387704849243, -1.1486709117889404, 0.07073772698640823, 0.11668524891138077, 0.20648303627967834, -0.1446547657251358, 0.13313791155815125, 1.009150505065918, 0.1506468653678894, 0.032352253794670105, -0.09604673832654953]","[286.0, 0.30000030994415283, 0.29999983310699463, 0.19999980926513672, 0.10000038146972656, 885.0]","[0.6176211833953857, 0.6164330244064331, 0.6164968609809875, 0.5694127082824707, 0.46904492378234863, 453.0]","[0.07530887424945831, 0.3424612283706665, -0.42559579014778137, -0.0213678739964962, -1.1459555625915527, 0.0055486964993178844, 0.2040673941373825, -0.2048943042755127, -0.3943049907684326, 0.5123735666275024, 0.09166733920574188, 0.4249606132507324, -0.3161318898200989, -0.2935296297073364, 0.30000001192092896, 0.29899999499320984, 0.29899999499320984, 0.19900000095367432, 1.0, 0.0, 0.33799999952316284, 0.30000001192092896, 0.29899999499320984, 0.3370000123977661, 0.5910000205039978, 0.0]","[-0.004170245956629515, 0.3391999900341034, -0.4415331184864044, -0.30158770084381104, -1.1936075687408447, -0.09389156848192215, 0.03690870478749275, -0.38638320565223694, -0.3049050271511078, 0.5679108500480652, 0.019991353154182434, 0.29878419637680054, -0.47577542066574097, -0.3013541102409363, 0.30000001192092896, 0.30000001192092896, 0.30000001192092896, 0.20000000298023224, 0.10000000149011612, 0.0, 0.30000001192092896, 0.30000001192092896, 0.30000001192092896, 0.20000000298023224, 0.10000000149011612, 0.0]"
216,216,216,0.017173034000734333,0.13144698299947777,True,"[0.1690734475851059, 0.20333634316921234, -0.1303044855594635, 1.0037387609481812, -1.1541168689727783, 0.07529688626527786, 0.1266852468252182, 0.21644708514213562, -0.13485848903656006, 0.12866264581680298, 1.0191384553909302, 0.14184528589248657, 0.042340267449617386, -0.08949819207191467]","[336.0, 2.0, 1.0, 4.0, 10.0, 935.0]","[2.0, 1.0, 0.0, 8.0, 0.0, 503.0]","[-0.33114540576934814, 0.21617363393306732, -0.23988357186317444, 0.3426210582256317, -1.1495743989944458, -0.2295762002468109, -0.02841976284980774, -0.7751378417015076, -0.40983888506889343, 0.1666715145111084, 0.3576575815677643, 0.5158195495605469, -0.22120724618434906, -0.5925946831703186, 0.30000004172325134, 0.30000025033950806, 0.29999983310699463, 0.19999976456165314, 0.10000057518482208, 0.0, 0.6737748384475708, 0.6726555824279785, 0.6727250218391418, 0.6350183486938477, 0.5346306562423706, 0.0]","[0.15907344222068787, 0.21333634853363037, -0.14030449092388153, 0.9937387704849243, -1.1495743989944458, 0.06529688835144043, 0.11668524891138077, 0.2064470797777176, -0.1448584944009781, 0.138662651181221, 1.0091384649276733, 0.1518452912569046, 0.032340265810489655, -0.0994981899857521]","[286.0, 0.3000001907348633, 0.29999983310699463, 0.19999980926513672, 0.10000038146972656, 885.0]","[0.6737748384475708, 0.6726555824279785, 0.6727250218391418, 0.6350183486938477, 0.5346306562423706, 453.0]","[0.0670996755361557, 0.3417421579360962, -0.4329780638217926, -0.0213678739964962, -1.1513724327087402, 0.00760998297482729, 0.20123910903930664, -0.21087442338466644, -0.39371776580810547, 0.5147464275360107, 0.12446816265583038, 0.4110109806060791, -0.31609591841697693, -0.30360835790634155, 0.30000001192092896, 0.29899999499320984, 0.29899999499320984, 0.19900000095367432, 1.0, 0.0, 0.33799999952316284, 0.30000001192092896, 0.29899999499320984, 0.3370000123977661, 0.5910000205039978, 0.0]","[-0.010851545259356499, 0.3362685739994049, -0.446912944316864, -0.2985609471797943, -1.1951090097427368, -0.09734708070755005, 0.030809706076979637, -0.3992025554180145, -0.30286845564842224, 0.5750250816345215, 0.04358657822012901, 0.2711259722709656, -0.4698077142238617, -0.31211960315704346, 0.30000001192092896, 0.30000001192092896, 0.30000001192092896, 0.20000000298023224, 0.10000000149011612, 0.0, 0.30000001192092896, 0.30000001192092896, 0.30000001192092896, 0.20000000298023224, 0.10000000149011612, 0.0]"
217,217,217,0.008057203998760087,0.11324167900056636,True,"[0.1690494865179062, 0.2033483386039734, -0.13563746213912964, 1.0037387609481812, -1.153098225593567, 0.07016763836145401, 0.12667326629161835, 0.21636320650577545, -0.13503825664520264, 0.13431920111179352, 1.0191504955291748, 0.14342720806598663, 0.042340267449617386, -0.0953824520111084]","[336.0, 2.0, 1.0, 4.0, 10.0, 935.0]","[2.0, 1.0, 0.0, 8.0, 0.0, 503.0]","[-0.3355586528778076, 0.21716034412384033, -0.23754766583442688, 0.36240386962890625, -1.1512784957885742, -0.232509583234787, -0.02756810188293457, -0.7731449604034424, -0.41128039360046387, 0.17590224742889404, 0.36905473470687866, 0.5293716192245483, -0.22102609276771545, -0.5711748600006104, 0.30000004172325134, 0.30000025033950806, 0.29999983310699463, 0.19999974966049194, 0.10000056773424149, 0.0, 0.7477309703826904, 0.74665367603302, 0.7467070817947388, 0.7213060855865479, 0.620978057384491, 0.0]","[0.15904948115348816, 0.21334834396839142, -0.14563746750354767, 0.9937387704849243, -1.1512784957885742, 0.06016764044761658, 0.11667326837778091, 0.20636320114135742, -0.14503826200962067, 0.14431920647621155, 1.009150505065918, 0.15342721343040466, 0.032340265810489655, -0.10538244992494583]","[286.0, 0.3000001907348633, 0.29999983310699463, 0.19999980926513672, 0.10000038146972656, 885.0]","[0.7477309703826904, 0.74665367603302, 0.7467070817947388, 0.7213058471679688, 0.620978057384491, 453.0]","[0.06362425535917282, 0.34173017740249634, -0.4382750988006592, -0.021379858255386353, -1.1608400344848633, 0.00760998297482729, 0.18823622167110443, -0.21826869249343872, -0.39414918422698975, 0.5209782123565674, 0.1601571887731552, 0.3817335367202759, -0.3156525194644928, -0.3175699710845947, 0.30000001192092896, 0.29899999499320984, 0.29899999499320984, 0.19900000095367432, 1.0, 0.0, 0.32600000500679016, 0.3009999990463257, 0.29899999499320984, 0.33899998664855957, 0.5910000205039978, 0.0]","[-0.019992882385849953, 0.3356529474258423, -0.4535481631755829, -0.2941139042377472, -1.2034270763397217, -0.10229654610157013, 0.022976046428084373, -0.41667094826698303, -0.30033645033836365, 0.5836403369903564, 0.07274849712848663, 0.23958082497119904, -0.4640673100948334, -0.3198728561401367, 0.30000001192092896, 0.30000001192092896, 0.30000001192092896, 0.20000000298023224, 0.10000000149011612, 0.0, 0.30000001192092896, 0.30000001192092896, 0.30000001192092896, 0.20000000298023224, 0.10000000149011612, 0.0]"
218,218,218,0.014215825000064797,0.11543105599957926,True,"[0.1690255105495453, 0.20352809131145477, -0.1395443230867386, 1.0037387609481812, -1.1532180309295654, 0.06778277456760406, 0.1266852468252182, 0.21611154079437256, -0.13641643524169922, 0.14267219603061676, 1.0190905332565308, 0.14515294134616852, 0.04217248782515526, -0.10220146924257278]","[336.0, 2.0, 1.0, 4.0, 10.0, 935.0]","[2.0, 1.0, 0.0, 8.0, 0.0, 503.0]","[-0.342522531747818, 0.21673457324504852, -0.24459058046340942, 0.34381139278411865, -1.1541465520858765, -0.22779399156570435, -0.026019394397735596, -0.774336040019989, -0.4049854874610901, 0.1845373958349228, 0.3876760005950928, 0.5265070199966431, -0.2200474739074707, -0.5649520754814148, 0.30000004172325134, 0.30000025033950806, 0.29999983310699463, 0.19999977946281433, 0.10000056028366089, 0.0, 0.7301620841026306, 0.7291452884674072, 0.7292149066925049, 0.7008786201477051, 0.6005498766899109, 0.0]","[0.15902550518512726, 0.2135280966758728, -0.14954432845115662, 0.9937387704849243, -1.1541465520858765, 0.05778277665376663, 0.11668524891138077, 0.20611153542995453, -0.14641644060611725, 0.1526722013950348, 1.009090542793274, 0.15515294671058655, 0.03217248618602753, -0.11220146715641022]","[286.0, 0.3000001907348633, 0.29999983310699463, 0.19999980926513672, 0.10000038146972656, 885.0]","[0.7301621437072754, 0.7291452884674072, 0.7292149066925049, 0.7008786201477051, 0.6005498766899109, 453.0]","[0.059118181467056274, 0.34162232279777527, -0.4410434663295746, -0.021391842514276505, -1.166568398475647, 0.007442203816026449, 0.17141036689281464, -0.2286829799413681, -0.39440086483955383, 0.5264430642127991, 0.18907512724399567, 0.354565292596817, -0.31552067399024963, -0.3260907828807831, 0.30000001192092896, 0.29899999499320984, 0.29899999499320984, 0.19900000095367432, 1.0, 0.0, 0.32600000500679016, 0.30000001192092896, 0.29899999499320984, 0.3409999907016754, 0.5910000205039978, 0.0]","[-0.029874326661229134, 0.3334413766860962, -0.4610089063644409, -0.2890690565109253, -1.2099621295928955, -0.10741114616394043, 0.015121784061193466, -0.4363061785697937, -0.29809334874153137, 0.5924908518791199, 0.09754670411348343, 0.21245628595352173, -0.45492324233055115, -0.3302982449531555, 0.30000001192092896, 0.30000001192092896, 0.30000001192092896, 0.20000000298023224, 0.10000000149011612, 0.0, 0.30000001192092896, 0.30000001192092896, 0.30000001192092896, 0.20000000298023224, 0.10000000149011612, 0.0]"
219,219,219,0.008383641999898828,0.09722958299971651,True,"[0.16898955404758453, 0.20469056069850922, -0.14611166715621948, 1.003726840019226, -1.1535056829452515, 0.06612895429134369, 0.12667326629161835, 0.21589581668376923, -0.13773469626903534, 0.1489519327878952, 1.019054651260376, 0.14647120237350464, 0.0421125665307045, -0.10675548017024994]","[336.0, 2.0, 1.0, 4.0, 10.0, 935.0]","[2.0, 1.0, 0.0, 8.0, 0.0, 503.0]","[-0.3338022828102112, 0.2175070345401764, -0.23626437783241272, 0.359363317489624, -1.143859624862671, -0.22894340753555298, -0.02873307466506958, -0.7593131065368652, -0.4173605442047119, 0.1736999899148941, 0.35125285387039185, 0.5118943452835083, -0.22417792677879333, -0.5792272090911865, 0.30000004172325134, 0.30000025033950806, 0.29999983310699463, 0.19999974966049194, 0.10000056028366089, 0.0, 0.6930878758430481, 0.6920794248580933, 0.6921563148498535, 0.6576356291770935, 0.5573037266731262, 0.0]","[0.1589895486831665, 0.21469056606292725, -0.1561116725206375, 0.9937268495559692, -1.143859624862671, 0.056128956377506256, 0.11667326837778091, 0.2058958113193512, -0.14773470163345337, 0.15895193815231323, 1.0090546607971191, 0.15647120773792267, 0.032112568616867065, -0.11675547808408737]","[286.0, 0.3000001907348633, 0.29999983310699463, 0.19999980926513672, 0.10000038146972656, 885.0]","[0.6930878162384033, 0.6920794248580933, 0.6921563148498535, 0.6576356887817383, 0.5573037266731262, 453.0]","[0.05523529276251793, 0.34185001254081726, -0.4461607336997986, -0.0213678739964962, -1.1744061708450317, 0.0068789455108344555, 0.1651546061038971, -0.244657963514328, -0.3941851258277893, 0.5342687368392944, 0.22034196555614471, 0.32797229290008545, -0.3151731491088867, -0.33216676115989685, 0.30000001192092896, 0.29899999499320984, 0.29899999499320984, 0.19900000095367432, 1.0, 0.0, 0.32600000500679016, 0.30000001192092896, 0.29899999499320984, 0.3409999907016754, 0.5910000205039978, 0.0]","[-0.03756621852517128, 0.3325624465942383, -0.46623435616493225, -0.2860623896121979, -1.2150176763534546, -0.11114919185638428, 0.008865775540471077, -0.4544556736946106, -0.2975783348083496, 0.5981016159057617, 0.11778785288333893, 0.19508326053619385, -0.44293153285980225, -0.3358129858970642, 0.30000001192092896, 0.30000001192092896, 0.30000001192092896, 0.20000000298023224, 0.10000000149011612, 0.0, 0.30000001192092896, 0.30000001192092896, 0.30000001192092896, 0.20000000298023224, 0.10000000149011612, 0.0]"
220,220,220,0.007415690000925679,0.10231577800004743,True,"[0.1687498688697815, 0.2058410495519638, -0.15018631517887115, 1.0037387609481812, -1.150713324546814, 0.06514624506235123, 0.1266852468252182, 0.21571604907512665, -0.1384657323360443, 0.1537695974111557, 1.0190426111221313, 0.14812502264976501, 0.042028676718473434, -0.11120162904262543]","[336.0, 2.0, 1.0, 4.0, 10.0, 935.0]","[2.0, 1.0, 0.0, 8.0, 0.0, 503.0]","[-0.3513046205043793, 0.22086215019226074, -0.2532009482383728, 0.36331111192703247, -1.1492081880569458, -0.22062431275844574, -0.03351795673370361, -0.7889413833618164, -0.4138064980506897, 0.21571475267410278, 0.4256381392478943, 0.5146360993385315, -0.20394092798233032, -0.537368893623352, 0.29999998211860657, 0.3000001907348633, 0.299999862909317, 0.1999998539686203, 0.10000047832727432, 0.0, 0.7858620882034302, 0.7850244641304016, 0.7851173281669617, 0.7660479545593262, 0.6657482981681824, 0.0]","[0.15874986350536346, 0.21584105491638184, -0.16018632054328918, 0.9937387704849243, -1.1492081880569458, 0.055146247148513794, 0.11668524891138077, 0.20571604371070862, -0.14846573770046234, 0.16376960277557373, 1.0090426206588745, 0.15812502801418304, 0.0320286750793457, -0.12120162695646286]","[286.0, 0.3000001907348633, 0.29999983310699463, 0.19999980926513672, 0.10000038146972656, 885.0]","[0.7858620882034302, 0.7850244641304016, 0.7851173281669617, 0.7660479545593262, 0.6657482981681824, 453.0]","[0.0481526181101799, 0.3421376347541809, -0.4541422128677368, -0.02129596844315529, -1.1875648498535156, 0.006111954804509878, 0.16334499418735504, -0.26364096999168396, -0.39447274804115295, 0.5475353002548218, 0.24978721141815186, 0.3002288043498993, -0.31179359555244446, -0.33539053797721863, 0.30000001192092896, 0.29899999499320984, 0.29899999499320984, 0.19900000095367432, 1.0, 0.0, 0.328000009059906, 0.30000001192092896, 0.29899999499320984, 0.33000001311302185, 0.5920000076293945, 0.0]","[-0.040399521589279175, 0.3330717086791992, -0.46732044219970703, -0.28513726592063904, -1.2177040576934814, -0.11124278604984283, 0.0055098701268434525, -0.46174633502960205, -0.2975930869579315, 0.5998632907867432, 0.12554311752319336, 0.187418594956398, -0.4381731152534485, -0.3375917971134186, 0.30000001192092896, 0.30000001192092896, 0.30000001192092896, 0.20000000298023224, 0.10000000149011612, 0.0, 0.30000001192092896, 0.30000001192092896, 0.30000001192092896, 0.20000000298023224, 0.10000000149011612, 0.0]"
221,221,221,0.011944873000174994,0.10734010099986335,True,"[0.1685701161623001, 0.20651216804981232, -0.15440475940704346, 1.003726840019226, -1.1501381397247314, 0.062258049845695496, 0.12667326629161835, 0.21562017500400543, -0.1389690786600113, 0.15904265642166138, 1.0189827680587769, 0.15145663917064667, 0.04200470820069313, -0.11570769548416138]","[336.0, 2.0, 1.0, 4.0, 10.0, 935.0]","[2.0, 1.0, 0.0, 8.0, 0.0, 503.0]","[-0.3468688130378723, 0.22385038435459137, -0.25500738620758057, 0.3372821807861328, -1.1392899751663208, -0.21461932361125946, -0.023234933614730835, -0.7739690542221069, -0.407947301864624, 0.20489823818206787, 0.4059169888496399, 0.5257484316825867, -0.2091021090745926, -0.530754566192627, 0.30000001192092896, 0.30000022053718567, 0.29999983310699463, 0.19999980926513672, 0.1000005453824997, 0.0, 0.7307334542274475, 0.7297342419624329, 0.7298144698143005, 0.7015694975852966, 0.6012328863143921, 0.0]","[0.15857011079788208, 0.21651217341423035, -0.1644047647714615, 0.9937268495559692, -1.1401381492614746, 0.05225805193185806, 0.11667326837778091, 0.2056201696395874, -0.14896908402442932, 0.1690426617860794, 1.00898277759552, 0.1614566445350647, 0.0320047065615654, -0.1257077008485794]","[286.0, 0.3000001907348633, 0.29999983310699463, 0.19999980926513672, 0.10000038146972656, 885.0]","[0.7307333946228027, 0.7297342419624329, 0.7298144698143005, 0.7015695571899414, 0.6012328863143921, 453.0]","[0.04177701100707054, 0.3413946330547333, -0.4605178236961365, -0.021260015666484833, -1.192909836769104, 0.006207828875631094, 0.16256602108478546, -0.2766318619251251, -0.3944847285747528, 0.5557923913002014, 0.2673560678958893, 0.2783336341381073, -0.3033926486968994, -0.337643563747406, 0.30000001192092896, 0.29899999499320984, 0.29899999499320984, 0.19900000095367432, 1.0, 0.0, 0.328000009059906, 0.30000001192092896, 0.29899999499320984, 0.33000001311302185, 0.5920000076293945, 0.0]","[-0.05530344322323799, 0.33398425579071045, -0.4756527841091156, -0.2817443609237671, -1.2320343255996704, -0.11204887181520462, -0.002568777883425355, -0.49486470222473145, -0.2965121269226074, 0.6124728918075562, 0.16002704203128815, 0.1539815068244934, -0.4216410219669342, -0.3495049774646759, 0.30000001192092896, 0.30000001192092896, 0.30000001192092896, 0.20000000298023224, 0.10000000149011612, 0.0, 0.30000001192092896, 0.30000001192092896, 0.30000001192092896, 0.20000000298023224, 0.10000000149011612, 0.0]"
222,222,222,0.007436305000737775,0.12730930399993667,True,"[0.16855812072753906, 0.20658408105373383, -0.15867114067077637, 1.0037028789520264, -1.147118091583252, 0.0565655417740345, 0.12667326629161835, 0.21551232039928436, -0.1399397999048233, 0.16477110981941223, 1.0189707279205322, 0.15907861292362213, 0.04200470820069313, -0.11888351291418076]","[336.0, 2.0, 1.0, 4.0, 10.0, 935.0]","[2.0, 1.0, 0.0, 8.0, 0.0, 503.0]","[-0.3419555723667145, 0.22356626391410828, -0.2473255693912506, 0.33787116408348083, -1.1475279331207275, -0.21905961632728577, -0.023032695055007935, -0.7718072533607483, -0.4098195433616638, 0.20220357179641724, 0.38451918959617615, 0.5118591785430908, -0.20844420790672302, -0.5504232048988342, 0.30000001192092896, 0.30000022053718567, 0.299999862909317, 0.1999998241662979, 0.1000005230307579, 0.0, 0.7711822986602783, 0.7702417969703674, 0.7703214287757874, 0.748814046382904, 0.6484925150871277, 0.0]","[0.15855811536312103, 0.21658408641815186, -0.1686711460351944, 0.9937028884887695, -1.1475279331207275, 0.04656554013490677, 0.11667326837778091, 0.20551231503486633, -0.14993980526924133, 0.17477111518383026, 1.0089707374572754, 0.16907861828804016, 0.0320047065615654, -0.1288835108280182]","[286.0, 0.3000001907348633, 0.29999983310699463, 0.19999980926513672, 0.10000038146972656, 885.0]","[0.7711822986602783, 0.7702417969703674, 0.7703214287757874, 0.7488141059875488, 0.6484925150871277, 453.0]","[0.03886484354734421, 0.3396688997745514, -0.462159663438797, -0.021271999925374985, -1.1941322088241577, 0.006171876098960638, 0.15862320363521576, -0.28408604860305786, -0.39449673891067505, 0.5655715465545654, 0.27290478348731995, 0.26045316457748413, -0.28855618834495544, -0.3393213450908661, 0.30000001192092896, 0.29899999499320984, 0.29899999499320984, 0.19900000095367432, 1.0, 0.0, 0.33000001311302185, 0.30000001192092896, 0.29899999499320984, 0.33000001311302185, 0.5920000076293945, 0.0]","[-0.06203138083219528, 0.33407193422317505, -0.4791114926338196, -0.2790314853191376, -1.2371288537979126, -0.11328641325235367, -0.0065615796484053135, -0.5079824924468994, -0.29538413882255554, 0.6172786951065063, 0.17231334745883942, 0.140054389834404, -0.41252729296684265, -0.3540736138820648, 0.30000001192092896, 0.30000001192092896, 0.30000001192092896, 0.20000000298023224, 0.10000000149011612, 0.0, 0.30000001192092896, 0.30000001192092896, 0.30000001192092896, 0.20000000298023224, 0.10000000149011612, 0.0]"
223,223,223,0.0068252410001150565,0.10212364899962267,True,"[0.16859407722949982, 0.20672789216041565, -0.16449548304080963, 1.0037147998809814, -1.1465548276901245, 0.051304467022418976, 0.12669722735881805, 0.21534454822540283, -0.14093448221683502, 0.1703198105096817, 1.0189228057861328, 0.16323712468147278, 0.04200470820069313, -0.1227664053440094]","[336.0, 2.0, 1.0, 4.0, 10.0, 935.0]","[2.0, 1.0, 0.0, 8.0, 0.0, 503.0]","[-0.34775567054748535, 0.22104106843471527, -0.25235944986343384, 0.3423422873020172, -1.1422778367996216, -0.21540173888206482, -0.024674445390701294, -0.7647007703781128, -0.4061981737613678, 0.20411983132362366, 0.4002138674259186, 0.5338093042373657, -0.20677126944065094, -0.5206599831581116, 0.30000001192092896, 0.30000022053718567, 0.299999862909317, 0.1999998241662979, 0.1000005304813385, 0.0, 0.7696244120597839, 0.7686751484870911, 0.768751323223114, 0.7469845414161682, 0.6466715931892395, 0.0]","[0.1585940718650818, 0.21672789752483368, -0.17449548840522766, 0.9937148094177246, -1.1422778367996216, 0.04130446910858154, 0.11669722944498062, 0.2053445428609848, -0.15093448758125305, 0.18031981587409973, 1.008922815322876, 0.1732371300458908, 0.0320047065615654, -0.13276641070842743]","[286.0, 0.3000001907348633, 0.29999983310699463, 0.19999980926513672, 0.10000038146972656, 885.0]","[0.7696244716644287, 0.7686751484870911, 0.768751323223114, 0.7469844818115234, 0.6466715931892395, 453.0]","[0.03486211225390434, 0.3413826525211334, -0.4629386365413666, -0.021224062889814377, -1.1957260370254517, 0.006087986286729574, 0.15364974737167358, -0.29477599263191223, -0.39435291290283203, 0.578298807144165, 0.2842538356781006, 0.23830631375312805, -0.28546425700187683, -0.34434273838996887, 0.30000001192092896, 0.29899999499320984, 0.29899999499320984, 0.19900000095367432, 1.0, 0.0, 0.3310000002384186, 0.30000001192092896, 0.29899999499320984, 0.33000001311302185, 0.5920000076293945, 0.0]","[-0.06917025148868561, 0.3329124450683594, -0.48492228984832764, -0.27492451667785645, -1.2362720966339111, -0.11727630347013474, -0.014101187698543072, -0.5270407199859619, -0.29280444979667664, 0.6254235506057739, 0.1908014714717865, 0.12673167884349823, -0.40615570545196533, -0.3650131821632385, 0.30000001192092896, 0.30000001192092896, 0.30000001192092896, 0.20000000298023224, 0.10000000149011612, 0.0, 0.30000001192092896, 0.30000001192092896, 0.30000001192092896, 0.20000000298023224, 0.10000000149011612, 0.0]"
224,224,224,0.008753535999858286,0.10222653600067133,True,"[0.16860605776309967, 0.20691964030265808, -0.16810272634029388, 1.0037147998809814, -1.145931601524353, 0.04778110608458519, 0.12669722735881805, 0.21522469818592072, -0.14278006553649902, 0.17657557129859924, 1.0189228057861328, 0.16689231991767883, 0.04198073968291283, -0.12563063204288483]","[336.0, 2.0, 1.0, 4.0, 10.0, 935.0]","[2.0, 1.0, 0.0, 8.0, 0.0, 503.0]","[-0.3444153368473053, 0.22754880785942078, -0.24834147095680237, 0.3502737283706665, -1.1382673978805542, -0.21541596949100494, -0.021060585975646973, -0.7802150249481201, -0.41411900520324707, 0.20765598118305206, 0.3764645457267761, 0.5341590046882629, -0.20221510529518127, -0.5302114486694336, 0.30000001192092896, 0.30000022053718567, 0.299999862909317, 0.19999980926513672, 0.1000005453824997, 0.0, 0.7765504121780396, 0.7755513191223145, 0.7756236791610718, 0.7550088167190552, 0.6546888947486877, 0.0]","[0.15860605239868164, 0.2169196456670761, -0.17810273170471191, 0.9937148094177246, -1.1382673978805542, 0.03778110444545746, 0.11669722944498062, 0.20522469282150269, -0.15278007090091705, 0.18657557666301727, 1.008922815322876, 0.17689232528209686, 0.031980738043785095, -0.13563063740730286]","[286.0, 0.3000001907348633, 0.29999983310699463, 0.19999980926513672, 0.10000038146972656, 885.0]","[0.7765504121780396, 0.7755513191223145, 0.7756236791610718, 0.7550086975097656, 0.6546888947486877, 453.0]","[0.02853444032371044, 0.3416942358016968, -0.46581485867500305, -0.0207566786557436, -1.1974397897720337, 0.006099970545619726, 0.15024623274803162, -0.30685609579086304, -0.39437687397003174, 0.5895160436630249, 0.2951834499835968, 0.21624335646629333, -0.27977174520492554, -0.3494719862937927, 0.30000001192092896, 0.29899999499320984, 0.29899999499320984, 0.19900000095367432, 1.0, 0.0, 0.3310000002384186, 0.30000001192092896, 0.29899999499320984, 0.33000001311302185, 0.5920000076293945, 0.0]","[-0.07700086385011673, 0.332502543926239, -0.49004068970680237, -0.2720102369785309, -1.2355903387069702, -0.12092310190200806, -0.022377751767635345, -0.5487955212593079, -0.28928378224372864, 0.6302126049995422, 0.21329720318317413, 0.11510618776082993, -0.3981453776359558, -0.369687020778656, 0.30000001192092896, 0.30000001192092896, 0.30000001192092896, 0.20000000298023224, 0.10000000149011612, 0.0, 0.30000001192092896, 0.30000001192092896, 0.30000001192092896, 0.20000000298023224, 0.10000000149011612, 0.0]"
225,225,225,0.013454190999254934,0.11338271699969482,True,"[0.16860605776309967, 0.20707543194293976, -0.17003218829631805, 1.0037387609481812, -1.1443856954574585, 0.04627109318971634, 0.1266852468252182, 0.21458953619003296, -0.14425411820411682, 0.18458104133605957, 1.0188868045806885, 0.16922923922538757, 0.041908834129571915, -0.1311313956975937]","[336.0, 2.0, 1.0, 4.0, 10.0, 935.0]","[2.0, 1.0, 0.0, 8.0, 0.0, 503.0]","[-0.3412718176841736, 0.22166848182678223, -0.23991554975509644, 0.36437851190567017, -1.1403738260269165, -0.21989205479621887, -0.01687285304069519, -0.768664538860321, -0.41839537024497986, 0.20138797163963318, 0.3692808449268341, 0.5198978185653687, -0.20840208232402802, -0.5333343744277954, 0.30000001192092896, 0.30000022053718567, 0.299999862909317, 0.19999980926513672, 0.1000005304813385, 0.0, 0.7824510335922241, 0.7815040946006775, 0.7815799713134766, 0.7619461417198181, 0.6616390943527222, 0.0]","[0.15860605239868164, 0.2170754373073578, -0.18003219366073608, 0.9937387704849243, -1.1403738260269165, 0.036271095275878906, 0.11668524891138077, 0.20458953082561493, -0.15425412356853485, 0.1945810467004776, 1.0088868141174316, 0.1792292445898056, 0.03190883249044418, -0.14113140106201172]","[286.0, 0.3000001907348633, 0.29999983310699463, 0.19999980926513672, 0.10000038146972656, 885.0]","[0.7824510335922241, 0.7815040946006775, 0.7815799713134766, 0.7619462013244629, 0.6616390943527222, 453.0]","[0.022913837805390358, 0.34155040979385376, -0.47060853242874146, -0.020061593502759933, -1.1976555585861206, 0.006076002027839422, 0.14434999227523804, -0.3223397135734558, -0.3937656879425049, 0.6007212996482849, 0.3129081130027771, 0.19511516392230988, -0.2716224789619446, -0.3558116555213928, 0.30000001192092896, 0.29899999499320984, 0.29899999499320984, 0.19900000095367432, 1.0, 0.0, 0.3310000002384186, 0.30000001192092896, 0.29899999499320984, 0.33000001311302185, 0.5920000076293945, 0.0]","[-0.08301471173763275, 0.33179113268852234, -0.4931308627128601, -0.26959383487701416, -1.235888957977295, -0.12260439246892929, -0.027392791584134102, -0.5630576610565186, -0.28607767820358276, 0.6342632174491882, 0.22812511026859283, 0.10828981548547745, -0.38841408491134644, -0.371974378824234, 0.30000001192092896, 0.30000001192092896, 0.30000001192092896, 0.20000000298023224, 0.10000000149011612, 0.0, 0.30000001192092896, 0.30000001192092896, 0.30000001192092896, 0.20000000298023224, 0.10000000149011612, 0.0]"
226,226,226,0.012928134001413127,0.11245971499920415,True,"[0.1685701161623001, 0.20783042907714844, -0.17295633256435394, 1.0037028789520264, -1.1437145471572876, 0.04554005712270737, 0.12667326629161835, 0.21436183154582977, -0.14456571638584137, 0.19050124287605286, 1.0188149213790894, 0.17208148539066315, 0.041908834129571915, -0.13808223605155945]","[336.0, 2.0, 1.0, 4.0, 10.0, 935.0]","[2.0, 1.0, 0.0, 8.0, 0.0, 503.0]","[-0.3492966592311859, 0.2269112765789032, -0.25490885972976685, 0.32885557413101196, -1.1498016119003296, -0.21627140045166016, -0.0242631733417511, -0.7738361954689026, -0.40662285685539246, 0.2160956859588623, 0.3949490487575531, 0.514552652835846, -0.20382943749427795, -0.5261415839195251, 0.29999998211860657, 0.30000022053718567, 0.299999862909317, 0.1999998390674591, 0.1000005230307579, 0.0, 0.8017598390579224, 0.8008240461349487, 0.8009040951728821, 0.7844883799552917, 0.684175431728363, 0.0]","[0.15857011079788208, 0.21783043444156647, -0.18295633792877197, 0.9937028884887695, -1.1498016119003296, 0.035540059208869934, 0.11667326837778091, 0.20436182618141174, -0.1545657217502594, 0.2005012482404709, 1.0088149309158325, 0.18208149075508118, 0.03190883249044418, -0.14808224141597748]","[286.0, 0.3000001907348633, 0.29999983310699463, 0.19999980926513672, 0.10000038146972656, 885.0]","[0.8017598390579224, 0.8008240461349487, 0.8009040951728821, 0.7844882011413574, 0.684175431728363, 453.0]","[0.01841975376009941, 0.34170621633529663, -0.4759415090084076, -0.020001672208309174, -1.1976555585861206, 0.005908222869038582, 0.13852566480636597, -0.3403639793395996, -0.3933941721916199, 0.6114112138748169, 0.33536654710769653, 0.18452110886573792, -0.26764369010925293, -0.3566625416278839, 0.30000001192092896, 0.29899999499320984, 0.29899999499320984, 0.19900000095367432, 1.0, 0.0, 0.3319999873638153, 0.30000001192092896, 0.29899999499320984, 0.33000001311302185, 0.5929999947547913, 0.0]","[-0.08951524645090103, 0.3306950628757477, -0.4980851113796234, -0.26636990904808044, -1.2358670234680176, -0.12574522197246552, -0.03161262348294258, -0.5763643383979797, -0.28126034140586853, 0.6401326656341553, 0.24339041113853455, 0.10500234365463257, -0.3804877698421478, -0.3763105571269989, 0.30000001192092896, 0.30000001192092896, 0.30000001192092896, 0.20000000298023224, 0.10000000149011612, 0.0, 0.30000001192092896, 0.30000001192092896, 0.30000001192092896, 0.20000000298023224, 0.10000000149011612, 0.0]"
227,227,227,0.016820380000353907,0.11086907099888776,True,"[0.16851018369197845, 0.2094602882862091, -0.17657557129859924, 1.0037387609481812, -1.1463630199432373, 0.045156560838222504, 0.1266852468252182, 0.21399033069610596, -0.14502111077308655, 0.19507922232151031, 1.0187909603118896, 0.17445436120033264, 0.04186089709401131, -0.14254038035869598]","[336.0, 2.0, 1.0, 4.0, 10.0, 935.0]","[2.0, 1.0, 0.0, 8.0, 0.0, 503.0]","[-0.35069966316223145, 0.22739726305007935, -0.25116851925849915, 0.3445112407207489, -1.1523457765579224, -0.21804368495941162, -0.02777990698814392, -0.7826612591743469, -0.4117684066295624, 0.22229865193367004, 0.39480388164520264, 0.5205119252204895, -0.19844603538513184, -0.5249185562133789, 0.29999998211860657, 0.3000001907348633, 0.299999862909317, 0.1999998837709427, 0.10000048577785492, 0.0, 0.8351165056228638, 0.8342955708503723, 0.8343862891197205, 0.823521614074707, 0.7232301235198975, 0.0]","[0.15851017832756042, 0.21946029365062714, -0.18657557666301727, 0.9937387704849243, -1.1523457765579224, 0.03515656292438507, 0.11668524891138077, 0.20399032533168793, -0.15502111613750458, 0.20507922768592834, 1.0087909698486328, 0.18445436656475067, 0.031860895454883575, -0.152540385723114]","[286.0, 0.3000001907348633, 0.29999983310699463, 0.19999980926513672, 0.10000038146972656, 885.0]","[0.8351165056228638, 0.8342955708503723, 0.8343862891197205, 0.823521614074707, 0.7232301235198975, 453.0]","[0.0047098007053136826, 0.3421136736869812, -0.48985520005226135, -0.01979793980717659, -1.1976674795150757, 0.00441019469872117, 0.1345708668231964, -0.3615281283855438, -0.3933582305908203, 0.6172714829444885, 0.36050945520401, 0.17439444363117218, -0.25535985827445984, -0.3592151701450348, 0.30000001192092896, 0.29899999499320984, 0.29899999499320984, 0.19900000095367432, 1.0, 0.0, 0.3319999873638153, 0.30000001192092896, 0.29899999499320984, 0.3310000002384186, 0.5929999947547913, 0.0]","[-0.09903733432292938, 0.3278808891773224, -0.5066142678260803, -0.2586943209171295, -1.233933925628662, -0.1330406367778778, -0.03770977631211281, -0.5955491662025452, -0.27172979712486267, 0.649167001247406, 0.27271541953086853, 0.09630415588617325, -0.36987659335136414, -0.37327954173088074, 0.30000001192092896, 0.30000001192092896, 0.30000001192092896, 0.20000000298023224, 0.10000000149011612, 0.0, 0.30000001192092896, 0.30000001192092896, 0.30000001192092896, 0.20000000298023224, 0.10000000149011612, 0.0]"
228,228,228,0.01338727200163703,0.1337755720014684,True,"[0.16848622262477875, 0.21069467067718506, -0.1802307665348053, 1.0036908388137817, -1.1504496335983276, 0.044809017330408096, 0.1266852468252182, 0.2136547714471817, -0.14551246166229248, 0.20052005350589752, 1.01876699924469, 0.17802566289901733, 0.04188486561179161, -0.14733406901359558]","[336.0, 2.0, 1.0, 4.0, 10.0, 935.0]","[2.0, 1.0, 0.0, 8.0, 0.0, 503.0]","[-0.34850767254829407, 0.224931538105011, -0.24834856390953064, 0.35965049266815186, -1.1418406963348389, -0.21418072283267975, -0.014713793992996216, -0.774709939956665, -0.41638389229774475, 0.21686343848705292, 0.39860594272613525, 0.5260263681411743, -0.19760695099830627, -0.5155668258666992, 0.30000001192092896, 0.3000001907348633, 0.299999862909317, 0.1999998688697815, 0.10000049322843552, 0.0, 0.8204214572906494, 0.8195919990539551, 0.8196772933006287, 0.8063585758209229, 0.706081211566925, 0.0]","[0.15848621726036072, 0.2206946760416031, -0.19023077189922333, 0.9936908483505249, -1.1418406963348389, 0.034809015691280365, 0.11668524891138077, 0.20365476608276367, -0.1555124670267105, 0.21052005887031555, 1.008767008781433, 0.18802566826343536, 0.03188486397266388, -0.1573340743780136]","[286.0, 0.3000001907348633, 0.29999983310699463, 0.19999980926513672, 0.10000038146972656, 885.0]","[0.8204214572906494, 0.8195919990539551, 0.8196772933006287, 0.8063583374023438, 0.706081211566925, 453.0]","[-0.0062797339633107185, 0.34177812933921814, -0.4997301995754242, -0.019510319456458092, -1.1976555585861206, 0.0020253341645002365, 0.13005280494689941, -0.3762088119983673, -0.39309456944465637, 0.6193926930427551, 0.37695181369781494, 0.17165005207061768, -0.24879251420497894, -0.36050945520401, 0.30000001192092896, 0.29899999499320984, 0.29899999499320984, 0.19900000095367432, 1.0, 0.0, 0.3319999873638153, 0.29899999499320984, 0.29899999499320984, 0.3310000002384186, 0.5929999947547913, 0.0]","[-0.1064162626862526, 0.32701537013053894, -0.5119749903678894, -0.24987511336803436, -1.2342461347579956, -0.13890834152698517, -0.04421234875917435, -0.6079415678977966, -0.26616594195365906, 0.6539244055747986, 0.2899448275566101, 0.09460218250751495, -0.35998260974884033, -0.3659341335296631, 0.30000001192092896, 0.30000001192092896, 0.30000001192092896, 0.20000000298023224, 0.10000000149011612, 0.0, 0.30000001192092896, 0.30000001192092896, 0.30000001192092896, 0.20000000298023224, 0.10000000149011612, 0.0]"
229,229,229,0.011358308000126272,0.08788059099970269,True,"[0.16801883280277252, 0.21254023909568787, -0.1858753263950348, 1.003594994544983, -1.1476573944091797, 0.043970122933387756, 0.1266852468252182, 0.21292373538017273, -0.14638730883598328, 0.20632041990756989, 1.0187430381774902, 0.17934392392635345, 0.04186089709401131, -0.15179219841957092]","[336.0, 2.0, 1.0, 4.0, 10.0, 935.0]","[2.0, 1.0, 0.0, 8.0, 0.0, 503.0]","[-0.3387179970741272, 0.2215886116027832, -0.23647746443748474, 0.37728703022003174, -1.1455574035644531, -0.2247317135334015, -0.020466893911361694, -0.7712051272392273, -0.42555826902389526, 0.2021183967590332, 0.36362749338150024, 0.5216249227523804, -0.20363250374794006, -0.548037052154541, 0.30000001192092896, 0.30000022053718567, 0.299999862909317, 0.1999998390674591, 0.10000048577785492, 0.0, 0.833730936050415, 0.8328972458839417, 0.8329750299453735, 0.821876585483551, 0.7216051816940308, 0.0]","[0.1580188274383545, 0.2215886116027832, -0.19587533175945282, 0.9935950040817261, -1.1455574035644531, 0.033970125019550323, 0.11668524891138077, 0.2029237300157547, -0.1563873142004013, 0.2021183967590332, 1.0087430477142334, 0.18934392929077148, 0.031860895454883575, -0.16179220378398895]","[286.0, 0.3000001907348633, 0.29999983310699463, 0.19999980926513672, 0.10000038146972656, 885.0]","[0.833730936050415, 0.8328972458839417, 0.8329750299453735, 0.8218765258789062, 0.7216051816940308, 453.0]","[-0.012403673492372036, 0.3407954275608063, -0.5051470994949341, -0.018012290820479393, -1.1976195573806763, 0.000107858024421148, 0.12294616550207138, -0.38912779092788696, -0.39092543721199036, 0.622460663318634, 0.395958811044693, 0.16304539144039154, -0.24607209861278534, -0.36097684502601624, 0.30000001192092896, 0.29899999499320984, 0.29899999499320984, 0.19900000095367432, 1.0, 0.0, 0.3319999873638153, 0.29899999499320984, 0.29899999499320984, 0.3310000002384186, 0.5929999947547913, 0.0]","[-0.1148594543337822, 0.32467058300971985, -0.5151874423027039, -0.2442658245563507, -1.2328975200653076, -0.14059972763061523, -0.046711329370737076, -0.6204180717468262, -0.26167744398117065, 0.6610805988311768, 0.31053856015205383, 0.09215211868286133, -0.3531034290790558, -0.35948285460472107, 0.30000001192092896, 0.30000001192092896, 0.30000001192092896, 0.20000000298023224, 0.10000000149011612, 0.0, 0.30000001192092896, 0.30000001192092896, 0.30000001192092896, 0.20000000298023224, 0.10000000149011612, 0.0]"
230,230,230,0.013982517000840744,0.12267281799904595,True,"[0.1676233559846878, 0.21316342055797577, -0.18870361149311066, 1.0035829544067383, -1.1464829444885254, 0.04340686276555061, 0.1266852468252182, 0.21271999180316925, -0.14609968662261963, 0.20550549030303955, 1.0187430381774902, 0.17978735268115997, 0.04186089709401131, -0.1543208658695221]","[336.0, 2.0, 1.0, 5.0, 10.0, 935.0]","[2.0, 1.0, 0.0, 8.0, 0.0, 503.0]","[-0.35218483209609985, 0.22358432412147522, -0.25199541449546814, 0.364437997341156, -1.139818787574768, -0.2127557247877121, -0.015754610300064087, -0.7805739045143127, -0.41711288690567017, 0.23521044850349426, 0.42859336733818054, 0.5204695463180542, -0.1875036060810089, -0.49838942289352417, 0.30000001192092896, 0.3000001907348633, 0.2999998927116394, 0.1999998539686203, 0.10000047832727432, 0.0, 0.8520733118057251, 0.8512672185897827, 0.8513529896736145, 0.8433047533035278, 0.7430351972579956, 0.0]","[0.15762335062026978, 0.2231634259223938, -0.1987036168575287, 0.9935829639434814, -1.139818787574768, 0.03340686112642288, 0.11668524891138077, 0.20271998643875122, -0.15609969198703766, 0.21550549566745758, 1.0087430477142334, 0.189787358045578, 0.031860895454883575, -0.16432087123394012]","[286.0, 0.3000001907348633, 0.2999998927116394, 0.19999980926513672, 0.10000038146972656, 885.0]","[0.8520733118057251, 0.8512672185897827, 0.8513529896736145, 0.8433046340942383, 0.7430351972579956, 453.0]","[-0.01818007044494152, 0.3408673107624054, -0.5090779066085815, -0.01722133159637451, -1.1976195573806763, -0.0027803401462733746, 0.11530023068189621, -0.40438371896743774, -0.3897869288921356, 0.624485969543457, 0.4154810905456543, 0.15418903529644012, -0.2445860505104065, -0.3609049320220947, 0.30000001192092896, 0.29899999499320984, 0.29899999499320984, 0.19900000095367432, 1.0, 0.0, 0.33399999141693115, 0.29899999499320984, 0.29899999499320984, 0.3330000042915344, 0.5929999947547913, 0.0]","[-0.12275209277868271, 0.3218465745449066, -0.5202485918998718, -0.23689885437488556, -1.2315921783447266, -0.14819563925266266, -0.05115526542067528, -0.6312040686607361, -0.25759798288345337, 0.6710546016693115, 0.3303082585334778, 0.08636027574539185, -0.3480716943740845, -0.3545631468296051, 0.30000001192092896, 0.30000001192092896, 0.30000001192092896, 0.20000000298023224, 0.10000000149011612, 0.0, 0.30000001192092896, 0.30000001192092896, 0.30000001192092896, 0.20000000298023224, 0.10000000149011612, 0.0]"
231,231,231,0.010363776000303915,0.09840343100040627,True,"[0.16709604859352112, 0.21440976858139038, -0.19264641404151917, 1.0035470724105835, -1.145632028579712, 0.042639873921871185, 0.1266852468252182, 0.2121088057756424, -0.14626747369766235, 0.20955616235733032, 1.0187430381774902, 0.1817767322063446, 0.04186089709401131, -0.15749669075012207]","[336.0, 2.0, 1.0, 4.0, 10.0, 935.0]","[2.0, 1.0, 0.0, 8.0, 0.0, 503.0]","[-0.3462480306625366, 0.22562581300735474, -0.25432491302490234, 0.3358287513256073, -1.1485141515731812, -0.21466225385665894, -0.018620729446411133, -0.7658833265304565, -0.41273972392082214, 0.22016319632530212, 0.3840446174144745, 0.5245596766471863, -0.19506558775901794, -0.5226578116416931, 0.30000001192092896, 0.3000001907348633, 0.299999862909317, 0.1999998688697815, 0.10000049322843552, 0.0, 0.8378852605819702, 0.8370568752288818, 0.8371403217315674, 0.826735258102417, 0.7264562845230103, 0.0]","[0.1570960432291031, 0.2244097739458084, -0.2026464194059372, 0.9935470819473267, -1.1485141515731812, 0.03263987600803375, 0.11668524891138077, 0.20210880041122437, -0.15626747906208038, 0.21955616772174835, 1.0087430477142334, 0.19177673757076263, 0.031860895454883575, -0.1674966961145401]","[286.0, 0.3000001907348633, 0.29999983310699463, 0.19999980926513672, 0.10000038146972656, 885.0]","[0.8378852605819702, 0.8370568752288818, 0.8371403217315674, 0.8267354965209961, 0.7264562845230103, 453.0]","[-0.02534663677215576, 0.34057968854904175, -0.5137277841567993, -0.013170663267374039, -1.1979790925979614, -0.006243781186640263, 0.1122562363743782, -0.41896852850914, -0.38905587792396545, 0.6295912861824036, 0.4340206980705261, 0.15428490936756134, -0.23955267667770386, -0.3607611358165741, 0.30000001192092896, 0.29899999499320984, 0.29899999499320984, 0.19900000095367432, 1.0, 0.0, 0.33399999141693115, 0.29899999499320984, 0.29899999499320984, 0.3330000042915344, 0.5929999947547913, 0.0]","[-0.12796840071678162, 0.31884628534317017, -0.5231648683547974, -0.2344655841588974, -1.230571985244751, -0.1513749659061432, -0.052791088819503784, -0.6390233039855957, -0.2546304166316986, 0.678413987159729, 0.3399225175380707, 0.08288126438856125, -0.3391254246234894, -0.35226312279701233, 0.30000001192092896, 0.30000001192092896, 0.30000001192092896, 0.20000000298023224, 0.10000000149011612, 0.0, 0.30000001192092896, 0.30000001192092896, 0.30000001192092896, 0.20000000298023224, 0.10000000149011612, 0.0]"
232,232,232,0.03345102599996608,0.21784569499868667,True,"[0.16688033938407898, 0.21603962779045105, -0.19584621489048004, 1.0035470724105835, -1.146674633026123, 0.04199272394180298, 0.12667326629161835, 0.2112339586019516, -0.14672286808490753, 0.21456557512283325, 1.0187309980392456, 0.18353840708732605, 0.04186089709401131, -0.161032035946846]","[336.0, 2.0, 1.0, 4.0, 10.0, 935.0]","[2.0, 1.0, 0.0, 8.0, 0.0, 503.0]","[-0.3479679822921753, 0.22706113755702972, -0.25246500968933105, 0.3437337875366211, -1.1518070697784424, -0.21170897781848907, -0.01623767614364624, -0.7773003578186035, -0.4130314886569977, 0.2273135781288147, 0.4008799195289612, 0.5316163301467896, -0.1931726634502411, -0.5027901530265808, 0.29999998211860657, 0.3000001907348633, 0.2999998927116394, 0.1999998688697815, 0.10000050067901611, 0.0, 0.8466974496841431, 0.8458441495895386, 0.845930278301239, 0.8369943499565125, 0.736702561378479, 0.0]","[0.15688033401966095, 0.22603963315486908, -0.20584622025489807, 0.9935470819473267, -1.1518070697784424, 0.031992726027965546, 0.11667326837778091, 0.20123395323753357, -0.15672287344932556, 0.22456558048725128, 1.0087310075759888, 0.19353841245174408, 0.031860895454883575, -0.17103204131126404]","[286.0, 0.3000001907348633, 0.2999998927116394, 0.19999980926513672, 0.10000038146972656, 885.0]","[0.8466974496841431, 0.8458441495895386, 0.845930278301239, 0.8369941711425781, 0.736702561378479, 453.0]","[-0.03591672331094742, 0.33878207206726074, -0.5210621356964111, -0.0019174760673195124, -1.200555682182312, -0.011037471704185009, 0.10745056718587875, -0.4335533082485199, -0.3887682557106018, 0.6364102959632874, 0.4545257091522217, 0.1541171371936798, -0.23201459646224976, -0.3606652617454529, 0.30000001192092896, 0.29899999499320984, 0.29899999499320984, 0.19900000095367432, 1.0, 0.0, 0.33500000834465027, 0.29899999499320984, 0.29899999499320984, 0.33399999141693115, 0.5929999947547913, 0.0]","[-0.1367272138595581, 0.31253013014793396, -0.5289037227630615, -0.22824479639530182, -1.2315363883972168, -0.15593639016151428, -0.0599777027964592, -0.6511027812957764, -0.2492956817150116, 0.6919312477111816, 0.36462661623954773, 0.0863075703382492, -0.31915420293807983, -0.3403594493865967, 0.30000001192092896, 0.30000001192092896, 0.30000001192092896, 0.20000000298023224, 0.10000000149011612, 0.0, 0.30000001192092896, 0.30000001192092896, 0.30000001192092896, 0.20000000298023224, 0.10000000149011612, 0.0]"
233,233,233,0.012160582000433351,0.12163757899907068,True,"[0.16682042181491852, 0.21828067302703857, -0.1997530609369278, 1.003499150276184, -1.1501500606536865, 0.04198073968291283, 0.1266852468252182, 0.21014338731765747, -0.14814899861812592, 0.22263094782829285, 1.0187309980392456, 0.18581540882587433, 0.041848912835121155, -0.16641294956207275]","[336.0, 2.0, 1.0, 4.0, 10.0, 935.0]","[2.0, 1.0, 0.0, 8.0, 0.0, 503.0]","[-0.35073548555374146, 0.22750559449195862, -0.2596770226955414, 0.3335014283657074, -1.139690637588501, -0.19967667758464813, -0.011409997940063477, -0.7687863111495972, -0.4058113992214203, 0.2428341805934906, 0.42790645360946655, 0.5370596647262573, -0.18725989758968353, -0.47049158811569214, 0.30000001192092896, 0.3000001609325409, 0.2999998927116394, 0.1999998837709427, 0.10000048577785492, 0.0, 0.8489816188812256, 0.848171591758728, 0.8482621908187866, 0.8397001028060913, 0.7394211292266846, 0.0]","[0.1568204164505005, 0.22750559449195862, -0.20975306630134583, 0.9934991598129272, -1.1401500701904297, 0.031980738043785095, 0.11668524891138077, 0.20014338195323944, -0.15814900398254395, 0.23263095319271088, 1.0087310075759888, 0.19581541419029236, 0.03184891492128372, -0.17641295492649078]","[286.0, 0.3000001907348633, 0.2999998927116394, 0.19999980926513672, 0.10000038146972656, 885.0]","[0.8489816188812256, 0.848171591758728, 0.8482621908187866, 0.8397002220153809, 0.7394211292266846, 453.0]","[-0.043898217380046844, 0.33493512868881226, -0.5277613401412964, 0.011600730009377003, -1.2014784812927246, -0.01786847971379757, 0.09936121106147766, -0.4486534297466278, -0.3882170021533966, 0.6470163464546204, 0.4728615880012512, 0.1540692001581192, -0.21878401935100555, -0.36010199785232544, 0.30000001192092896, 0.29899999499320984, 0.29899999499320984, 0.19900000095367432, 1.0, 0.0, 0.33500000834465027, 0.29899999499320984, 0.29899999499320984, 0.33399999141693115, 0.5929999947547913, 0.0]","[-0.1427079141139984, 0.30977627635002136, -0.5324668884277344, -0.2234514206647873, -1.2305467128753662, -0.15781183540821075, -0.06701099872589111, -0.6598895788192749, -0.24725139141082764, 0.700327455997467, 0.3846961259841919, 0.08742920309305191, -0.31264302134513855, -0.3361733555793762, 0.30000001192092896, 0.30000001192092896, 0.30000001192092896, 0.20000000298023224, 0.10000000149011612, 0.0, 0.30000001192092896, 0.30000001192092896, 0.30000001192092896, 0.20000000298023224, 0.10000000149011612, 0.0]"
234,234,234,0.014824795000095037,0.13197810400015442,True,"[0.16668859124183655, 0.22074942290782928, -0.20476247370243073, 1.0035231113433838, -1.1456799507141113, 0.041968755424022675, 0.12667326629161835, 0.20977187156677246, -0.1491796374320984, 0.22941403090953827, 1.018707036972046, 0.1956544667482376, 0.041848912835121155, -0.17145830392837524]","[336.0, 2.0, 1.0, 4.0, 10.0, 935.0]","[2.0, 1.0, 0.0, 8.0, 0.0, 503.0]","[-0.36061346530914307, 0.22719013690948486, -0.2579513192176819, 0.3323659896850586, -1.1502774953842163, -0.2082383930683136, -0.015038073062896729, -0.7880338430404663, -0.4180404841899872, 0.24088548123836517, 0.4220031797885895, 0.5288859009742737, -0.1869925558567047, -0.4950733780860901, 0.30000001192092896, 0.3000001907348633, 0.2999998927116394, 0.1999998688697815, 0.10000049322843552, 0.0, 0.8549453616142273, 0.8541243076324463, 0.8542131185531616, 0.846636950969696, 0.7463601231575012, 0.0]","[0.15668858587741852, 0.22719013690948486, -0.21476247906684875, 0.993523120880127, -1.1502774953842163, 0.03196875751018524, 0.11667326837778091, 0.19977186620235443, -0.15917964279651642, 0.2394140362739563, 1.008707046508789, 0.20565447211265564, 0.03184891492128372, -0.18145830929279327]","[286.0, 0.3000001907348633, 0.2999998927116394, 0.19999980926513672, 0.10000038146972656, 885.0]","[0.8549454212188721, 0.8541243076324463, 0.8542131185531616, 0.8466367721557617, 0.7463601231575012, 453.0]","[-0.05153216794133186, 0.3278164863586426, -0.5379119515419006, 0.029349368065595627, -1.2011429071426392, -0.02755173295736313, 0.09311743080615997, -0.46779224276542664, -0.38686278462409973, 0.6651005148887634, 0.5039606690406799, 0.15385349094867706, -0.2061646282672882, -0.3567464053630829, 0.30000001192092896, 0.29899999499320984, 0.29899999499320984, 0.19900000095367432, 1.0, 0.0, 0.3319999873638153, 0.29899999499320984, 0.29899999499320984, 0.33500000834465027, 0.5929999947547913, 0.0]","[-0.15116937458515167, 0.30503299832344055, -0.5359456539154053, -0.21741411089897156, -1.2302335500717163, -0.15694665908813477, -0.0765557512640953, -0.675486147403717, -0.2447088062763214, 0.7113440036773682, 0.4196551740169525, 0.08946852385997772, -0.30404776334762573, -0.3304205536842346, 0.30000001192092896, 0.30000001192092896, 0.30000001192092896, 0.20000000298023224, 0.10000000149011612, 0.0, 0.30000001192092896, 0.30000001192092896, 0.30000001192092896, 0.20000000298023224, 0.10000000149011612, 0.0]"
235,235,235,0.011769745999117731,0.10569945399947756,True,"[0.16668859124183655, 0.22175610065460205, -0.2073151171207428, 1.003499150276184, -1.1475614309310913, 0.04198073968291283, 0.1266612708568573, 0.2096640169620514, -0.14945527911186218, 0.23358453810214996, 1.0187309980392456, 0.20170649886131287, 0.04182494431734085, -0.17526929080486298]","[336.0, 2.0, 1.0, 4.0, 10.0, 935.0]","[2.0, 1.0, 0.0, 8.0, 0.0, 503.0]","[-0.3453218638896942, 0.22906836867332458, -0.2504526376724243, 0.335165798664093, -1.1456272602081299, -0.20695313811302185, -0.012814134359359741, -0.7607516050338745, -0.410866379737854, 0.23404408991336823, 0.4192914068698883, 0.5385185480117798, -0.1828087419271469, -0.4776574969291687, 0.29999998211860657, 0.3000001907348633, 0.2999998927116394, 0.1999998539686203, 0.10000050067901611, 0.0, 0.8650544285774231, 0.8642223477363586, 0.8643087148666382, 0.8584264516830444, 0.7581349611282349, 0.0]","[0.15668858587741852, 0.22906836867332458, -0.21731512248516083, 0.9934991598129272, -1.1456272602081299, 0.031980738043785095, 0.11666127294301987, 0.19966401159763336, -0.1594552844762802, 0.23404408991336823, 1.0087310075759888, 0.2117065042257309, 0.03182494640350342, -0.185269296169281]","[286.0, 0.3000001907348633, 0.2999998927116394, 0.19999980926513672, 0.10000038146972656, 885.0]","[0.8650543689727783, 0.8642223477363586, 0.8643087148666382, 0.858426570892334, 0.7581349611282349, 453.0]","[-0.055810537189245224, 0.32428115606307983, -0.5402848124504089, 0.038912780582904816, -1.2005077600479126, -0.027719512581825256, 0.09149955958127975, -0.47485095262527466, -0.3865991234779358, 0.677228569984436, 0.5222485661506653, 0.15361380577087402, -0.20079569518566132, -0.35420575737953186, 0.30000001192092896, 0.29899999499320984, 0.29899999499320984, 0.19900000095367432, 1.0, 0.0, 0.3330000042915344, 0.30000001192092896, 0.29899999499320984, 0.33500000834465027, 0.5929999947547913, 0.0]","[-0.15915215015411377, 0.3033800721168518, -0.5421976447105408, -0.21280835568904877, -1.2313570976257324, -0.15802274644374847, -0.08200211077928543, -0.6886501312255859, -0.24532994627952576, 0.7191596031188965, 0.44961056113243103, 0.09618384391069412, -0.3018465042114258, -0.32971298694610596, 0.30000001192092896, 0.30000001192092896, 0.30000001192092896, 0.20000000298023224, 0.10000000149011612, 0.0, 0.30000001192092896, 0.30000001192092896, 0.30000001192092896, 0.20000000298023224, 0.10000000149011612, 0.0]"
236,236,236,0.006725913000991568,0.11396069500005979,True,"[0.16666461527347565, 0.2226908802986145, -0.20952020585536957, 1.003499150276184, -1.1482446193695068, 0.04195677116513252, 0.1266612708568573, 0.20955616235733032, -0.14923955500125885, 0.23503462970256805, 1.018707036972046, 0.20546954870224, 0.041836928576231, -0.17924804985523224]","[336.0, 2.0, 1.0, 4.0, 10.0, 935.0]","[2.0, 0.0, 0.0, 8.0, 0.0, 503.0]","[-0.3465934097766876, 0.22686730325222015, -0.24429932236671448, 0.3271045684814453, -1.1574008464813232, -0.21158848702907562, -0.009317010641098022, -0.7739108800888062, -0.4235796332359314, 0.2257862091064453, 0.3976626396179199, 0.5293963551521301, -0.18430355191230774, -0.5135216116905212, 0.30000001192092896, 0.30000022053718567, 0.2999998927116394, 0.1999998390674591, 0.10000049322843552, 0.0, 0.8754345774650574, 0.8746223449707031, 0.8747135400772095, 0.8705599904060364, 0.7702678442001343, 0.0]","[0.15666460990905762, 0.22686730325222015, -0.2195202112197876, 0.9934991598129272, -1.1574008464813232, 0.03195676952600479, 0.11666127294301987, 0.1995561569929123, -0.15923956036567688, 0.2257862091064453, 1.008707046508789, 0.21546955406665802, 0.03183692693710327, -0.18924805521965027]","[286.0, 0.3000001907348633, 0.2999998927116394, 0.19999980926513672, 0.10000038146972656, 885.0]","[0.8754346370697021, 0.8746223449707031, 0.8747135400772095, 0.8705601692199707, 0.7702678442001343, 453.0]","[-0.06487061083316803, 0.3241613209247589, -0.5440359115600586, 0.047529436647892, -1.200555682182312, -0.0276835598051548, 0.09093630313873291, -0.4826766550540924, -0.38661110401153564, 0.6876788139343262, 0.5443115234375, 0.15356586873531342, -0.19848273694515228, -0.3528755009174347, 0.30000001192092896, 0.29899999499320984, 0.29899999499320984, 0.19900000095367432, 1.0, 0.0, 0.33500000834465027, 0.30000001192092896, 0.29899999499320984, 0.3370000123977661, 0.593999981880188, 0.0]","[-0.16266022622585297, 0.30304375290870667, -0.5451838970184326, -0.21005907654762268, -1.2316772937774658, -0.15853913128376007, -0.08388368785381317, -0.6937615275382996, -0.24611341953277588, 0.7215365171432495, 0.4606802463531494, 0.0970434844493866, -0.2984163463115692, -0.3274485766887665, 0.30000001192092896, 0.30000001192092896, 0.30000001192092896, 0.20000000298023224, 0.10000000149011612, 0.0, 0.30000001192092896, 0.30000001192092896, 0.30000001192092896, 0.20000000298023224, 0.10000000149011612, 0.0]"
237,237,237,0.014476909998847987,0.13086681599997974,True,"[0.1666766107082367, 0.2235417515039444, -0.21323531866073608, 1.0035231113433838, -1.1533738374710083, 0.04195677116513252, 0.12667326629161835, 0.20950822532176971, -0.1486762911081314, 0.23106785118579865, 1.0186830759048462, 0.20732709765434265, 0.041848912835121155, -0.18039853870868683]","[336.0, 2.0, 1.0, 4.0, 10.0, 935.0]","[2.0, 0.0, 0.0, 8.0, 0.0, 503.0]","[-0.34656649827957153, 0.2288721799850464, -0.24966613948345184, 0.31637662649154663, -1.1407784223556519, -0.20735013484954834, -0.011962413787841797, -0.7623303532600403, -0.4162903428077698, 0.23680442571640015, 0.40429678559303284, 0.5353972315788269, -0.1773063987493515, -0.47640693187713623, 0.30000001192092896, 0.3000001907348633, 0.2999998927116394, 0.1999998241662979, 0.10000050067901611, 0.0, 0.8773633241653442, 0.8765479326248169, 0.8766344785690308, 0.8728027939796448, 0.7725145220756531, 0.0]","[0.15667660534381866, 0.2288721799850464, -0.2232353240251541, 0.993523120880127, -1.1433738470077515, 0.03195676952600479, 0.11667326837778091, 0.19950821995735168, -0.15867629647254944, 0.23680442571640015, 1.0086830854415894, 0.21732710301876068, 0.03184891492128372, -0.19039854407310486]","[286.0, 0.3000001907348633, 0.2999998927116394, 0.19999980926513672, 0.10000038146972656, 885.0]","[0.8773633241653442, 0.8765479326248169, 0.8766344785690308, 0.872802734375, 0.7725145220756531, 453.0]","[-0.07487744092941284, 0.32365795969963074, -0.5466005206108093, 0.05739245563745499, -1.2011908292770386, -0.0276835598051548, 0.08743690699338913, -0.48895639181137085, -0.38626354932785034, 0.6950251460075378, 0.5645888447761536, 0.15356586873531342, -0.19199927151203156, -0.3494719862937927, 0.30000001192092896, 0.29899999499320984, 0.29899999499320984, 0.19900000095367432, 1.0, 0.0, 0.33500000834465027, 0.30000001192092896, 0.29899999499320984, 0.3370000123977661, 0.593999981880188, 0.0]","[-0.16693001985549927, 0.30253079533576965, -0.547767162322998, -0.2008388489484787, -1.23404061794281, -0.15854917466640472, -0.09483053535223007, -0.707801103591919, -0.25092047452926636, 0.7229630947113037, 0.48340725898742676, 0.09996018558740616, -0.2843049168586731, -0.3175797164440155, 0.30000001192092896, 0.30000001192092896, 0.30000001192092896, 0.20000000298023224, 0.10000000149011612, 0.0, 0.30000001192092896, 0.30000001192092896, 0.30000001192092896, 0.20000000298023224, 0.10000000149011612, 0.0]"
238,238,238,0.013065857001492986,0.12799830900075904,True,"[0.16664065420627594, 0.22462032735347748, -0.21611154079437256, 1.003499150276184, -1.1490474939346313, 0.04187288135290146, 0.1266612708568573, 0.20934045314788818, -0.14868828654289246, 0.2340758889913559, 1.0186830759048462, 0.21101823449134827, 0.04186089709401131, -0.18250776827335358]","[336.0, 2.0, 1.0, 4.0, 10.0, 935.0]","[2.0, 1.0, 0.0, 8.0, 0.0, 503.0]","[-0.33115658164024353, 0.2279786467552185, -0.23752287030220032, 0.33956751227378845, -1.143641710281372, -0.2177807241678238, -0.0021378397941589355, -0.7556923031806946, -0.42346054315567017, 0.21631872653961182, 0.3543850779533386, 0.5292928814888, -0.1816316395998001, -0.5247493982315063, 0.30000001192092896, 0.30000022053718567, 0.2999998927116394, 0.19999979436397552, 0.1000005230307579, 0.0, 0.8808825016021729, 0.8799790740013123, 0.8800458908081055, 0.8768075108528137, 0.7765195965766907, 0.0]","[0.1566406488418579, 0.2279786467552185, -0.2261115461587906, 0.9934991598129272, -1.143641710281372, 0.031872883439064026, 0.11666127294301987, 0.19934044778347015, -0.15868829190731049, 0.22407588362693787, 1.0086830854415894, 0.2210182398557663, 0.031860895454883575, -0.1925077736377716]","[286.0, 0.3000001907348633, 0.2999998927116394, 0.19999980926513672, 0.10000038146972656, 885.0]","[0.8808825016021729, 0.8799790740013123, 0.8800458908081055, 0.876807689666748, 0.7765195965766907, 453.0]","[-0.07868842035531998, 0.3234902024269104, -0.5469840168952942, 0.06234193965792656, -1.201286792755127, -0.027707528322935104, 0.08103732764720917, -0.4911974370479584, -0.38635942339897156, 0.6997708678245544, 0.5745956897735596, 0.15355387330055237, -0.18104569613933563, -0.3430604338645935, 0.30000001192092896, 0.29899999499320984, 0.29899999499320984, 0.19900000095367432, 1.0, 0.0, 0.335999995470047, 0.30000001192092896, 0.29899999499320984, 0.3370000123977661, 0.593999981880188, 0.0]","[-0.1719670593738556, 0.30273425579071045, -0.5486568212509155, -0.19866704940795898, -1.235683798789978, -0.15481559932231903, -0.09778516739606857, -0.7194193601608276, -0.2536081373691559, 0.7259780764579773, 0.5070792436599731, 0.09914860129356384, -0.2830614149570465, -0.3200916051864624, 0.30000001192092896, 0.30000001192092896, 0.30000001192092896, 0.20000000298023224, 0.10000000149011612, 0.0, 0.30000001192092896, 0.30000001192092896, 0.30000001192092896, 0.20000000298023224, 0.10000000149011612, 0.0]"
239,239,239,0.011037784999643918,0.11802300300041679,True,"[0.16650882363319397, 0.22484803199768066, -0.2184484601020813, 1.0035110712051392, -1.1481726169586182, 0.04158526286482811, 0.1266612708568573, 0.20931647717952728, -0.14775350689888, 0.23021696507930756, 1.0186591148376465, 0.21402627229690552, 0.041848912835121155, -0.18333467841148376]","[336.0, 2.0, 1.0, 4.0, 10.0, 935.0]","[2.0, 0.0, 0.0, 8.0, 0.0, 503.0]","[-0.32825323939323425, 0.22655737400054932, -0.2340935468673706, 0.3466816842556, -1.1500842571258545, -0.2171344757080078, -0.009683668613433838, -0.7568916082382202, -0.42697790265083313, 0.21726706624031067, 0.3695531487464905, 0.5320800542831421, -0.1796329915523529, -0.5262479186058044, 0.30000001192092896, 0.3000001907348633, 0.2999998927116394, 0.1999998241662979, 0.10000049322843552, 0.0, 0.8830602169036865, 0.8822606801986694, 0.8823451995849609, 0.8794738054275513, 0.7791782021522522, 0.0]","[0.15650881826877594, 0.22655737400054932, -0.22844846546649933, 0.9935110807418823, -1.1500842571258545, 0.03158526122570038, 0.11666127294301987, 0.19931647181510925, -0.15775351226329803, 0.22021695971488953, 1.0086591243743896, 0.22402627766132355, 0.03184891492128372, -0.1933346837759018]","[286.0, 0.3000001907348633, 0.2999998927116394, 0.19999980926513672, 0.10000038146972656, 885.0]","[0.8830602169036865, 0.8822606801986694, 0.8823451995849609, 0.8794736862182617, 0.7791782021522522, 453.0]","[-0.08061788231134415, 0.3234662115573883, -0.5470678806304932, 0.06610498577356339, -1.201454520225525, -0.02773149684071541, 0.07021557539701462, -0.49665024876594543, -0.3863474428653717, 0.7064341306686401, 0.5908582806587219, 0.15350593626499176, -0.17949973046779633, -0.33853039145469666, 0.30000001192092896, 0.29899999499320984, 0.29899999499320984, 0.19900000095367432, 1.0, 0.0, 0.335999995470047, 0.30000001192092896, 0.29899999499320984, 0.3370000123977661, 0.593999981880188, 0.0]","[-0.17655383050441742, 0.30338555574417114, -0.5501223802566528, -0.19036315381526947, -1.2376514673233032, -0.15416693687438965, -0.10405862331390381, -0.7308921217918396, -0.2555207908153534, 0.7276964783668518, 0.5322864055633545, 0.09863541275262833, -0.27318137884140015, -0.31680333614349365, 0.30000001192092896, 0.30000001192092896, 0.30000001192092896, 0.20000000298023224, 0.10000000149011612, 0.0, 0.30000001192092896, 0.30000001192092896, 0.30000001192092896, 0.20000000298023224, 0.10000000149011612, 0.0]"
240,240,240,0.011497751998831518,0.1208757019994664,True,"[0.16650882363319397, 0.22509969770908356, -0.22392524778842926, 1.0035231113433838, -1.1493231058120728, 0.035832833498716354, 0.1266852468252182, 0.20925655961036682, -0.14784938097000122, 0.2272089272737503, 1.0186471939086914, 0.21673470735549927, 0.041848912835121155, -0.18498849868774414]","[336.0, 2.0, 1.0, 4.0, 10.0, 935.0]","[2.0, 0.0, 0.0, 8.0, 0.0, 503.0]","[-0.3254311978816986, 0.2236074060201645, -0.23229765892028809, 0.3430671989917755, -1.1461619138717651, -0.21654319763183594, 0.0021147727966308594, -0.7388911247253418, -0.4220946729183197, 0.21942958235740662, 0.3459361791610718, 0.5285714864730835, -0.17726215720176697, -0.5154674053192139, 0.30000001192092896, 0.30000022053718567, 0.2999998927116394, 0.19999979436397552, 0.10000051558017731, 0.0, 0.8896599411964417, 0.8887925148010254, 0.8888656497001648, 0.8870950937271118, 0.7867953181266785, 0.0]","[0.15650881826877594, 0.2236074060201645, -0.23229765892028809, 0.993523120880127, -1.1461619138717651, 0.025832833722233772, 0.11668524891138077, 0.1992565542459488, -0.15784938633441925, 0.21942958235740662, 1.0086472034454346, 0.2267347127199173, 0.03184891492128372, -0.19498850405216217]","[286.0, 0.3000001907348633, 0.2999998927116394, 0.19999980926513672, 0.10000038146972656, 885.0]","[0.8896598815917969, 0.8887925148010254, 0.8888656497001648, 0.8870949745178223, 0.7867953181266785, 453.0]","[-0.08266718685626984, 0.3231426477432251, -0.5479068160057068, 0.0673992857336998, -1.2014425992965698, -0.027695544064044952, 0.06599713116884232, -0.5039126873016357, -0.38613173365592957, 0.7114914655685425, 0.6100689768791199, 0.15341006219387054, -0.17547301948070526, -0.3326341509819031, 0.30000001192092896, 0.29899999499320984, 0.29899999499320984, 0.19900000095367432, 1.0, 0.0, 0.3370000123977661, 0.30000001192092896, 0.29899999499320984, 0.33899998664855957, 0.593999981880188, 0.0]","[-0.18548095226287842, 0.30353987216949463, -0.5526543259620667, -0.1825212836265564, -1.2383465766906738, -0.15503987669944763, -0.10546168684959412, -0.7468949556350708, -0.2558271884918213, 0.7286577820777893, 0.5644838809967041, 0.09386947751045227, -0.26429522037506104, -0.3126869797706604, 0.30000001192092896, 0.30000001192092896, 0.30000001192092896, 0.20000000298023224, 0.10000000149011612, 0.0, 0.30000001192092896, 0.30000001192092896, 0.30000001192092896, 0.20000000298023224, 0.10000000149011612, 0.0]"
241,241,241,0.01959866799916199,0.11015467600009288,True,"[0.16658073663711548, 0.22497986257076263, -0.2271130532026291, 1.0035231113433838, -1.1488797664642334, 0.03153049573302269, 0.12667326629161835, 0.20923258364200592, -0.14783740043640137, 0.22675353288650513, 1.0186471939086914, 0.21853235363960266, 0.041848912835121155, -0.18568359315395355]","[336.0, 2.0, 1.0, 4.0, 10.0, 935.0]","[2.0, 1.0, 0.0, 8.0, 0.0, 503.0]","[-0.33931854367256165, 0.2263840287923813, -0.2449682354927063, 0.29822826385498047, -1.162239670753479, -0.2076447606086731, -0.005024224519729614, -0.7480450868606567, -0.41168633103370667, 0.24360418319702148, 0.3875179886817932, 0.5397149324417114, -0.171560600399971, -0.49296075105667114, 0.30000004172325134, 0.30000022053718567, 0.2999998927116394, 0.19999979436397552, 0.1000005230307579, 0.0, 0.8996930122375488, 0.8988515734672546, 0.8989306092262268, 0.898821234703064, 0.7985241413116455, 0.0]","[0.15658073127269745, 0.2263840287923813, -0.23711305856704712, 0.993523120880127, -1.1588797569274902, 0.021530495956540108, 0.11667326837778091, 0.1992325782775879, -0.1578374058008194, 0.23675353825092316, 1.0086472034454346, 0.2285323590040207, 0.03184891492128372, -0.19568359851837158]","[286.0, 0.3000001907348633, 0.2999998927116394, 0.19999980926513672, 0.10000038146972656, 885.0]","[0.8996930122375488, 0.8988515734672546, 0.8989306092262268, 0.8988213539123535, 0.7985241413116455, 453.0]","[-0.08843159675598145, 0.32305875420570374, -0.5507350564002991, 0.07214503735303879, -1.201586365699768, -0.027659591287374496, 0.05650562047958374, -0.5119900703430176, -0.3853767216205597, 0.7150387763977051, 0.6399456262588501, 0.1523195058107376, -0.16978052258491516, -0.32419726252555847, 0.30000001192092896, 0.29899999499320984, 0.29899999499320984, 0.19900000095367432, 1.0, 0.0, 0.33399999141693115, 0.29899999499320984, 0.29899999499320984, 0.33899998664855957, 0.593999981880188, 0.0]","[-0.1937350481748581, 0.3044103980064392, -0.5548925995826721, -0.17657816410064697, -1.2372461557388306, -0.15618796646595, -0.10305171459913254, -0.75743168592453, -0.25665485858917236, 0.7288397550582886, 0.5871441960334778, 0.0842304453253746, -0.2508395314216614, -0.3091534674167633, 0.30000001192092896, 0.30000001192092896, 0.30000001192092896, 0.20000000298023224, 0.10000000149011612, 0.0, 0.30000001192092896, 0.30000001192092896, 0.30000001192092896, 0.20000000298023224, 0.10000000149011612, 0.0]"
242,242,242,0.010704456999519607,0.10914027499893564,True,"[0.16658073663711548, 0.225063756108284, -0.2308521270751953, 1.0035350322723389, -1.1540929079055786, 0.027395939454436302, 0.12667326629161835, 0.20910076797008514, -0.1480531245470047, 0.23215840756893158, 1.0186471939086914, 0.2215403914451599, 0.04186089709401131, -0.18761304020881653]","[336.0, 2.0, 1.0, 4.0, 10.0, 935.0]","[2.0, 1.0, 0.0, 8.0, 0.0, 503.0]","[-0.3351784646511078, 0.22565750777721405, -0.24218161404132843, 0.2913948893547058, -1.159406304359436, -0.21006855368614197, -0.005952596664428711, -0.7295560836791992, -0.4082472622394562, 0.24442410469055176, 0.3660185933113098, 0.5297842025756836, -0.1716456413269043, -0.48348426818847656, 0.30000001192092896, 0.30000025033950806, 0.2999998927116394, 0.19999976456165314, 0.10000055283308029, 0.0, 0.9004396200180054, 0.8995065689086914, 0.8995800614356995, 0.8996022343635559, 0.7992806434631348, 0.0]","[0.15658073127269745, 0.22565750777721405, -0.24085213243961334, 0.993535041809082, -1.159406304359436, 0.01739593967795372, 0.11667326837778091, 0.19910076260566711, -0.15805312991142273, 0.2421584129333496, 1.0086472034454346, 0.23154039680957794, 0.031860895454883575, -0.19761304557323456]","[286.0, 0.3000001907348633, 0.2999998927116394, 0.19999980926513672, 0.10000038146972656, 885.0]","[0.9004396200180054, 0.8995065689086914, 0.8995800614356995, 0.8996024131774902, 0.7992806434631348, 453.0]","[-0.09629324823617935, 0.32325050234794617, -0.5588963031768799, 0.07723832875490189, -1.2018500566482544, -0.027695544064044952, 0.0517718531191349, -0.5180181264877319, -0.3854246735572815, 0.7144635319709778, 0.6652083992958069, 0.14848455786705017, -0.15813185274600983, -0.32108137011528015, 0.30000001192092896, 0.29899999499320984, 0.29899999499320984, 0.19900000095367432, 1.0, 0.0, 0.32499998807907104, 0.29899999499320984, 0.29899999499320984, 0.32899999618530273, 0.5929999947547913, 0.0]","[-0.20350836217403412, 0.30381888151168823, -0.5569280982017517, -0.17099079489707947, -1.237422227859497, -0.15337270498275757, -0.09737156331539154, -0.7718309760093689, -0.2570020854473114, 0.7290955781936646, 0.6223663687705994, 0.07395195215940475, -0.23494677245616913, -0.3027507960796356, 0.30000001192092896, 0.30000001192092896, 0.30000001192092896, 0.20000000298023224, 0.10000000149011612, 0.0, 0.30000001192092896, 0.30000001192092896, 0.30000001192092896, 0.20000000298023224, 0.10000000149011612, 0.0]"
243,243,243,0.011765092000132427,0.1013107159997162,True,"[0.16660469770431519, 0.2251596301794052, -0.23489081859588623, 1.0035110712051392, -1.1555190086364746, 0.024687504395842552, 0.1266852468252182, 0.209112748503685, -0.14721421897411346, 0.23781496286392212, 1.0186471939086914, 0.2229665070772171, 0.041836928576231, -0.18796059489250183]","[336.0, 2.0, 1.0, 4.0, 10.0, 935.0]","[2.0, 1.0, 0.0, 8.0, 0.0, 503.0]","[-0.32879626750946045, 0.22731474041938782, -0.2343016266822815, 0.3095357120037079, -1.151963710784912, -0.2127510905265808, -0.0011984407901763916, -0.7416440844535828, -0.41438883543014526, 0.23115605115890503, 0.35674944519996643, 0.551004946231842, -0.17520874738693237, -0.4954097270965576, 0.30000004172325134, 0.30000022053718567, 0.2999998927116394, 0.19999979436397552, 0.1000005230307579, 0.0, 0.9012938141822815, 0.9004594087600708, 0.9005346298217773, 0.9006928205490112, 0.800400972366333, 0.0]","[0.15660469233989716, 0.22731474041938782, -0.2343016266822815, 0.9935110807418823, -1.151963710784912, 0.01468750461935997, 0.11668524891138077, 0.19911274313926697, -0.1572142243385315, 0.23115605115890503, 1.0086472034454346, 0.23296651244163513, 0.03183692693710327, -0.19796060025691986]","[286.0, 0.3000001907348633, 0.2999998927116394, 0.19999980926513672, 0.10000038146972656, 885.0]","[0.9012937545776367, 0.9004594087600708, 0.9005346298217773, 0.9006929397583008, 0.800400972366333, 453.0]","[-0.10537729412317276, 0.32343026995658875, -0.567836582660675, 0.08041415363550186, -1.202101707458496, -0.027791418135166168, 0.0517718531191349, -0.5302900075912476, -0.3842741847038269, 0.7147152423858643, 0.6953487396240234, 0.13702763617038727, -0.14855645596981049, -0.3183249831199646, 0.30000001192092896, 0.29899999499320984, 0.29899999499320984, 0.19900000095367432, 1.0, 0.0, 0.32499998807907104, 0.29899999499320984, 0.29899999499320984, 0.32899999618530273, 0.5929999947547913, 0.0]","[-0.2116946578025818, 0.30130326747894287, -0.5584343671798706, -0.16201642155647278, -1.2385015487670898, -0.15203239023685455, -0.09487339109182358, -0.7869595289230347, -0.2611587643623352, 0.7304419279098511, 0.6617869138717651, 0.06134628877043724, -0.21551936864852905, -0.2966059446334839, 0.30000001192092896, 0.30000001192092896, 0.30000001192092896, 0.20000000298023224, 0.10000000149011612, 0.0, 0.30000001192092896, 0.30000001192092896, 0.30000001192092896, 0.20000000298023224, 0.10000000149011612, 0.0]"
244,244,244,0.010881881999011966,0.12510005599870055,True,"[0.1666766107082367, 0.22514763474464417, -0.2343994677066803, 1.0035110712051392, -1.1546082496643066, 0.02388456091284752, 0.12669722735881805, 0.20907679200172424, -0.1471063643693924, 0.23637685179710388, 1.0186471939086914, 0.22442857921123505, 0.041848912835121155, -0.1885957568883896]","[336.0, 2.0, 1.0, 4.0, 10.0, 935.0]","[2.0, 1.0, 0.0, 8.0, 0.0, 503.0]","[-0.32297810912132263, 0.22365611791610718, -0.22494016587734222, 0.3126589357852936, -1.1641464233398438, -0.21604907512664795, 0.005261838436126709, -0.7314622402191162, -0.41666895151138306, 0.21907415986061096, 0.3333416283130646, 0.5470380783081055, -0.17807672917842865, -0.4997876286506653, 0.30000004172325134, 0.30000025033950806, 0.2999998927116394, 0.19999976456165314, 0.1000005379319191, 0.0, 0.9023241996765137, 0.9014758467674255, 0.9015440940856934, 0.9018773436546326, 0.801586389541626, 0.0]","[0.15667660534381866, 0.22365611791610718, -0.22494016587734222, 0.9935110807418823, -1.1641464233398438, 0.013884561136364937, 0.11669722944498062, 0.1990767866373062, -0.15710636973381042, 0.22637684643268585, 1.0086472034454346, 0.23442858457565308, 0.03184891492128372, -0.19859576225280762]","[286.0, 0.3000001907348633, 0.2999998927116394, 0.19999980926513672, 0.10000038146972656, 885.0]","[0.9023241996765137, 0.9014758467674255, 0.9015440940856934, 0.9018774032592773, 0.801586389541626, 453.0]","[-0.11108178645372391, 0.32295089960098267, -0.5722707509994507, 0.08204400539398193, -1.2022814750671387, -0.02780340239405632, 0.051783837378025055, -0.5409799218177795, -0.38348323106765747, 0.715194582939148, 0.7162851691246033, 0.12841098010540009, -0.14104235172271729, -0.3125605881214142, 0.30000001192092896, 0.29899999499320984, 0.29899999499320984, 0.19900000095367432, 1.0, 0.0, 0.328000009059906, 0.30000001192092896, 0.29899999499320984, 0.32899999618530273, 0.593999981880188, 0.0]","[-0.211894690990448, 0.30129197239875793, -0.558399498462677, -0.16189178824424744, -1.2385177612304688, -0.1520533710718155, -0.09491583704948425, -0.7871811985969543, -0.26109254360198975, 0.7303892374038696, 0.6619135737419128, 0.0613197423517704, -0.21548491716384888, -0.2965817451477051, 0.30000001192092896, 0.30000001192092896, 0.30000001192092896, 0.20000000298023224, 0.10000000149011612, 0.0, 0.30000001192092896, 0.30000001192092896, 0.30000001192092896, 0.20000000298023224, 0.10000000149011612, 0.0]"
245,245,245,0.02109402999849408,0.1330535269989923,True,"[0.1666766107082367, 0.22463232278823853, -0.2301330715417862, 1.0035231113433838, -1.1591742038726807, 0.023764718323946, 0.12669722735881805, 0.20907679200172424, -0.1469026356935501, 0.23166705667972565, 1.0186471939086914, 0.2265138477087021, 0.041848912835121155, -0.18865567445755005]","[336.0, 2.0, 1.0, 4.0, 10.0, 935.0]","[2.0, 1.0, 0.0, 8.0, 0.0, 503.0]","[-0.32326459884643555, 0.22822247445583344, -0.22740662097930908, 0.32313042879104614, -1.159173846244812, -0.2152152806520462, 0.00027039647102355957, -0.736457884311676, -0.41687026619911194, 0.22818824648857117, 0.3648633360862732, 0.5498457551002502, -0.1755562275648117, -0.4930340051651001, 0.30000001192092896, 0.30000022053718567, 0.2999998927116394, 0.19999979436397552, 0.10000051558017731, 0.0, 0.90199875831604, 0.9011774063110352, 0.9012513160705566, 0.9015289545059204, 0.8012406229972839, 0.0]","[0.15667660534381866, 0.22822247445583344, -0.22740662097930908, 0.993523120880127, -1.159173846244812, 0.013764718547463417, 0.11669722944498062, 0.1990767866373062, -0.15690264105796814, 0.22818824648857117, 1.0086472034454346, 0.23651385307312012, 0.03184891492128372, -0.19865567982196808]","[286.0, 0.3000001907348633, 0.2999998927116394, 0.19999980926513672, 0.10000038146972656, 885.0]","[0.90199875831604, 0.9011774063110352, 0.9012513160705566, 0.9015288352966309, 0.8012406229972839, 453.0]","[-0.12051337212324142, 0.32195621728897095, -0.5777355432510376, 0.08486030250787735, -1.203623652458191, -0.027779433876276016, 0.0517478846013546, -0.5609815716743469, -0.38179343938827515, 0.715853750705719, 0.7521539330482483, 0.1098114550113678, -0.12135226279497147, -0.3043154180049896, 0.30000001192092896, 0.29899999499320984, 0.29899999499320984, 0.19900000095367432, 1.0, 0.0, 0.328000009059906, 0.30000001192092896, 0.29899999499320984, 0.32899999618530273, 0.593999981880188, 0.0]","[-0.21190544962882996, 0.3012929856777191, -0.558396577835083, -0.1618870347738266, -1.2385190725326538, -0.15205420553684235, -0.09491835534572601, -0.7871923446655273, -0.2610912322998047, 0.7303869128227234, 0.6619178056716919, 0.06132029369473457, -0.21548645198345184, -0.29658079147338867, 0.30000001192092896, 0.30000001192092896, 0.30000001192092896, 0.20000000298023224, 0.10000000149011612, 0.0, 0.30000001192092896, 0.30000001192092896, 0.30000001192092896, 0.20000000298023224, 0.10000000149011612, 0.0]"
246,246,246,0.015292087999114301,0.11731021200102987,True,"[0.16660469770431519, 0.22482407093048096, -0.22698122262954712, 1.0035110712051392, -1.159090280532837, 0.023740749806165695, 0.1266612708568573, 0.2089090198278427, -0.14697453379631042, 0.23056450486183167, 1.0186232328414917, 0.22941403090953827, 0.041848912835121155, -0.18884742259979248]","[336.0, 2.0, 1.0, 4.0, 10.0, 935.0]","[2.0, 1.0, 0.0, 8.0, 0.0, 503.0]","[-0.33362510800361633, 0.22601893544197083, -0.24387019872665405, 0.2805693745613098, -1.1619033813476562, -0.2098323404788971, 0.003549724817276001, -0.7340332865715027, -0.409554660320282, 0.2516285479068756, 0.36054375767707825, 0.539014458656311, -0.16127783060073853, -0.48215508460998535, 0.30000001192092896, 0.30000025033950806, 0.2999998927116394, 0.19999974966049194, 0.10000056028366089, 0.0, 0.9036813974380493, 0.9027564525604248, 0.9028210639953613, 0.9033824801445007, 0.8030762076377869, 0.0]","[0.15660469233989716, 0.22601893544197083, -0.23698122799396515, 0.9935110807418823, -1.1619033813476562, 0.013740750029683113, 0.11666127294301987, 0.19890901446342468, -0.15697453916072845, 0.2405645102262497, 1.0086232423782349, 0.2394140362739563, 0.03184891492128372, -0.1988474279642105]","[286.0, 0.3000001907348633, 0.2999998927116394, 0.19999980926513672, 0.10000038146972656, 885.0]","[0.9036813974380493, 0.9027564525604248, 0.9028210639953613, 0.9033823013305664, 0.8030762076377869, 453.0]","[-0.1260380893945694, 0.32175248861312866, -0.579269528388977, 0.08551943302154541, -1.2057329416275024, -0.027767449617385864, 0.0517718531191349, -0.5736968517303467, -0.38393861055374146, 0.7130134701728821, 0.771592378616333, 0.10451442748308182, -0.10029598325490952, -0.30291327834129333, 0.30000001192092896, 0.29899999499320984, 0.29899999499320984, 0.19900000095367432, 1.0, 0.0, 0.328000009059906, 0.29899999499320984, 0.29899999499320984, 0.328000009059906, 0.593999981880188, 0.0]","[-0.2321646809577942, 0.3014344871044159, -0.5625832080841064, -0.14633600413799286, -1.2387317419052124, -0.15349110960960388, -0.0918375551700592, -0.8255144953727722, -0.27487602829933167, 0.7474016547203064, 0.7782412171363831, 0.008338751271367073, -0.13876131176948547, -0.28444525599479675, 0.30000001192092896, 0.30000001192092896, 0.30000001192092896, 0.20000000298023224, 0.10000000149011612, 0.0, 0.30000001192092896, 0.30000001192092896, 0.30000001192092896, 0.20000000298023224, 0.10000000149011612, 0.0]"
247,247,247,0.014891650000208756,0.09731088899934548,True,"[0.16660469770431519, 0.22493192553520203, -0.23058848083019257, 1.0035110712051392, -1.1592700481414795, 0.02353701926767826, 0.1266612708568573, 0.20884908735752106, -0.14726215600967407, 0.2356697916984558, 1.0186351537704468, 0.2383662462234497, 0.041836928576231, -0.19047728180885315]","[336.0, 2.0, 1.0, 4.0, 10.0, 935.0]","[2.0, 1.0, 0.0, 8.0, 0.0, 503.0]","[-0.3003658652305603, 0.22362396121025085, -0.2199099361896515, 0.30995362997055054, -1.1661735773086548, -0.22276969254016876, 0.012285828590393066, -0.7052862644195557, -0.4147193133831024, 0.216481551527977, 0.294912725687027, 0.5490915775299072, -0.1725309193134308, -0.5269699692726135, 0.30000004172325134, 0.30000025033950806, 0.2999998927116394, 0.19999974966049194, 0.10000056773424149, 0.0, 0.9031844735145569, 0.902267336845398, 0.9023170471191406, 0.9028138518333435, 0.8025099039077759, 0.0]","[0.15660469233989716, 0.22362396121025085, -0.22058847546577454, 0.9935110807418823, -1.1661735773086548, 0.013537019491195679, 0.11666127294301987, 0.19884908199310303, -0.1572621613740921, 0.22566978633403778, 1.00863516330719, 0.24836625158786774, 0.03183692693710327, -0.20047728717327118]","[286.0, 0.3000001907348633, 0.2999998927116394, 0.19999980926513672, 0.10000038146972656, 885.0]","[0.9031844139099121, 0.902267336845398, 0.9023170471191406, 0.9028139114379883, 0.8025099039077759, 453.0]","[-0.1296093910932541, 0.322435587644577, -0.5795571208000183, 0.08845556527376175, -1.2061883211135864, -0.02774348109960556, 0.051783837378025055, -0.5924761295318604, -0.38094255328178406, 0.7155780792236328, 0.8048725724220276, 0.0839494988322258, -0.09424394369125366, -0.29764020442962646, 0.30000001192092896, 0.29899999499320984, 0.29899999499320984, 0.19900000095367432, 1.0, 0.0, 0.328000009059906, 0.29899999499320984, 0.29899999499320984, 0.328000009059906, 0.593999981880188, 0.0]","[-0.2333282083272934, 0.3005383014678955, -0.5633665919303894, -0.14449363946914673, -1.2352540493011475, -0.1533656120300293, -0.0930250957608223, -0.8331769108772278, -0.28264564275741577, 0.7567832469940186, 0.807630717754364, 0.007721537724137306, -0.1225152239203453, -0.27808108925819397, 0.30000001192092896, 0.30000001192092896, 0.30000001192092896, 0.20000000298023224, 0.10000000149011612, 0.0, 0.30000001192092896, 0.30000001192092896, 0.30000001192092896, 0.20000000298023224, 0.10000000149011612, 0.0]"
248,248,248,0.007518701000662986,0.1062860649999493,True,"[0.1666526347398758, 0.22434470057487488, -0.22728082537651062, 1.0035110712051392, -1.1605403423309326, 0.023572970181703568, 0.12667326629161835, 0.20887306332588196, -0.1462315171957016, 0.23300929367542267, 1.0185753107070923, 0.24367524683475494, 0.041836928576231, -0.19072894752025604]","[336.0, 2.0, 1.0, 4.0, 10.0, 935.0]","[2.0, 1.0, 0.0, 8.0, 0.0, 503.0]","[-0.31192323565483093, 0.22737184166908264, -0.22557035088539124, 0.3076985478401184, -1.145822286605835, -0.21321071684360504, 0.012570232152938843, -0.7236843109130859, -0.41991162300109863, 0.2279437929391861, 0.3192528486251831, 0.5480778217315674, -0.16721343994140625, -0.4922749400138855, 0.30000004172325134, 0.30000022053718567, 0.2999998927116394, 0.19999976456165314, 0.1000005379319191, 0.0, 0.9027242660522461, 0.9018623232841492, 0.9019285440444946, 0.9023296236991882, 0.802036702632904, 0.0]","[0.15665262937545776, 0.22737184166908264, -0.22557035088539124, 0.9935110807418823, -1.1505403518676758, 0.013572970405220985, 0.11667326837778091, 0.19887305796146393, -0.15623152256011963, 0.2279437929391861, 1.0085753202438354, 0.253675252199173, 0.03183692693710327, -0.20072895288467407]","[286.0, 0.3000001907348633, 0.2999998927116394, 0.19999980926513672, 0.10000038146972656, 885.0]","[0.9027242660522461, 0.9018623232841492, 0.9019285440444946, 0.9023294448852539, 0.802036702632904, 453.0]","[-0.1314789354801178, 0.32188430428504944, -0.5795691013336182, 0.09125987440347672, -1.2063560485839844, -0.02774348109960556, 0.051783837378025055, -0.6169478893280029, -0.37782666087150574, 0.7278619408607483, 0.844744086265564, 0.06191050633788109, -0.0770585685968399, -0.2920435965061188, 0.30000001192092896, 0.29899999499320984, 0.29899999499320984, 0.19900000095367432, 1.0, 0.0, 0.328000009059906, 0.29899999499320984, 0.29899999499320984, 0.328000009059906, 0.593999981880188, 0.0]","[-0.23659689724445343, 0.30250149965286255, -0.5674808025360107, -0.13927052915096283, -1.235227346420288, -0.1567942351102829, -0.09641481935977936, -0.8390385508537292, -0.2879497706890106, 0.7592943906784058, 0.8411668539047241, 0.015359532088041306, -0.11755340546369553, -0.2696824371814728, 0.30000001192092896, 0.30000001192092896, 0.30000001192092896, 0.20000000298023224, 0.10000000149011612, 0.0, 0.30000001192092896, 0.30000001192092896, 0.30000001192092896, 0.20000000298023224, 0.10000000149011612, 0.0]"
249,249,249,0.011824362998595461,0.10551785700045002,True,"[0.1666286736726761, 0.22484803199768066, -0.2241409718990326, 1.0035231113433838, -1.1570409536361694, 0.02341717667877674, 0.1266612708568573, 0.2087891697883606, -0.1466030329465866, 0.22979751229286194, 1.0185632705688477, 0.24529312551021576, 0.041848912835121155, -0.19259847700595856]","[336.0, 2.0, 1.0, 4.0, 10.0, 935.0]","[2.0, 1.0, 0.0, 8.0, 0.0, 503.0]","[-0.32442164421081543, 0.22901347279548645, -0.23741860687732697, 0.2840135991573334, -1.160844087600708, -0.20714952051639557, 0.007964909076690674, -0.7281039953231812, -0.40504637360572815, 0.25331708788871765, 0.3594311773777008, 0.5567718148231506, -0.16369709372520447, -0.46808069944381714, 0.30000004172325134, 0.30000025033950806, 0.2999998927116394, 0.19999976456165314, 0.10000056028366089, 0.0, 0.9041296243667603, 0.9032319188117981, 0.9032941460609436, 0.9039335250854492, 0.8036295771598816, 0.0]","[0.15662866830825806, 0.22901347279548645, -0.23414097726345062, 0.993523120880127, -1.160844087600708, 0.013417176902294159, 0.11666127294301987, 0.19878916442394257, -0.15660303831100464, 0.23979751765727997, 1.0085632801055908, 0.2552931308746338, 0.03184891492128372, -0.2025984823703766]","[286.0, 0.3000001907348633, 0.2999998927116394, 0.19999980926513672, 0.10000038146972656, 885.0]","[0.9041296243667603, 0.9032319188117981, 0.9032941460609436, 0.9039335250854492, 0.8036295771598816, 453.0]","[-0.13168266415596008, 0.3219442367553711, -0.5799765586853027, 0.09170328825712204, -1.2062122821807861, -0.027815386652946472, 0.051723916083574295, -0.6355594396591187, -0.3761848211288452, 0.7298632860183716, 0.8802293539047241, 0.04948286712169647, -0.06423544883728027, -0.28044286370277405, 0.30000001192092896, 0.29899999499320984, 0.29899999499320984, 0.19900000095367432, 1.0, 0.0, 0.3310000002384186, 0.29899999499320984, 0.29899999499320984, 0.3269999921321869, 0.593999981880188, 0.0]","[-0.24008700251579285, 0.3032500147819519, -0.5709904432296753, -0.13608670234680176, -1.2345314025878906, -0.15844042599201202, -0.0962054654955864, -0.8444942235946655, -0.28880441188812256, 0.7609080672264099, 0.868864893913269, 0.029190702363848686, -0.09283191710710526, -0.2651641070842743, 0.30000001192092896, 0.30000001192092896, 0.30000001192092896, 0.20000000298023224, 0.10000000149011612, 0.0, 0.30000001192092896, 0.30000001192092896, 0.30000001192092896, 0.20000000298023224, 0.10000000149011612, 0.0]"
250,250,250,0.01067737199991825,0.12628612300068198,True,"[0.16653279960155487, 0.22530344128608704, -0.22761638462543488, 1.0035110712051392, -1.1588506698608398, 0.023309318348765373, 0.1266612708568573, 0.2087412327528, -0.14672286808490753, 0.2347709685564041, 1.0185872316360474, 0.24727052450180054, 0.041836928576231, -0.19334150850772858]","[336.0, 2.0, 1.0, 4.0, 10.0, 935.0]","[2.0, 1.0, 0.0, 8.0, 0.0, 503.0]","[-0.3360775113105774, 0.2305726706981659, -0.24023106694221497, 0.2877635657787323, -1.1587997674942017, -0.2068682610988617, -0.0013747215270996094, -0.7444771528244019, -0.4101228415966034, 0.25460124015808105, 0.37398555874824524, 0.563257098197937, -0.16108299791812897, -0.464308500289917, 0.30000004172325134, 0.30000025033950806, 0.2999998927116394, 0.19999973475933075, 0.10000057518482208, 0.0, 0.9044392108917236, 0.9034991264343262, 0.9035637974739075, 0.9042510986328125, 0.8039321899414062, 0.0]","[0.15653279423713684, 0.2305726706981659, -0.2376163899898529, 0.9935110807418823, -1.1587997674942017, 0.013309318572282791, 0.11666127294301987, 0.19874122738838196, -0.15672287344932556, 0.24477097392082214, 1.0085872411727905, 0.2572705149650574, 0.03183692693710327, -0.2033415138721466]","[286.0, 0.3000001907348633, 0.2999998927116394, 0.19999980926513672, 0.10000038146972656, 885.0]","[0.9044392108917236, 0.9034991264343262, 0.9035637974739075, 0.9042510986328125, 0.8039321899414062, 453.0]","[-0.13159877061843872, 0.32315462827682495, -0.5847103595733643, 0.09411212056875229, -1.2055411338806152, -0.027815386652946472, 0.05162804201245308, -0.6494970917701721, -0.3758372962474823, 0.729827344417572, 0.8986131548881531, 0.04563593119382858, -0.04838031902909279, -0.2762603461742401, 0.30000001192092896, 0.29899999499320984, 0.29899999499320984, 0.19900000095367432, 1.0, 0.0, 0.3310000002384186, 0.29899999499320984, 0.29899999499320984, 0.3269999921321869, 0.593999981880188, 0.0]","[-0.24399392306804657, 0.3030106723308563, -0.571538507938385, -0.13066229224205017, -1.2341628074645996, -0.15591692924499512, -0.09887538850307465, -0.8530715107917786, -0.28679773211479187, 0.7560498118400574, 0.9123780131340027, 0.03470538929104805, -0.07424840331077576, -0.25791120529174805, 0.30000001192092896, 0.30000001192092896, 0.30000001192092896, 0.20000000298023224, 0.10000000149011612, 0.0, 0.30000001192092896, 0.30000001192092896, 0.30000001192092896, 0.20000000298023224, 0.10000000149011612, 0.0]"
251,251,251,0.015016499999546795,0.12862196599962772,True,"[0.16655676066875458, 0.2256869226694107, -0.23381222784519196, 1.0035110712051392, -1.158766746520996, 0.023309318348765373, 0.12664929032325745, 0.20875321328639984, -0.14681874215602875, 0.2406672090291977, 1.0185872316360474, 0.24934379756450653, 0.041836928576231, -0.19379690289497375]","[336.0, 2.0, 1.0, 4.0, 10.0, 935.0]","[2.0, 1.0, 0.0, 8.0, 0.0, 503.0]","[-0.3187481760978699, 0.2278226763010025, -0.22650927305221558, 0.2845945954322815, -1.1487609148025513, -0.21073439717292786, 0.010565370321273804, -0.7017154693603516, -0.41131722927093506, 0.24652919173240662, 0.32216721773147583, 0.5476945638656616, -0.16167300939559937, -0.46333521604537964, 0.30000004172325134, 0.30000025033950806, 0.2999998927116394, 0.19999971985816956, 0.10000057518482208, 0.0, 0.9042832255363464, 0.9033474326133728, 0.9034079909324646, 0.9040642976760864, 0.8037615418434143, 0.0]","[0.15655675530433655, 0.2278226763010025, -0.22650927305221558, 0.9935110807418823, -1.1487667560577393, 0.013309318572282791, 0.11664929240942001, 0.1987532079219818, -0.15681874752044678, 0.24652919173240662, 1.0085872411727905, 0.25934380292892456, 0.03183692693710327, -0.20379690825939178]","[286.0, 0.3000001907348633, 0.2999998927116394, 0.19999980926513672, 0.10000038146972656, 885.0]","[0.9042832851409912, 0.9033474326133728, 0.9034079909324646, 0.9040641784667969, 0.8037615418434143, 453.0]","[-0.13319267332553864, 0.32345423102378845, -0.5867117047309875, 0.09931327402591705, -1.2048460245132446, -0.027839355170726776, 0.05165201053023338, -0.664824903011322, -0.3742194175720215, 0.7296715378761292, 0.9220423102378845, 0.04565989971160889, -0.03380750119686127, -0.2726890742778778, 0.30000001192092896, 0.29899999499320984, 0.29899999499320984, 0.19900000095367432, 1.0, 0.0, 0.32899999618530273, 0.30000001192092896, 0.29899999499320984, 0.33000001311302185, 0.593999981880188, 0.0]","[-0.2490258812904358, 0.3032204508781433, -0.5734257102012634, -0.12378855049610138, -1.2352253198623657, -0.1564585268497467, -0.10238335281610489, -0.8647962808609009, -0.2848653495311737, 0.7515537738800049, 0.9503607749938965, 0.04394252598285675, -0.04971703514456749, -0.23899388313293457, 0.30000001192092896, 0.30000001192092896, 0.30000001192092896, 0.20000000298023224, 0.10000000149011612, 0.0, 0.30000001192092896, 0.30000001192092896, 0.30000001192092896, 0.20000000298023224, 0.10000000149011612, 0.0]"
252,252,252,0.013409386001512758,0.12094203600099718,True,"[0.16656874120235443, 0.22555510699748993, -0.23129554092884064, 1.0034871101379395, -1.1546680927276611, 0.023309318348765373, 0.1266373097896576, 0.2087412327528, -0.1471063643693924, 0.2436632663011551, 1.0185632705688477, 0.2508298456668854, 0.041848912835121155, -0.19412048161029816]","[336.0, 2.0, 1.0, 4.0, 10.0, 935.0]","[2.0, 1.0, 0.0, 8.0, 0.0, 503.0]","[-0.3263411819934845, 0.23121771216392517, -0.2397887110710144, 0.2759069800376892, -1.1645538806915283, -0.20555709302425385, 0.0007276237010955811, -0.7265170812606812, -0.4072621464729309, 0.2539466619491577, 0.3611421585083008, 0.5653977990150452, -0.16045649349689484, -0.46287232637405396, 0.30000004172325134, 0.30000025033950806, 0.2999998927116394, 0.19999974966049194, 0.10000056773424149, 0.0, 0.904565691947937, 0.9036495685577393, 0.9037114977836609, 0.90442955493927, 0.8041122555732727, 0.0]","[0.1565687358379364, 0.23121771216392517, -0.2397887110710144, 0.9934871196746826, -1.1645538806915283, 0.013309318572282791, 0.11663731187582016, 0.19874122738838196, -0.15710636973381042, 0.2536632716655731, 1.0085632801055908, 0.2608298361301422, 0.03184891492128372, -0.2041204869747162]","[286.0, 0.3000001907348633, 0.2999998927116394, 0.19999980926513672, 0.10000038146972656, 885.0]","[0.904565691947937, 0.9036495685577393, 0.9037114977836609, 0.9044294357299805, 0.8041122555732727, 453.0]","[-0.1374470740556717, 0.3263304531574249, -0.5868675112724304, 0.10450244694948196, -1.2045824527740479, -0.027827370911836624, 0.05150819942355156, -0.689260721206665, -0.3644882142543793, 0.7282214760780334, 0.9683733582496643, 0.0463549830019474, -0.023369239643216133, -0.261951208114624, 0.30000001192092896, 0.29899999499320984, 0.29899999499320984, 0.19900000095367432, 1.0, 0.0, 0.32899999618530273, 0.30000001192092896, 0.29899999499320984, 0.33000001311302185, 0.593999981880188, 0.0]","[-0.2513236105442047, 0.29885780811309814, -0.5725561380386353, -0.11630712449550629, -1.2322487831115723, -0.15417861938476562, -0.10739623755216599, -0.872650146484375, -0.28146860003471375, 0.7521048784255981, 0.9867119193077087, 0.03641999140381813, -0.026006704196333885, -0.23052465915679932, 0.30000001192092896, 0.30000001192092896, 0.30000001192092896, 0.20000000298023224, 0.10000000149011612, 0.0, 0.30000001192092896, 0.30000001192092896, 0.30000001192092896, 0.20000000298023224, 0.10000000149011612, 0.0]"
253,253,253,0.010949485000310233,0.12094954399981361,True,"[0.16654478013515472, 0.2264898717403412, -0.23304525017738342, 1.0034871101379395, -1.1590783596038818, 0.023009711876511574, 0.1266133338212967, 0.20859742164611816, -0.14818494021892548, 0.24826520681381226, 1.0185753107070923, 0.2529989778995514, 0.041848912835121155, -0.19487549364566803]","[336.0, 2.0, 1.0, 4.0, 10.0, 935.0]","[2.0, 1.0, 0.0, 8.0, 0.0, 503.0]","[-0.2813583016395569, 0.22298450767993927, -0.20058825612068176, 0.33181607723236084, -1.164015531539917, -0.22662703692913055, 0.011582791805267334, -0.6892277598381042, -0.4228578805923462, 0.19430312514305115, 0.24779656529426575, 0.544897198677063, -0.17518296837806702, -0.5453759431838989, 0.30000007152557373, 0.30000025033950806, 0.2999998927116394, 0.19999973475933075, 0.10000056028366089, 0.0, 0.9035357236862183, 0.9026435017585754, 0.9026935696601868, 0.9032477736473083, 0.8029481172561646, 0.0]","[0.1565447747707367, 0.22298450767993927, -0.2230452448129654, 0.9934871196746826, -1.164015531539917, 0.013009712100028992, 0.11661333590745926, 0.19859741628170013, -0.1581849455833435, 0.23826520144939423, 1.0085753202438354, 0.2629989683628082, 0.03184891492128372, -0.20487549901008606]","[286.0, 0.3000001907348633, 0.2999998927116394, 0.19999980926513672, 0.10000038146972656, 885.0]","[0.9035357236862183, 0.9026435017585754, 0.9026935696601868, 0.9032478332519531, 0.8029481172561646, 453.0]","[-0.14337927103042603, 0.32760077714920044, -0.590930163860321, 0.11129750311374664, -1.204498529434204, -0.027707528322935104, 0.05120859295129776, -0.7130853533744812, -0.35425370931625366, 0.7276462316513062, 1.0034271478652954, 0.04598347097635269, -0.00595615990459919, -0.25458088517189026, 0.30000001192092896, 0.29899999499320984, 0.29899999499320984, 0.19900000095367432, 1.0, 0.0, 0.3310000002384186, 0.30000001192092896, 0.29899999499320984, 0.3310000002384186, 0.593999981880188, 0.0]","[-0.25646570324897766, 0.29818978905677795, -0.5734928250312805, -0.11560401320457458, -1.2330377101898193, -0.15140828490257263, -0.10647055506706238, -0.8823411464691162, -0.28199848532676697, 0.7538692355155945, 1.0159558057785034, 0.03287145495414734, -0.016453223302960396, -0.23192264139652252, 0.30000001192092896, 0.30000001192092896, 0.30000001192092896, 0.20000000298023224, 0.10000000149011612, 0.0, 0.30000001192092896, 0.30000001192092896, 0.30000001192092896, 0.20000000298023224, 0.10000000149011612, 0.0]"
254,254,254,0.02059112699862453,0.13259923700024956,True,"[0.16660469770431519, 0.22491994500160217, -0.22829948365688324, 1.0035110712051392, -1.1600730419158936, 0.02304566465318203, 0.12657739222049713, 0.20842964947223663, -0.14818494021892548, 0.24464596807956696, 1.0185753107070923, 0.25513216853141785, 0.041848912835121155, -0.19515112042427063]","[336.0, 2.0, 1.0, 4.0, 10.0, 935.0]","[2.0, 1.0, 0.0, 8.0, 0.0, 503.0]","[-0.3058302700519562, 0.22995112836360931, -0.22201725840568542, 0.2949793040752411, -1.167833685874939, -0.21766400337219238, 0.00545617938041687, -0.7200250625610352, -0.41793522238731384, 0.22783255577087402, 0.3059311807155609, 0.5679503679275513, -0.16450850665569305, -0.51249760389328, 0.30000004172325134, 0.30000025033950806, 0.2999998927116394, 0.19999974966049194, 0.10000056773424149, 0.0, 0.9043870568275452, 0.9034554958343506, 0.9035096168518066, 0.9042035937309265, 0.8038889765739441, 0.0]","[0.15660469233989716, 0.22995112836360931, -0.22201725840568542, 0.9935110807418823, -1.167833685874939, 0.013045664876699448, 0.1165773943066597, 0.1984296441078186, -0.1581849455833435, 0.23464596271514893, 1.0085753202438354, 0.2651321589946747, 0.03184891492128372, -0.20515112578868866]","[286.0, 0.3000001907348633, 0.2999998927116394, 0.19999980926513672, 0.10000038146972656, 885.0]","[0.9043869972229004, 0.9034554958343506, 0.9035096168518066, 0.9042034149169922, 0.8038889765739441, 453.0]","[-0.1560945361852646, 0.325839102268219, -0.5981206893920898, 0.12566658854484558, -1.2040311098098755, -0.02773149684071541, 0.05119660869240761, -0.7377609014511108, -0.3462841808795929, 0.7280776500701904, 1.0466303825378418, 0.04571982100605965, 0.017676731571555138, -0.2447059005498886, 0.30000001192092896, 0.29899999499320984, 0.29899999499320984, 0.19900000095367432, 1.0, 0.0, 0.3319999873638153, 0.30000001192092896, 0.29899999499320984, 0.3310000002384186, 0.593999981880188, 0.0]","[-0.2581981122493744, 0.29650574922561646, -0.5752245187759399, -0.11626767367124557, -1.2299256324768066, -0.1509549468755722, -0.10483163595199585, -0.8881586790084839, -0.2804403603076935, 0.7528441548347473, 1.0341905355453491, 0.03387816250324249, -0.0023379982449114323, -0.2325061559677124, 0.30000001192092896, 0.30000001192092896, 0.30000001192092896, 0.20000000298023224, 0.10000000149011612, 0.0, 0.30000001192092896, 0.30000001192092896, 0.30000001192092896, 0.20000000298023224, 0.10000000149011612, 0.0]"
255,255,255,0.010781135999422986,0.10937100699993607,True,"[0.16655676066875458, 0.22524350881576538, -0.22462032735347748, 1.003499150276184, -1.1613433361053467, 0.02304566465318203, 0.12656539678573608, 0.20842964947223663, -0.1479812115430832, 0.2434834986925125, 1.0185632705688477, 0.25660622119903564, 0.041848912835121155, -0.19516310095787048]","[336.0, 2.0, 1.0, 4.0, 10.0, 935.0]","[2.0, 1.0, 0.0, 8.0, 0.0, 503.0]","[-0.2817952036857605, 0.22840572893619537, -0.2028881460428238, 0.3137296736240387, -1.1535606384277344, -0.22334982454776764, 0.007928997278213501, -0.6660615801811218, -0.4199883043766022, 0.1968349814414978, 0.2526535391807556, 0.5512492656707764, -0.17556951940059662, -0.5179855823516846, 0.30000004172325134, 0.30000025033950806, 0.2999998927116394, 0.19999973475933075, 0.10000055283308029, 0.0, 0.9036468267440796, 0.9027562141418457, 0.9028092622756958, 0.9033797383308411, 0.8030766248703003, 0.0]","[0.15655675530433655, 0.22840572893619537, -0.21462032198905945, 0.9934991598129272, -1.1535606384277344, 0.013045664876699448, 0.11656539887189865, 0.1984296441078186, -0.15798121690750122, 0.23348349332809448, 1.0085632801055908, 0.2666062116622925, 0.03184891492128372, -0.2051631063222885]","[286.0, 0.3000001907348633, 0.2999998927116394, 0.19999980926513672, 0.10000038146972656, 885.0]","[0.9036468267440796, 0.9027562141418457, 0.9028092622756958, 0.9033799171447754, 0.8030766248703003, 453.0]","[-0.1670481115579605, 0.32684576511383057, -0.6099610924720764, 0.1345229297876358, -1.2023533582687378, -0.027539748698472977, 0.05119660869240761, -0.7426744103431702, -0.34641602635383606, 0.727885901927948, 1.0583029985427856, 0.04598347097635269, 0.03169827535748482, -0.2415660321712494, 0.30000001192092896, 0.29899999499320984, 0.29899999499320984, 0.19900000095367432, 1.0, 0.0, 0.3319999873638153, 0.30000001192092896, 0.29899999499320984, 0.3310000002384186, 0.593999981880188, 0.0]","[-0.26004689931869507, 0.29518601298332214, -0.5761442184448242, -0.11701483279466629, -1.226851224899292, -0.1502305418252945, -0.10311146825551987, -0.8976870775222778, -0.27917930483818054, 0.7483974099159241, 1.0520516633987427, 0.03320722654461861, 0.03634488582611084, -0.21694135665893555, 0.30000001192092896, 0.30000001192092896, 0.30000001192092896, 0.20000000298023224, 0.10000000149011612, 0.0, 0.30000001192092896, 0.30000001192092896, 0.30000001192092896, 0.20000000298023224, 0.10000000149011612, 0.0]"
256,256,256,0.010314866998669459,0.1180525290001242,True,"[0.16656874120235443, 0.2254592329263687, -0.2211209386587143, 1.0034751892089844, -1.158407211303711, 0.02305764891207218, 0.12650547921657562, 0.20840567350387573, -0.14769358932971954, 0.2401638776063919, 1.0185632705688477, 0.2580682933330536, 0.041848912835121155, -0.19518707692623138]","[336.0, 2.0, 1.0, 4.0, 10.0, 935.0]","[2.0, 1.0, 0.0, 8.0, 0.0, 503.0]","[-0.3088710308074951, 0.23135268688201904, -0.2205125093460083, 0.28279876708984375, -1.1735841035842896, -0.21447573602199554, -0.003417104482650757, -0.7014027833938599, -0.41352981328964233, 0.22629602253437042, 0.3255903720855713, 0.5576868057250977, -0.1633356511592865, -0.4915993809700012, 0.30000004172325134, 0.30000028014183044, 0.2999998927116394, 0.19999971985816956, 0.10000058263540268, 0.0, 0.9043599367141724, 0.9033912420272827, 0.9034475684165955, 0.9041334986686707, 0.8038076162338257, 0.0]","[0.1565687358379364, 0.23135268688201904, -0.2205125093460083, 0.9934751987457275, -1.1684072017669678, 0.0130576491355896, 0.11650548130273819, 0.1984056681394577, -0.15769359469413757, 0.23016387224197388, 1.0085632801055908, 0.2680682837963104, 0.03184891492128372, -0.20518708229064941]","[286.0, 0.30000030994415283, 0.2999998927116394, 0.19999980926513672, 0.10000038146972656, 885.0]","[0.9043599367141724, 0.9033912420272827, 0.9034475684165955, 0.9041333198547363, 0.8038076162338257, 453.0]","[-0.1714463233947754, 0.32557544112205505, -0.6167441606521606, 0.1384657323360443, -1.197415828704834, -0.02750379778444767, 0.05120859295129776, -0.7482351064682007, -0.3466796576976776, 0.7262799739837646, 1.066044807434082, 0.045036718249320984, 0.0493510402739048, -0.23789885640144348, 0.30000001192092896, 0.29899999499320984, 0.29899999499320984, 0.19900000095367432, 1.0, 0.0, 0.3319999873638153, 0.29899999499320984, 0.29899999499320984, 0.33399999141693115, 0.593999981880188, 0.0]","[-0.26243677735328674, 0.29090195894241333, -0.5757635831832886, -0.11597933620214462, -1.222752571105957, -0.14874574542045593, -0.10110407322645187, -0.9065626263618469, -0.27736231684684753, 0.7459977865219116, 1.0718086957931519, 0.0038933800533413887, 0.08592710644006729, -0.1905497908592224, 0.30000001192092896, 0.30000001192092896, 0.30000001192092896, 0.20000000298023224, 0.10000000149011612, 0.0, 0.30000001192092896, 0.30000001192092896, 0.30000001192092896, 0.20000000298023224, 0.10000000149011612, 0.0]"
257,257,257,0.012277840000024298,0.10125270100070338,True,"[0.16659271717071533, 0.22584272921085358, -0.217274010181427, 1.0034871101379395, -1.1617268323898315, 0.02305764891207218, 0.12652945518493652, 0.20841765403747559, -0.14760969579219818, 0.2379228174686432, 1.0185632705688477, 0.26029735803604126, 0.0418129600584507, -0.19519905745983124]","[336.0, 2.0, 1.0, 4.0, 10.0, 935.0]","[2.0, 1.0, 0.0, 8.0, 0.0, 503.0]","[-0.29011085629463196, 0.23317769169807434, -0.20892658829689026, 0.2993903160095215, -1.1612809896469116, -0.21808919310569763, 0.004230231046676636, -0.6889035701751709, -0.41765743494033813, 0.20855344831943512, 0.27708446979522705, 0.5640870928764343, -0.17056915163993835, -0.5170038938522339, 0.30000004172325134, 0.30000025033950806, 0.2999998927116394, 0.19999974966049194, 0.10000056028366089, 0.0, 0.9043910503387451, 0.9034826755523682, 0.9035332798957825, 0.9042242169380188, 0.8039242625236511, 0.0]","[0.1565927118062973, 0.23317769169807434, -0.20892658829689026, 0.9934871196746826, -1.1612809896469116, 0.0130576491355896, 0.11652945727109909, 0.19841764867305756, -0.1576097011566162, 0.22792281210422516, 1.0085632801055908, 0.2702973484992981, 0.03181295841932297, -0.20519906282424927]","[286.0, 0.3000001907348633, 0.2999998927116394, 0.19999980926513672, 0.10000038146972656, 885.0]","[0.9043910503387451, 0.9034826755523682, 0.9035332798957825, 0.9042243957519531, 0.8039242625236511, 453.0]","[-0.17161411046981812, 0.32455679774284363, -0.6183980107307434, 0.13872939348220825, -1.194060206413269, -0.02696450613439083, 0.051172640174627304, -0.7552458643913269, -0.3437075912952423, 0.7266514897346497, 1.0773099660873413, 0.03773832693696022, 0.07508116960525513, -0.22608241438865662, 0.30000001192092896, 0.29899999499320984, 0.29899999499320984, 0.19900000095367432, 1.0, 0.0, 0.3319999873638153, 0.29899999499320984, 0.29899999499320984, 0.33399999141693115, 0.593999981880188, 0.0]","[-0.26535362005233765, 0.2843082547187805, -0.5759353637695312, -0.11388109624385834, -1.2158032655715942, -0.1479497253894806, -0.09943879395723343, -0.9191487431526184, -0.2755589783191681, 0.7534884214401245, 1.0923020839691162, -0.027756420895457268, 0.12778283655643463, -0.16361740231513977, 0.30000001192092896, 0.30000001192092896, 0.30000001192092896, 0.20000000298023224, 0.10000000149011612, 0.0, 0.30000001192092896, 0.30000001192092896, 0.30000001192092896, 0.20000000298023224, 0.10000000149011612, 0.0]"
258,258,258,0.013304862999575562,0.10940011300044716,True,"[0.16659271717071533, 0.2259865403175354, -0.2139303982257843, 1.0034751892089844, -1.1612954139709473, 0.02305764891207218, 0.12651745975017548, 0.20840567350387573, -0.1474299430847168, 0.23293738067150116, 1.0185632705688477, 0.261807382106781, 0.041848912835121155, -0.1952110379934311]","[336.0, 2.0, 1.0, 4.0, 10.0, 935.0]","[2.0, 1.0, 0.0, 8.0, 0.0, 503.0]","[-0.277154803276062, 0.233830988407135, -0.20562182366847992, 0.297607958316803, -1.1514968872070312, -0.21776315569877625, 0.01247096061706543, -0.679208517074585, -0.4244151711463928, 0.2013758271932602, 0.23019559681415558, 0.5724515318870544, -0.17402705550193787, -0.5183305144309998, 0.30000007152557373, 0.30000025033950806, 0.2999998927116394, 0.19999974966049194, 0.10000055283308029, 0.0, 0.9041335582733154, 0.9032395482063293, 0.9032848477363586, 0.9039334654808044, 0.8036472201347351, 0.0]","[0.1565927118062973, 0.233830988407135, -0.20562182366847992, 0.9934751987457275, -1.1514968872070312, 0.0130576491355896, 0.11651746183633804, 0.1984056681394577, -0.15742994844913483, 0.22293737530708313, 1.0085632801055908, 0.27180737257003784, 0.03184891492128372, -0.20521104335784912]","[286.0, 0.3000001907348633, 0.2999998927116394, 0.19999980926513672, 0.10000038146972656, 885.0]","[0.9041335582733154, 0.9032395482063293, 0.9032848477363586, 0.9039335250854492, 0.8036472201347351, 453.0]","[-0.17097894847393036, 0.3234662115573883, -0.6199319958686829, 0.13884922862052917, -1.1934250593185425, -0.02677275985479355, 0.05116065591573715, -0.7711489200592041, -0.3377394378185272, 0.7292161583900452, 1.0937283039093018, 0.016382435336709023, 0.11461713165044785, -0.19936956465244293, 0.30000001192092896, 0.29899999499320984, 0.29899999499320984, 0.19900000095367432, 1.0, 0.0, 0.33399999141693115, 0.30000001192092896, 0.29899999499320984, 0.3330000042915344, 0.593999981880188, 0.0]","[-0.26648083329200745, 0.28128501772880554, -0.5773512125015259, -0.11380759626626968, -1.211451768875122, -0.14754503965377808, -0.09881801158189774, -0.926005482673645, -0.2738575041294098, 0.7590702176094055, 1.1073039770126343, -0.04630143567919731, 0.14649397134780884, -0.15038591623306274, 0.30000001192092896, 0.30000001192092896, 0.30000001192092896, 0.20000000298023224, 0.10000000149011612, 0.0, 0.30000001192092896, 0.30000001192092896, 0.30000001192092896, 0.20000000298023224, 0.10000000149011612, 0.0]"
259,259,259,0.010817381999004283,0.11692009400030656,True,"[0.16658073663711548, 0.2271609902381897, -0.2092086225748062, 1.0034751892089844, -1.1577600240707397, 0.02305764891207218, 0.12650547921657562, 0.20841765403747559, -0.14707040786743164, 0.22915036976337433, 1.0185753107070923, 0.2635331153869629, 0.041848912835121155, -0.1952589750289917]","[336.0, 2.0, 1.0, 4.0, 10.0, 935.0]","[2.0, 1.0, 0.0, 8.0, 0.0, 503.0]","[-0.27078914642333984, 0.23039740324020386, -0.19712883234024048, 0.3228052258491516, -1.1607952117919922, -0.22308683395385742, 0.0135936439037323, -0.6723747253417969, -0.4197218418121338, 0.1947009265422821, 0.2549706697463989, 0.5550689697265625, -0.17162223160266876, -0.530366837978363, 0.30000007152557373, 0.30000025033950806, 0.2999999225139618, 0.19999976456165314, 0.10000056028366089, 0.0, 0.9039926528930664, 0.9030823707580566, 0.9031239748001099, 0.903769850730896, 0.8034576773643494, 0.0]","[0.15658073127269745, 0.23039740324020386, -0.19920861721038818, 0.9934751987457275, -1.1607952117919922, 0.0130576491355896, 0.11650548130273819, 0.19841764867305756, -0.15707041323184967, 0.2191503643989563, 1.0085753202438354, 0.2735331058502197, 0.03184891492128372, -0.20525898039340973]","[286.0, 0.3000001907348633, 0.2999999523162842, 0.19999980926513672, 0.10000038146972656, 885.0]","[0.9039926528930664, 0.9030823707580566, 0.9031239748001099, 0.9037699699401855, 0.8034576773643494, 453.0]","[-0.17196165025234222, 0.32255542278289795, -0.6213101744651794, 0.1387413740158081, -1.193077564239502, -0.02672482281923294, 0.050285808742046356, -0.7779319882392883, -0.335330605506897, 0.7290483713150024, 1.096256971359253, 0.0007550062146037817, 0.13967613875865936, -0.18206435441970825, 0.30000001192092896, 0.29899999499320984, 0.29899999499320984, 0.19900000095367432, 1.0, 0.0, 0.33399999141693115, 0.30000001192092896, 0.29899999499320984, 0.3330000042915344, 0.593999981880188, 0.0]","[-0.26573899388313293, 0.2778146266937256, -0.5784860253334045, -0.11934703588485718, -1.202531337738037, -0.14374946057796478, -0.09431898593902588, -0.9334860444068909, -0.2751082479953766, 0.7765146493911743, 1.1217679977416992, -0.08142411708831787, 0.17751239240169525, -0.14497293531894684, 0.30000001192092896, 0.30000001192092896, 0.30000001192092896, 0.20000000298023224, 0.10000000149011612, 0.0, 0.30000001192092896, 0.30000001192092896, 0.30000001192092896, 0.20000000298023224, 0.10000000149011612, 0.0]"
260,260,260,0.009467043999393354,0.11201260399866442,True,"[0.16658073663711548, 0.22726884484291077, -0.20501413941383362, 1.003499150276184, -1.1589823961257935, 0.02305764891207218, 0.12648151814937592, 0.20841765403747559, -0.14703446626663208, 0.2268853485584259, 1.0185632705688477, 0.2654985189437866, 0.041836928576231, -0.1952829509973526]","[336.0, 2.0, 1.0, 4.0, 10.0, 935.0]","[2.0, 1.0, 0.0, 8.0, 0.0, 503.0]","[-0.26926591992378235, 0.23336555063724518, -0.20195767283439636, 0.30882179737091064, -1.1540127992630005, -0.22148725390434265, 0.006295710802078247, -0.6658920049667358, -0.4268399477005005, 0.19748440384864807, 0.2259448915719986, 0.564521312713623, -0.16579829156398773, -0.5292871594429016, 0.30000007152557373, 0.30000028014183044, 0.2999998927116394, 0.19999971985816956, 0.10000058263540268, 0.0, 0.9042001962661743, 0.9032270908355713, 0.9032720327377319, 0.9039490222930908, 0.8036171197891235, 0.0]","[0.15658073127269745, 0.23336555063724518, -0.20195767283439636, 0.9934991598129272, -1.1540127992630005, 0.0130576491355896, 0.11648152023553848, 0.19841764867305756, -0.1570344716310501, 0.21688534319400787, 1.0085632801055908, 0.27549850940704346, 0.03183692693710327, -0.20528295636177063]","[286.0, 0.30000030994415283, 0.2999998927116394, 0.19999980926513672, 0.10000038146972656, 885.0]","[0.9042001962661743, 0.9032270908355713, 0.9032720327377319, 0.9039487838745117, 0.8036171197891235, 453.0]","[-0.17311213910579681, 0.31870847940444946, -0.6225805282592773, 0.13856160640716553, -1.1915795803070068, -0.026736807078123093, 0.04957874119281769, -0.786620557308197, -0.3326221704483032, 0.7311215996742249, 1.0967364311218262, -0.015603461302816868, 0.16118782758712769, -0.16765931248664856, 0.30000001192092896, 0.29899999499320984, 0.29899999499320984, 0.19900000095367432, 1.0, 0.0, 0.335999995470047, 0.30000001192092896, 0.29899999499320984, 0.33500000834465027, 0.593999981880188, 0.0]","[-0.2659347951412201, 0.2737163007259369, -0.5777444243431091, -0.1255502998828888, -1.1962144374847412, -0.1365046501159668, -0.08579374104738235, -0.9387653470039368, -0.2756301760673523, 0.7830665111541748, 1.1291508674621582, -0.08402564376592636, 0.1966990828514099, -0.14961253106594086, 0.30000001192092896, 0.30000001192092896, 0.30000001192092896, 0.20000000298023224, 0.10000000149011612, 0.0, 0.30000001192092896, 0.30000001192092896, 0.30000001192092896, 0.20000000298023224, 0.10000000149011612, 0.0]"
261,261,261,0.01483631900009641,0.1005883800007723,True,"[0.16658073663711548, 0.22738869488239288, -0.2042471468448639, 1.0034751892089844, -1.1578679084777832, 0.02305764891207218, 0.12645754218101501, 0.20842964947223663, -0.14693859219551086, 0.22583073377609253, 1.0185632705688477, 0.2659059762954712, 0.041848912835121155, -0.1952829509973526]","[336.0, 2.0, 1.0, 4.0, 10.0, 935.0]","[2.0, 1.0, 0.0, 8.0, 0.0, 503.0]","[-0.2803024649620056, 0.23255421221256256, -0.1976013481616974, 0.31286388635635376, -1.155501365661621, -0.2207619845867157, 0.011883169412612915, -0.6719828844070435, -0.42181137204170227, 0.20318616926670074, 0.2542262673377991, 0.5610873699188232, -0.1710546612739563, -0.5081896185874939, 0.30000007152557373, 0.30000025033950806, 0.2999998927116394, 0.19999974966049194, 0.1000005453824997, 0.0, 0.9042000770568848, 0.9033191800117493, 0.9033706188201904, 0.9040279388427734, 0.8037364482879639, 0.0]","[0.15658073127269745, 0.23255421221256256, -0.1976013481616974, 0.9934751987457275, -1.155501365661621, 0.0130576491355896, 0.11645754426717758, 0.1984296441078186, -0.1569385975599289, 0.2158307284116745, 1.0085632801055908, 0.275905966758728, 0.03184891492128372, -0.20528295636177063]","[286.0, 0.3000001907348633, 0.2999998927116394, 0.19999980926513672, 0.10000038146972656, 885.0]","[0.9042000770568848, 0.9033191800117493, 0.9033706188201904, 0.9040279388427734, 0.8037364482879639, 453.0]","[-0.17542508244514465, 0.31681498885154724, -0.622460663318634, 0.13856160640716553, -1.1897938251495361, -0.02630537375807762, 0.04960270971059799, -0.794170618057251, -0.32976993918418884, 0.7387915253639221, 1.1009907722473145, -0.028438566252589226, 0.17896044254302979, -0.15967781841754913, 0.30000001192092896, 0.29899999499320984, 0.29899999499320984, 0.19900000095367432, 1.0, 0.0, 0.335999995470047, 0.30000001192092896, 0.29899999499320984, 0.33500000834465027, 0.593999981880188, 0.0]","[-0.264411598443985, 0.2725578844547272, -0.5802340507507324, -0.13209520280361176, -1.1907482147216797, -0.13430799543857574, -0.07988835126161575, -0.9463201761245728, -0.2756616175174713, 0.7847685217857361, 1.1390401124954224, -0.08877343684434891, 0.22007347643375397, -0.1390850692987442, 0.30000001192092896, 0.30000001192092896, 0.30000001192092896, 0.20000000298023224, 0.10000000149011612, 0.0, 0.30000001192092896, 0.30000001192092896, 0.30000001192092896, 0.20000000298023224, 0.10000000149011612, 0.0]"
262,262,262,0.007691355000133626,0.10462528000061866,True,"[0.16658073663711548, 0.22740067541599274, -0.2034681737422943, 1.0034871101379395, -1.1579278707504272, 0.02305764891207218, 0.12644556164741516, 0.20842964947223663, -0.14697453379631042, 0.22465628385543823, 1.018551230430603, 0.2660737633705139, 0.041848912835121155, -0.19529493153095245]","[336.0, 2.0, 1.0, 4.0, 10.0, 935.0]","[2.0, 1.0, 0.0, 8.0, 0.0, 503.0]","[-0.2655624747276306, 0.2302095592021942, -0.1937159299850464, 0.3172132074832916, -1.1671258211135864, -0.2227357029914856, 0.009815424680709839, -0.6596183776855469, -0.4179578125476837, 0.19287684559822083, 0.25393009185791016, 0.561689019203186, -0.16904199123382568, -0.5215726494789124, 0.30000004172325134, 0.30000028014183044, 0.2999998927116394, 0.19999973475933075, 0.10000058263540268, 0.0, 0.9040539860725403, 0.9030835628509521, 0.9031244516372681, 0.9037817120552063, 0.8034518957138062, 0.0]","[0.15658073127269745, 0.2302095592021942, -0.1937159299850464, 0.9934871196746826, -1.1671258211135864, 0.0130576491355896, 0.11644556373357773, 0.1984296441078186, -0.15697453916072845, 0.2146562784910202, 1.0085512399673462, 0.27607375383377075, 0.03184891492128372, -0.20529493689537048]","[286.0, 0.30000030994415283, 0.2999998927116394, 0.19999980926513672, 0.10000038146972656, 885.0]","[0.9040539264678955, 0.9030835628509521, 0.9031244516372681, 0.9037818908691406, 0.8034518957138062, 453.0]","[-0.17831328511238098, 0.3164195120334625, -0.6226763725280762, 0.13856160640716553, -1.1831905841827393, -0.023381223902106285, 0.049614693969488144, -0.804548978805542, -0.3212970793247223, 0.7463296055793762, 1.1146048307418823, -0.040770333260297775, 0.19815915822982788, -0.1524752974510193, 0.30000001192092896, 0.29899999499320984, 0.29899999499320984, 0.19900000095367432, 1.0, 0.0, 0.3319999873638153, 0.29899999499320984, 0.29899999499320984, 0.33500000834465027, 0.593999981880188, 0.0]","[-0.2648731470108032, 0.26834067702293396, -0.5818027853965759, -0.13431373238563538, -1.186601161956787, -0.13034342229366302, -0.07798660546541214, -0.9573829770088196, -0.27242472767829895, 0.785392701625824, 1.1508361101150513, -0.09787623584270477, 0.2336677610874176, -0.12813079357147217, 0.30000001192092896, 0.30000001192092896, 0.30000001192092896, 0.20000000298023224, 0.10000000149011612, 0.0, 0.30000001192092896, 0.30000001192092896, 0.30000001192092896, 0.20000000298023224, 0.10000000149011612, 0.0]"
263,263,263,0.013311755001268466,0.10297365999940666,True,"[0.16659271717071533, 0.2272568643093109, -0.2012990266084671, 1.0034871101379395, -1.161163568496704, 0.023069633170962334, 0.12645754218101501, 0.20842964947223663, -0.1469026356935501, 0.22429676353931427, 1.018551230430603, 0.26613369584083557, 0.041836928576231, -0.19529493153095245]","[336.0, 2.0, 1.0, 4.0, 10.0, 935.0]","[2.0, 1.0, 0.0, 8.0, 0.0, 503.0]","[-0.2564082741737366, 0.23494435846805573, -0.19474923610687256, 0.29955625534057617, -1.1582493782043457, -0.22212493419647217, 0.011602520942687988, -0.6453275680541992, -0.4200984537601471, 0.1951977163553238, 0.23361538350582123, 0.5547758340835571, -0.16809435188770294, -0.5180159211158752, 0.30000004172325134, 0.30000028014183044, 0.2999998927116394, 0.19999973475933075, 0.10000057518482208, 0.0, 0.9043164849281311, 0.9033430218696594, 0.9033792018890381, 0.9040825366973877, 0.8037567734718323, 0.0]","[0.1565927118062973, 0.23494435846805573, -0.19474923610687256, 0.9934871196746826, -1.1582493782043457, 0.013069633394479752, 0.11645754426717758, 0.1984296441078186, -0.15690264105796814, 0.21429675817489624, 1.0085512399673462, 0.2761336863040924, 0.03183692693710327, -0.20529493689537048]","[286.0, 0.30000030994415283, 0.2999998927116394, 0.19999980926513672, 0.10000038146972656, 885.0]","[0.9043164253234863, 0.9033430218696594, 0.9033792018890381, 0.9040822982788086, 0.8037567734718323, 453.0]","[-0.18086592853069305, 0.31596410274505615, -0.6241863965988159, 0.13860954344272614, -1.1830108165740967, -0.021451763808727264, 0.04963866248726845, -0.8156823515892029, -0.31276431679725647, 0.7510993480682373, 1.1245397329330444, -0.04683435335755348, 0.21940720081329346, -0.1462315171957016, 0.30000001192092896, 0.29899999499320984, 0.29899999499320984, 0.19900000095367432, 1.0, 0.0, 0.3319999873638153, 0.29899999499320984, 0.29899999499320984, 0.33500000834465027, 0.593999981880188, 0.0]","[-0.2661201059818268, 0.2653440535068512, -0.5821492671966553, -0.13420112431049347, -1.184292197227478, -0.12570764124393463, -0.07740254700183868, -0.9707022905349731, -0.27141472697257996, 0.7833145260810852, 1.1662952899932861, -0.10675901174545288, 0.23941998183727264, -0.11884574592113495, 0.30000001192092896, 0.30000001192092896, 0.30000001192092896, 0.20000000298023224, 0.10000000149011612, 0.0, 0.30000001192092896, 0.30000001192092896, 0.30000001192092896, 0.20000000298023224, 0.10000000149011612, 0.0]"
264,264,264,0.015815553999345866,0.11895272500078136,True,"[0.16656874120235443, 0.22788004577159882, -0.1988542526960373, 1.0034871101379395, -1.1595816612243652, 0.02305764891207218, 0.12644556164741516, 0.20840567350387573, -0.1469026356935501, 0.22350579500198364, 1.018539309501648, 0.2662056088447571, 0.041848912835121155, -0.1953069120645523]","[336.0, 2.0, 1.0, 4.0, 10.0, 935.0]","[2.0, 1.0, 0.0, 8.0, 0.0, 503.0]","[-0.25564125180244446, 0.23801758885383606, -0.18955223262310028, 0.30724620819091797, -1.1546013355255127, -0.22148466110229492, 0.006485491991043091, -0.6486120223999023, -0.4258764088153839, 0.18425673246383667, 0.22357195615768433, 0.5688002705574036, -0.17129085958003998, -0.5340701937675476, 0.30000007152557373, 0.30000028014183044, 0.2999998927116394, 0.19999974966049194, 0.10000056773424149, 0.0, 0.904061496257782, 0.9031258225440979, 0.9031690359115601, 0.9038253426551819, 0.8035018444061279, 0.0]","[0.1565687358379364, 0.23788005113601685, -0.18955223262310028, 0.9934871196746826, -1.1546013355255127, 0.0130576491355896, 0.11644556373357773, 0.1984056681394577, -0.15690264105796814, 0.2135057896375656, 1.0085393190383911, 0.2762055993080139, 0.03184891492128372, -0.20530691742897034]","[286.0, 0.30000030994415283, 0.2999998927116394, 0.19999980926513672, 0.10000038146972656, 885.0]","[0.9040615558624268, 0.9031258225440979, 0.9031690359115601, 0.9038252830505371, 0.8035018444061279, 453.0]","[-0.1821242719888687, 0.31501734256744385, -0.624258279800415, 0.1386694759130478, -1.182315707206726, -0.018275942653417587, 0.04980643838644028, -0.8231005668640137, -0.3061729967594147, 0.7509315609931946, 1.1373149156570435, -0.05975334718823433, 0.2337523102760315, -0.13609285652637482, 0.30000001192092896, 0.29899999499320984, 0.29899999499320984, 0.19900000095367432, 1.0, 0.0, 0.3230000138282776, 0.30000001192092896, 0.29899999499320984, 0.335999995470047, 0.593999981880188, 0.0]","[-0.2677857577800751, 0.2632201910018921, -0.5841307044029236, -0.13477642834186554, -1.181365966796875, -0.12331610918045044, -0.07615946233272552, -0.9812957048416138, -0.2687932252883911, 0.7849814891815186, 1.1779733896255493, -0.10352270305156708, 0.24499393999576569, -0.12108166515827179, 0.30000001192092896, 0.30000001192092896, 0.30000001192092896, 0.20000000298023224, 0.10000000149011612, 0.0, 0.30000001192092896, 0.30000001192092896, 0.30000001192092896, 0.20000000298023224, 0.10000000149011612, 0.0]"
265,265,265,0.007217268999738735,0.10873622500002966,True,"[0.16659271717071533, 0.22853916883468628, -0.19535484910011292, 1.0035110712051392, -1.1585030555725098, 0.02305764891207218, 0.1264335811138153, 0.20841765403747559, -0.14689065515995026, 0.2232661098241806, 1.0185272693634033, 0.2662535309791565, 0.041848912835121155, -0.1953069120645523]","[336.0, 2.0, 1.0, 4.0, 10.0, 935.0]","[2.0, 1.0, 0.0, 8.0, 0.0, 503.0]","[-0.23781590163707733, 0.23765304684638977, -0.17982299625873566, 0.32337892055511475, -1.1591061353683472, -0.2233094871044159, 0.009478658437728882, -0.6291122436523438, -0.4274076819419861, 0.17021295428276062, 0.1927856057882309, 0.5610491037368774, -0.17693321406841278, -0.5498857498168945, 0.30000007152557373, 0.30000025033950806, 0.2999998927116394, 0.19999977946281433, 0.1000005453824997, 0.0, 0.9040423631668091, 0.9031487703323364, 0.903181254863739, 0.903834342956543, 0.8035451769828796, 0.0]","[0.1565927118062973, 0.23765304684638977, -0.18535484373569489, 0.9935110807418823, -1.1591061353683472, 0.0130576491355896, 0.11643358319997787, 0.19841764867305756, -0.1568906605243683, 0.21326610445976257, 1.0085272789001465, 0.27625352144241333, 0.03184891492128372, -0.20530691742897034]","[286.0, 0.3000001907348633, 0.2999998927116394, 0.19999980926513672, 0.10000038146972656, 885.0]","[0.9040423631668091, 0.9031487703323364, 0.903181254863739, 0.903834342956543, 0.8035451769828796, 453.0]","[-0.18242387473583221, 0.3149814009666443, -0.6245579123497009, 0.13859756290912628, -1.178720474243164, -0.014944328926503658, 0.04977048560976982, -0.8282657861709595, -0.3011755645275116, 0.7509435415267944, 1.146602749824524, -0.06400774419307709, 0.24292024970054626, -0.12702080607414246, 0.30000001192092896, 0.29899999499320984, 0.29899999499320984, 0.19900000095367432, 1.0, 0.0, 0.32600000500679016, 0.30000001192092896, 0.29899999499320984, 0.3370000123977661, 0.593999981880188, 0.0]","[-0.2693471312522888, 0.26213178038597107, -0.588132917881012, -0.135027214884758, -1.18074369430542, -0.12167830765247345, -0.07345498353242874, -0.9898920655250549, -0.2662372291088104, 0.7850416898727417, 1.1870181560516357, -0.09259394556283951, 0.24296501278877258, -0.12446954101324081, 0.30000001192092896, 0.30000001192092896, 0.30000001192092896, 0.20000000298023224, 0.10000000149011612, 0.0, 0.30000001192092896, 0.30000001192092896, 0.30000001192092896, 0.20000000298023224, 0.10000000149011612, 0.0]"
266,266,266,0.0072091710007953225,0.11657019899939769,True,"[0.16658073663711548, 0.22989338636398315, -0.19005782902240753, 1.0034871101379395, -1.158934473991394, 0.023069633170962334, 0.1264335811138153, 0.20842964947223663, -0.1469026356935501, 0.2229185700416565, 1.018551230430603, 0.2662774920463562, 0.041848912835121155, -0.1953069120645523]","[336.0, 2.0, 1.0, 4.0, 10.0, 935.0]","[2.0, 1.0, 0.0, 8.0, 0.0, 503.0]","[-0.2433578222990036, 0.23384755849838257, -0.18329903483390808, 0.31865614652633667, -1.164959192276001, -0.2254074066877365, 0.005865573883056641, -0.6256898641586304, -0.4211259186267853, 0.17108771204948425, 0.22335031628608704, 0.5623087286949158, -0.17932572960853577, -0.5377159714698792, 0.30000007152557373, 0.30000025033950806, 0.2999998927116394, 0.19999973475933075, 0.10000055283308029, 0.0, 0.9034695625305176, 0.9025758504867554, 0.9026128649711609, 0.9031767845153809, 0.8028708100318909, 0.0]","[0.15658073127269745, 0.23384755849838257, -0.18329903483390808, 0.9934871196746826, -1.164959192276001, 0.013069633394479752, 0.11643358319997787, 0.1984296441078186, -0.15690264105796814, 0.21291856467723846, 1.0085512399673462, 0.27627748250961304, 0.03184891492128372, -0.20530691742897034]","[286.0, 0.3000001907348633, 0.2999998927116394, 0.19999980926513672, 0.10000038146972656, 885.0]","[0.9034695625305176, 0.9025758504867554, 0.9026128649711609, 0.9031767845153809, 0.8028708100318909, 453.0]","[-0.183298721909523, 0.3127762973308563, -0.625900149345398, 0.13858558237552643, -1.170894742012024, -0.013757891021668911, 0.049794454127550125, -0.8377812504768372, -0.29466813802719116, 0.7510274052619934, 1.161487102508545, -0.06847786158323288, 0.2535742223262787, -0.12251473218202591, 0.30000001192092896, 0.29899999499320984, 0.29899999499320984, 0.19900000095367432, 1.0, 0.0, 0.3240000009536743, 0.30000001192092896, 0.29899999499320984, 0.33799999952316284, 0.593999981880188, 0.0]","[-0.27116164565086365, 0.26036691665649414, -0.5877522230148315, -0.1368713229894638, -1.1788173913955688, -0.11659715324640274, -0.0717606171965599, -0.9981895685195923, -0.2642960846424103, 0.7815814018249512, 1.1931626796722412, -0.0830845907330513, 0.24316467344760895, -0.12615852057933807, 0.30000001192092896, 0.30000001192092896, 0.30000001192092896, 0.20000000298023224, 0.10000000149011612, 0.0, 0.30000001192092896, 0.30000001192092896, 0.30000001192092896, 0.20000000298023224, 0.10000000149011612, 0.0]"
267,267,267,0.007072708000123384,0.10652952000054938,True,"[0.16659271717071533, 0.2301330715417862, -0.18738535046577454, 1.0034871101379395, -1.1606123447418213, 0.023069633170962334, 0.12642158567905426, 0.20842964947223663, -0.14689065515995026, 0.2226908802986145, 1.0185272693634033, 0.2663014829158783, 0.04186089709401131, -0.19529493153095245]","[336.0, 2.0, 1.0, 5.0, 10.0, 935.0]","[2.0, 1.0, 0.0, 8.0, 0.0, 503.0]","[-0.23562510311603546, 0.23263421654701233, -0.17518441379070282, 0.32442566752433777, -1.1612942218780518, -0.22598060965538025, 0.010829359292984009, -0.6281660199165344, -0.4241461157798767, 0.16358697414398193, 0.19328539073467255, 0.5540035963058472, -0.17732860147953033, -0.5452761054039001, 0.30000007152557373, 0.30000025033950806, 0.2999998927116394, 0.19999974966049194, 0.1000005453824997, 0.0, 0.9035656452178955, 0.9026809930801392, 0.9027153253555298, 0.9032962322235107, 0.8029934167861938, 0.0]","[0.1565927118062973, 0.23263421654701233, -0.1773853451013565, 0.9934871196746826, -1.1612942218780518, 0.013069633394479752, 0.11642158776521683, 0.1984296441078186, -0.1568906605243683, 0.21269087493419647, 1.0085272789001465, 0.27630147337913513, 0.031860895454883575, -0.20529493689537048]","[286.0, 0.3000001907348633, 0.2999998927116394, 0.19999980926513672, 0.10000038146972656, 885.0]","[0.9035656452178955, 0.9026809930801392, 0.9027153253555298, 0.9032964706420898, 0.8029934167861938, 453.0]","[-0.18335863947868347, 0.31082287430763245, -0.6261997222900391, 0.13859756290912628, -1.1664845943450928, -0.012835104949772358, 0.04978246986865997, -0.8399384021759033, -0.2945602834224701, 0.7509435415267944, 1.1635843515396118, -0.06871754676103592, 0.2578166425228119, -0.12088488042354584, 0.30000001192092896, 0.29899999499320984, 0.29899999499320984, 0.19900000095367432, 1.0, 0.0, 0.3240000009536743, 0.30000001192092896, 0.29899999499320984, 0.33799999952316284, 0.593999981880188, 0.0]","[-0.27453580498695374, 0.25946879386901855, -0.5914588570594788, -0.14037871360778809, -1.17779541015625, -0.11416705697774887, -0.06685337424278259, -1.0057412385940552, -0.2612634003162384, 0.7762296795845032, 1.1971746683120728, -0.07979042828083038, 0.24363389611244202, -0.12853865325450897, 0.30000001192092896, 0.30000001192092896, 0.30000001192092896, 0.20000000298023224, 0.10000000149011612, 0.0, 0.30000001192092896, 0.30000001192092896, 0.30000001192092896, 0.20000000298023224, 0.10000000149011612, 0.0]"
268,268,268,0.010550654998951359,0.10556503400039219,True,"[0.16658073663711548, 0.23007315397262573, -0.184401273727417, 1.0034751892089844, -1.160576343536377, 0.02305764891207218, 0.1264096051454544, 0.20842964947223663, -0.1468307226896286, 0.22254706919193268, 1.0185153484344482, 0.266325443983078, 0.041848912835121155, -0.1953069120645523]","[336.0, 2.0, 1.0, 5.0, 10.0, 935.0]","[2.0, 1.0, 0.0, 8.0, 0.0, 503.0]","[-0.23244330286979675, 0.23376215994358063, -0.1753263920545578, 0.3220095634460449, -1.1571725606918335, -0.22674821317195892, 0.011009454727172852, -0.622443437576294, -0.4245539903640747, 0.16210176050662994, 0.18673792481422424, 0.5615325570106506, -0.1803009808063507, -0.5436264872550964, 0.30000007152557373, 0.30000025033950806, 0.2999998927116394, 0.19999974966049194, 0.1000005453824997, 0.0, 0.9034580588340759, 0.9025672078132629, 0.9026006460189819, 0.9031670689582825, 0.8028580546379089, 0.0]","[0.15658073127269745, 0.23376215994358063, -0.1753263920545578, 0.9934751987457275, -1.1571725606918335, 0.0130576491355896, 0.11640960723161697, 0.1984296441078186, -0.15683072805404663, 0.21254706382751465, 1.0085153579711914, 0.27632543444633484, 0.03184891492128372, -0.20530691742897034]","[286.0, 0.3000001907348633, 0.2999998927116394, 0.19999980926513672, 0.10000038146972656, 885.0]","[0.9034581184387207, 0.9025672078132629, 0.9026006460189819, 0.9031672477722168, 0.8028580546379089, 453.0]","[-0.18373015522956848, 0.3083660900592804, -0.6264634132385254, 0.13856160640716553, -1.1639678478240967, -0.012691294774413109, 0.04980643838644028, -0.8420596122741699, -0.2955549657344818, 0.7501286268234253, 1.1647348403930664, -0.06871754676103592, 0.2607887387275696, -0.12093281745910645, 0.30000001192092896, 0.29899999499320984, 0.29899999499320984, 0.19900000095367432, 1.0, 0.0, 0.32499998807907104, 0.30000001192092896, 0.29899999499320984, 0.3400000035762787, 0.593999981880188, 0.0]","[-0.27689990401268005, 0.25911301374435425, -0.5903967618942261, -0.14151613414287567, -1.177680492401123, -0.10991568863391876, -0.06589840352535248, -1.013727068901062, -0.26095670461654663, 0.7733025550842285, 1.2008665800094604, -0.0727575495839119, 0.2420864701271057, -0.1271868795156479, 0.30000001192092896, 0.30000001192092896, 0.30000001192092896, 0.20000000298023224, 0.10000000149011612, 0.0, 0.30000001192092896, 0.30000001192092896, 0.30000001192092896, 0.20000000298023224, 0.10000000149011612, 0.0]"
269,269,269,0.00986215299963078,0.10596872299902316,True,"[0.16658073663711548, 0.23009712994098663, -0.18222014605998993, 1.0034871101379395, -1.1591142416000366, 0.02305764891207218, 0.1264096051454544, 0.20841765403747559, -0.1468067616224289, 0.2223673015832901, 1.0185033082962036, 0.2663494050502777, 0.041848912835121155, -0.1953069120645523]","[336.0, 2.0, 1.0, 4.0, 10.0, 935.0]","[2.0, 1.0, 0.0, 8.0, 0.0, 503.0]","[-0.2279057800769806, 0.23628181219100952, -0.1792357712984085, 0.3180522620677948, -1.164473533630371, -0.22429829835891724, 0.00828242301940918, -0.6104481816291809, -0.4216623604297638, 0.16286802291870117, 0.20180954039096832, 0.5620841979980469, -0.1757594496011734, -0.5427699089050293, 0.30000007152557373, 0.30000025033950806, 0.2999999225139618, 0.19999976456165314, 0.1000005379319191, 0.0, 0.9038386344909668, 0.9029719233512878, 0.9030095338821411, 0.9036465883255005, 0.8033300638198853, 0.0]","[0.15658073127269745, 0.23628181219100952, -0.1792357712984085, 0.9934871196746826, -1.164473533630371, 0.0130576491355896, 0.11640960723161697, 0.19841764867305756, -0.15680676698684692, 0.21236729621887207, 1.0085033178329468, 0.27634939551353455, 0.03184891492128372, -0.20530691742897034]","[286.0, 0.3000001907348633, 0.2999999523162842, 0.19999980926513672, 0.10000038146972656, 885.0]","[0.9038386344909668, 0.9029719233512878, 0.9030095338821411, 0.9036464691162109, 0.8033300638198853, 453.0]","[-0.18396984040737152, 0.30522623658180237, -0.6264514327049255, 0.13856160640716553, -1.1637042760849, -0.012343752197921276, 0.04987834393978119, -0.8453672528266907, -0.2953392565250397, 0.7496132850646973, 1.1697921752929688, -0.06817825883626938, 0.26124411821365356, -0.12089686095714569, 0.30000001192092896, 0.29899999499320984, 0.29899999499320984, 0.19900000095367432, 1.0, 0.0, 0.32499998807907104, 0.30000001192092896, 0.29899999499320984, 0.3400000035762787, 0.593999981880188, 0.0]","[-0.27891650795936584, 0.25762128829956055, -0.5923784375190735, -0.14237891137599945, -1.1761653423309326, -0.1098022311925888, -0.06304469704627991, -1.0209875106811523, -0.2590680420398712, 0.7703651785850525, 1.2033703327178955, -0.07014483958482742, 0.24227681756019592, -0.12338581681251526, 0.30000001192092896, 0.30000001192092896, 0.30000001192092896, 0.20000000298023224, 0.10000000149011612, 0.0, 0.3799999952316284, 0.3799999952316284, 0.3799999952316284, 0.2933333218097687, 0.19333332777023315, 0.0]"
270,270,270,0.010748500000772765,0.12574072200004593,True,"[0.16656874120235443, 0.2302289456129074, -0.18069814145565033, 1.003499150276184, -1.1605523824691772, 0.023069633170962334, 0.12639762461185455, 0.20841765403747559, -0.1468067616224289, 0.2222953885793686, 1.0185153484344482, 0.26638534665107727, 0.041848912835121155, -0.19531890749931335]","[336.0, 2.0, 1.0, 4.0, 10.0, 935.0]","[2.0, 1.0, 0.0, 8.0, 0.0, 503.0]","[-0.2093338966369629, 0.23913618922233582, -0.1663532853126526, 0.3176913261413574, -1.158546805381775, -0.2249567210674286, 0.009864389896392822, -0.5809810757637024, -0.42843812704086304, 0.15519924461841583, 0.16753533482551575, 0.5524966716766357, -0.17809052765369415, -0.530949056148529, 0.30000007152557373, 0.30000025033950806, 0.2999998927116394, 0.19999977946281433, 0.10000055283308029, 0.0, 0.9037020206451416, 0.9028033018112183, 0.9028359651565552, 0.9034449458122253, 0.8031355738639832, 0.0]","[0.1565687358379364, 0.23913618922233582, -0.1706981360912323, 0.9934991598129272, -1.158546805381775, 0.013069633394479752, 0.11639762669801712, 0.19841764867305756, -0.15680676698684692, 0.21229538321495056, 1.0085153579711914, 0.2763853371143341, 0.03184891492128372, -0.20531891286373138]","[286.0, 0.3000001907348633, 0.2999998927116394, 0.19999980926513672, 0.10000038146972656, 885.0]","[0.9037020206451416, 0.9028033018112183, 0.9028359651565552, 0.903444766998291, 0.8031355738639832, 453.0]","[-0.1850244551897049, 0.3009238839149475, -0.6265352964401245, 0.13856160640716553, -1.162817358970642, -0.012080099433660507, 0.04987834393978119, -0.8497294783592224, -0.2953032851219177, 0.749493420124054, 1.174837589263916, -0.067123644053936, 0.26269420981407166, -0.11987820267677307, 0.30000001192092896, 0.29899999499320984, 0.29899999499320984, 0.19900000095367432, 1.0, 0.0, 0.328000009059906, 0.30000001192092896, 0.29899999499320984, 0.3409999907016754, 0.593999981880188, 0.0]","[-0.2808391749858856, 0.25604790449142456, -0.5942907333374023, -0.14263595640659332, -1.1749141216278076, -0.10957234352827072, -0.0600762777030468, -1.0271984338760376, -0.2579650282859802, 0.7686411142349243, 1.2073829174041748, -0.06494461745023727, 0.238172248005867, -0.11882638186216354, 0.30000001192092896, 0.30000001192092896, 0.30000001192092896, 0.20000000298023224, 0.10000000149011612, 0.0, 0.6435294151306152, 0.6435294151306152, 0.6435294151306152, 0.6007843017578125, 0.5007843375205994, 0.0]"
271,271,271,0.010308794999218662,0.10211994500059518,True,"[0.16660469770431519, 0.23031283915042877, -0.17664748430252075, 1.0034871101379395, -1.159437894821167, 0.02305764891207218, 0.1263856440782547, 0.20842964947223663, -0.14679478108882904, 0.22223547101020813, 1.0185153484344482, 0.26636138558387756, 0.041836928576231, -0.1953069120645523]","[336.0, 2.0, 1.0, 4.0, 10.0, 935.0]","[2.0, 1.0, 0.0, 8.0, 0.0, 503.0]","[-0.1828196793794632, 0.2389291524887085, -0.1520451307296753, 0.3081072270870209, -1.1451416015625, -0.21528548002243042, 0.02017766237258911, -0.5412660241127014, -0.4326685667037964, 0.14760683476924896, 0.15172922611236572, 0.5408182740211487, -0.1705373227596283, -0.51535964012146, 0.30000007152557373, 0.30000022053718567, 0.2999998927116394, 0.19999979436397552, 0.10000051558017731, 0.0, 0.9036718606948853, 0.9027934670448303, 0.9028169512748718, 0.903418779373169, 0.8031328320503235, 0.0]","[0.15660469233989716, 0.2389291524887085, -0.16664747893810272, 0.9934871196746826, -1.1494379043579102, 0.0130576491355896, 0.11638564616441727, 0.1984296441078186, -0.15679478645324707, 0.2122354656457901, 1.0085153579711914, 0.2763613760471344, 0.03183692693710327, -0.20530691742897034]","[286.0, 0.3000001907348633, 0.2999998927116394, 0.19999980926513672, 0.10000038146972656, 885.0]","[0.9036718606948853, 0.9027934670448303, 0.9028169512748718, 0.9034185409545898, 0.8031328320503235, 453.0]","[-0.18613898754119873, 0.2979518175125122, -0.6267989277839661, 0.13857360184192657, -1.1625896692276, -0.01158874575048685, 0.0499262809753418, -0.852737545967102, -0.29537519812583923, 0.7494694590568542, 1.1776058673858643, -0.06714761257171631, 0.26352113485336304, -0.11965050548315048, 0.30000001192092896, 0.29899999499320984, 0.29899999499320984, 0.19900000095367432, 1.0, 0.0, 0.328000009059906, 0.30000001192092896, 0.29899999499320984, 0.3409999907016754, 0.593999981880188, 0.0]","[-0.2820223569869995, 0.2535928785800934, -0.5982145071029663, -0.1452081948518753, -1.1717140674591064, -0.11066490411758423, -0.05485592037439346, -1.0308332443237305, -0.2561659514904022, 0.7668631672859192, 1.208560585975647, -0.057272862643003464, 0.23684266209602356, -0.12131351977586746, 0.30000001192092896, 0.30000001192092896, 0.30000001192092896, 0.20000000298023224, 0.10000000149011612, 0.0, 0.8647058606147766, 0.8647058606147766, 0.8647058606147766, 0.8588235378265381, 0.7588235139846802, 0.0]"
272,272,272,0.0070807650008646306,0.10759942100048647,True,"[0.16659271717071533, 0.23161911964416504, -0.1703198105096817, 1.0034751892089844, -1.1562739610671997, 0.02305764891207218, 0.12637364864349365, 0.20842964947223663, -0.14673484861850739, 0.2221156358718872, 1.0185033082962036, 0.26638534665107727, 0.041848912835121155, -0.1953069120645523]","[336.0, 2.0, 1.0, 4.0, 10.0, 935.0]","[2.0, 1.0, 0.0, 8.0, 0.0, 503.0]","[-0.2051289826631546, 0.23814159631729126, -0.16354769468307495, 0.3187435567378998, -1.1586921215057373, -0.22535206377506256, 0.0034847259521484375, -0.587393045425415, -0.4267560839653015, 0.1480065882205963, 0.15114131569862366, 0.5465723276138306, -0.17312943935394287, -0.5731517672538757, 0.30000007152557373, 0.30000025033950806, 0.2999998927116394, 0.19999979436397552, 0.1000005304813385, 0.0, 0.904140055179596, 0.9032395482063293, 0.9032617211341858, 0.903963029384613, 0.8036453723907471, 0.0]","[0.1565927118062973, 0.23814159631729126, -0.16354769468307495, 0.9934751987457275, -1.1586921215057373, 0.0130576491355896, 0.11637365072965622, 0.1984296441078186, -0.15673485398292542, 0.21211563050746918, 1.0085033178329468, 0.2763853371143341, 0.03184891492128372, -0.20530691742897034]","[286.0, 0.3000001907348633, 0.2999998927116394, 0.19999980926513672, 0.10000038146972656, 885.0]","[0.9041399955749512, 0.9032395482063293, 0.9032617211341858, 0.9039630889892578, 0.8036453723907471, 453.0]","[-0.1868939995765686, 0.2927865982055664, -0.6272663474082947, 0.13853764533996582, -1.1621103286743164, -0.011540808714926243, 0.050453588366508484, -0.8561410903930664, -0.29599836468696594, 0.7492537498474121, 1.1804940700531006, -0.0665244311094284, 0.2636529505252838, -0.11965050548315048, 0.30000001192092896, 0.29899999499320984, 0.29899999499320984, 0.19900000095367432, 1.0, 0.0, 0.33899998664855957, 0.30000001192092896, 0.3070000112056732, 0.31200000643730164, 0.593999981880188, 0.0]","[-0.28468745946884155, 0.2540624737739563, -0.5994651317596436, -0.14621397852897644, -1.172187089920044, -0.11116786301136017, -0.051538318395614624, -1.032700538635254, -0.25504809617996216, 0.764611542224884, 1.2091835737228394, -0.05498802289366722, 0.23384378850460052, -0.12303650379180908, 0.30000001192092896, 0.30000001192092896, 0.30000001192092896, 0.20000000298023224, 0.10000000149011612, 0.0, 0.8999999761581421, 0.8999999761581421, 0.8999999761581421, 0.8999999761581421, 0.800000011920929, 0.0]"
273,273,273,0.020182086000204436,0.11608881699976337,True,"[0.16658073663711548, 0.231750950217247, -0.16834241151809692, 1.0034631490707397, -1.1568732261657715, 0.023069633170962334, 0.12637364864349365, 0.20841765403747559, -0.14673484861850739, 0.22207967936992645, 1.0185033082962036, 0.2664213180541992, 0.041848912835121155, -0.19531890749931335]","[336.0, 2.0, 1.0, 4.0, 10.0, 935.0]","[2.0, 1.0, 0.0, 8.0, 0.0, 503.0]","[-0.18323101103305817, 0.24006405472755432, -0.15398046374320984, 0.3048980236053467, -1.159372329711914, -0.21820701658725739, 0.007210284471511841, -0.5453202724456787, -0.42963269352912903, 0.14528746902942657, 0.13836148381233215, 0.5489187836647034, -0.17631027102470398, -0.5305898189544678, 0.30000007152557373, 0.30000022053718567, 0.2999998927116394, 0.19999979436397552, 0.1000005230307579, 0.0, 0.9036074876785278, 0.9027513265609741, 0.9027748107910156, 0.9033685326576233, 0.8030856847763062, 0.0]","[0.15658073127269745, 0.24006405472755432, -0.1583424061536789, 0.9934631586074829, -1.159372329711914, 0.013069633394479752, 0.11637365072965622, 0.19841764867305756, -0.15673485398292542, 0.21207967400550842, 1.0085033178329468, 0.27642130851745605, 0.03184891492128372, -0.20531891286373138]","[286.0, 0.3000001907348633, 0.2999998927116394, 0.19999980926513672, 0.10000038146972656, 885.0]","[0.9036074876785278, 0.9027513265609741, 0.9027748107910156, 0.9033684730529785, 0.8030856847763062, 453.0]","[-0.1879965364933014, 0.29143238067626953, -0.6283688545227051, 0.13850168883800507, -1.161834716796875, -0.011540808714926243, 0.05053747817873955, -0.8578188419342041, -0.2961302101612091, 0.7488223314285278, 1.1804701089859009, -0.06632070243358612, 0.26359304785728455, -0.11967447400093079, 0.30000001192092896, 0.29899999499320984, 0.29899999499320984, 0.19900000095367432, 1.0, 0.0, 0.33899998664855957, 0.30000001192092896, 0.3070000112056732, 0.31200000643730164, 0.593999981880188, 0.0]","[-0.28747400641441345, 0.2533767521381378, -0.6003705263137817, -0.14612255990505219, -1.173859715461731, -0.11249179393053055, -0.04867320507764816, -1.0338479280471802, -0.25229379534721375, 0.7635814547538757, 1.20926833152771, -0.05259072035551071, 0.22959257662296295, -0.1298091858625412, 0.30000001192092896, 0.30000001192092896, 0.30000001192092896, 0.20000000298023224, 0.10000000149011612, 0.0, 0.8999999761581421, 0.8999999761581421, 0.8999999761581421, 0.8999999761581421, 0.800000011920929, 0.0]"
274,274,274,0.011910541001270758,0.11088473499876272,True,"[0.16658073663711548, 0.23181086778640747, -0.16549016535282135, 1.0034751892089844, -1.1583832502365112, 0.023069633170962334, 0.12634968757629395, 0.20840567350387573, -0.14661501348018646, 0.2220437228679657, 1.018479347229004, 0.2664213180541992, 0.041848912835121155, -0.19531890749931335]","[336.0, 2.0, 1.0, 4.0, 10.0, 935.0]","[2.0, 1.0, 0.0, 8.0, 0.0, 503.0]","[-0.16474099457263947, 0.236113041639328, -0.14352063834667206, 0.3189958333969116, -1.1566318273544312, -0.22248268127441406, 0.012243479490280151, -0.5142031908035278, -0.4273124039173126, 0.1348002851009369, 0.12668904662132263, 0.5381301045417786, -0.17730984091758728, -0.5409673452377319, 0.30000007152557373, 0.30000022053718567, 0.2999998927116394, 0.19999980926513672, 0.10000051558017731, 0.0, 0.9033323526382446, 0.9024848341941833, 0.9025108218193054, 0.903063178062439, 0.8027740716934204, 0.0]","[0.15658073127269745, 0.236113041639328, -0.15549015998840332, 0.9934751987457275, -1.1566318273544312, 0.013069633394479752, 0.11634968966245651, 0.1984056681394577, -0.1566150188446045, 0.21204371750354767, 1.008479356765747, 0.27642130851745605, 0.03184891492128372, -0.20531891286373138]","[286.0, 0.3000001907348633, 0.2999998927116394, 0.19999980926513672, 0.10000038146972656, 885.0]","[0.9033323526382446, 0.9024848341941833, 0.9025108218193054, 0.9030632972717285, 0.8027740716934204, 453.0]","[-0.19093267619609833, 0.29160016775131226, -0.6297950148582458, 0.1384897083044052, -1.16184663772583, -0.011564777232706547, 0.05110073462128639, -0.8595206141471863, -0.2958306074142456, 0.7488462924957275, 1.1804461479187012, -0.06567355245351791, 0.26329341530799866, -0.11985423415899277, 0.30000001192092896, 0.29899999499320984, 0.29899999499320984, 0.19900000095367432, 1.0, 0.0, 0.3790000081062317, 0.3479999899864197, 0.34599998593330383, 0.3330000042915344, 0.5960000157356262, 0.0]","[-0.2872326970100403, 0.25182971358299255, -0.5986737012863159, -0.14967629313468933, -1.172600507736206, -0.10992579162120819, -0.04532745108008385, -1.0357800722122192, -0.25342950224876404, 0.7627121806144714, 1.2081263065338135, -0.04166855290532112, 0.21857358515262604, -0.1354026198387146, 0.30000001192092896, 0.30000001192092896, 0.30000001192092896, 0.20000000298023224, 0.10000000149011612, 0.0, 0.8999999761581421, 0.8999999761581421, 0.8999999761581421, 0.8999999761581421, 0.800000011920929, 0.0]"
275,275,275,0.010568308000074467,0.10765284100125427,True,"[0.16659271717071533, 0.23189476132392883, -0.1639322191476822, 1.0034871101379395, -1.157891869544983, 0.02305764891207218, 0.12634968757629395, 0.20841765403747559, -0.14665096998214722, 0.22194784879684448, 1.018479347229004, 0.26640933752059937, 0.041848912835121155, -0.19531890749931335]","[336.0, 2.0, 1.0, 4.0, 10.0, 935.0]","[2.0, 1.0, 0.0, 8.0, 0.0, 503.0]","[-0.16677036881446838, 0.23951658606529236, -0.14800122380256653, 0.3118835985660553, -1.1552425622940063, -0.21858641505241394, 0.015543639659881592, -0.5236510634422302, -0.42624786496162415, 0.14006651937961578, 0.13095587491989136, 0.5551198720932007, -0.17569822072982788, -0.5258962512016296, 0.30000007152557373, 0.30000022053718567, 0.2999998927116394, 0.19999979436397552, 0.1000005379319191, 0.0, 0.9036208391189575, 0.9027270078659058, 0.9027491807937622, 0.9033563137054443, 0.8030502200126648, 0.0]","[0.1565927118062973, 0.23951658606529236, -0.15393221378326416, 0.9934871196746826, -1.1552425622940063, 0.0130576491355896, 0.11634968966245651, 0.19841764867305756, -0.15665097534656525, 0.21194784343242645, 1.008479356765747, 0.2764093279838562, 0.03184891492128372, -0.20531891286373138]","[286.0, 0.3000001907348633, 0.2999998927116394, 0.19999980926513672, 0.10000038146972656, 885.0]","[0.9036208391189575, 0.9027270078659058, 0.9027491807937622, 0.9033565521240234, 0.8030502200126648, 453.0]","[-0.19377294182777405, 0.2911927103996277, -0.630010724067688, 0.1384897083044052, -1.1618705987930298, -0.011552792973816395, 0.05137637257575989, -0.860515296459198, -0.29579463601112366, 0.7487983703613281, 1.180434226989746, -0.062126222997903824, 0.26135197281837463, -0.12021376192569733, 0.30000001192092896, 0.29899999499320984, 0.29899999499320984, 0.19900000095367432, 1.0, 0.0, 0.3790000081062317, 0.3479999899864197, 0.34599998593330383, 0.3330000042915344, 0.5960000157356262, 0.0]","[-0.2868063449859619, 0.25149276852607727, -0.5977417230606079, -0.15562844276428223, -1.172417163848877, -0.10724911838769913, -0.039287351071834564, -1.0361659526824951, -0.2539057731628418, 0.7617710828781128, 1.2035261392593384, -0.030242135748267174, 0.20505215227603912, -0.1431339830160141, 0.30000001192092896, 0.30000001192092896, 0.30000001192092896, 0.20000000298023224, 0.10000000149011612, 0.0, 0.8999999761581421, 0.8999999761581421, 0.8999999761581421, 0.8999999761581421, 0.800000011920929, 0.0]"
276,276,276,0.016423291999672074,0.1267637469991314,True,"[0.16660469770431519, 0.23194269835948944, -0.16214656829833984, 1.0034751892089844, -1.1577481031417847, 0.023081617429852486, 0.1263377070426941, 0.20842964947223663, -0.14663897454738617, 0.2218399941921234, 1.0184913873672485, 0.2664213180541992, 0.04182494431734085, -0.19531890749931335]","[336.0, 2.0, 1.0, 4.0, 10.0, 935.0]","[2.0, 1.0, 0.0, 8.0, 0.0, 503.0]","[-0.16289234161376953, 0.23586392402648926, -0.13928064703941345, 0.32222214341163635, -1.1546717882156372, -0.22059515118598938, 0.021142244338989258, -0.5180941820144653, -0.42967158555984497, 0.13578546047210693, 0.11749660968780518, 0.539637565612793, -0.1761101484298706, -0.5339083075523376, 0.30000007152557373, 0.30000025033950806, 0.2999998927116394, 0.19999977946281433, 0.1000005230307579, 0.0, 0.9038546085357666, 0.9029702544212341, 0.9029877185821533, 0.9036299586296082, 0.8033400774002075, 0.0]","[0.15660469233989716, 0.23586392402648926, -0.15214656293392181, 0.9934751987457275, -1.1546717882156372, 0.013081617653369904, 0.11633770912885666, 0.1984296441078186, -0.1566389799118042, 0.21183998882770538, 1.0084913969039917, 0.27642130851745605, 0.03182494640350342, -0.20531891286373138]","[286.0, 0.3000001907348633, 0.2999998927116394, 0.19999980926513672, 0.10000038146972656, 885.0]","[0.9038546085357666, 0.9029702544212341, 0.9029877185821533, 0.9036297798156738, 0.8033400774002075, 453.0]","[-0.1955106556415558, 0.2902939021587372, -0.6305380463600159, 0.13845375180244446, -1.1618586778640747, -0.011444934643805027, 0.05231114476919174, -0.8610665798187256, -0.2958306074142456, 0.7488462924957275, 1.180302381515503, -0.056769274175167084, 0.257289320230484, -0.12056130915880203, 0.30000001192092896, 0.29899999499320984, 0.29899999499320984, 0.19900000095367432, 1.0, 0.0, 0.4099999964237213, 0.38199999928474426, 0.37599998712539673, 0.36000001430511475, 0.6209999918937683, 0.0]","[-0.28685280680656433, 0.2518981099128723, -0.5949022769927979, -0.16282802820205688, -1.1740418672561646, -0.10271470993757248, -0.03309621289372444, -1.038661003112793, -0.2560526728630066, 0.7580509185791016, 1.197864055633545, -0.024928469210863113, 0.1911013126373291, -0.1447620540857315, 0.30000001192092896, 0.30000001192092896, 0.30000001192092896, 0.20000000298023224, 0.10000000149011612, 0.0, 0.8999999761581421, 0.8999999761581421, 0.8999999761581421, 0.8999999761581421, 0.800000011920929, 0.0]"
277,277,277,0.01674602599996433,0.10198171299998648,True,"[0.16659271717071533, 0.23189476132392883, -0.15882693231105804, 1.0034871101379395, -1.1576281785964966, 0.023069633170962334, 0.12634968757629395, 0.20841765403747559, -0.14662699401378632, 0.2218399941921234, 1.0184913873672485, 0.2664332985877991, 0.041836928576231, -0.1953308880329132]","[336.0, 2.0, 1.0, 4.0, 10.0, 935.0]","[2.0, 1.0, 0.0, 8.0, 0.0, 503.0]","[-0.1354523003101349, 0.23733451962471008, -0.12636034190654755, 0.32115304470062256, -1.1522775888442993, -0.21591201424598694, 0.032293081283569336, -0.4710676968097687, -0.42866161465644836, 0.13438177108764648, 0.10294342041015625, 0.544593334197998, -0.17750383913516998, -0.4948689341545105, 0.30000007152557373, 0.3000001907348633, 0.2999998927116394, 0.1999998390674591, 0.10000050812959671, 0.0, 0.9037119150161743, 0.9028534889221191, 0.9028702974319458, 0.9034890532493591, 0.8032078146934509, 0.0]","[0.1565927118062973, 0.23733451962471008, -0.14882692694664001, 0.9934871196746826, -1.1522775888442993, 0.013069633394479752, 0.11634968966245651, 0.19841764867305756, -0.15662699937820435, 0.21183998882770538, 1.0084913969039917, 0.2764332890510559, 0.03183692693710327, -0.20533089339733124]","[286.0, 0.3000001907348633, 0.2999998927116394, 0.19999980926513672, 0.10000038146972656, 885.0]","[0.9037119150161743, 0.9028534889221191, 0.9028702974319458, 0.9034891128540039, 0.8032078146934509, 453.0]","[-0.1964094638824463, 0.2897186577320099, -0.631808340549469, 0.13810621201992035, -1.161607027053833, -0.009155947715044022, 0.05318599194288254, -0.8610665798187256, -0.2965017259120941, 0.7487504482269287, 1.180314302444458, -0.052562810480594635, 0.2549164593219757, -0.12205933034420013, 0.30000001192092896, 0.29899999499320984, 0.29899999499320984, 0.19900000095367432, 1.0, 0.0, 0.4950000047683716, 0.4729999899864197, 0.4580000042915344, 0.4390000104904175, 0.6679999828338623, 0.0]","[-0.28708213567733765, 0.2563569247722626, -0.5910101532936096, -0.17101095616817474, -1.1781493425369263, -0.09914664179086685, -0.027881551533937454, -1.039889931678772, -0.2605217695236206, 0.7568081021308899, 1.1825249195098877, -0.013768323697149754, 0.16270071268081665, -0.14136084914207458, 0.30000001192092896, 0.30000001192092896, 0.30000001192092896, 0.20000000298023224, 0.10000000149011612, 0.0, 0.8999999761581421, 0.8999999761581421, 0.8999999761581421, 0.8999999761581421, 0.800000011920929, 0.0]"
278,278,278,0.015766070999234216,0.13067929600038042,True,"[0.16656874120235443, 0.23189476132392883, -0.1557949334383011, 1.0034751892089844, -1.1571608781814575, 0.023069633170962334, 0.1263377070426941, 0.20841765403747559, -0.14661501348018646, 0.2218399941921234, 1.018479347229004, 0.2664452791213989, 0.041848912835121155, -0.19531890749931335]","[336.0, 2.0, 1.0, 4.0, 10.0, 935.0]","[2.0, 1.0, 0.0, 8.0, 0.0, 503.0]","[-0.14359278976917267, 0.24222803115844727, -0.13385476171970367, 0.30005598068237305, -1.1578369140625, -0.21885140240192413, 0.014079570770263672, -0.4767798185348511, -0.43157488107681274, 0.13267362117767334, 0.1070021390914917, 0.5400714874267578, -0.17932359874248505, -0.5220750570297241, 0.30000007152557373, 0.30000022053718567, 0.2999998927116394, 0.1999998241662979, 0.10000050812959671, 0.0, 0.9035443663597107, 0.9026799201965332, 0.9026991724967957, 0.9032919406890869, 0.8030036687850952, 0.0]","[0.1565687358379364, 0.24189476668834686, -0.14579492807388306, 0.9934751987457275, -1.1578369140625, 0.013069633394479752, 0.11633770912885666, 0.19841764867305756, -0.1566150188446045, 0.21183998882770538, 1.008479356765747, 0.27644526958465576, 0.03184891492128372, -0.20531891286373138]","[286.0, 0.3000001907348633, 0.2999998927116394, 0.19999980926513672, 0.10000038146972656, 885.0]","[0.9035444259643555, 0.9026799201965332, 0.9026991724967957, 0.9032917022705078, 0.8030036687850952, 453.0]","[-0.19759590923786163, 0.29032984375953674, -0.6321079730987549, 0.13785454630851746, -1.161379337310791, -0.006807039957493544, 0.05346162989735603, -0.8612703084945679, -0.29816752672195435, 0.7487264275550842, 1.1801226139068604, -0.046247124671936035, 0.2479775846004486, -0.12286227941513062, 0.30000001192092896, 0.29899999499320984, 0.29899999499320984, 0.19900000095367432, 1.0, 0.0, 0.4950000047683716, 0.4729999899864197, 0.4580000042915344, 0.4390000104904175, 0.6679999828338623, 0.0]","[-0.2872426509857178, 0.25681406259536743, -0.5906142592430115, -0.17183218896389008, -1.1786128282546997, -0.09869007766246796, -0.026943475008010864, -1.0400636196136475, -0.26109081506729126, 0.7569947838783264, 1.1807126998901367, -0.013071390800178051, 0.15812142193317413, -0.14099790155887604, 0.30000001192092896, 0.30000001192092896, 0.30000001192092896, 0.20000000298023224, 0.10000000149011612, 0.0, 0.8999999761581421, 0.8999999761581421, 0.8999999761581421, 0.8999999761581421, 0.800000011920929, 0.0]"
279,279,279,0.01790732100016612,0.12066014700030792,True,"[0.16660469770431519, 0.23199063539505005, -0.15397332608699799, 1.003499150276184, -1.1577720642089844, 0.023069633170962334, 0.1263377070426941, 0.20840567350387573, -0.14662699401378632, 0.22180403769016266, 1.018479347229004, 0.2664452791213989, 0.041848912835121155, -0.1953308880329132]","[336.0, 2.0, 1.0, 4.0, 10.0, 935.0]","[2.0, 1.0, 0.0, 8.0, 0.0, 503.0]","[-0.1194353699684143, 0.2395496815443039, -0.12698358297348022, 0.30946674942970276, -1.1510769128799438, -0.21766397356987, 0.023211628198623657, -0.44531142711639404, -0.43091049790382385, 0.12727026641368866, 0.08413156867027283, 0.5382241010665894, -0.17342901229858398, -0.5121305584907532, 0.30000007152557373, 0.30000022053718567, 0.2999998927116394, 0.1999998390674591, 0.10000050067901611, 0.0, 0.9042701125144958, 0.90339595079422, 0.903413712978363, 0.9041374921798706, 0.8038327693939209, 0.0]","[0.15660469233989716, 0.2395496815443039, -0.14397332072257996, 0.9934991598129272, -1.1510769128799438, 0.013069633394479752, 0.11633770912885666, 0.1984056681394577, -0.15662699937820435, 0.21180403232574463, 1.008479356765747, 0.27644526958465576, 0.03184891492128372, -0.20533089339733124]","[286.0, 0.3000001907348633, 0.2999998927116394, 0.19999980926513672, 0.10000038146972656, 885.0]","[0.9042701721191406, 0.90339595079422, 0.903413712978363, 0.9041376113891602, 0.8038327693939209, 453.0]","[-0.20083165168762207, 0.2915162742137909, -0.633378267288208, 0.1378905028104782, -1.161031723022461, -0.0011624698527157307, 0.056122127920389175, -0.861402153968811, -0.3003007173538208, 0.7490260601043701, 1.179978847503662, -0.03966778516769409, 0.23759925365447998, -0.12273044884204865, 0.30000001192092896, 0.29899999499320984, 0.29899999499320984, 0.19900000095367432, 1.0, 0.0, 0.6100000143051147, 0.5799999833106995, 0.5630000233650208, 0.5490000247955322, 0.7350000143051147, 0.0]","[-0.2884703278541565, 0.26054975390434265, -0.5864982008934021, -0.17356431484222412, -1.1823455095291138, -0.09660006314516068, -0.025792427361011505, -1.0418133735656738, -0.26391956210136414, 0.755155622959137, 1.1678117513656616, -0.009864930994808674, 0.1350766271352768, -0.1389562487602234, 0.30000001192092896, 0.30000001192092896, 0.30000001192092896, 0.20000000298023224, 0.10000000149011612, 0.0, 0.8999999761581421, 0.8999999761581421, 0.8999999761581421, 0.8999999761581421, 0.800000011920929, 0.0]"
280,280,280,0.007567794998976751,0.1123360239998874,True,"[0.16658073663711548, 0.23258984088897705, -0.14831677079200745, 1.0035110712051392, -1.1566095352172852, 0.02304566465318203, 0.1263137310743332, 0.20842964947223663, -0.14665096998214722, 0.22180403769016266, 1.018479347229004, 0.2664572596549988, 0.041848912835121155, -0.19534286856651306]","[336.0, 2.0, 1.0, 4.0, 10.0, 935.0]","[2.0, 1.0, 0.0, 8.0, 0.0, 503.0]","[-0.14568592607975006, 0.24154114723205566, -0.13670063018798828, 0.3164801597595215, -1.1561139822006226, -0.21936136484146118, 0.006639063358306885, -0.49649277329444885, -0.4311819076538086, 0.1219182163476944, 0.10756346583366394, 0.5403700470924377, -0.17847086489200592, -0.5440041422843933, 0.30000007152557373, 0.30000022053718567, 0.2999998927116394, 0.1999998241662979, 0.10000050067901611, 0.0, 0.9036346673965454, 0.9028170108795166, 0.9028350710868835, 0.9034349918365479, 0.8031688928604126, 0.0]","[0.15658073127269745, 0.24154114723205566, -0.13831676542758942, 0.9935110807418823, -1.1561139822006226, 0.013045664876699448, 0.11631373316049576, 0.1984296441078186, -0.15665097534656525, 0.21180403232574463, 1.008479356765747, 0.2764572501182556, 0.03184891492128372, -0.2053428739309311]","[286.0, 0.3000001907348633, 0.2999998927116394, 0.19999980926513672, 0.10000038146972656, 885.0]","[0.9036346673965454, 0.9028170108795166, 0.9028350710868835, 0.9034347534179688, 0.8031688928604126, 453.0]","[-0.2031445950269699, 0.2927147150039673, -0.6332225203514099, 0.13787850737571716, -1.1605883836746216, 0.001282312092371285, 0.05711681768298149, -0.8613901734352112, -0.30233803391456604, 0.7487624287605286, 1.1794514656066895, -0.036791570484638214, 0.22509969770908356, -0.12270648032426834, 0.30000001192092896, 0.29899999499320984, 0.29899999499320984, 0.19900000095367432, 1.0, 0.0, 0.6100000143051147, 0.5799999833106995, 0.5630000233650208, 0.5490000247955322, 0.7350000143051147, 0.0]","[-0.28858432173728943, 0.2639756500720978, -0.5828058123588562, -0.17571011185646057, -1.183964490890503, -0.09490637481212616, -0.025012314319610596, -1.0425376892089844, -0.26645976305007935, 0.7545201778411865, 1.1566182374954224, -0.006710436195135117, 0.12489913403987885, -0.13946278393268585, 0.30000001192092896, 0.30000001192092896, 0.30000001192092896, 0.20000000298023224, 0.10000000149011612, 0.0, 0.8999999761581421, 0.8999999761581421, 0.8999999761581421, 0.8999999761581421, 0.800000011920929, 0.0]"
281,281,281,0.008395016000577016,0.10886110599858512,True,"[0.16659271717071533, 0.23273365199565887, -0.14580008387565613, 1.0034751892089844, -1.1565496921539307, 0.02305764891207218, 0.12630175054073334, 0.20842964947223663, -0.1465790569782257, 0.2217680811882019, 1.018479347229004, 0.26646924018859863, 0.041836928576231, -0.19534286856651306]","[336.0, 2.0, 1.0, 4.0, 10.0, 935.0]","[2.0, 1.0, 0.0, 8.0, 0.0, 503.0]","[-0.0995212197303772, 0.24342596530914307, -0.11903779953718185, 0.28311049938201904, -1.154494047164917, -0.22028857469558716, 0.017695367336273193, -0.4011390507221222, -0.43121689558029175, 0.11642558872699738, 0.051934272050857544, 0.5316057205200195, -0.17917485535144806, -0.48940765857696533, 0.30000007152557373, 0.30000025033950806, 0.299999862909317, 0.19999977946281433, 0.1000005379319191, 0.0, 0.9042617678642273, 0.9033135771751404, 0.9033173322677612, 0.9040308594703674, 0.803739070892334, 0.0]","[0.1565927118062973, 0.2427336573600769, -0.1358000785112381, 0.9934751987457275, -1.154494047164917, 0.0130576491355896, 0.1163017526268959, 0.1984296441078186, -0.15657906234264374, 0.21176807582378387, 1.008479356765747, 0.27646923065185547, 0.03183692693710327, -0.2053428739309311]","[286.0, 0.3000001907348633, 0.29999983310699463, 0.19999980926513672, 0.10000038146972656, 885.0]","[0.9042618274688721, 0.9033135771751404, 0.9033173322677612, 0.9040307998657227, 0.803739070892334, 453.0]","[-0.20368389785289764, 0.2937333583831787, -0.6314008831977844, 0.1377466917037964, -1.1609119176864624, 0.001318264752626419, 0.057260628789663315, -0.8617856502532959, -0.30370423197746277, 0.7480074167251587, 1.1778336763381958, -0.036072518676519394, 0.21299563348293304, -0.12341354787349701, 0.30000001192092896, 0.29899999499320984, 0.29899999499320984, 0.19900000095367432, 1.0, 0.0, 0.6700000166893005, 0.6299999952316284, 0.6190000176429749, 0.5860000252723694, 0.7639999985694885, 0.0]","[-0.28644466400146484, 0.27012816071510315, -0.5763153433799744, -0.1827411651611328, -1.1875478029251099, -0.09044667333364487, -0.01975693367421627, -1.0422509908676147, -0.2714289128780365, 0.7582432627677917, 1.136435627937317, 0.00409230962395668, 0.11276774108409882, -0.13946549594402313, 0.30000001192092896, 0.30000001192092896, 0.30000001192092896, 0.20000000298023224, 0.10000000149011612, 0.0, 0.8999999761581421, 0.8999999761581421, 0.8999999761581421, 0.8999999761581421, 0.800000011920929, 0.0]"
282,282,282,0.016032823001296492,0.11360602799868502,True,"[0.16658073663711548, 0.23297333717346191, -0.14363093674182892, 1.0034871101379395, -1.1565496921539307, 0.02305764891207218, 0.12630175054073334, 0.20842964947223663, -0.1465071588754654, 0.22173213958740234, 1.0184913873672485, 0.2664572596549988, 0.04182494431734085, -0.19535484910011292]","[336.0, 2.0, 1.0, 4.0, 10.0, 935.0]","[2.0, 1.0, 0.0, 8.0, 0.0, 503.0]","[-0.10509118437767029, 0.24494290351867676, -0.11979589611291885, 0.30756908655166626, -1.1467056274414062, -0.21243445575237274, 0.01683986186981201, -0.42457807064056396, -0.43957340717315674, 0.11270061135292053, 0.07244929671287537, 0.5448911190032959, -0.1804679036140442, -0.5059305429458618, 0.30000007152557373, 0.3000001907348633, 0.2999998927116394, 0.1999998390674591, 0.10000050067901611, 0.0, 0.9036188721656799, 0.9027997255325317, 0.9028159379959106, 0.9034174680709839, 0.8031456470489502, 0.0]","[0.15658073127269745, 0.24297334253787994, -0.1336309313774109, 0.9934871196746826, -1.1467056274414062, 0.0130576491355896, 0.1163017526268959, 0.1984296441078186, -0.15650716423988342, 0.21173213422298431, 1.0084913969039917, 0.2764572501182556, 0.03182494640350342, -0.20535485446453094]","[286.0, 0.3000001907348633, 0.2999998927116394, 0.19999980926513672, 0.10000038146972656, 885.0]","[0.9036188125610352, 0.9027997255325317, 0.9028159379959106, 0.9034175872802734, 0.8031456470489502, 453.0]","[-0.20381571352481842, 0.29494377970695496, -0.63023841381073, 0.13707557320594788, -1.1611756086349487, 0.002960103563964367, 0.05764412507414818, -0.8619174361228943, -0.3076111078262329, 0.7485467195510864, 1.1684379577636719, -0.03441869467496872, 0.203024759888649, -0.12324577569961548, 0.30000001192092896, 0.29899999499320984, 0.29899999499320984, 0.19900000095367432, 1.0, 0.0, 0.6700000166893005, 0.6299999952316284, 0.6190000176429749, 0.5860000252723694, 0.7639999985694885, 0.0]","[-0.2838708162307739, 0.27775830030441284, -0.568536639213562, -0.18886929750442505, -1.1915969848632812, -0.08843240886926651, -0.016976946964859962, -1.0441302061080933, -0.28097179532051086, 0.759986400604248, 1.1145418882369995, 0.020410096272826195, 0.09178943932056427, -0.13284753262996674, 0.30000001192092896, 0.30000001192092896, 0.30000001192092896, 0.20000000298023224, 0.10000000149011612, 0.0, 0.8999999761581421, 0.8999999761581421, 0.8999999761581421, 0.8999999761581421, 0.800000011920929, 0.0]"
283,283,283,0.009729670000524493,0.10022169400144776,True,"[0.16660469770431519, 0.23311714828014374, -0.14070679247379303, 1.0034631490707397, -1.1536973714828491, 0.02305764891207218, 0.12630175054073334, 0.20840567350387573, -0.14651913940906525, 0.2216722071170807, 1.018479347229004, 0.26646924018859863, 0.04182494431734085, -0.19534286856651306]","[336.0, 2.0, 1.0, 4.0, 10.0, 935.0]","[2.0, 1.0, 0.0, 8.0, 0.0, 503.0]","[-0.09558120369911194, 0.2426321804523468, -0.11539549380540848, 0.30332261323928833, -1.1546735763549805, -0.2159799486398697, 0.027725040912628174, -0.4018853008747101, -0.433448851108551, 0.12205390632152557, 0.0679311752319336, 0.5378949642181396, -0.1790296733379364, -0.490683913230896, 0.30000007152557373, 0.3000001907348633, 0.2999998927116394, 0.1999998390674591, 0.10000049322843552, 0.0, 0.9041182994842529, 0.9032727479934692, 0.9032838344573975, 0.9039754271507263, 0.8036952614784241, 0.0]","[0.15660469233989716, 0.2426321804523468, -0.130706787109375, 0.9934631586074829, -1.1546735763549805, 0.0130576491355896, 0.1163017526268959, 0.1984056681394577, -0.15651914477348328, 0.21167220175266266, 1.008479356765747, 0.27646923065185547, 0.03182494640350342, -0.2053428739309311]","[286.0, 0.3000001907348633, 0.2999998927116394, 0.19999980926513672, 0.10000038146972656, 885.0]","[0.9041182994842529, 0.9032727479934692, 0.9032838344573975, 0.9039754867553711, 0.8036952614784241, 453.0]","[-0.20964005589485168, 0.2964058518409729, -0.6272063851356506, 0.14202505350112915, -1.160408616065979, 0.01859951764345169, 0.0706949457526207, -0.8628641963005066, -0.3173782229423523, 0.7484867572784424, 1.1418689489364624, -0.011624698527157307, 0.1796075850725174, -0.12108860909938812, 0.30000001192092896, 0.29899999499320984, 0.29899999499320984, 0.19900000095367432, 1.0, 0.0, 0.7770000100135803, 0.6809999942779541, 0.6700000166893005, 0.6919999718666077, 0.7860000133514404, 0.0]","[-0.28098756074905396, 0.28820669651031494, -0.5590863823890686, -0.1955704689025879, -1.197110891342163, -0.08950990438461304, -0.01251913607120514, -1.0437055826187134, -0.2916660010814667, 0.758689284324646, 1.0778284072875977, 0.03348184749484062, 0.06981981545686722, -0.1264611929655075, 0.30000001192092896, 0.30000001192092896, 0.30000001192092896, 0.20000000298023224, 0.10000000149011612, 0.0, 0.8999999761581421, 0.8999999761581421, 0.8999999761581421, 0.8999999761581421, 0.800000011920929, 0.0]"
284,284,284,0.008056844999373425,0.11429304600096657,True,"[0.16659271717071533, 0.23327293992042542, -0.13536182045936584, 1.0035110712051392, -1.1538652181625366, 0.02304566465318203, 0.12628977000713348, 0.20841765403747559, -0.14651913940906525, 0.22166022658348083, 1.018479347229004, 0.2664812207221985, 0.041848912835121155, -0.19536684453487396]","[336.0, 2.0, 1.0, 4.0, 10.0, 935.0]","[2.0, 1.0, 0.0, 8.0, 0.0, 503.0]","[-0.08246713876724243, 0.24735918641090393, -0.10789638757705688, 0.2863727807998657, -1.1452441215515137, -0.20973137021064758, 0.0166015625, -0.37523189187049866, -0.4362829625606537, 0.10913343727588654, 0.038190245628356934, 0.535028338432312, -0.18507981300354004, -0.4863128662109375, 0.30000007152557373, 0.3000001907348633, 0.2999998927116394, 0.1999998539686203, 0.10000048577785492, 0.0, 0.9037208557128906, 0.9029144048690796, 0.9029311537742615, 0.903536856174469, 0.803284764289856, 0.0]","[0.1565927118062973, 0.24327294528484344, -0.12536181509494781, 0.9935110807418823, -1.1452441215515137, 0.013045664876699448, 0.11628977209329605, 0.19841764867305756, -0.15651914477348328, 0.2116602212190628, 1.008479356765747, 0.2764812111854553, 0.03184891492128372, -0.205366849899292]","[286.0, 0.3000001907348633, 0.2999998927116394, 0.19999980926513672, 0.10000038146972656, 885.0]","[0.9037208557128906, 0.9029144048690796, 0.9029311537742615, 0.9035367965698242, 0.803284764289856, 453.0]","[-0.2102392613887787, 0.2990303933620453, -0.6269667148590088, 0.14245648682117462, -1.160288691520691, 0.020744694396853447, 0.07699864357709885, -0.8630919456481934, -0.320865660905838, 0.7480074167251587, 1.1261097192764282, -0.0032836776226758957, 0.17153021693229675, -0.12106464058160782, 0.30000001192092896, 0.29899999499320984, 0.29899999499320984, 0.19900000095367432, 1.0, 0.0, 0.8949999809265137, 0.8669999837875366, 0.8519999980926514, 0.7879999876022339, 0.800000011920929, 0.0]","[-0.28076428174972534, 0.2882837653160095, -0.5591612458229065, -0.19573545455932617, -1.1971373558044434, -0.08946539461612701, -0.012438038364052773, -1.0433917045593262, -0.2917649745941162, 0.7586630582809448, 1.0774799585342407, 0.03350604698061943, 0.07000641524791718, -0.12646736204624176, 0.30000001192092896, 0.30000001192092896, 0.30000001192092896, 0.20000000298023224, 0.10000000149011612, 0.0, 0.8999999761581421, 0.8999999761581421, 0.8999999761581421, 0.8999999761581421, 0.800000011920929, 0.0]"
285,285,285,0.007319528998777969,0.09281064300012076,True,"[0.16660469770431519, 0.23346468806266785, -0.13101154565811157, 1.0034871101379395, -1.1523431539535522, 0.02305764891207218, 0.12628977000713348, 0.20841765403747559, -0.14651913940906525, 0.22166022658348083, 1.0184913873672485, 0.26646924018859863, 0.041836928576231, -0.19536684453487396]","[336.0, 2.0, 1.0, 4.0, 10.0, 935.0]","[2.0, 1.0, 0.0, 8.0, 0.0, 503.0]","[-0.08181438595056534, 0.24182261526584625, -0.10518831759691238, 0.31113409996032715, -1.1471973657608032, -0.21138539910316467, 0.031792908906936646, -0.37270641326904297, -0.43634235858917236, 0.11281786859035492, 0.06377238035202026, 0.5375479459762573, -0.1815410554409027, -0.46675050258636475, 0.30000007152557373, 0.3000001907348633, 0.2999998927116394, 0.1999998241662979, 0.10000048577785492, 0.0, 0.9037169218063354, 0.9028847217559814, 0.9029015898704529, 0.9035089015960693, 0.8032450675964355, 0.0]","[0.15660469233989716, 0.24182261526584625, -0.12101154774427414, 0.9934871196746826, -1.1471973657608032, 0.0130576491355896, 0.11628977209329605, 0.19841764867305756, -0.15651914477348328, 0.2116602212190628, 1.0084913969039917, 0.27646923065185547, 0.03183692693710327, -0.205366849899292]","[286.0, 0.3000001907348633, 0.2999998927116394, 0.19999980926513672, 0.10000038146972656, 885.0]","[0.9037169218063354, 0.9028847217559814, 0.9029015898704529, 0.9035091400146484, 0.8032450675964355, 453.0]","[-0.2121088057756424, 0.3080425262451172, -0.6244260668754578, 0.142408549785614, -1.1607321500778198, 0.02310558594763279, 0.08131296932697296, -0.8638349175453186, -0.32779252529144287, 0.7478875517845154, 1.0998523235321045, 0.004314321093261242, 0.1531464159488678, -0.12057328969240189, 0.3009999990463257, 0.29899999499320984, 0.29899999499320984, 0.1979999989271164, 1.0, 0.0, 0.8980000019073486, 0.8939999938011169, 0.8799999952316284, 0.8299999833106995, 0.800000011920929, 0.0]","[-0.27424177527427673, 0.29615163803100586, -0.5439082980155945, -0.2079460322856903, -1.1977269649505615, -0.08489477634429932, -0.0020411096047610044, -1.036455512046814, -0.30435213446617126, 0.757643461227417, 1.017696499824524, 0.05210665240883827, 0.06444521248340607, -0.1280769556760788, 0.30000001192092896, 0.30000001192092896, 0.30000001192092896, 0.20000000298023224, 0.10000000149011612, 0.0, 0.8999999761581421, 0.8999999761581421, 0.8999999761581421, 0.8999999761581421, 0.800000011920929, 0.0]"
286,286,286,0.011505913000291912,0.1135896830001002,True,"[0.16656874120235443, 0.23359651863574982, -0.12690095603466034, 1.0034751892089844, -1.1521633863449097, 0.02305764891207218, 0.12628977000713348, 0.20842964947223663, -0.14651913940906525, 0.22148047387599945, 1.0184913873672485, 0.2664932310581207, 0.041836928576231, -0.19539080560207367]","[336.0, 2.0, 1.0, 4.0, 10.0, 935.0]","[2.0, 1.0, 0.0, 8.0, 0.0, 503.0]","[-0.04485369101166725, 0.24722008407115936, -0.09555989503860474, 0.28548645973205566, -1.145499348640442, -0.20619913935661316, 0.0310496985912323, -0.3147260546684265, -0.4413776099681854, 0.10338528454303741, 0.011638879776000977, 0.5333249568939209, -0.18583491444587708, -0.43652406334877014, 0.30000007152557373, 0.3000001907348633, 0.2999998927116394, 0.1999998539686203, 0.10000048577785492, 0.0, 0.9035660028457642, 0.9027841091156006, 0.9027966260910034, 0.9033752679824829, 0.8031368255615234, 0.0]","[0.1565687358379364, 0.24359652400016785, -0.1169009581208229, 0.9934751987457275, -1.145499348640442, 0.0130576491355896, 0.11628977209329605, 0.1984296441078186, -0.15651914477348328, 0.21148046851158142, 1.0084913969039917, 0.27649322152137756, 0.03183692693710327, -0.2053908109664917]","[286.0, 0.3000001907348633, 0.2999998927116394, 0.19999980926513672, 0.10000038146972656, 885.0]","[0.9035660028457642, 0.9027841091156006, 0.9027966260910034, 0.9033751487731934, 0.8031368255615234, 453.0]","[-0.2120368927717209, 0.31004390120506287, -0.6215977668762207, 0.14225275814533234, -1.1619665622711182, 0.025478463619947433, 0.08363790810108185, -0.862085223197937, -0.3321787416934967, 0.7487504482269287, 1.0805696249008179, 0.008628642186522484, 0.15290673077106476, -0.11966248601675034, 0.3009999990463257, 0.29899999499320984, 0.29899999499320984, 0.1979999989271164, 1.0, 0.0, 0.8980000019073486, 0.8939999938011169, 0.8799999952316284, 0.8299999833106995, 0.800000011920929, 0.0]","[-0.2706036865711212, 0.29978635907173157, -0.5346016883850098, -0.21176254749298096, -1.198364496231079, -0.08267011493444443, 0.0018936750711873174, -1.0322809219360352, -0.31196141242980957, 0.755488932132721, 0.9827055931091309, 0.0605616569519043, 0.06295954436063766, -0.12881602346897125, 0.30000001192092896, 0.30000001192092896, 0.30000001192092896, 0.20000000298023224, 0.10000000149011612, 0.0, 0.8999999761581421, 0.8999999761581421, 0.8999999761581421, 0.8999999761581421, 0.800000011920929, 0.0]"
287,287,287,0.018029445000138367,0.12938989300164394,True,"[0.16660469770431519, 0.23359651863574982, -0.12559467554092407, 1.003499150276184, -1.1521035432815552, 0.02305764891207218, 0.12626579403877258, 0.20840567350387573, -0.14651913940906525, 0.2214445173740387, 1.018479347229004, 0.2664932310581207, 0.041848912835121155, -0.19537882506847382]","[336.0, 2.0, 1.0, 4.0, 10.0, 935.0]","[2.0, 1.0, 0.0, 8.0, 0.0, 503.0]","[-0.03861378878355026, 0.24633070826530457, -0.09599195420742035, 0.27045297622680664, -1.1463229656219482, -0.20482131838798523, 0.02817690372467041, -0.2953592538833618, -0.4387472867965698, 0.09998208284378052, 0.004795372486114502, 0.5275511741638184, -0.18351973593235016, -0.4447733759880066, 0.30000007152557373, 0.3000001907348633, 0.2999998927116394, 0.1999998539686203, 0.10000048577785492, 0.0, 0.9036897420883179, 0.9028923511505127, 0.9029092192649841, 0.9035122394561768, 0.8032550811767578, 0.0]","[0.15660469233989716, 0.24359652400016785, -0.11559467762708664, 0.9934991598129272, -1.1463229656219482, 0.0130576491355896, 0.11626579612493515, 0.1984056681394577, -0.15651914477348328, 0.21144451200962067, 1.008479356765747, 0.27649322152137756, 0.03184891492128372, -0.20537883043289185]","[286.0, 0.3000001907348633, 0.2999998927116394, 0.19999980926513672, 0.10000038146972656, 885.0]","[0.9036897420883179, 0.9028923511505127, 0.9029092192649841, 0.9035120010375977, 0.8032550811767578, 453.0]","[-0.21154554188251495, 0.31402266025543213, -0.6095176935195923, 0.14341522753238678, -1.163272738456726, 0.030775491148233414, 0.1023213118314743, -0.8601917624473572, -0.33917754888534546, 0.7490620017051697, 1.0366714000701904, 0.024160198867321014, 0.149599090218544, -0.11791279166936874, 0.30000001192092896, 0.29899999499320984, 0.29899999499320984, 0.20100000500679016, 1.0, 0.0, 0.8980000019073486, 0.8999999761581421, 0.8960000276565552, 0.8299999833106995, 0.800000011920929, 0.0]","[-0.2646101415157318, 0.3052413761615753, -0.523946225643158, -0.21477822959423065, -1.2000854015350342, -0.08128917217254639, 0.003410628065466881, -1.0245028734207153, -0.3222041130065918, 0.7510524988174438, 0.9425650835037231, 0.06893111020326614, 0.06139722466468811, -0.1330576241016388, 0.30000001192092896, 0.30000001192092896, 0.30000001192092896, 0.20000000298023224, 0.10000000149011612, 0.0, 0.8999999761581421, 0.8999999761581421, 0.8999999761581421, 0.8999999761581421, 0.800000011920929, 0.0]"
288,288,288,0.011151446999065229,0.11776479199943424,True,"[0.16660469770431519, 0.2337523102760315, -0.12372513860464096, 1.003499150276184, -1.1521154642105103, 0.02305764891207218, 0.12627777457237244, 0.20840567350387573, -0.1465071588754654, 0.22130070626735687, 1.0184674263000488, 0.2664932310581207, 0.041848912835121155, -0.19539080560207367]","[336.0, 2.0, 1.0, 4.0, 10.0, 935.0]","[2.0, 1.0, 0.0, 8.0, 0.0, 503.0]","[-0.029543902724981308, 0.24610280990600586, -0.086355060338974, 0.29003697633743286, -1.136261224746704, -0.20835381746292114, 0.038889020681381226, -0.28740543127059937, -0.4456821382045746, 0.10292132198810577, -0.004878878593444824, 0.5261740684509277, -0.18340474367141724, -0.4165983200073242, 0.30000007152557373, 0.3000001609325409, 0.2999998927116394, 0.1999998688697815, 0.10000046342611313, 0.0, 0.9033558368682861, 0.9025809168815613, 0.9025974273681641, 0.9031404256820679, 0.8029003739356995, 0.0]","[0.15660469233989716, 0.24375231564044952, -0.11372514069080353, 0.9934991598129272, -1.1421154737472534, 0.0130576491355896, 0.116277776658535, 0.1984056681394577, -0.15650716423988342, 0.21130070090293884, 1.008467435836792, 0.27649322152137756, 0.03184891492128372, -0.2053908109664917]","[286.0, 0.3000001907348633, 0.2999998927116394, 0.19999980926513672, 0.10000038146972656, 885.0]","[0.9033558368682861, 0.9025809168815613, 0.9025974273681641, 0.9031405448913574, 0.8029003739356995, 453.0]","[-0.2090887725353241, 0.32043421268463135, -0.5978690385818481, 0.1416894942522049, -1.1657415628433228, 0.03087136335670948, 0.10269282758235931, -0.8585858345031738, -0.35033485293388367, 0.748354971408844, 0.9944270253181458, 0.03700728714466095, 0.14456571638584137, -0.1179966852068901, 0.30000001192092896, 0.29899999499320984, 0.29899999499320984, 0.20100000500679016, 1.0, 0.0, 0.8980000019073486, 0.8999999761581421, 0.8960000276565552, 0.8299999833106995, 0.800000011920929, 0.0]","[-0.25784948468208313, 0.3110795319080353, -0.513268232345581, -0.21832089126110077, -1.2025460004806519, -0.08113759011030197, 0.007257791701704264, -1.0154728889465332, -0.33306121826171875, 0.7463468909263611, 0.8950996994972229, 0.07250571995973587, 0.0611739307641983, -0.13843700289726257, 0.30000001192092896, 0.30000001192092896, 0.30000001192092896, 0.20000000298023224, 0.10000000149011612, 0.0, 0.8999999761581421, 0.8999999761581421, 0.8999999761581421, 0.8999999761581421, 0.800000011920929, 0.0]"
289,289,289,0.009928073999617482,0.12559312200028216,True,"[0.16659271717071533, 0.2337762862443924, -0.12264656275510788, 1.0034751892089844, -1.1499223709106445, 0.023069633170962334, 0.12625381350517273, 0.20841765403747559, -0.1464831829071045, 0.2211928516626358, 1.018479347229004, 0.2665052115917206, 0.041836928576231, -0.19539080560207367]","[336.0, 2.0, 1.0, 4.0, 10.0, 935.0]","[2.0, 1.0, 0.0, 8.0, 0.0, 503.0]","[-0.02543858252465725, 0.24727395176887512, -0.09154684841632843, 0.2828165888786316, -1.1437324285507202, -0.20472583174705505, 0.02940729260444641, -0.27734559774398804, -0.44222086668014526, 0.0947856605052948, -0.0009507834911346436, 0.5286641120910645, -0.185106560587883, -0.4311511814594269, 0.30000007152557373, 0.3000001907348633, 0.2999998927116394, 0.1999998390674591, 0.10000048577785492, 0.0, 0.9035528302192688, 0.9027614593505859, 0.9027677774429321, 0.9033495187759399, 0.8031100630760193, 0.0]","[0.1565927118062973, 0.24377629160881042, -0.11264656484127045, 0.9934751987457275, -1.1437324285507202, 0.013069633394479752, 0.1162538155913353, 0.19841764867305756, -0.15648318827152252, 0.21119284629821777, 1.008479356765747, 0.2765052020549774, 0.03183692693710327, -0.2053908109664917]","[286.0, 0.3000001907348633, 0.2999998927116394, 0.19999980926513672, 0.10000038146972656, 885.0]","[0.903552770614624, 0.9027614593505859, 0.9027677774429321, 0.9033493995666504, 0.8031100630760193, 453.0]","[-0.20569723844528198, 0.3239695727825165, -0.5872989296913147, 0.14137791097164154, -1.167886734008789, 0.03357980027794838, 0.10496982932090759, -0.858202338218689, -0.35947883129119873, 0.7483309507369995, 0.9597926139831543, 0.04490489140152931, 0.14184528589248657, -0.1179966852068901, 0.30000001192092896, 0.29899999499320984, 0.29899999499320984, 0.1979999989271164, 1.0, 0.0, 0.8980000019073486, 0.8999999761581421, 0.8970000147819519, 0.8989999890327454, 0.800000011920929, 0.0]","[-0.25156334042549133, 0.315455824136734, -0.5038299560546875, -0.2204066514968872, -1.203265905380249, -0.0821194127202034, 0.008603708818554878, -1.0082634687423706, -0.3441653847694397, 0.7460564374923706, 0.837337076663971, 0.07783471047878265, 0.07625323534011841, -0.14323292672634125, 0.30000001192092896, 0.30000001192092896, 0.30000001192092896, 0.20000000298023224, 0.10000000149011612, 0.0, 0.8999999761581421, 0.8999999761581421, 0.8999999761581421, 0.8999999761581421, 0.800000011920929, 0.0]"
290,290,290,0.014283181999417138,0.1154155530002754,True,"[0.16660469770431519, 0.2337762862443924, -0.11938685178756714, 1.0034631490707397, -1.1486639976501465, 0.023069633170962334, 0.12626579403877258, 0.20841765403747559, -0.14654310047626495, 0.22094117105007172, 1.0185033082962036, 0.2664932310581207, 0.041848912835121155, -0.19540278613567352]","[336.0, 2.0, 1.0, 4.0, 10.0, 935.0]","[2.0, 1.0, 0.0, 8.0, 0.0, 503.0]","[-0.025043947622179985, 0.24876022338867188, -0.09121374785900116, 0.2713947892189026, -1.1429165601730347, -0.20602694153785706, 0.0297737717628479, -0.27097171545028687, -0.43845221400260925, 0.10125166177749634, 0.002625882625579834, 0.5272115468978882, -0.17795363068580627, -0.4254313111305237, 0.30000007152557373, 0.3000001907348633, 0.2999998927116394, 0.1999998539686203, 0.10000047832727432, 0.0, 0.9037690758705139, 0.9029537439346313, 0.9029540419578552, 0.9035748243331909, 0.8033363223075867, 0.0]","[0.15660469233989716, 0.24377629160881042, -0.1093868538737297, 0.9934631586074829, -1.1429165601730347, 0.013069633394479752, 0.11626579612493515, 0.19841764867305756, -0.15654310584068298, 0.2109411656856537, 1.0085033178329468, 0.27649322152137756, 0.03184891492128372, -0.20540279150009155]","[286.0, 0.3000001907348633, 0.2999998927116394, 0.19999980926513672, 0.10000038146972656, 885.0]","[0.9037690162658691, 0.9029537439346313, 0.9029540419578552, 0.9035749435424805, 0.8033363223075867, 453.0]","[-0.19564247131347656, 0.3244609236717224, -0.5713958740234375, 0.14035925269126892, -1.1724647283554077, 0.03465837985277176, 0.10552110522985458, -0.8541277050971985, -0.37495046854019165, 0.7483429312705994, 0.9061512351036072, 0.049195244908332825, 0.14330735802650452, -0.11861985921859741, 0.30000001192092896, 0.29899999499320984, 0.29899999499320984, 0.1979999989271164, 1.0, 0.0, 0.8980000019073486, 0.8999999761581421, 0.8970000147819519, 0.8989999890327454, 0.800000011920929, 0.0]","[-0.2429797649383545, 0.3224637508392334, -0.4919019341468811, -0.22234056890010834, -1.204013705253601, -0.08298774808645248, 0.007097510155290365, -0.9982616305351257, -0.358243465423584, 0.7442871928215027, 0.7770851254463196, 0.08104285597801208, 0.0892539918422699, -0.15128010511398315, 0.30000001192092896, 0.30000001192092896, 0.30000001192092896, 0.20000000298023224, 0.10000000149011612, 0.0, 0.8999999761581421, 0.8999999761581421, 0.8999999761581421, 0.8999999761581421, 0.800000011920929, 0.0]"
291,291,291,0.007959447000757791,0.10082249100014451,True,"[0.16659271717071533, 0.2338002473115921, -0.11658254265785217, 1.0034631490707397, -1.1485321521759033, 0.023069633170962334, 0.12627777457237244, 0.20840567350387573, -0.1465071588754654, 0.22058165073394775, 1.018479347229004, 0.26651719212532043, 0.041848912835121155, -0.19540278613567352]","[336.0, 2.0, 1.0, 4.0, 10.0, 935.0]","[2.0, 1.0, 0.0, 8.0, 0.0, 503.0]","[0.0006525963544845581, 0.2482457309961319, -0.0785733312368393, 0.28224146366119385, -1.1471896171569824, -0.20279628038406372, 0.03177490830421448, -0.21974094212055206, -0.4435316026210785, 0.08963115513324738, -0.0012361407279968262, 0.5276944637298584, -0.1844779998064041, -0.392939954996109, 0.30000007152557373, 0.3000001609325409, 0.2999998927116394, 0.1999998390674591, 0.10000045597553253, 0.0, 0.9029800295829773, 0.9022611975669861, 0.9022680521011353, 0.9027477502822876, 0.8025355935096741, 0.0]","[0.1565927118062973, 0.24380025267601013, -0.10658254474401474, 0.9934631586074829, -1.1471896171569824, 0.013069633394479752, 0.116277776658535, 0.1984056681394577, -0.15650716423988342, 0.21058164536952972, 1.008479356765747, 0.27651718258857727, 0.03184891492128372, -0.20540279150009155]","[286.0, 0.3000001907348633, 0.2999998927116394, 0.19999980926513672, 0.10000038146972656, 885.0]","[0.9029800891876221, 0.9022611975669861, 0.9022680521011353, 0.902747631072998, 0.8025355935096741, 453.0]","[-0.19232285022735596, 0.3258151412010193, -0.56186842918396, 0.14038321375846863, -1.1809135675430298, 0.03467036411166191, 0.10665960609912872, -0.8505564332008362, -0.3893674910068512, 0.7485587000846863, 0.8638229370117188, 0.05134041979908943, 0.14357101917266846, -0.11863184720277786, 0.30000001192092896, 0.29899999499320984, 0.29899999499320984, 0.19900000095367432, 1.0, 0.0, 0.8980000019073486, 0.8999999761581421, 0.8970000147819519, 0.8989999890327454, 0.800000011920929, 0.0]","[-0.2331463098526001, 0.32924824953079224, -0.4807634651660919, -0.2245662361383438, -1.2045402526855469, -0.08498545736074448, 0.006102242041379213, -0.9872879385948181, -0.3735698461532593, 0.7426106929779053, 0.7257377505302429, 0.08226120471954346, 0.09255953878164291, -0.16228698194026947, 0.30000001192092896, 0.30000001192092896, 0.30000001192092896, 0.20000000298023224, 0.10000000149011612, 0.0, 0.8999999761581421, 0.8999999761581421, 0.8999999761581421, 0.8999999761581421, 0.800000011920929, 0.0]"
292,292,292,0.008579379000366316,0.10929846900035045,True,"[0.16659271717071533, 0.2338481843471527, -0.11456919461488724, 1.0034751892089844, -1.1489635705947876, 0.02305764891207218, 0.12625381350517273, 0.20840567350387573, -0.14645922183990479, 0.21885591745376587, 1.018479347229004, 0.26651719212532043, 0.041836928576231, -0.19540278613567352]","[336.0, 2.0, 1.0, 4.0, 10.0, 935.0]","[2.0, 1.0, 0.0, 8.0, 0.0, 503.0]","[0.00938083603978157, 0.25257608294487, -0.07360297441482544, 0.27530425786972046, -1.1450419425964355, -0.20113211870193481, 0.028133690357208252, -0.2131403535604477, -0.44553834199905396, 0.08527329564094543, -0.025174260139465332, 0.5351938009262085, -0.18739162385463715, -0.39047110080718994, 0.30000007152557373, 0.3000001609325409, 0.2999998927116394, 0.1999998539686203, 0.10000047087669373, 0.0, 0.9030441045761108, 0.9023184776306152, 0.9023240804672241, 0.9028093218803406, 0.8026028871536255, 0.0]","[0.1565927118062973, 0.24384818971157074, -0.1045691967010498, 0.9934751987457275, -1.1450419425964355, 0.0130576491355896, 0.1162538155913353, 0.1984056681394577, -0.15645922720432281, 0.20885591208934784, 1.008479356765747, 0.27651718258857727, 0.03183692693710327, -0.20540279150009155]","[286.0, 0.3000001907348633, 0.2999998927116394, 0.19999980926513672, 0.10000038146972656, 885.0]","[0.9030441045761108, 0.9023184776306152, 0.9023240804672241, 0.9028091430664062, 0.8026028871536255, 453.0]","[-0.1909925937652588, 0.32831984758377075, -0.5513103008270264, 0.1389690786600113, -1.190812587738037, 0.03461044281721115, 0.10658770054578781, -0.849226176738739, -0.40096819400787354, 0.7486186027526855, 0.8254015445709229, 0.052035506814718246, 0.14914368093013763, -0.11931494623422623, 0.30000001192092896, 0.29899999499320984, 0.29899999499320984, 0.19900000095367432, 1.0, 0.0, 0.8980000019073486, 0.8999999761581421, 0.8989999890327454, 0.8989999890327454, 0.800000011920929, 0.0]","[-0.2217496782541275, 0.33420541882514954, -0.4706704318523407, -0.22933818399906158, -1.2055473327636719, -0.08467762172222137, 0.0054417140781879425, -0.9757669568061829, -0.3872026801109314, 0.74225914478302, 0.6711229681968689, 0.08944196999073029, 0.10821102559566498, -0.16963844001293182, 0.30000001192092896, 0.30000001192092896, 0.30000001192092896, 0.20000000298023224, 0.10000000149011612, 0.0, 0.8999999761581421, 0.8999999761581421, 0.8999999761581421, 0.8999999761581421, 0.800000011920929, 0.0]"
293,293,293,0.01782208099939453,0.1361698399996385,True,"[0.16659271717071533, 0.23388414084911346, -0.11234012991189957, 1.0034751892089844, -1.1488078832626343, 0.02305764891207218, 0.12625381350517273, 0.20840567350387573, -0.1464831829071045, 0.2169743925333023, 1.018479347229004, 0.26655313372612, 0.041848912835121155, -0.19540278613567352]","[336.0, 2.0, 1.0, 4.0, 10.0, 935.0]","[2.0, 1.0, 0.0, 8.0, 0.0, 503.0]","[0.011056143790483475, 0.24263788759708405, -0.07099353522062302, 0.2952255308628082, -1.146875262260437, -0.2009839117527008, 0.052286386489868164, -0.20305252075195312, -0.436802476644516, 0.09171010553836823, 0.006438612937927246, 0.544434130191803, -0.19169709086418152, -0.3603097200393677, 0.3000001013278961, 0.3000001609325409, 0.2999998927116394, 0.1999998390674591, 0.10000046342611313, 0.0, 0.9028964042663574, 0.9021896719932556, 0.9021970629692078, 0.9026620388031006, 0.8024475574493408, 0.0]","[0.1565927118062973, 0.24263788759708405, -0.10234013199806213, 0.9934751987457275, -1.146875262260437, 0.0130576491355896, 0.1162538155913353, 0.1984056681394577, -0.15648318827152252, 0.20697438716888428, 1.008479356765747, 0.27655312418937683, 0.03184891492128372, -0.20540279150009155]","[286.0, 0.3000001907348633, 0.2999998927116394, 0.19999980926513672, 0.10000038146972656, 885.0]","[0.9028964042663574, 0.9021896719932556, 0.9021970629692078, 0.9026622772216797, 0.8024475574493408, 453.0]","[-0.18808043003082275, 0.33048897981643677, -0.5341489315032959, 0.138765349984169, -1.1952706575393677, 0.034634411334991455, 0.10663563758134842, -0.8447201251983643, -0.41419878602027893, 0.7486425638198853, 0.7754992246627808, 0.05240701511502266, 0.1549200862646103, -0.12150806188583374, 0.30000001192092896, 0.29899999499320984, 0.29899999499320984, 0.19900000095367432, 1.0, 0.0, 0.8980000019073486, 0.8999999761581421, 0.8989999890327454, 0.8989999890327454, 0.800000011920929, 0.0]","[-0.20654624700546265, 0.3401558995246887, -0.45881837606430054, -0.23530377447605133, -1.2066677808761597, -0.08519012480974197, 0.0036165800411254168, -0.9560084939002991, -0.40276363492012024, 0.7369561791419983, 0.6123418211936951, 0.08768735826015472, 0.10638793557882309, -0.1785256415605545, 0.30000001192092896, 0.30000001192092896, 0.30000001192092896, 0.20000000298023224, 0.10000000149011612, 0.0, 0.8999999761581421, 0.8999999761581421, 0.8999999761581421, 0.8999999761581421, 0.800000011920929, 0.0]"
294,294,294,0.020198666999931447,0.1409737989997666,True,"[0.16658073663711548, 0.23388414084911346, -0.1068393662571907, 1.0034871101379395, -1.1488558053970337, 0.02305764891207218, 0.12625381350517273, 0.20840567350387573, -0.14647120237350464, 0.2139783352613449, 1.0184674263000488, 0.26655313372612, 0.041848912835121155, -0.19541478157043457]","[336.0, 2.0, 1.0, 4.0, 10.0, 935.0]","[2.0, 1.0, 0.0, 8.0, 0.0, 503.0]","[0.02403394505381584, 0.2514754831790924, -0.06870748102664948, 0.28500300645828247, -1.1407458782196045, -0.19797801971435547, 0.03853157162666321, -0.17955513298511505, -0.44444191455841064, 0.08612728118896484, -0.010435730218887329, 0.5460565090179443, -0.19383379817008972, -0.3547738790512085, 0.30000007152557373, 0.3000001609325409, 0.2999998927116394, 0.1999998539686203, 0.10000044107437134, 0.0, 0.9022048711776733, 0.9015727043151855, 0.9015806913375854, 0.9019215703010559, 0.8017382025718689, 0.0]","[0.15658073127269745, 0.2438841462135315, -0.09683936834335327, 0.9934871196746826, -1.1407458782196045, 0.0130576491355896, 0.1162538155913353, 0.1984056681394577, -0.15647120773792267, 0.20397832989692688, 1.008467435836792, 0.27655312418937683, 0.03184891492128372, -0.2054147869348526]","[286.0, 0.3000001907348633, 0.2999998927116394, 0.19999980926513672, 0.10000038146972656, 885.0]","[0.9022048711776733, 0.9015727043151855, 0.9015806913375854, 0.9019217491149902, 0.8017382025718689, 453.0]","[-0.1823519766330719, 0.332670122385025, -0.5185694098472595, 0.1386694759130478, -1.1966488361358643, 0.034574490040540695, 0.10662364959716797, -0.8238435983657837, -0.4397971034049988, 0.7484627962112427, 0.6916096210479736, 0.05680522695183754, 0.16537033021450043, -0.1266852468252182, 0.30000001192092896, 0.29899999499320984, 0.29899999499320984, 0.19900000095367432, 1.0, 0.0, 0.8980000019073486, 0.8999999761581421, 0.8989999890327454, 0.8989999890327454, 0.800000011920929, 0.0]","[-0.19244907796382904, 0.3454914689064026, -0.4476507008075714, -0.24086818099021912, -1.206974983215332, -0.08567025512456894, 0.002913115080446005, -0.9371166229248047, -0.4160270690917969, 0.7294396758079529, 0.5652746558189392, 0.07944167405366898, 0.09857141971588135, -0.18337970972061157, 0.30000001192092896, 0.30000001192092896, 0.30000001192092896, 0.20000000298023224, 0.10000000149011612, 0.0, 0.8999999761581421, 0.8999999761581421, 0.8999999761581421, 0.8999999761581421, 0.800000011920929, 0.0]"
295,295,295,0.010646966000422253,0.10595019799984584,True,"[0.16658073663711548, 0.2338721603155136, -0.1050177663564682, 1.0034631490707397, -1.1478850841522217, 0.023069633170962334, 0.12625381350517273, 0.20841765403747559, -0.146183580160141, 0.21047894656658173, 1.018479347229004, 0.2665770947933197, 0.041848912835121155, -0.19543874263763428]","[336.0, 2.0, 1.0, 4.0, 10.0, 935.0]","[2.0, 1.0, 0.0, 8.0, 0.0, 503.0]","[0.04675264284014702, 0.2497027963399887, -0.058948367834091187, 0.28483372926712036, -1.1302284002304077, -0.18817344307899475, 0.05345731973648071, -0.13174200057983398, -0.4502149224281311, 0.08048957586288452, -0.03267708420753479, 0.5522536039352417, -0.18717728555202484, -0.3142831027507782, 0.3000001013278961, 0.3000001013278961, 0.2999999225139618, 0.19999989867210388, 0.10000039637088776, 0.0, 0.9015415906906128, 0.9010214805603027, 0.9010472297668457, 0.9012624025344849, 0.8011021018028259, 0.0]","[0.15658073127269745, 0.24387216567993164, -0.09501776844263077, 0.9934631586074829, -1.1378850936889648, 0.013069633394479752, 0.1162538155913353, 0.19841764867305756, -0.15618358552455902, 0.2004789412021637, 1.008479356765747, 0.27657708525657654, 0.03184891492128372, -0.2054387480020523]","[286.0, 0.30000007152557373, 0.2999999523162842, 0.19999980926513672, 0.10000038146972656, 885.0]","[0.9015415906906128, 0.9010214805603027, 0.9010472297668457, 0.9012622833251953, 0.8011021018028259, 453.0]","[-0.17288443446159363, 0.33700838685035706, -0.5036730170249939, 0.1375429481267929, -1.197487711906433, 0.03455052152276039, 0.10658770054578781, -0.8091030120849609, -0.45196110010147095, 0.7476718425750732, 0.6445715427398682, 0.06216217577457428, 0.16467523574829102, -0.13192234933376312, 0.30000001192092896, 0.29899999499320984, 0.29899999499320984, 0.19900000095367432, 1.0, 0.0, 0.8980000019073486, 0.8999999761581421, 0.8989999890327454, 0.8989999890327454, 0.800000011920929, 0.0]","[-0.17803595960140228, 0.3506738245487213, -0.43622103333473206, -0.24572478234767914, -1.2102705240249634, -0.08419296145439148, 0.0008887574658729136, -0.9164466261863708, -0.42681634426116943, 0.7174767851829529, 0.5166377425193787, 0.07578178495168686, 0.09714419394731522, -0.18762321770191193, 0.30000001192092896, 0.30000001192092896, 0.30000001192092896, 0.20000000298023224, 0.10000000149011612, 0.0, 0.8999999761581421, 0.8999999761581421, 0.8999999761581421, 0.8999999761581421, 0.800000011920929, 0.0]"
296,296,296,0.006976689001021441,0.10261732199978724,True,"[0.16660469770431519, 0.23401597142219543, -0.10281267017126083, 1.0034751892089844, -1.145248532295227, 0.02305764891207218, 0.12624183297157288, 0.20841765403747559, -0.146183580160141, 0.2061166912317276, 1.0184913873672485, 0.2666010856628418, 0.041848912835121155, -0.19545072317123413]","[336.0, 2.0, 1.0, 4.0, 10.0, 935.0]","[2.0, 1.0, 0.0, 8.0, 0.0, 503.0]","[0.039140988141298294, 0.24826982617378235, -0.06060214340686798, 0.302742600440979, -1.1398767232894897, -0.19204936921596527, 0.05000826716423035, -0.15140610933303833, -0.44428032636642456, 0.08189642429351807, -0.01261928677558899, 0.558612048625946, -0.1900106817483902, -0.3248675465583801, 0.3000001013278961, 0.3000001311302185, 0.2999998927116394, 0.1999998688697815, 0.10000042617321014, 0.0, 0.901950478553772, 0.9013640880584717, 0.901374340057373, 0.9016691446304321, 0.8014981746673584, 0.0]","[0.15660469233989716, 0.24401597678661346, -0.0928126722574234, 0.9934751987457275, -1.1398767232894897, 0.0130576491355896, 0.11624183505773544, 0.19841764867305756, -0.15618358552455902, 0.19611668586730957, 1.0084913969039917, 0.27660107612609863, 0.03184891492128372, -0.20545072853565216]","[286.0, 0.3000001907348633, 0.2999998927116394, 0.19999980926513672, 0.10000038146972656, 885.0]","[0.901950478553772, 0.9013640880584717, 0.901374340057373, 0.9016690254211426, 0.8014981746673584, 453.0]","[-0.1597377359867096, 0.34078341722488403, -0.4890882074832916, 0.13741113245487213, -1.1977993249893188, 0.03455052152276039, 0.10668357461690903, -0.7965794801712036, -0.4558919072151184, 0.7461138963699341, 0.6131369471549988, 0.06508632749319077, 0.1660773903131485, -0.13398364186286926, 0.30000001192092896, 0.29899999499320984, 0.29899999499320984, 0.19900000095367432, 1.0, 0.0, 0.8980000019073486, 0.8999999761581421, 0.8989999890327454, 0.8989999890327454, 0.800000011920929, 0.0]","[-0.16192437708377838, 0.3550945818424225, -0.42355072498321533, -0.2516997158527374, -1.2117700576782227, -0.0824441984295845, -0.0003419279819354415, -0.8911077380180359, -0.4382936954498291, 0.7002851963043213, 0.46169614791870117, 0.06755240261554718, 0.09893239289522171, -0.18727928400039673, 0.30000001192092896, 0.30000001192092896, 0.30000001192092896, 0.20000000298023224, 0.10000000149011612, 0.0, 0.8999999761581421, 0.8999999761581421, 0.8999999761581421, 0.8999999761581421, 0.800000011920929, 0.0]"
297,297,297,0.01479203700000653,0.09672760700050276,True,"[0.16659271717071533, 0.2340279519557953, -0.0986781120300293, 1.0035110712051392, -1.1437984704971313, 0.023069633170962334, 0.12624183297157288, 0.20841765403747559, -0.14614762365818024, 0.20483437180519104, 1.0184674263000488, 0.2666490077972412, 0.041848912835121155, -0.19547469913959503]","[336.0, 2.0, 1.0, 4.0, 10.0, 935.0]","[2.0, 1.0, 0.0, 8.0, 0.0, 503.0]","[0.04577353969216347, 0.24516025185585022, -0.056407421827316284, 0.31015774607658386, -1.1354163885116577, -0.194294735789299, 0.055225878953933716, -0.1313733160495758, -0.44230908155441284, 0.0784965455532074, -0.006241858005523682, 0.552872359752655, -0.1942748725414276, -0.3137207329273224, 0.3000001013278961, 0.3000001311302185, 0.2999998927116394, 0.1999998688697815, 0.10000041127204895, 0.0, 0.9016762375831604, 0.9011502265930176, 0.9011698961257935, 0.9014109969139099, 0.8012496829032898, 0.0]","[0.1565927118062973, 0.24402795732021332, -0.08867811411619186, 0.9935110807418823, -1.1354163885116577, 0.013069633394479752, 0.11624183505773544, 0.19841764867305756, -0.15614762902259827, 0.194834366440773, 1.008467435836792, 0.27664899826049805, 0.03184891492128372, -0.20547470450401306]","[286.0, 0.3000001907348633, 0.2999998927116394, 0.19999980926513672, 0.10000038146972656, 885.0]","[0.9016761779785156, 0.9011502265930176, 0.9011698961257935, 0.9014110565185547, 0.8012496829032898, 453.0]","[-0.14532071352005005, 0.3452894985675812, -0.47922518849372864, 0.1365242898464203, -1.198686122894287, 0.03455052152276039, 0.10664761811494827, -0.7682127952575684, -0.46998536586761475, 0.7275024056434631, 0.5577458143234253, 0.06851381808519363, 0.16868995130062103, -0.1369916796684265, 0.30000001192092896, 0.29899999499320984, 0.29899999499320984, 0.19900000095367432, 1.0, 0.0, 0.8980000019073486, 0.8999999761581421, 0.8989999890327454, 0.8989999890327454, 0.800000011920929, 0.0]","[-0.15242651104927063, 0.35802626609802246, -0.41587695479393005, -0.25541049242019653, -1.212435007095337, -0.08186417073011398, -0.0008128215558826923, -0.8760777115821838, -0.44600486755371094, 0.6905335783958435, 0.43308761715888977, 0.062463607639074326, 0.09852622449398041, -0.18404580652713776, 0.30000001192092896, 0.30000001192092896, 0.30000001192092896, 0.20000000298023224, 0.10000000149011612, 0.0, 0.8999999761581421, 0.8999999761581421, 0.8999999761581421, 0.8999999761581421, 0.800000011920929, 0.0]"
298,298,298,0.009882489999654354,0.1287108239994268,True,"[0.16659271717071533, 0.234051913022995, -0.09380052983760834, 1.0034751892089844, -1.1426479816436768, 0.023069633170962334, 0.12622983753681183, 0.20841765403747559, -0.14617159962654114, 0.20380373299121857, 1.018479347229004, 0.2666729688644409, 0.041848912835121155, -0.19548667967319489]","[336.0, 2.0, 1.0, 4.0, 10.0, 935.0]","[2.0, 1.0, 0.0, 8.0, 0.0, 503.0]","[0.054734598845243454, 0.24195335805416107, -0.052783988416194916, 0.30625998973846436, -1.132753849029541, -0.19110725820064545, 0.06935471296310425, -0.11309972405433655, -0.43960997462272644, 0.08303849399089813, -0.00876578688621521, 0.5593153238296509, -0.1911964863538742, -0.287333607673645, 0.3000001013278961, 0.3000001013278961, 0.2999999225139618, 0.1999998837709427, 0.10000038892030716, 0.0, 0.9012251496315002, 0.9007461071014404, 0.9007677435874939, 0.9009344577789307, 0.8007811307907104, 0.0]","[0.1565927118062973, 0.24195335805416107, -0.0838005319237709, 0.9934751987457275, -1.132753849029541, 0.013069633394479752, 0.1162298396229744, 0.19841764867305756, -0.15617160499095917, 0.19380372762680054, 1.008479356765747, 0.27667295932769775, 0.03184891492128372, -0.20548668503761292]","[286.0, 0.30000007152557373, 0.2999999523162842, 0.19999980926513672, 0.10000038146972656, 885.0]","[0.9012250900268555, 0.9007461071014404, 0.9007677435874939, 0.9009342193603516, 0.8007811307907104, 453.0]","[-0.13501428067684174, 0.34786611795425415, -0.4725979268550873, 0.1345468908548355, -1.1987581253051758, 0.03449060022830963, 0.10665960609912872, -0.750380277633667, -0.4741438925266266, 0.7198444604873657, 0.5238783955574036, 0.06831008195877075, 0.1678750216960907, -0.14007163047790527, 0.30000001192092896, 0.29899999499320984, 0.29899999499320984, 0.19900000095367432, 1.0, 0.0, 0.8980000019073486, 0.8999999761581421, 0.8989999890327454, 0.8989999890327454, 0.800000011920929, 0.0]","[-0.1412351429462433, 0.36278316378593445, -0.4056222438812256, -0.25942420959472656, -1.214321494102478, -0.08132338523864746, -0.0021969887893646955, -0.8587273359298706, -0.45728880167007446, 0.6794421076774597, 0.40107813477516174, 0.058651458472013474, 0.09274938702583313, -0.1789458841085434, 0.30000001192092896, 0.30000001192092896, 0.30000001192092896, 0.20000000298023224, 0.10000000149011612, 0.0, 0.8999999761581421, 0.8999999761581421, 0.8999999761581421, 0.8999999761581421, 0.800000011920929, 0.0]"
299,299,299,0.013798965999740176,0.10354653499962296,True,"[0.16660469770431519, 0.23403993248939514, -0.08875517547130585, 1.0034631490707397, -1.1398316621780396, 0.023081617429852486, 0.12622983753681183, 0.20841765403747559, -0.14617159962654114, 0.20283301174640656, 1.018479347229004, 0.2666729688644409, 0.041836928576231, -0.19549866020679474]","[336.0, 2.0, 1.0, 4.0, 10.0, 935.0]","[2.0, 1.0, 0.0, 8.0, 0.0, 503.0]","[0.06316469609737396, 0.24430161714553833, -0.04993921518325806, 0.310016930103302, -1.1310566663742065, -0.19054965674877167, 0.06624269485473633, -0.09829564392566681, -0.44074586033821106, 0.0790264904499054, -0.01471063494682312, 0.5618457794189453, -0.19194412231445312, -0.2823623716831207, 0.3000001013278961, 0.3000001013278961, 0.2999999225139618, 0.19999989867210388, 0.10000038146972656, 0.0, 0.9010434150695801, 0.9005966186523438, 0.9006158709526062, 0.9007501602172852, 0.80061274766922, 0.0]","[0.15660469233989716, 0.24403993785381317, -0.07875517755746841, 0.9934631586074829, -1.1310566663742065, 0.013081617653369904, 0.1162298396229744, 0.19841764867305756, -0.15617160499095917, 0.19283300638198853, 1.008479356765747, 0.27667295932769775, 0.03183692693710327, -0.20549866557121277]","[286.0, 0.30000007152557373, 0.2999999523162842, 0.19999980926513672, 0.10000038146972656, 885.0]","[0.9010434150695801, 0.9005966186523438, 0.9006158709526062, 0.9007501602172852, 0.80061274766922, 453.0]","[-0.11506054550409317, 0.35643482208251953, -0.45804905891418457, 0.1288543939590454, -1.1989498138427734, 0.03461044281721115, 0.10662364959716797, -0.7328593134880066, -0.48551690578460693, 0.7066019177436829, 0.4790334403514862, 0.06822619587182999, 0.16745558381080627, -0.1423126757144928, 0.30000001192092896, 0.29899999499320984, 0.29899999499320984, 0.19900000095367432, 1.0, 0.0, 0.8980000019073486, 0.8999999761581421, 0.8989999890327454, 0.8989999890327454, 0.800000011920929, 0.0]","[-0.11775689572095871, 0.3713403344154358, -0.38499289751052856, -0.2667933404445648, -1.2204005718231201, -0.08006084710359573, -0.0024516177363693714, -0.8077846765518188, -0.4768313467502594, 0.6563422679901123, 0.3185163140296936, 0.04492242634296417, 0.08569991588592529, -0.1689351350069046, 0.30000001192092896, 0.30000001192092896, 0.30000001192092896, 0.20000000298023224, 0.10000000149011612, 0.0, 0.8999999761581421, 0.8999999761581421, 0.8999999761581421, 0.8999999761581421, 0.800000011920929, 0.0]"
