policy_step,dataset_index,dataset_frame,inference_s,action_source,loop_s,sent_to_robot,arm_state,left_hand_state,right_hand_state,predicted_action,limited_arm,limited_left_hand,limited_right_hand,dataset_state,dataset_action
0,0,0,0.0,dataset,0.07576718400014215,False,"[0.17199760675430298, 0.23300929367542267, -0.08734103292226791, 1.0049731731414795, -1.1397956609725952, 0.024843299761414528, 0.12839898467063904, 0.21449366211891174, -0.13823804259300232, 0.20483437180519104, 1.0208642482757568, 0.2660498023033142, 0.043838296085596085, -0.1929340362548828]","[336.0, 2.0, 1.0, 4.0, 10.0, 935.0]","[2.0, 0.0, 0.0, 8.0, 0.0, 503.0]","[0.24442234635353088, 0.28508755564689636, -0.13917025923728943, -0.055223532021045685, -1.1037503480911255, -0.2001938819885254, 0.139725923538208, 0.2734237611293793, -0.4169085919857025, 0.2973143756389618, 0.24402667582035065, 0.47058749198913574, -0.16312283277511597, 0.12246698141098022, 0.30000001192092896, 0.30000001192092896, 0.30000001192092896, 0.20000000298023224, 0.10000000149011612, 0.0, 0.8999999761581421, 0.8999999761581421, 0.8999999761581421, 0.8999999761581421, 0.800000011920929, 0.0]","[0.19199760258197784, 0.25300928950309753, -0.10734103620052338, 0.9849731922149658, -1.1197956800460815, 0.004843300208449364, 0.139725923538208, 0.2344936579465866, -0.15823803842067719, 0.2248343676328659, 1.0008642673492432, 0.28604981303215027, 0.02383829653263092, -0.17293404042720795]","[256.0, 0.2999999523162842, 0.30000001192092896, 0.20000004768371582, 0.10000038146972656, 855.0]","[0.8999999761581421, 0.8999999761581421, 0.8999999761581421, 0.9000000953674316, 0.800000011920929, 423.0]","[0.36773595213890076, 0.2125042825937271, -0.19506722688674927, 0.13865748047828674, -1.1988658905029297, -0.09092431515455246, 0.2910129427909851, 0.34811776876449585, -0.39933836460113525, 0.2565223276615143, 0.258667528629303, 0.43556666374206543, -0.10707905143499374, 0.08358997106552124, 0.30000001192092896, 0.29899999499320984, 0.29899999499320984, 0.19900000095367432, 1.0, 0.0, 0.8980000019073486, 0.8989999890327454, 0.8999999761581421, 0.8999999761581421, 0.8009999990463257, 0.0]","[0.24442234635353088, 0.28508755564689636, -0.13917025923728943, -0.055223532021045685, -1.1037503480911255, -0.2001938819885254, 0.139725923538208, 0.2734237611293793, -0.4169085919857025, 0.2973143756389618, 0.24402667582035065, 0.47058749198913574, -0.16312283277511597, 0.12246698141098022, 0.30000001192092896, 0.30000001192092896, 0.30000001192092896, 0.20000000298023224, 0.10000000149011612, 0.0, 0.8999999761581421, 0.8999999761581421, 0.8999999761581421, 0.8999999761581421, 0.800000011920929, 0.0]"
1,1,1,0.0,dataset,0.06550565199904668,False,"[0.17197363078594208, 0.23299731314182281, -0.08735302090644836, 1.0049850940704346, -1.1397837400436401, 0.024843299761414528, 0.12838700413703918, 0.2145056426525116, -0.13823804259300232, 0.20483437180519104, 1.020876169204712, 0.2660498023033142, 0.04381432756781578, -0.19292205572128296]","[336.0, 2.0, 1.0, 4.0, 10.0, 935.0]","[2.0, 0.0, 0.0, 8.0, 0.0, 503.0]","[0.24684642255306244, 0.28463566303253174, -0.1363241970539093, -0.06041140854358673, -1.1018574237823486, -0.1937672197818756, 0.13669143617153168, 0.27452579140663147, -0.41791626811027527, 0.29724210500717163, 0.24438706040382385, 0.4686964154243469, -0.16210435330867767, 0.12461793422698975, 0.30000001192092896, 0.30000001192092896, 0.30000001192092896, 0.20000000298023224, 0.10000000149011612, 0.0, 0.8999999761581421, 0.8999999761581421, 0.8999999761581421, 0.8999999761581421, 0.800000011920929, 0.0]","[0.19197362661361694, 0.2529973089694977, -0.10735301673412323, 0.9849851131439209, -1.1197837591171265, 0.004843300208449364, 0.13669143617153168, 0.23450563848018646, -0.15823803842067719, 0.2248343676328659, 1.0008761882781982, 0.28604981303215027, 0.023814328014850616, -0.1729220598936081]","[256.0, 0.2999999523162842, 0.30000001192092896, 0.20000004768371582, 0.10000038146972656, 855.0]","[0.8999999761581421, 0.8999999761581421, 0.8999999761581421, 0.9000000953674316, 0.800000011920929, 423.0]","[0.36773595213890076, 0.21249230206012726, -0.195235013961792, 0.1386454999446869, -1.1988658905029297, -0.09092431515455246, 0.2908931076526642, 0.3480578660964966, -0.39961397647857666, 0.2585356831550598, 0.25927871465682983, 0.43553072214126587, -0.10392720252275467, 0.08474045991897583, 0.30000001192092896, 0.29899999499320984, 0.29899999499320984, 0.19900000095367432, 1.0, 0.0, 0.8980000019073486, 0.8989999890327454, 0.8999999761581421, 0.8999999761581421, 0.8009999990463257, 0.0]","[0.24684642255306244, 0.28463566303253174, -0.1363241970539093, -0.06041140854358673, -1.1018574237823486, -0.1937672197818756, 0.13669143617153168, 0.27452579140663147, -0.41791626811027527, 0.29724210500717163, 0.24438706040382385, 0.4686964154243469, -0.16210435330867767, 0.12461793422698975, 0.30000001192092896, 0.30000001192092896, 0.30000001192092896, 0.20000000298023224, 0.10000000149011612, 0.0, 0.8999999761581421, 0.8999999761581421, 0.8999999761581421, 0.8999999761581421, 0.800000011920929, 0.0]"
2,2,2,0.0,dataset,0.08448803300052532,False,"[0.17200958728790283, 0.23300929367542267, -0.08735302090644836, 1.0049850940704346, -1.1397358179092407, 0.024843299761414528, 0.12839898467063904, 0.2145056426525116, -0.13825002312660217, 0.20483437180519104, 1.0208882093429565, 0.2660498023033142, 0.04381432756781578, -0.1929100751876831]","[336.0, 2.0, 1.0, 4.0, 10.0, 935.0]","[2.0, 1.0, 0.0, 8.0, 0.0, 503.0]","[0.24689100682735443, 0.2846303880214691, -0.1363029032945633, -0.0604422353208065, -1.1018520593643188, -0.19374361634254456, 0.13668397068977356, 0.2745389938354492, -0.4179222583770752, 0.29726067185401917, 0.2443813979625702, 0.4686882495880127, -0.1621003895998001, 0.12461652606725693, 0.30000001192092896, 0.30000001192092896, 0.30000001192092896, 0.20000000298023224, 0.10000000149011612, 0.0, 0.8999999761581421, 0.8999999761581421, 0.8999999761581421, 0.8999999761581421, 0.800000011920929, 0.0]","[0.1920095831155777, 0.25300928950309753, -0.10735301673412323, 0.9849851131439209, -1.119735836982727, 0.004843300208449364, 0.13668397068977356, 0.23450563848018646, -0.15825001895427704, 0.2248343676328659, 1.0008882284164429, 0.28604981303215027, 0.023814328014850616, -0.17291007936000824]","[256.0, 0.2999999523162842, 0.30000001192092896, 0.20000004768371582, 0.10000038146972656, 855.0]","[0.8999999761581421, 0.8999999761581421, 0.8999999761581421, 0.9000000953674316, 0.800000011920929, 423.0]","[0.36775991320610046, 0.21252824366092682, -0.19531890749931335, 0.1387174129486084, -1.1988658905029297, -0.0908883661031723, 0.2907852530479431, 0.3480818271636963, -0.39984169602394104, 0.25965023040771484, 0.2595663368701935, 0.4355546832084656, -0.10284861922264099, 0.08504006266593933, 0.30000001192092896, 0.29899999499320984, 0.29899999499320984, 0.19900000095367432, 1.0, 0.0, 0.8980000019073486, 0.8989999890327454, 0.8999999761581421, 0.8999999761581421, 0.8009999990463257, 0.0]","[0.24689100682735443, 0.2846303880214691, -0.1363029032945633, -0.0604422353208065, -1.1018520593643188, -0.19374361634254456, 0.13668397068977356, 0.2745389938354492, -0.4179222583770752, 0.29726067185401917, 0.2443813979625702, 0.4686882495880127, -0.1621003895998001, 0.12461652606725693, 0.30000001192092896, 0.30000001192092896, 0.30000001192092896, 0.20000000298023224, 0.10000000149011612, 0.0, 0.8999999761581421, 0.8999999761581421, 0.8999999761581421, 0.8999999761581421, 0.800000011920929, 0.0]"
3,3,3,0.0,dataset,0.0698927849989559,False,"[0.17200958728790283, 0.23299731314182281, -0.08732905238866806, 1.0049850940704346, -1.1397956609725952, 0.02485528402030468, 0.12839898467063904, 0.2145056426525116, -0.13823804259300232, 0.20483437180519104, 1.0208882093429565, 0.26606178283691406, 0.04381432756781578, -0.19292205572128296]","[336.0, 2.0, 1.0, 4.0, 10.0, 935.0]","[2.0, 0.0, 0.0, 8.0, 0.0, 503.0]","[0.24807719886302948, 0.28516489267349243, -0.14065061509609222, -0.06366798281669617, -1.1009148359298706, -0.201852485537529, 0.13203182816505432, 0.276168555021286, -0.41826769709587097, 0.29840776324272156, 0.2408219873905182, 0.466248095035553, -0.16178582608699799, 0.12428159266710281, 0.30000001192092896, 0.30000001192092896, 0.30000001192092896, 0.20000000298023224, 0.10000000149011612, 0.0, 0.8999999761581421, 0.8999999761581421, 0.8999999761581421, 0.8999999761581421, 0.800000011920929, 0.0]","[0.1920095831155777, 0.2529973089694977, -0.10732905566692352, 0.9849851131439209, -1.1197956800460815, 0.004855284467339516, 0.13203182816505432, 0.23450563848018646, -0.15823803842067719, 0.2248343676328659, 1.0008882284164429, 0.2860617935657501, 0.023814328014850616, -0.1729220598936081]","[256.0, 0.2999999523162842, 0.30000001192092896, 0.20000004768371582, 0.10000038146972656, 855.0]","[0.8999999761581421, 0.8999999761581421, 0.8999999761581421, 0.9000000953674316, 0.800000011920929, 423.0]","[0.3681793808937073, 0.2125042825937271, -0.19537882506847382, 0.13887320458889008, -1.1988539695739746, -0.09076852351427078, 0.2907373011112213, 0.348105788230896, -0.3998536765575409, 0.2610164284706116, 0.25985395908355713, 0.435518741607666, -0.0986781120300293, 0.08531569689512253, 0.30000001192092896, 0.29899999499320984, 0.29899999499320984, 0.19900000095367432, 1.0, 0.0, 0.8980000019073486, 0.8989999890327454, 0.8999999761581421, 0.8999999761581421, 0.8009999990463257, 0.0]","[0.24807719886302948, 0.28516489267349243, -0.14065061509609222, -0.06366798281669617, -1.1009148359298706, -0.201852485537529, 0.13203182816505432, 0.276168555021286, -0.41826769709587097, 0.29840776324272156, 0.2408219873905182, 0.466248095035553, -0.16178582608699799, 0.12428159266710281, 0.30000001192092896, 0.30000001192092896, 0.30000001192092896, 0.20000000298023224, 0.10000000149011612, 0.0, 0.8999999761581421, 0.8999999761581421, 0.8999999761581421, 0.8999999761581421, 0.800000011920929, 0.0]"
4,4,4,0.0,dataset,0.1672676500002126,False,"[0.17198561131954193, 0.23299731314182281, -0.08732905238866806, 1.0049971342086792, -1.1397477388381958, 0.024843299761414528, 0.12839898467063904, 0.2145056426525116, -0.13823804259300232, 0.2048223912715912, 1.0208882093429565, 0.2660258412361145, 0.04380234330892563, -0.19292205572128296]","[336.0, 2.0, 1.0, 4.0, 10.0, 935.0]","[2.0, 0.0, 0.0, 8.0, 0.0, 503.0]","[0.25130826234817505, 0.28666701912879944, -0.14098431169986725, -0.06589779257774353, -1.1020902395248413, -0.2014167308807373, 0.13018003106117249, 0.27710941433906555, -0.42045536637306213, 0.29764172434806824, 0.24073772132396698, 0.4670392572879791, -0.16246454417705536, 0.12703220546245575, 0.30000001192092896, 0.30000001192092896, 0.30000001192092896, 0.20000000298023224, 0.10000000149011612, 0.0, 0.8999999761581421, 0.8999999761581421, 0.8999999761581421, 0.8999999761581421, 0.800000011920929, 0.0]","[0.1919856071472168, 0.2529973089694977, -0.10732905566692352, 0.9849971532821655, -1.1197477579116821, 0.004843300208449364, 0.13018003106117249, 0.23450563848018646, -0.15823803842067719, 0.22482238709926605, 1.0008882284164429, 0.28602585196495056, 0.023802343755960464, -0.1729220598936081]","[256.0, 0.2999999523162842, 0.30000001192092896, 0.20000004768371582, 0.10000038146972656, 855.0]","[0.8999999761581421, 0.8999999761581421, 0.8999999761581421, 0.9000000953674316, 0.800000011920929, 423.0]","[0.36868271231651306, 0.21251626312732697, -0.19572636485099792, 0.13893312215805054, -1.1988539695739746, -0.09076852351427078, 0.29062944650650024, 0.3481297492980957, -0.3999974727630615, 0.26222681999206543, 0.2602614164352417, 0.4354947507381439, -0.09526260942220688, 0.08536363393068314, 0.30000001192092896, 0.29899999499320984, 0.29899999499320984, 0.19900000095367432, 1.0, 0.0, 0.8980000019073486, 0.8989999890327454, 0.8999999761581421, 0.8999999761581421, 0.8009999990463257, 0.0]","[0.25130826234817505, 0.28666701912879944, -0.14098431169986725, -0.06589779257774353, -1.1020902395248413, -0.2014167308807373, 0.13018003106117249, 0.27710941433906555, -0.42045536637306213, 0.29764172434806824, 0.24073772132396698, 0.4670392572879791, -0.16246454417705536, 0.12703220546245575, 0.30000001192092896, 0.30000001192092896, 0.30000001192092896, 0.20000000298023224, 0.10000000149011612, 0.0, 0.8999999761581421, 0.8999999761581421, 0.8999999761581421, 0.8999999761581421, 0.800000011920929, 0.0]"
5,5,5,0.0,dataset,0.08242645399877802,False,"[0.17199760675430298, 0.23299731314182281, -0.08735302090644836, 1.0049971342086792, -1.1397956609725952, 0.024831315502524376, 0.12839898467063904, 0.2145056426525116, -0.13826200366020203, 0.20483437180519104, 1.020876169204712, 0.26603782176971436, 0.04381432756781578, -0.19292205572128296]","[336.0, 2.0, 0.0, 4.0, 10.0, 935.0]","[2.0, 0.0, 0.0, 8.0, 0.0, 503.0]","[0.2549981474876404, 0.2870613932609558, -0.14092257618904114, -0.06805554032325745, -1.1065564155578613, -0.2047654092311859, 0.12537433207035065, 0.2792743444442749, -0.4217317998409271, 0.2964577376842499, 0.2388928234577179, 0.4631003141403198, -0.16382800042629242, 0.13129085302352905, 0.30000001192092896, 0.30000001192092896, 0.30000001192092896, 0.20000000298023224, 0.10000000149011612, 0.0, 0.8999999761581421, 0.8999999761581421, 0.8999999761581421, 0.8999999761581421, 0.800000011920929, 0.0]","[0.19199760258197784, 0.2529973089694977, -0.10735301673412323, 0.9849971532821655, -1.1197956800460815, 0.004831315949559212, 0.12537433207035065, 0.23450563848018646, -0.1582619994878769, 0.2248343676328659, 1.0008761882781982, 0.2860378324985504, 0.023814328014850616, -0.1729220598936081]","[256.0, 0.2999999523162842, 0.30000001192092896, 0.20000004768371582, 0.10000038146972656, 855.0]","[0.8999999761581421, 0.8999999761581421, 0.8999999761581421, 0.9000000953674316, 0.800000011920929, 423.0]","[0.3686227798461914, 0.21254023909568787, -0.19567842781543732, 0.13887320458889008, -1.19884192943573, -0.09079249203205109, 0.2885202169418335, 0.3476743698120117, -0.4002012312412262, 0.26253843307495117, 0.26020148396492004, 0.4355067312717438, -0.09521467238664627, 0.0860946774482727, 0.30000001192092896, 0.29899999499320984, 0.29899999499320984, 0.19900000095367432, 1.0, 0.0, 0.8980000019073486, 0.8989999890327454, 0.8999999761581421, 0.8999999761581421, 0.8009999990463257, 0.0]","[0.2549981474876404, 0.2870613932609558, -0.14092257618904114, -0.06805554032325745, -1.1065564155578613, -0.2047654092311859, 0.12537433207035065, 0.2792743444442749, -0.4217317998409271, 0.2964577376842499, 0.2388928234577179, 0.4631003141403198, -0.16382800042629242, 0.13129085302352905, 0.30000001192092896, 0.30000001192092896, 0.30000001192092896, 0.20000000298023224, 0.10000000149011612, 0.0, 0.8999999761581421, 0.8999999761581421, 0.8999999761581421, 0.8999999761581421, 0.800000011920929, 0.0]"
6,6,6,0.0,dataset,0.07696531400142703,False,"[0.17197363078594208, 0.23299731314182281, -0.08735302090644836, 1.0049971342086792, -1.1397956609725952, 0.024843299761414528, 0.12839898467063904, 0.21451763808727264, -0.13822604715824127, 0.20483437180519104, 1.0209002494812012, 0.26603782176971436, 0.04381432756781578, -0.1929100751876831]","[336.0, 1.0, 1.0, 4.0, 10.0, 935.0]","[2.0, 1.0, 0.0, 8.0, 0.0, 503.0]","[0.25489333271980286, 0.2874063551425934, -0.1409178376197815, -0.06747577339410782, -1.1075489521026611, -0.20959724485874176, 0.12356153130531311, 0.2808116674423218, -0.4227813482284546, 0.29641422629356384, 0.23240554332733154, 0.4568215310573578, -0.16366742551326752, 0.1350734531879425, 0.30000001192092896, 0.30000001192092896, 0.30000001192092896, 0.20000000298023224, 0.10000000149011612, 0.0, 0.8999999761581421, 0.8999999761581421, 0.8999999761581421, 0.8999999761581421, 0.800000011920929, 0.0]","[0.19197362661361694, 0.2529973089694977, -0.10735301673412323, 0.9849971532821655, -1.1197956800460815, 0.004843300208449364, 0.12356153130531311, 0.2345176339149475, -0.15822604298591614, 0.2248343676328659, 1.0009002685546875, 0.2860378324985504, 0.023814328014850616, -0.17291007936000824]","[256.0, 0.30000001192092896, 0.30000001192092896, 0.20000004768371582, 0.10000038146972656, 855.0]","[0.8999999761581421, 0.8999999761581421, 0.8999999761581421, 0.9000000953674316, 0.800000011920929, 423.0]","[0.3686707317829132, 0.21254023909568787, -0.19606192409992218, 0.13888518512248993, -1.1988539695739746, -0.09080447256565094, 0.28740569949150085, 0.34744665026664734, -0.4011719524860382, 0.26253843307495117, 0.2602134943008423, 0.4354468286037445, -0.09520268440246582, 0.0869215875864029, 0.30000001192092896, 0.29899999499320984, 0.29899999499320984, 0.19900000095367432, 1.0, 0.0, 0.8980000019073486, 0.8989999890327454, 0.8999999761581421, 0.8999999761581421, 0.8009999990463257, 0.0]","[0.25489333271980286, 0.2874063551425934, -0.1409178376197815, -0.06747577339410782, -1.1075489521026611, -0.20959724485874176, 0.12356153130531311, 0.2808116674423218, -0.4227813482284546, 0.29641422629356384, 0.23240554332733154, 0.4568215310573578, -0.16366742551326752, 0.1350734531879425, 0.30000001192092896, 0.30000001192092896, 0.30000001192092896, 0.20000000298023224, 0.10000000149011612, 0.0, 0.8999999761581421, 0.8999999761581421, 0.8999999761581421, 0.8999999761581421, 0.800000011920929, 0.0]"
7,7,7,0.0,dataset,0.0642618180008867,False,"[0.17199760675430298, 0.23299731314182281, -0.08735302090644836, 1.0049971342086792, -1.1397597789764404, 0.024843299761414528, 0.12839898467063904, 0.2145056426525116, -0.13825002312660217, 0.20481041073799133, 1.0208882093429565, 0.2660498023033142, 0.04381432756781578, -0.19292205572128296]","[336.0, 2.0, 1.0, 4.0, 10.0, 935.0]","[2.0, 1.0, 0.0, 8.0, 0.0, 503.0]","[0.25315022468566895, 0.2873590886592865, -0.14541850984096527, -0.06472344696521759, -1.104962706565857, -0.21491335332393646, 0.12630820274353027, 0.27968114614486694, -0.4240519106388092, 0.2986530065536499, 0.23073317110538483, 0.45636704564094543, -0.16286036372184753, 0.1347084641456604, 0.30000001192092896, 0.30000001192092896, 0.30000001192092896, 0.20000000298023224, 0.10000000149011612, 0.0, 0.8999999761581421, 0.8999999761581421, 0.8999999761581421, 0.8999999761581421, 0.800000011920929, 0.0]","[0.19199760258197784, 0.2529973089694977, -0.10735301673412323, 0.9849971532821655, -1.1197597980499268, 0.004843300208449364, 0.12630820274353027, 0.23450563848018646, -0.15825001895427704, 0.2248104065656662, 1.0008882284164429, 0.28604981303215027, 0.023814328014850616, -0.1729220598936081]","[256.0, 0.2999999523162842, 0.30000001192092896, 0.20000004768371582, 0.10000038146972656, 855.0]","[0.8999999761581421, 0.8999999761581421, 0.8999999761581421, 0.9000000953674316, 0.800000011920929, 423.0]","[0.3686946928501129, 0.21254023909568787, -0.19609788060188293, 0.13893312215805054, -1.1988779306411743, -0.09080447256565094, 0.2874176800251007, 0.34809380769729614, -0.4016273319721222, 0.262550413608551, 0.2602134943008423, 0.4351711869239807, -0.09515474736690521, 0.08778444677591324, 0.30000001192092896, 0.29899999499320984, 0.29899999499320984, 0.19900000095367432, 1.0, 0.0, 0.8980000019073486, 0.8989999890327454, 0.8999999761581421, 0.8999999761581421, 0.8009999990463257, 0.0]","[0.25315022468566895, 0.2873590886592865, -0.14541850984096527, -0.06472344696521759, -1.104962706565857, -0.21491335332393646, 0.12630820274353027, 0.27968114614486694, -0.4240519106388092, 0.2986530065536499, 0.23073317110538483, 0.45636704564094543, -0.16286036372184753, 0.1347084641456604, 0.30000001192092896, 0.30000001192092896, 0.30000001192092896, 0.20000000298023224, 0.10000000149011612, 0.0, 0.8999999761581421, 0.8999999761581421, 0.8999999761581421, 0.8999999761581421, 0.800000011920929, 0.0]"
8,8,8,0.0,dataset,0.07361232800030848,False,"[0.17198561131954193, 0.23299731314182281, -0.08734103292226791, 1.0049971342086792, -1.139819622039795, 0.024843299761414528, 0.12841098010540009, 0.21449366211891174, -0.13823804259300232, 0.2048463672399521, 1.020876169204712, 0.2660258412361145, 0.04381432756781578, -0.19292205572128296]","[336.0, 2.0, 1.0, 4.0, 10.0, 935.0]","[2.0, 0.0, 0.0, 8.0, 0.0, 503.0]","[0.25268545746803284, 0.28890952467918396, -0.14564628899097443, -0.06276678293943405, -1.1094121932983398, -0.21706220507621765, 0.12585130333900452, 0.2802010178565979, -0.427080899477005, 0.29866084456443787, 0.22760653495788574, 0.45402583479881287, -0.16312015056610107, 0.13579297065734863, 0.30000001192092896, 0.30000001192092896, 0.30000001192092896, 0.20000000298023224, 0.10000000149011612, 0.0, 0.8999999761581421, 0.8999999761581421, 0.8999999761581421, 0.8999999761581421, 0.800000011920929, 0.0]","[0.1919856071472168, 0.2529973089694977, -0.10734103620052338, 0.9849971532821655, -1.1198196411132812, 0.004843300208449364, 0.12585130333900452, 0.2344936579465866, -0.15823803842067719, 0.22484636306762695, 1.0008761882781982, 0.28602585196495056, 0.023814328014850616, -0.1729220598936081]","[256.0, 0.2999999523162842, 0.30000001192092896, 0.20000004768371582, 0.10000038146972656, 855.0]","[0.8999999761581421, 0.8999999761581421, 0.8999999761581421, 0.9000000953674316, 0.800000011920929, 423.0]","[0.3686946928501129, 0.21256420016288757, -0.19633756577968597, 0.13895709812641144, -1.1988779306411743, -0.090864397585392, 0.28740569949150085, 0.3479020595550537, -0.40392830967903137, 0.263005793094635, 0.26020148396492004, 0.4349434971809387, -0.09499895572662354, 0.09199091047048569, 0.30000001192092896, 0.29899999499320984, 0.29899999499320984, 0.19900000095367432, 1.0, 0.0, 0.8980000019073486, 0.8989999890327454, 0.8999999761581421, 0.8999999761581421, 0.8009999990463257, 0.0]","[0.25268545746803284, 0.28890952467918396, -0.14564628899097443, -0.06276678293943405, -1.1094121932983398, -0.21706220507621765, 0.12585130333900452, 0.2802010178565979, -0.427080899477005, 0.29866084456443787, 0.22760653495788574, 0.45402583479881287, -0.16312015056610107, 0.13579297065734863, 0.30000001192092896, 0.30000001192092896, 0.30000001192092896, 0.20000000298023224, 0.10000000149011612, 0.0, 0.8999999761581421, 0.8999999761581421, 0.8999999761581421, 0.8999999761581421, 0.800000011920929, 0.0]"
9,9,9,0.0,dataset,0.06494940199991106,False,"[0.17198561131954193, 0.23302127420902252, -0.08735302090644836, 1.0049971342086792, -1.1397597789764404, 0.024843299761414528, 0.12838700413703918, 0.2145056426525116, -0.13822604715824127, 0.2048223912715912, 1.0208882093429565, 0.2660498023033142, 0.04382631182670593, -0.1929100751876831]","[336.0, 1.0, 1.0, 4.0, 10.0, 935.0]","[2.0, 0.0, 0.0, 8.0, 0.0, 503.0]","[0.252299964427948, 0.28918129205703735, -0.14630362391471863, -0.06224444508552551, -1.1108037233352661, -0.21874727308750153, 0.12717337906360626, 0.2800115942955017, -0.42830541729927063, 0.29901713132858276, 0.22527562081813812, 0.45009419322013855, -0.16269159317016602, 0.13778527081012726, 0.30000001192092896, 0.30000001192092896, 0.30000001192092896, 0.20000000298023224, 0.10000000149011612, 0.0, 0.8999999761581421, 0.8999999761581421, 0.8999999761581421, 0.8999999761581421, 0.800000011920929, 0.0]","[0.1919856071472168, 0.2530212700366974, -0.10735301673412323, 0.9849971532821655, -1.1197597980499268, 0.004843300208449364, 0.12717337906360626, 0.23450563848018646, -0.15822604298591614, 0.22482238709926605, 1.0008882284164429, 0.28604981303215027, 0.02382631227374077, -0.17291007936000824]","[256.0, 0.30000001192092896, 0.30000001192092896, 0.20000004768371582, 0.10000038146972656, 855.0]","[0.8999999761581421, 0.8999999761581421, 0.8999999761581421, 0.9000000953674316, 0.800000011920929, 423.0]","[0.3686946928501129, 0.21257618069648743, -0.19662518799304962, 0.1389690786600113, -1.1988779306411743, -0.090864397585392, 0.28740569949150085, 0.3477103114128113, -0.4057978391647339, 0.2632574737071991, 0.2601895034313202, 0.4349434971809387, -0.09499895572662354, 0.09417204558849335, 0.30000001192092896, 0.29899999499320984, 0.29899999499320984, 0.19900000095367432, 1.0, 0.0, 0.8980000019073486, 0.8989999890327454, 0.8999999761581421, 0.8999999761581421, 0.8009999990463257, 0.0]","[0.252299964427948, 0.28918129205703735, -0.14630362391471863, -0.06224444508552551, -1.1108037233352661, -0.21874727308750153, 0.12717337906360626, 0.2800115942955017, -0.42830541729927063, 0.29901713132858276, 0.22527562081813812, 0.45009419322013855, -0.16269159317016602, 0.13778527081012726, 0.30000001192092896, 0.30000001192092896, 0.30000001192092896, 0.20000000298023224, 0.10000000149011612, 0.0, 0.8999999761581421, 0.8999999761581421, 0.8999999761581421, 0.8999999761581421, 0.800000011920929, 0.0]"
10,10,10,0.0,dataset,0.07781059700027981,False,"[0.17198561131954193, 0.23299731314182281, -0.08732905238866806, 1.0049850940704346, -1.1397956609725952, 0.024843299761414528, 0.12838700413703918, 0.2145056426525116, -0.13822604715824127, 0.2048463672399521, 1.0208882093429565, 0.2660498023033142, 0.04381432756781578, -0.1929100751876831]","[336.0, 2.0, 1.0, 4.0, 10.0, 935.0]","[2.0, 1.0, 0.0, 8.0, 0.0, 503.0]","[0.25082939863204956, 0.28751885890960693, -0.1458432972431183, -0.0598161406815052, -1.109033226966858, -0.21911953389644623, 0.1271352916955948, 0.27719858288764954, -0.42869555950164795, 0.2998352348804474, 0.22691300511360168, 0.4493473470211029, -0.16358830034732819, 0.13994048535823822, 0.30000001192092896, 0.30000001192092896, 0.30000001192092896, 0.20000000298023224, 0.10000000149011612, 0.0, 0.8999999761581421, 0.8999999761581421, 0.8999999761581421, 0.8999999761581421, 0.800000011920929, 0.0]","[0.1919856071472168, 0.2529973089694977, -0.10732905566692352, 0.9849851131439209, -1.1197956800460815, 0.004843300208449364, 0.1271352916955948, 0.23450563848018646, -0.15822604298591614, 0.22484636306762695, 1.0008882284164429, 0.28604981303215027, 0.023814328014850616, -0.17291007936000824]","[256.0, 0.2999999523162842, 0.30000001192092896, 0.20000004768371582, 0.10000038146972656, 855.0]","[0.8999999761581421, 0.8999999761581421, 0.8999999761581421, 0.9000000953674316, 0.800000011920929, 423.0]","[0.3686946928501129, 0.21260015666484833, -0.19734424352645874, 0.13895709812641144, -1.1988658905029297, -0.09087637811899185, 0.2874176800251007, 0.3476863503456116, -0.4099084436893463, 0.26331740617752075, 0.2601895034313202, 0.43473976850509644, -0.09499895572662354, 0.09741976857185364, 0.30000001192092896, 0.29899999499320984, 0.29899999499320984, 0.19900000095367432, 1.0, 0.0, 0.8980000019073486, 0.8989999890327454, 0.8999999761581421, 0.8999999761581421, 0.8009999990463257, 0.0]","[0.25082939863204956, 0.28751885890960693, -0.1458432972431183, -0.0598161406815052, -1.109033226966858, -0.21911953389644623, 0.1271352916955948, 0.27719858288764954, -0.42869555950164795, 0.2998352348804474, 0.22691300511360168, 0.4493473470211029, -0.16358830034732819, 0.13994048535823822, 0.30000001192092896, 0.30000001192092896, 0.30000001192092896, 0.20000000298023224, 0.10000000149011612, 0.0, 0.8999999761581421, 0.8999999761581421, 0.8999999761581421, 0.8999999761581421, 0.800000011920929, 0.0]"
11,11,11,0.0,dataset,0.06313034500089998,False,"[0.17198561131954193, 0.23299731314182281, -0.08735302090644836, 1.0049850940704346, -1.1397837400436401, 0.02485528402030468, 0.12839898467063904, 0.2145056426525116, -0.13822604715824127, 0.20485834777355194, 1.0208882093429565, 0.2660737633705139, 0.04381432756781578, -0.19292205572128296]","[336.0, 2.0, 1.0, 4.0, 10.0, 935.0]","[2.0, 0.0, 0.0, 8.0, 0.0, 503.0]","[0.2499750852584839, 0.2862946391105652, -0.1455591470003128, -0.06044862046837807, -1.1060444116592407, -0.21826070547103882, 0.13016201555728912, 0.276179701089859, -0.42830049991607666, 0.3010003864765167, 0.22661350667476654, 0.4477982819080353, -0.16427814960479736, 0.14191170036792755, 0.30000001192092896, 0.30000001192092896, 0.30000001192092896, 0.20000000298023224, 0.10000000149011612, 0.0, 0.8999999761581421, 0.8999999761581421, 0.8999999761581421, 0.8999999761581421, 0.800000011920929, 0.0]","[0.1919856071472168, 0.2529973089694977, -0.10735301673412323, 0.9849851131439209, -1.1197837591171265, 0.004855284467339516, 0.13016201555728912, 0.23450563848018646, -0.15822604298591614, 0.2248583436012268, 1.0008882284164429, 0.28607377409935, 0.023814328014850616, -0.1729220598936081]","[256.0, 0.2999999523162842, 0.30000001192092896, 0.20000004768371582, 0.10000038146972656, 855.0]","[0.8999999761581421, 0.8999999761581421, 0.8999999761581421, 0.9000000953674316, 0.800000011920929, 423.0]","[0.36868271231651306, 0.21261213719844818, -0.19811122119426727, 0.1390170156955719, -1.1988658905029297, -0.09087637811899185, 0.2874176800251007, 0.3476743698120117, -0.4147021174430847, 0.2636289894580841, 0.26020148396492004, 0.434631884098053, -0.09498696774244308, 0.10029598325490952, 0.30000001192092896, 0.29899999499320984, 0.29899999499320984, 0.19900000095367432, 1.0, 0.0, 0.8980000019073486, 0.8989999890327454, 0.8999999761581421, 0.8999999761581421, 0.8009999990463257, 0.0]","[0.2499750852584839, 0.2862946391105652, -0.1455591470003128, -0.06044862046837807, -1.1060444116592407, -0.21826070547103882, 0.13016201555728912, 0.276179701089859, -0.42830049991607666, 0.3010003864765167, 0.22661350667476654, 0.4477982819080353, -0.16427814960479736, 0.14191170036792755, 0.30000001192092896, 0.30000001192092896, 0.30000001192092896, 0.20000000298023224, 0.10000000149011612, 0.0, 0.8999999761581421, 0.8999999761581421, 0.8999999761581421, 0.8999999761581421, 0.800000011920929, 0.0]"
12,12,12,0.0,dataset,0.07193118600116577,False,"[0.17199760675430298, 0.23299731314182281, -0.08734103292226791, 1.0049731731414795, -1.1397716999053955, 0.02485528402030468, 0.12839898467063904, 0.21449366211891174, -0.13823804259300232, 0.20483437180519104, 1.020876169204712, 0.26603782176971436, 0.04381432756781578, -0.1929100751876831]","[336.0, 2.0, 1.0, 4.0, 10.0, 935.0]","[2.0, 0.0, 0.0, 8.0, 0.0, 503.0]","[0.2491384744644165, 0.28690165281295776, -0.14469189941883087, -0.058852922171354294, -1.1055412292480469, -0.21729536354541779, 0.12956728041172028, 0.27553752064704895, -0.42823877930641174, 0.3018815517425537, 0.22851675748825073, 0.4470301568508148, -0.16587397456169128, 0.1425362378358841, 0.30000001192092896, 0.30000001192092896, 0.30000001192092896, 0.20000000298023224, 0.10000000149011612, 0.0, 0.8999999761581421, 0.8999999761581421, 0.8999999761581421, 0.8999999761581421, 0.800000011920929, 0.0]","[0.19199760258197784, 0.2529973089694977, -0.10734103620052338, 0.9849731922149658, -1.1197717189788818, 0.004855284467339516, 0.12956728041172028, 0.2344936579465866, -0.15823803842067719, 0.2248343676328659, 1.0008761882781982, 0.2860378324985504, 0.023814328014850616, -0.17291007936000824]","[256.0, 0.2999999523162842, 0.30000001192092896, 0.20000004768371582, 0.10000038146972656, 855.0]","[0.8999999761581421, 0.8999999761581421, 0.8999999761581421, 0.9000000953674316, 0.800000011920929, 423.0]","[0.3686707317829132, 0.2126840502023697, -0.19878233969211578, 0.13905297219753265, -1.198830008506775, -0.0908883661031723, 0.28740569949150085, 0.3476863503456116, -0.4220125079154968, 0.26431208848953247, 0.2601895034313202, 0.4342483878135681, -0.09498696774244308, 0.105341337621212, 0.30000001192092896, 0.29899999499320984, 0.29899999499320984, 0.19900000095367432, 1.0, 0.0, 0.8980000019073486, 0.8989999890327454, 0.8999999761581421, 0.8999999761581421, 0.8009999990463257, 0.0]","[0.2491384744644165, 0.28690165281295776, -0.14469189941883087, -0.058852922171354294, -1.1055412292480469, -0.21729536354541779, 0.12956728041172028, 0.27553752064704895, -0.42823877930641174, 0.3018815517425537, 0.22851675748825073, 0.4470301568508148, -0.16587397456169128, 0.1425362378358841, 0.30000001192092896, 0.30000001192092896, 0.30000001192092896, 0.20000000298023224, 0.10000000149011612, 0.0, 0.8999999761581421, 0.8999999761581421, 0.8999999761581421, 0.8999999761581421, 0.800000011920929, 0.0]"
13,13,13,0.0,dataset,0.06742039299933822,False,"[0.17198561131954193, 0.23299731314182281, -0.08735302090644836, 1.0049971342086792, -1.1397597789764404, 0.024843299761414528, 0.12839898467063904, 0.2145056426525116, -0.13823804259300232, 0.20483437180519104, 1.0208882093429565, 0.2660498023033142, 0.04381432756781578, -0.19292205572128296]","[336.0, 2.0, 1.0, 4.0, 10.0, 935.0]","[2.0, 0.0, 0.0, 8.0, 0.0, 503.0]","[0.24855397641658783, 0.28726768493652344, -0.14488840103149414, -0.056716468185186386, -1.1043035984039307, -0.21797728538513184, 0.12885341048240662, 0.27492791414260864, -0.428251177072525, 0.30280178785324097, 0.2304433137178421, 0.44608911871910095, -0.167300745844841, 0.1419447958469391, 0.30000001192092896, 0.30000001192092896, 0.30000001192092896, 0.20000000298023224, 0.10000000149011612, 0.0, 0.8999999761581421, 0.8999999761581421, 0.8999999761581421, 0.8999999761581421, 0.800000011920929, 0.0]","[0.1919856071472168, 0.2529973089694977, -0.10735301673412323, 0.9849971532821655, -1.1197597980499268, 0.004843300208449364, 0.12885341048240662, 0.23450563848018646, -0.15823803842067719, 0.2248343676328659, 1.0008882284164429, 0.28604981303215027, 0.023814328014850616, -0.1729220598936081]","[256.0, 0.2999999523162842, 0.30000001192092896, 0.20000004768371582, 0.10000038146972656, 855.0]","[0.8999999761581421, 0.8999999761581421, 0.8999999761581421, 0.9000000953674316, 0.800000011920929, 423.0]","[0.36868271231651306, 0.21274396777153015, -0.1989501267671585, 0.1390649527311325, -1.19884192943573, -0.0908883661031723, 0.2874176800251007, 0.3476743698120117, -0.4250684976577759, 0.26488733291625977, 0.2601655423641205, 0.43418848514556885, -0.09499895572662354, 0.10644388943910599, 0.30000001192092896, 0.29899999499320984, 0.29899999499320984, 0.19900000095367432, 1.0, 0.0, 0.8980000019073486, 0.8989999890327454, 0.8999999761581421, 0.8999999761581421, 0.8009999990463257, 0.0]","[0.24855397641658783, 0.28726768493652344, -0.14488840103149414, -0.056716468185186386, -1.1043035984039307, -0.21797728538513184, 0.12885341048240662, 0.27492791414260864, -0.428251177072525, 0.30280178785324097, 0.2304433137178421, 0.44608911871910095, -0.167300745844841, 0.1419447958469391, 0.30000001192092896, 0.30000001192092896, 0.30000001192092896, 0.20000000298023224, 0.10000000149011612, 0.0, 0.8999999761581421, 0.8999999761581421, 0.8999999761581421, 0.8999999761581421, 0.800000011920929, 0.0]"
14,14,14,0.0,dataset,0.07315631600067718,False,"[0.17199760675430298, 0.23299731314182281, -0.08735302090644836, 1.0049971342086792, -1.1397597789764404, 0.024843299761414528, 0.12839898467063904, 0.2144816815853119, -0.13823804259300232, 0.20483437180519104, 1.0208882093429565, 0.2660258412361145, 0.04381432756781578, -0.19292205572128296]","[336.0, 2.0, 1.0, 4.0, 10.0, 935.0]","[2.0, 1.0, 0.0, 8.0, 0.0, 503.0]","[0.24735702574253082, 0.2865605056285858, -0.14575673639774323, -0.054714053869247437, -1.1022804975509644, -0.21803990006446838, 0.12891247868537903, 0.2736210227012634, -0.42803335189819336, 0.3042966425418854, 0.23235781490802765, 0.4452287554740906, -0.16945780813694, 0.14082524180412292, 0.30000001192092896, 0.30000001192092896, 0.30000001192092896, 0.20000000298023224, 0.10000000149011612, 0.0, 0.8999999761581421, 0.8999999761581421, 0.8999999761581421, 0.8999999761581421, 0.800000011920929, 0.0]","[0.19199760258197784, 0.2529973089694977, -0.10735301673412323, 0.9849971532821655, -1.1197597980499268, 0.004843300208449364, 0.12891247868537903, 0.23448167741298676, -0.15823803842067719, 0.2248343676328659, 1.0008882284164429, 0.28602585196495056, 0.023814328014850616, -0.1729220598936081]","[256.0, 0.2999999523162842, 0.30000001192092896, 0.20000004768371582, 0.10000038146972656, 855.0]","[0.8999999761581421, 0.8999999761581421, 0.8999999761581421, 0.9000000953674316, 0.800000011920929, 423.0]","[0.36868271231651306, 0.21281586587429047, -0.19897408783435822, 0.13911288976669312, -1.198830008506775, -0.0908883661031723, 0.28740569949150085, 0.34774625301361084, -0.4293108880519867, 0.2655104994773865, 0.2602134943008423, 0.4340686500072479, -0.09499895572662354, 0.10698317736387253, 0.30000001192092896, 0.29899999499320984, 0.29899999499320984, 0.19900000095367432, 1.0, 0.0, 0.8980000019073486, 0.8989999890327454, 0.8999999761581421, 0.8999999761581421, 0.8009999990463257, 0.0]","[0.24735702574253082, 0.2865605056285858, -0.14575673639774323, -0.054714053869247437, -1.1022804975509644, -0.21803990006446838, 0.12891247868537903, 0.2736210227012634, -0.42803335189819336, 0.3042966425418854, 0.23235781490802765, 0.4452287554740906, -0.16945780813694, 0.14082524180412292, 0.30000001192092896, 0.30000001192092896, 0.30000001192092896, 0.20000000298023224, 0.10000000149011612, 0.0, 0.8999999761581421, 0.8999999761581421, 0.8999999761581421, 0.8999999761581421, 0.800000011920929, 0.0]"
15,15,15,0.0,dataset,0.05949727000006533,False,"[0.17199760675430298, 0.23298531770706177, -0.08735302090644836, 1.0049971342086792, -1.1397716999053955, 0.02485528402030468, 0.12839898467063904, 0.21449366211891174, -0.13822604715824127, 0.2048223912715912, 1.020876169204712, 0.2660498023033142, 0.04381432756781578, -0.19292205572128296]","[336.0, 2.0, 1.0, 4.0, 10.0, 935.0]","[2.0, 0.0, 0.0, 8.0, 0.0, 503.0]","[0.24637237191200256, 0.28585565090179443, -0.1454000324010849, -0.054658032953739166, -1.1008025407791138, -0.2161467969417572, 0.12908940017223358, 0.27248266339302063, -0.4279784858226776, 0.30493438243865967, 0.23247240483760834, 0.44536468386650085, -0.17082545161247253, 0.14122359454631805, 0.30000001192092896, 0.30000001192092896, 0.30000001192092896, 0.20000000298023224, 0.10000000149011612, 0.0, 0.8999999761581421, 0.8999999761581421, 0.8999999761581421, 0.8999999761581421, 0.800000011920929, 0.0]","[0.19199760258197784, 0.2529853284358978, -0.10735301673412323, 0.9849971532821655, -1.1197717189788818, 0.004855284467339516, 0.12908940017223358, 0.2344936579465866, -0.15822604298591614, 0.22482238709926605, 1.0008761882781982, 0.28604981303215027, 0.023814328014850616, -0.1729220598936081]","[256.0, 0.2999999523162842, 0.30000001192092896, 0.20000004768371582, 0.10000038146972656, 855.0]","[0.8999999761581421, 0.8999999761581421, 0.8999999761581421, 0.9000000953674316, 0.800000011920929, 423.0]","[0.3686946928501129, 0.21286380290985107, -0.19910591840744019, 0.13923272490501404, -1.19884192943573, -0.0908883661031723, 0.28740569949150085, 0.3476983308792114, -0.43169575929641724, 0.26569026708602905, 0.26020148396492004, 0.4339008629322052, -0.09499895572662354, 0.10699516534805298, 0.30000001192092896, 0.29899999499320984, 0.29899999499320984, 0.19900000095367432, 1.0, 0.0, 0.8980000019073486, 0.8989999890327454, 0.8999999761581421, 0.8999999761581421, 0.8009999990463257, 0.0]","[0.24637237191200256, 0.28585565090179443, -0.1454000324010849, -0.054658032953739166, -1.1008025407791138, -0.2161467969417572, 0.12908940017223358, 0.27248266339302063, -0.4279784858226776, 0.30493438243865967, 0.23247240483760834, 0.44536468386650085, -0.17082545161247253, 0.14122359454631805, 0.30000001192092896, 0.30000001192092896, 0.30000001192092896, 0.20000000298023224, 0.10000000149011612, 0.0, 0.8999999761581421, 0.8999999761581421, 0.8999999761581421, 0.8999999761581421, 0.800000011920929, 0.0]"
16,16,16,0.0,dataset,0.07679849999840371,False,"[0.17199760675430298, 0.23299731314182281, -0.08735302090644836, 1.0049850940704346, -1.1397597789764404, 0.024843299761414528, 0.12839898467063904, 0.21451763808727264, -0.13822604715824127, 0.2048463672399521, 1.0208882093429565, 0.2660498023033142, 0.04382631182670593, -0.19292205572128296]","[336.0, 2.0, 1.0, 4.0, 10.0, 935.0]","[2.0, 0.0, 0.0, 8.0, 0.0, 503.0]","[0.24674375355243683, 0.2856728434562683, -0.145380899310112, -0.05598191171884537, -1.0989303588867188, -0.21495096385478973, 0.13138623535633087, 0.2723100483417511, -0.4281614422798157, 0.3055116534233093, 0.23066066205501556, 0.44632935523986816, -0.169511079788208, 0.13948003947734833, 0.30000001192092896, 0.30000001192092896, 0.30000001192092896, 0.20000000298023224, 0.10000000149011612, 0.0, 0.8999999761581421, 0.8999999761581421, 0.8999999761581421, 0.8999999761581421, 0.800000011920929, 0.0]","[0.19199760258197784, 0.2529973089694977, -0.10735301673412323, 0.9849851131439209, -1.1197597980499268, 0.004843300208449364, 0.13138623535633087, 0.2345176339149475, -0.15822604298591614, 0.22484636306762695, 1.0008882284164429, 0.28604981303215027, 0.02382631227374077, -0.1729220598936081]","[256.0, 0.2999999523162842, 0.30000001192092896, 0.20000004768371582, 0.10000038146972656, 855.0]","[0.8999999761581421, 0.8999999761581421, 0.8999999761581421, 0.9000000953674316, 0.800000011920929, 423.0]","[0.3686946928501129, 0.21287579834461212, -0.1995253711938858, 0.13923272490501404, -1.1988060474395752, -0.0908883661031723, 0.2874176800251007, 0.3476503789424896, -0.4324747323989868, 0.2660258412361145, 0.2601895034313202, 0.433804988861084, -0.09501093626022339, 0.10698317736387253, 0.30000001192092896, 0.29899999499320984, 0.29899999499320984, 0.19900000095367432, 1.0, 0.0, 0.8980000019073486, 0.8989999890327454, 0.8999999761581421, 0.8999999761581421, 0.8009999990463257, 0.0]","[0.24674375355243683, 0.2856728434562683, -0.145380899310112, -0.05598191171884537, -1.0989303588867188, -0.21495096385478973, 0.13138623535633087, 0.2723100483417511, -0.4281614422798157, 0.3055116534233093, 0.23066066205501556, 0.44632935523986816, -0.169511079788208, 0.13948003947734833, 0.30000001192092896, 0.30000001192092896, 0.30000001192092896, 0.20000000298023224, 0.10000000149011612, 0.0, 0.8999999761581421, 0.8999999761581421, 0.8999999761581421, 0.8999999761581421, 0.800000011920929, 0.0]"
17,17,17,0.0,dataset,0.05996256199978234,False,"[0.17199760675430298, 0.23299731314182281, -0.08735302090644836, 1.0049971342086792, -1.1397597789764404, 0.02485528402030468, 0.12839898467063904, 0.2145056426525116, -0.13825002312660217, 0.2048463672399521, 1.0208882093429565, 0.2660498023033142, 0.04381432756781578, -0.19292205572128296]","[336.0, 2.0, 1.0, 4.0, 10.0, 935.0]","[2.0, 1.0, 0.0, 8.0, 0.0, 503.0]","[0.24793070554733276, 0.2854789197444916, -0.1462482064962387, -0.056893087923526764, -1.098655104637146, -0.2151414304971695, 0.13273178040981293, 0.2728598713874817, -0.4277365803718567, 0.30680051445961, 0.22997498512268066, 0.4450470209121704, -0.16894324123859406, 0.13757272064685822, 0.30000001192092896, 0.30000001192092896, 0.30000001192092896, 0.20000000298023224, 0.10000000149011612, 0.0, 0.8999999761581421, 0.8999999761581421, 0.8999999761581421, 0.8999999761581421, 0.800000011920929, 0.0]","[0.19199760258197784, 0.2529973089694977, -0.10735301673412323, 0.9849971532821655, -1.1197597980499268, 0.004855284467339516, 0.13273178040981293, 0.23450563848018646, -0.15825001895427704, 0.22484636306762695, 1.0008882284164429, 0.28604981303215027, 0.023814328014850616, -0.1729220598936081]","[256.0, 0.2999999523162842, 0.30000001192092896, 0.20000004768371582, 0.10000038146972656, 855.0]","[0.8999999761581421, 0.8999999761581421, 0.8999999761581421, 0.9000000953674316, 0.800000011920929, 423.0]","[0.36870667338371277, 0.21286380290985107, -0.19994480907917023, 0.13924472033977509, -1.1987221240997314, -0.09087637811899185, 0.2874176800251007, 0.3476863503456116, -0.4325226843357086, 0.2668287754058838, 0.2602134943008423, 0.4336491823196411, -0.09499895572662354, 0.10699516534805298, 0.30000001192092896, 0.29899999499320984, 0.29899999499320984, 0.19900000095367432, 1.0, 0.0, 0.8980000019073486, 0.8989999890327454, 0.8999999761581421, 0.8999999761581421, 0.8009999990463257, 0.0]","[0.24793070554733276, 0.2854789197444916, -0.1462482064962387, -0.056893087923526764, -1.098655104637146, -0.2151414304971695, 0.13273178040981293, 0.2728598713874817, -0.4277365803718567, 0.30680051445961, 0.22997498512268066, 0.4450470209121704, -0.16894324123859406, 0.13757272064685822, 0.30000001192092896, 0.30000001192092896, 0.30000001192092896, 0.20000000298023224, 0.10000000149011612, 0.0, 0.8999999761581421, 0.8999999761581421, 0.8999999761581421, 0.8999999761581421, 0.800000011920929, 0.0]"
18,18,18,0.0,dataset,0.0722061840006063,False,"[0.17198561131954193, 0.23299731314182281, -0.08735302090644836, 1.0049971342086792, -1.1397837400436401, 0.024843299761414528, 0.12839898467063904, 0.21451763808727264, -0.13822604715824127, 0.2048223912715912, 1.0208882093429565, 0.2660258412361145, 0.04381432756781578, -0.19292205572128296]","[336.0, 2.0, 1.0, 4.0, 10.0, 935.0]","[2.0, 0.0, 0.0, 8.0, 0.0, 503.0]","[0.2496410459280014, 0.2856175899505615, -0.14708510041236877, -0.05775830149650574, -1.0987924337387085, -0.21559378504753113, 0.13357216119766235, 0.27350687980651855, -0.42771536111831665, 0.30792292952537537, 0.22880946099758148, 0.4425937831401825, -0.16821904480457306, 0.13788965344429016, 0.30000001192092896, 0.30000001192092896, 0.30000001192092896, 0.20000000298023224, 0.10000000149011612, 0.0, 0.8999999761581421, 0.8999999761581421, 0.8999999761581421, 0.8999999761581421, 0.800000011920929, 0.0]","[0.1919856071472168, 0.2529973089694977, -0.10735301673412323, 0.9849971532821655, -1.1197837591171265, 0.004843300208449364, 0.13357216119766235, 0.2345176339149475, -0.15822604298591614, 0.22482238709926605, 1.0008882284164429, 0.28602585196495056, 0.023814328014850616, -0.1729220598936081]","[256.0, 0.2999999523162842, 0.30000001192092896, 0.20000004768371582, 0.10000038146972656, 855.0]","[0.8999999761581421, 0.8999999761581421, 0.8999999761581421, 0.9000000953674316, 0.800000011920929, 423.0]","[0.36868271231651306, 0.21287579834461212, -0.20049609243869781, 0.13920876383781433, -1.198686122894287, -0.0908883661031723, 0.2874176800251007, 0.3476623594760895, -0.4324986934661865, 0.2676796615123749, 0.2601895034313202, 0.4335533082485199, -0.09499895572662354, 0.10698317736387253, 0.30000001192092896, 0.29899999499320984, 0.29899999499320984, 0.19900000095367432, 1.0, 0.0, 0.8980000019073486, 0.8989999890327454, 0.8999999761581421, 0.8999999761581421, 0.8009999990463257, 0.0]","[0.2496410459280014, 0.2856175899505615, -0.14708510041236877, -0.05775830149650574, -1.0987924337387085, -0.21559378504753113, 0.13357216119766235, 0.27350687980651855, -0.42771536111831665, 0.30792292952537537, 0.22880946099758148, 0.4425937831401825, -0.16821904480457306, 0.13788965344429016, 0.30000001192092896, 0.30000001192092896, 0.30000001192092896, 0.20000000298023224, 0.10000000149011612, 0.0, 0.8999999761581421, 0.8999999761581421, 0.8999999761581421, 0.8999999761581421, 0.800000011920929, 0.0]"
19,19,19,0.0,dataset,0.06063446199914324,False,"[0.17199760675430298, 0.23299731314182281, -0.08734103292226791, 1.0049850940704346, -1.1398077011108398, 0.02485528402030468, 0.12839898467063904, 0.2145056426525116, -0.13823804259300232, 0.2048223912715912, 1.0209002494812012, 0.26606178283691406, 0.04380234330892563, -0.19292205572128296]","[336.0, 2.0, 1.0, 4.0, 10.0, 935.0]","[2.0, 0.0, 0.0, 8.0, 0.0, 503.0]","[0.2522291839122772, 0.28537362813949585, -0.1475476175546646, -0.05973705276846886, -1.0964072942733765, -0.21562545001506805, 0.13453291356563568, 0.27535003423690796, -0.42779844999313354, 0.30940353870391846, 0.22515060007572174, 0.43091464042663574, -0.16948916018009186, 0.1409388780593872, 0.30000001192092896, 0.30000001192092896, 0.30000001192092896, 0.20000000298023224, 0.10000000149011612, 0.0, 0.8999999761581421, 0.8999999761581421, 0.8999999761581421, 0.8999999761581421, 0.800000011920929, 0.0]","[0.19199760258197784, 0.2529973089694977, -0.10734103620052338, 0.9849851131439209, -1.1198077201843262, 0.004855284467339516, 0.13453291356563568, 0.23450563848018646, -0.15823803842067719, 0.22482238709926605, 1.0009002685546875, 0.2860617935657501, 0.023802343755960464, -0.1729220598936081]","[256.0, 0.2999999523162842, 0.30000001192092896, 0.20000004768371582, 0.10000038146972656, 855.0]","[0.8999999761581421, 0.8999999761581421, 0.8999999761581421, 0.9000000953674316, 0.800000011920929, 423.0]","[0.36870667338371277, 0.21294769644737244, -0.2018742710351944, 0.13920876383781433, -1.1984584331512451, -0.09090034663677216, 0.2874176800251007, 0.3476863503456116, -0.4325226843357086, 0.2694173753261566, 0.26017752289772034, 0.4324507713317871, -0.09502292424440384, 0.10698317736387253, 0.30000001192092896, 0.29899999499320984, 0.29899999499320984, 0.19900000095367432, 1.0, 0.0, 0.8980000019073486, 0.8989999890327454, 0.8999999761581421, 0.8999999761581421, 0.8009999990463257, 0.0]","[0.2522291839122772, 0.28537362813949585, -0.1475476175546646, -0.05973705276846886, -1.0964072942733765, -0.21562545001506805, 0.13453291356563568, 0.27535003423690796, -0.42779844999313354, 0.30940353870391846, 0.22515060007572174, 0.43091464042663574, -0.16948916018009186, 0.1409388780593872, 0.30000001192092896, 0.30000001192092896, 0.30000001192092896, 0.20000000298023224, 0.10000000149011612, 0.0, 0.8999999761581421, 0.8999999761581421, 0.8999999761581421, 0.8999999761581421, 0.800000011920929, 0.0]"
20,20,20,0.0,dataset,0.0749269389998517,False,"[0.17198561131954193, 0.23300929367542267, -0.08735302090644836, 1.0049971342086792, -1.1397477388381958, 0.024843299761414528, 0.12839898467063904, 0.2145056426525116, -0.13822604715824127, 0.20483437180519104, 1.0209002494812012, 0.2660498023033142, 0.04382631182670593, -0.19292205572128296]","[336.0, 2.0, 1.0, 4.0, 10.0, 935.0]","[2.0, 0.0, 0.0, 8.0, 0.0, 503.0]","[0.25537216663360596, 0.2854381799697876, -0.14580973982810974, -0.0632423385977745, -1.0961565971374512, -0.21434271335601807, 0.13511966168880463, 0.2777915894985199, -0.4296104609966278, 0.3083878457546234, 0.22066162526607513, 0.4206000566482544, -0.17053291201591492, 0.14633610844612122, 0.30000001192092896, 0.30000001192092896, 0.30000001192092896, 0.20000000298023224, 0.10000000149011612, 0.0, 0.8999999761581421, 0.8999999761581421, 0.8999999761581421, 0.8999999761581421, 0.800000011920929, 0.0]","[0.1919856071472168, 0.25300928950309753, -0.10735301673412323, 0.9849971532821655, -1.1197477579116821, 0.004843300208449364, 0.13511966168880463, 0.23450563848018646, -0.15822604298591614, 0.2248343676328659, 1.0009002685546875, 0.28604981303215027, 0.02382631227374077, -0.1729220598936081]","[256.0, 0.2999999523162842, 0.30000001192092896, 0.20000004768371582, 0.10000038146972656, 855.0]","[0.8999999761581421, 0.8999999761581421, 0.8999999761581421, 0.9000000953674316, 0.800000011920929, 423.0]","[0.3687186539173126, 0.2130076140165329, -0.2025453895330429, 0.13923272490501404, -1.1976076364517212, -0.0909123346209526, 0.2874176800251007, 0.34772229194641113, -0.43253466486930847, 0.2710232436656952, 0.26015356183052063, 0.43188750743865967, -0.09501093626022339, 0.10700714588165283, 0.30000001192092896, 0.29899999499320984, 0.29899999499320984, 0.19900000095367432, 1.0, 0.0, 0.8980000019073486, 0.8989999890327454, 0.8999999761581421, 0.8999999761581421, 0.8009999990463257, 0.0]","[0.25537216663360596, 0.2854381799697876, -0.14580973982810974, -0.0632423385977745, -1.0961565971374512, -0.21434271335601807, 0.13511966168880463, 0.2777915894985199, -0.4296104609966278, 0.3083878457546234, 0.22066162526607513, 0.4206000566482544, -0.17053291201591492, 0.14633610844612122, 0.30000001192092896, 0.30000001192092896, 0.30000001192092896, 0.20000000298023224, 0.10000000149011612, 0.0, 0.8999999761581421, 0.8999999761581421, 0.8999999761581421, 0.8999999761581421, 0.800000011920929, 0.0]"
21,21,21,0.0,dataset,0.06262968800001545,False,"[0.17200958728790283, 0.23299731314182281, -0.08735302090644836, 1.0049971342086792, -1.1397597789764404, 0.024843299761414528, 0.12838700413703918, 0.2145056426525116, -0.13823804259300232, 0.20483437180519104, 1.0208882093429565, 0.2660498023033142, 0.04380234330892563, -0.19292205572128296]","[336.0, 2.0, 1.0, 4.0, 10.0, 935.0]","[2.0, 0.0, 0.0, 8.0, 0.0, 503.0]","[0.25542905926704407, 0.2870965301990509, -0.14516137540340424, -0.06493117660284042, -1.0961320400238037, -0.21327124536037445, 0.13717694580554962, 0.2770364582538605, -0.43209612369537354, 0.30878493189811707, 0.2168765813112259, 0.40761056542396545, -0.17177802324295044, 0.15143783390522003, 0.30000001192092896, 0.30000001192092896, 0.30000001192092896, 0.20000000298023224, 0.10000000149011612, 0.0, 0.8999999761581421, 0.8999999761581421, 0.8999999761581421, 0.8999999761581421, 0.800000011920929, 0.0]","[0.1920095831155777, 0.2529973089694977, -0.10735301673412323, 0.9849971532821655, -1.1197597980499268, 0.004843300208449364, 0.13717694580554962, 0.23450563848018646, -0.15823803842067719, 0.2248343676328659, 1.0008882284164429, 0.28604981303215027, 0.023802343755960464, -0.1729220598936081]","[256.0, 0.2999999523162842, 0.30000001192092896, 0.20000004768371582, 0.10000038146972656, 855.0]","[0.8999999761581421, 0.8999999761581421, 0.8999999761581421, 0.9000000953674316, 0.800000011920929, 423.0]","[0.368802547454834, 0.2130076140165329, -0.20321650803089142, 0.13922074437141418, -1.1953545808792114, -0.0908883661031723, 0.2874176800251007, 0.3476863503456116, -0.43253466486930847, 0.2726171612739563, 0.2601415812969208, 0.42914313077926636, -0.09501093626022339, 0.1074385792016983, 0.30000001192092896, 0.29899999499320984, 0.29899999499320984, 0.19900000095367432, 1.0, 0.0, 0.8980000019073486, 0.8989999890327454, 0.8999999761581421, 0.8999999761581421, 0.8009999990463257, 0.0]","[0.25542905926704407, 0.2870965301990509, -0.14516137540340424, -0.06493117660284042, -1.0961320400238037, -0.21327124536037445, 0.13717694580554962, 0.2770364582538605, -0.43209612369537354, 0.30878493189811707, 0.2168765813112259, 0.40761056542396545, -0.17177802324295044, 0.15143783390522003, 0.30000001192092896, 0.30000001192092896, 0.30000001192092896, 0.20000000298023224, 0.10000000149011612, 0.0, 0.8999999761581421, 0.8999999761581421, 0.8999999761581421, 0.8999999761581421, 0.800000011920929, 0.0]"
22,22,22,0.0,dataset,0.06775973999901908,False,"[0.17199760675430298, 0.23299731314182281, -0.08735302090644836, 1.0049971342086792, -1.1397597789764404, 0.02485528402030468, 0.12839898467063904, 0.2144816815853119, -0.13823804259300232, 0.20483437180519104, 1.0208882093429565, 0.2660498023033142, 0.04385028034448624, -0.1929100751876831]","[336.0, 2.0, 1.0, 4.0, 10.0, 935.0]","[2.0, 1.0, 0.0, 8.0, 0.0, 503.0]","[0.2562963664531708, 0.287356436252594, -0.14446742832660675, -0.06444334238767624, -1.096207857131958, -0.2130190134048462, 0.13666509091854095, 0.27733102440834045, -0.43512162566185, 0.30909013748168945, 0.211900532245636, 0.401600182056427, -0.17250843346118927, 0.15673644840717316, 0.30000001192092896, 0.30000001192092896, 0.30000001192092896, 0.20000000298023224, 0.10000000149011612, 0.0, 0.8999999761581421, 0.8999999761581421, 0.8999999761581421, 0.8999999761581421, 0.800000011920929, 0.0]","[0.19199760258197784, 0.2529973089694977, -0.10735301673412323, 0.9849971532821655, -1.1197597980499268, 0.004855284467339516, 0.13666509091854095, 0.23448167741298676, -0.15823803842067719, 0.2248343676328659, 1.0008882284164429, 0.28604981303215027, 0.023850280791521072, -0.17291007936000824]","[256.0, 0.2999999523162842, 0.30000001192092896, 0.20000004768371582, 0.10000038146972656, 855.0]","[0.8999999761581421, 0.8999999761581421, 0.8999999761581421, 0.9000000953674316, 0.800000011920929, 423.0]","[0.36881452798843384, 0.2130076140165329, -0.203623965382576, 0.13920876383781433, -1.19507896900177, -0.09090034663677216, 0.2874176800251007, 0.3476623594760895, -0.4325226843357086, 0.273012638092041, 0.26011762022972107, 0.4264107048511505, -0.09503490477800369, 0.10778611898422241, 0.30000001192092896, 0.29899999499320984, 0.29899999499320984, 0.19900000095367432, 1.0, 0.0, 0.8980000019073486, 0.8989999890327454, 0.8999999761581421, 0.8999999761581421, 0.8009999990463257, 0.0]","[0.2562963664531708, 0.287356436252594, -0.14446742832660675, -0.06444334238767624, -1.096207857131958, -0.2130190134048462, 0.13666509091854095, 0.27733102440834045, -0.43512162566185, 0.30909013748168945, 0.211900532245636, 0.401600182056427, -0.17250843346118927, 0.15673644840717316, 0.30000001192092896, 0.30000001192092896, 0.30000001192092896, 0.20000000298023224, 0.10000000149011612, 0.0, 0.8999999761581421, 0.8999999761581421, 0.8999999761581421, 0.8999999761581421, 0.800000011920929, 0.0]"
23,23,23,0.0,dataset,0.05907071399997221,False,"[0.17200958728790283, 0.23299731314182281, -0.08732905238866806, 1.005021095275879, -1.1397956609725952, 0.024831315502524376, 0.12839898467063904, 0.2145056426525116, -0.13822604715824127, 0.2048463672399521, 1.0209002494812012, 0.2660258412361145, 0.04381432756781578, -0.19292205572128296]","[336.0, 2.0, 1.0, 4.0, 10.0, 935.0]","[2.0, 0.0, 0.0, 8.0, 0.0, 503.0]","[0.25643524527549744, 0.2886839210987091, -0.1433415561914444, -0.06583522260189056, -1.0969393253326416, -0.2113111913204193, 0.13865292072296143, 0.27664831280708313, -0.4410325288772583, 0.3104521632194519, 0.19979724287986755, 0.39532366394996643, -0.17866481840610504, 0.17146676778793335, 0.30000001192092896, 0.30000001192092896, 0.30000001192092896, 0.20000000298023224, 0.10000000149011612, 0.0, 0.8999999761581421, 0.8999999761581421, 0.8999999761581421, 0.8999999761581421, 0.800000011920929, 0.0]","[0.1920095831155777, 0.2529973089694977, -0.10732905566692352, 0.9850211143493652, -1.1197956800460815, 0.004831315949559212, 0.13865292072296143, 0.23450563848018646, -0.15822604298591614, 0.22484636306762695, 1.0009002685546875, 0.28602585196495056, 0.023814328014850616, -0.1729220598936081]","[256.0, 0.2999999523162842, 0.30000001192092896, 0.20000004768371582, 0.10000038146972656, 855.0]","[0.8999999761581421, 0.8999999761581421, 0.8999999761581421, 0.9000000953674316, 0.800000011920929, 423.0]","[0.3688504695892334, 0.21299563348293304, -0.20409135520458221, 0.13920876383781433, -1.1948871612548828, -0.09090034663677216, 0.28740569949150085, 0.3475305438041687, -0.4329301416873932, 0.27345603704452515, 0.25997379422187805, 0.4170750081539154, -0.09501093626022339, 0.11009907722473145, 0.30000001192092896, 0.29899999499320984, 0.29899999499320984, 0.19900000095367432, 1.0, 0.0, 0.8980000019073486, 0.8989999890327454, 0.8999999761581421, 0.8999999761581421, 0.8009999990463257, 0.0]","[0.25643524527549744, 0.2886839210987091, -0.1433415561914444, -0.06583522260189056, -1.0969393253326416, -0.2113111913204193, 0.13865292072296143, 0.27664831280708313, -0.4410325288772583, 0.3104521632194519, 0.19979724287986755, 0.39532366394996643, -0.17866481840610504, 0.17146676778793335, 0.30000001192092896, 0.30000001192092896, 0.30000001192092896, 0.20000000298023224, 0.10000000149011612, 0.0, 0.8999999761581421, 0.8999999761581421, 0.8999999761581421, 0.8999999761581421, 0.800000011920929, 0.0]"
24,24,24,0.0,dataset,0.0708429040005285,False,"[0.17199760675430298, 0.23299731314182281, -0.08735302090644836, 1.0049971342086792, -1.1397837400436401, 0.024819331243634224, 0.12839898467063904, 0.2145056426525116, -0.13821406662464142, 0.2048223912715912, 1.0208882093429565, 0.2660258412361145, 0.04381432756781578, -0.19292205572128296]","[336.0, 2.0, 1.0, 4.0, 10.0, 935.0]","[2.0, 0.0, 0.0, 8.0, 0.0, 503.0]","[0.25474411249160767, 0.29137325286865234, -0.14343592524528503, -0.0692114382982254, -1.0993103981018066, -0.20886261761188507, 0.14271201193332672, 0.2730638384819031, -0.4477461576461792, 0.3140983283519745, 0.18444325029850006, 0.38699766993522644, -0.18378792703151703, 0.18100762367248535, 0.30000001192092896, 0.30000001192092896, 0.30000001192092896, 0.20000000298023224, 0.10000000149011612, 0.0, 0.8999999761581421, 0.8999999761581421, 0.8999999761581421, 0.8999999761581421, 0.800000011920929, 0.0]","[0.19199760258197784, 0.2529973089694977, -0.10735301673412323, 0.9849971532821655, -1.1197837591171265, 0.00481933169066906, 0.14271201193332672, 0.23450563848018646, -0.15821406245231628, 0.22482238709926605, 1.0008882284164429, 0.28602585196495056, 0.023814328014850616, -0.1729220598936081]","[256.0, 0.2999999523162842, 0.30000001192092896, 0.20000004768371582, 0.10000038146972656, 855.0]","[0.8999999761581421, 0.8999999761581421, 0.8999999761581421, 0.9000000953674316, 0.800000011920929, 423.0]","[0.36893436312675476, 0.21299563348293304, -0.2042950838804245, 0.13922074437141418, -1.1945515871047974, -0.09087637811899185, 0.28742966055870056, 0.34744665026664734, -0.4355067312717438, 0.2739593982696533, 0.25939854979515076, 0.41224536299705505, -0.09503490477800369, 0.1173735037446022, 0.30000001192092896, 0.29899999499320984, 0.29899999499320984, 0.19900000095367432, 1.0, 0.0, 0.8980000019073486, 0.8989999890327454, 0.8999999761581421, 0.8999999761581421, 0.8009999990463257, 0.0]","[0.25474411249160767, 0.29137325286865234, -0.14343592524528503, -0.0692114382982254, -1.0993103981018066, -0.20886261761188507, 0.14271201193332672, 0.2730638384819031, -0.4477461576461792, 0.3140983283519745, 0.18444325029850006, 0.38699766993522644, -0.18378792703151703, 0.18100762367248535, 0.30000001192092896, 0.30000001192092896, 0.30000001192092896, 0.20000000298023224, 0.10000000149011612, 0.0, 0.8999999761581421, 0.8999999761581421, 0.8999999761581421, 0.8999999761581421, 0.800000011920929, 0.0]"
25,25,25,0.0,dataset,0.058283274998757406,False,"[0.17199760675430298, 0.23299731314182281, -0.08735302090644836, 1.0049850940704346, -1.1397956609725952, 0.02485528402030468, 0.12839898467063904, 0.2145056426525116, -0.13825002312660217, 0.20483437180519104, 1.020876169204712, 0.26603782176971436, 0.04380234330892563, -0.19292205572128296]","[336.0, 2.0, 1.0, 4.0, 10.0, 935.0]","[2.0, 0.0, 0.0, 8.0, 0.0, 503.0]","[0.25306999683380127, 0.2938031256198883, -0.14466597139835358, -0.0710282251238823, -1.1016950607299805, -0.20783229172229767, 0.1453450620174408, 0.26878318190574646, -0.4530826210975647, 0.318289577960968, 0.17322060465812683, 0.3728616237640381, -0.19114838540554047, 0.1838170737028122, 0.30000001192092896, 0.30000001192092896, 0.30000001192092896, 0.20000000298023224, 0.10000000149011612, 0.0, 0.8999999761581421, 0.8999999761581421, 0.8999999761581421, 0.8999999761581421, 0.800000011920929, 0.0]","[0.19199760258197784, 0.2529973089694977, -0.10735301673412323, 0.9849851131439209, -1.1197956800460815, 0.004855284467339516, 0.1453450620174408, 0.23450563848018646, -0.15825001895427704, 0.2248343676328659, 1.0008761882781982, 0.2860378324985504, 0.023802343755960464, -0.1729220598936081]","[256.0, 0.2999999523162842, 0.30000001192092896, 0.20000004768371582, 0.10000038146972656, 855.0]","[0.8999999761581421, 0.8999999761581421, 0.8999999761581421, 0.9000000953674316, 0.800000011920929, 423.0]","[0.3689942955970764, 0.21304357051849365, -0.20433104038238525, 0.13920876383781433, -1.194503664970398, -0.0908883661031723, 0.28742966055870056, 0.3474107086658478, -0.43989297747612, 0.2748701870441437, 0.25692981481552124, 0.4092133641242981, -0.09503490477800369, 0.12826716899871826, 0.30000001192092896, 0.29899999499320984, 0.29899999499320984, 0.19900000095367432, 1.0, 0.0, 0.8980000019073486, 0.8989999890327454, 0.8999999761581421, 0.8999999761581421, 0.8009999990463257, 0.0]","[0.25306999683380127, 0.2938031256198883, -0.14466597139835358, -0.0710282251238823, -1.1016950607299805, -0.20783229172229767, 0.1453450620174408, 0.26878318190574646, -0.4530826210975647, 0.318289577960968, 0.17322060465812683, 0.3728616237640381, -0.19114838540554047, 0.1838170737028122, 0.30000001192092896, 0.30000001192092896, 0.30000001192092896, 0.20000000298023224, 0.10000000149011612, 0.0, 0.8999999761581421, 0.8999999761581421, 0.8999999761581421, 0.8999999761581421, 0.800000011920929, 0.0]"
26,26,26,0.0,dataset,0.07037810800102307,False,"[0.17199760675430298, 0.23300929367542267, -0.08735302090644836, 1.0049850940704346, -1.1398316621780396, 0.024843299761414528, 0.12841098010540009, 0.21451763808727264, -0.13826200366020203, 0.20483437180519104, 1.020876169204712, 0.26606178283691406, 0.04379035905003548, -0.19292205572128296]","[336.0, 2.0, 1.0, 4.0, 10.0, 935.0]","[2.0, 0.0, 0.0, 8.0, 0.0, 503.0]","[0.2523694336414337, 0.29450875520706177, -0.14321045577526093, -0.06948627531528473, -1.1017658710479736, -0.20699599385261536, 0.14358405768871307, 0.26376593112945557, -0.46075716614723206, 0.3203946352005005, 0.15932263433933258, 0.3656252324581146, -0.19348782300949097, 0.18789009749889374, 0.30000001192092896, 0.30000001192092896, 0.30000001192092896, 0.20000000298023224, 0.10000000149011612, 0.0, 0.8999999761581421, 0.8999999761581421, 0.8999999761581421, 0.8999999761581421, 0.800000011920929, 0.0]","[0.19199760258197784, 0.25300928950309753, -0.10735301673412323, 0.9849851131439209, -1.1198316812515259, 0.004843300208449364, 0.14358405768871307, 0.2345176339149475, -0.1582619994878769, 0.2248343676328659, 1.0008761882781982, 0.2860617935657501, 0.023790359497070312, -0.1729220598936081]","[256.0, 0.2999999523162842, 0.30000001192092896, 0.20000004768371582, 0.10000038146972656, 855.0]","[0.8999999761581421, 0.8999999761581421, 0.8999999761581421, 0.9000000953674316, 0.800000011920929, 423.0]","[0.3689942955970764, 0.21304357051849365, -0.20437897741794586, 0.13920876383781433, -1.1945276260375977, -0.0908883661031723, 0.2874416410923004, 0.346907377243042, -0.44252949953079224, 0.2766318619251251, 0.2544251084327698, 0.40295758843421936, -0.09513077884912491, 0.13156282901763916, 0.30000001192092896, 0.29899999499320984, 0.29899999499320984, 0.19900000095367432, 1.0, 0.0, 0.8980000019073486, 0.8989999890327454, 0.8999999761581421, 0.8999999761581421, 0.8009999990463257, 0.0]","[0.2523694336414337, 0.29450875520706177, -0.14321045577526093, -0.06948627531528473, -1.1017658710479736, -0.20699599385261536, 0.14358405768871307, 0.26376593112945557, -0.46075716614723206, 0.3203946352005005, 0.15932263433933258, 0.3656252324581146, -0.19348782300949097, 0.18789009749889374, 0.30000001192092896, 0.30000001192092896, 0.30000001192092896, 0.20000000298023224, 0.10000000149011612, 0.0, 0.8999999761581421, 0.8999999761581421, 0.8999999761581421, 0.8999999761581421, 0.800000011920929, 0.0]"
27,27,27,0.0,dataset,0.06685663300049782,False,"[0.17199760675430298, 0.23299731314182281, -0.08735302090644836, 1.0049971342086792, -1.1397956609725952, 0.02485528402030468, 0.12838700413703918, 0.2145056426525116, -0.13822604715824127, 0.20483437180519104, 1.0208882093429565, 0.26606178283691406, 0.04380234330892563, -0.1929100751876831]","[336.0, 2.0, 1.0, 4.0, 10.0, 935.0]","[2.0, 0.0, 0.0, 8.0, 0.0, 503.0]","[0.24853846430778503, 0.29801735281944275, -0.14233694970607758, -0.07444348931312561, -1.1020479202270508, -0.2026599496603012, 0.149842768907547, 0.24956659972667694, -0.47641924023628235, 0.3257269859313965, 0.11613180488348007, 0.3664149343967438, -0.1900414526462555, 0.18980996310710907, 0.30000001192092896, 0.30000001192092896, 0.30000001192092896, 0.20000000298023224, 0.10000000149011612, 0.0, 0.8999999761581421, 0.8999999761581421, 0.8999999761581421, 0.8999999761581421, 0.800000011920929, 0.0]","[0.19199760258197784, 0.2529973089694977, -0.10735301673412323, 0.9849971532821655, -1.1197956800460815, 0.004855284467339516, 0.14838699996471405, 0.23450563848018646, -0.15822604298591614, 0.2248343676328659, 1.0008882284164429, 0.2860617935657501, 0.023802343755960464, -0.17291007936000824]","[256.0, 0.2999999523162842, 0.30000001192092896, 0.20000004768371582, 0.10000038146972656, 855.0]","[0.8999999761581421, 0.8999999761581421, 0.8999999761581421, 0.9000000953674316, 0.800000011920929, 423.0]","[0.3689463436603546, 0.21306754648685455, -0.20451080799102783, 0.13916082680225372, -1.1945276260375977, -0.0908883661031723, 0.28742966055870056, 0.3439113199710846, -0.4624113440513611, 0.29003024101257324, 0.236496701836586, 0.3821290135383606, -0.09501093626022339, 0.13842979073524475, 0.30000001192092896, 0.29899999499320984, 0.29899999499320984, 0.19900000095367432, 1.0, 0.0, 0.8980000019073486, 0.8989999890327454, 0.8999999761581421, 0.8999999761581421, 0.8009999990463257, 0.0]","[0.24853846430778503, 0.29801735281944275, -0.14233694970607758, -0.07444348931312561, -1.1020479202270508, -0.2026599496603012, 0.149842768907547, 0.24956659972667694, -0.47641924023628235, 0.3257269859313965, 0.11613180488348007, 0.3664149343967438, -0.1900414526462555, 0.18980996310710907, 0.30000001192092896, 0.30000001192092896, 0.30000001192092896, 0.20000000298023224, 0.10000000149011612, 0.0, 0.8999999761581421, 0.8999999761581421, 0.8999999761581421, 0.8999999761581421, 0.800000011920929, 0.0]"
28,28,28,0.0,dataset,0.06874961299945426,False,"[0.17198561131954193, 0.23299731314182281, -0.08734103292226791, 1.0049850940704346, -1.1397597789764404, 0.02485528402030468, 0.12837502360343933, 0.21451763808727264, -0.13823804259300232, 0.20483437180519104, 1.020876169204712, 0.2660498023033142, 0.04381432756781578, -0.1929100751876831]","[336.0, 2.0, 1.0, 4.0, 10.0, 935.0]","[2.0, 0.0, 0.0, 8.0, 0.0, 503.0]","[0.2450847178697586, 0.30282846093177795, -0.14240482449531555, -0.08087607473134995, -1.1039408445358276, -0.19864723086357117, 0.15725891292095184, 0.23377540707588196, -0.49168074131011963, 0.3279549777507782, 0.0708700567483902, 0.3722994923591614, -0.1852293461561203, 0.18778236210346222, 0.30000001192092896, 0.30000001192092896, 0.30000001192092896, 0.20000000298023224, 0.10000000149011612, 0.0, 0.8999999761581421, 0.8999999761581421, 0.8999999761581421, 0.8999999761581421, 0.800000011920929, 0.0]","[0.1919856071472168, 0.2529973089694977, -0.10734103620052338, 0.9849851131439209, -1.1197597980499268, 0.004855284467339516, 0.1483750194311142, 0.23377540707588196, -0.15823803842067719, 0.2248343676328659, 1.0008761882781982, 0.28604981303215027, 0.023814328014850616, -0.17291007936000824]","[256.0, 0.2999999523162842, 0.30000001192092896, 0.20000004768371582, 0.10000038146972656, 855.0]","[0.8999999761581421, 0.8999999761581421, 0.8999999761581421, 0.9000000953674316, 0.800000011920929, 423.0]","[0.36898231506347656, 0.21316342055797577, -0.20460668206214905, 0.13916082680225372, -1.1945276260375977, -0.09087637811899185, 0.28742966055870056, 0.3443547189235687, -0.4803517162799835, 0.2989345192909241, 0.2132832556962967, 0.37340450286865234, -0.09503490477800369, 0.14695057272911072, 0.30000001192092896, 0.29899999499320984, 0.29899999499320984, 0.19900000095367432, 1.0, 0.0, 0.8980000019073486, 0.8989999890327454, 0.8999999761581421, 0.8999999761581421, 0.8009999990463257, 0.0]","[0.2450847178697586, 0.30282846093177795, -0.14240482449531555, -0.08087607473134995, -1.1039408445358276, -0.19864723086357117, 0.15725891292095184, 0.23377540707588196, -0.49168074131011963, 0.3279549777507782, 0.0708700567483902, 0.3722994923591614, -0.1852293461561203, 0.18778236210346222, 0.30000001192092896, 0.30000001192092896, 0.30000001192092896, 0.20000000298023224, 0.10000000149011612, 0.0, 0.8999999761581421, 0.8999999761581421, 0.8999999761581421, 0.8999999761581421, 0.800000011920929, 0.0]"
29,29,29,0.0,dataset,0.060214543000256526,False,"[0.17198561131954193, 0.23299731314182281, -0.08735302090644836, 1.0049731731414795, -1.1397716999053955, 0.024843299761414528, 0.12839898467063904, 0.21451763808727264, -0.13822604715824127, 0.2048223912715912, 1.020876169204712, 0.26606178283691406, 0.04381432756781578, -0.19292205572128296]","[336.0, 2.0, 0.0, 4.0, 10.0, 935.0]","[2.0, 0.0, 0.0, 8.0, 0.0, 503.0]","[0.24290435016155243, 0.30435675382614136, -0.14265860617160797, -0.08382982015609741, -1.1042401790618896, -0.19627657532691956, 0.1614980697631836, 0.2244250327348709, -0.5010159611701965, 0.3277832865715027, 0.03903043270111084, 0.3731313943862915, -0.18858012557029724, 0.18825401365756989, 0.30000001192092896, 0.30000001192092896, 0.30000001192092896, 0.20000000298023224, 0.10000000149011612, 0.0, 0.8999999761581421, 0.8999999761581421, 0.8999999761581421, 0.8999999761581421, 0.800000011920929, 0.0]","[0.1919856071472168, 0.2529973089694977, -0.10735301673412323, 0.9849731922149658, -1.1197717189788818, 0.004843300208449364, 0.1483989804983139, 0.2244250327348709, -0.15822604298591614, 0.22482238709926605, 1.0008761882781982, 0.2860617935657501, 0.023814328014850616, -0.1729220598936081]","[256.0, 0.2999999523162842, 0.30000001192092896, 0.20000004768371582, 0.10000038146972656, 855.0]","[0.8999999761581421, 0.8999999761581421, 0.8999999761581421, 0.9000000953674316, 0.800000011920929, 423.0]","[0.36893436312675476, 0.2140023112297058, -0.2046186625957489, 0.13911288976669312, -1.1945276260375977, -0.0908404290676117, 0.28745362162590027, 0.3435637652873993, -0.4897952973842621, 0.30056437849998474, 0.19178356230258942, 0.3733445703983307, -0.09462743997573853, 0.15447665750980377, 0.30000001192092896, 0.29899999499320984, 0.29899999499320984, 0.19900000095367432, 1.0, 0.0, 0.8980000019073486, 0.8989999890327454, 0.8999999761581421, 0.8999999761581421, 0.8009999990463257, 0.0]","[0.24290435016155243, 0.30435675382614136, -0.14265860617160797, -0.08382982015609741, -1.1042401790618896, -0.19627657532691956, 0.1614980697631836, 0.2244250327348709, -0.5010159611701965, 0.3277832865715027, 0.03903043270111084, 0.3731313943862915, -0.18858012557029724, 0.18825401365756989, 0.30000001192092896, 0.30000001192092896, 0.30000001192092896, 0.20000000298023224, 0.10000000149011612, 0.0, 0.8999999761581421, 0.8999999761581421, 0.8999999761581421, 0.8999999761581421, 0.800000011920929, 0.0]"
30,30,30,0.0,dataset,0.07859128000018245,False,"[0.17199760675430298, 0.23299731314182281, -0.08735302090644836, 1.0049971342086792, -1.1398675441741943, 0.02485528402030468, 0.12839898467063904, 0.2145056426525116, -0.13823804259300232, 0.2048223912715912, 1.020876169204712, 0.26603782176971436, 0.04381432756781578, -0.1929100751876831]","[336.0, 2.0, 1.0, 4.0, 10.0, 935.0]","[2.0, 0.0, 0.0, 8.0, 0.0, 503.0]","[0.24011269211769104, 0.3047749400138855, -0.14241288602352142, -0.084497831761837, -1.1037813425064087, -0.19422706961631775, 0.16382768750190735, 0.21507519483566284, -0.5113738179206848, 0.3253043591976166, 0.007636566646397114, 0.3817562162876129, -0.19003239274024963, 0.1891138106584549, 0.30000001192092896, 0.30000001192092896, 0.30000001192092896, 0.20000000298023224, 0.10000000149011612, 0.0, 0.8999999761581421, 0.8999999761581421, 0.8999999761581421, 0.8999999761581421, 0.800000011920929, 0.0]","[0.19199760258197784, 0.2529973089694977, -0.10735301673412323, 0.9849971532821655, -1.1198675632476807, 0.004855284467339516, 0.1483989804983139, 0.21507519483566284, -0.15823803842067719, 0.22482238709926605, 1.0008761882781982, 0.2860378324985504, 0.023814328014850616, -0.17291007936000824]","[256.0, 0.2999999523162842, 0.30000001192092896, 0.20000004768371582, 0.10000038146972656, 855.0]","[0.8999999761581421, 0.8999999761581421, 0.8999999761581421, 0.9000000953674316, 0.800000011920929, 423.0]","[0.3689703345298767, 0.21408620476722717, -0.2048943042755127, 0.13913685083389282, -1.1945276260375977, -0.09076852351427078, 0.2875494956970215, 0.34339597821235657, -0.5053628087043762, 0.30275747179985046, 0.15113306045532227, 0.37338051199913025, -0.09449561685323715, 0.15544737875461578, 0.30000001192092896, 0.29899999499320984, 0.29899999499320984, 0.19900000095367432, 1.0, 0.0, 0.8980000019073486, 0.8989999890327454, 0.8999999761581421, 0.8999999761581421, 0.8009999990463257, 0.0]","[0.24011269211769104, 0.3047749400138855, -0.14241288602352142, -0.084497831761837, -1.1037813425064087, -0.19422706961631775, 0.16382768750190735, 0.21507519483566284, -0.5113738179206848, 0.3253043591976166, 0.007636566646397114, 0.3817562162876129, -0.19003239274024963, 0.1891138106584549, 0.30000001192092896, 0.30000001192092896, 0.30000001192092896, 0.20000000298023224, 0.10000000149011612, 0.0, 0.8999999761581421, 0.8999999761581421, 0.8999999761581421, 0.8999999761581421, 0.800000011920929, 0.0]"
31,31,31,0.0,dataset,0.05796360500062292,False,"[0.17200958728790283, 0.23299731314182281, -0.08735302090644836, 1.0049971342086792, -1.1397597789764404, 0.024843299761414528, 0.12839898467063904, 0.2145056426525116, -0.13825002312660217, 0.20483437180519104, 1.0208882093429565, 0.2660258412361145, 0.04380234330892563, -0.19292205572128296]","[336.0, 2.0, 1.0, 4.0, 10.0, 935.0]","[2.0, 0.0, 0.0, 8.0, 0.0, 503.0]","[0.2375427633523941, 0.30498409271240234, -0.14159269630908966, -0.08433442562818527, -1.1027891635894775, -0.19239671528339386, 0.16622653603553772, 0.20364326238632202, -0.5254572629928589, 0.3143369257450104, -0.029083028435707092, 0.3961579501628876, -0.18862232565879822, 0.19832491874694824, 0.30000001192092896, 0.30000001192092896, 0.30000001192092896, 0.20000000298023224, 0.10000000149011612, 0.0, 0.8999999761581421, 0.8999999761581421, 0.8999999761581421, 0.8999999761581421, 0.800000011920929, 0.0]","[0.1920095831155777, 0.2529973089694977, -0.10735301673412323, 0.9849971532821655, -1.1197597980499268, 0.004843300208449364, 0.1483989804983139, 0.20364326238632202, -0.15825001895427704, 0.2248343676328659, 1.0008882284164429, 0.28602585196495056, 0.023802343755960464, -0.1729220598936081]","[256.0, 0.2999999523162842, 0.30000001192092896, 0.20000004768371582, 0.10000038146972656, 855.0]","[0.8999999761581421, 0.8999999761581421, 0.8999999761581421, 0.9000000953674316, 0.800000011920929, 423.0]","[0.3689223825931549, 0.21411016583442688, -0.2049901783466339, 0.1390409767627716, -1.1945276260375977, -0.09079249203205109, 0.28753751516342163, 0.3417421579360962, -0.5186532735824585, 0.3025777041912079, 0.10701913386583328, 0.3737400472164154, -0.09460347145795822, 0.15547135472297668, 0.30000001192092896, 0.29899999499320984, 0.29899999499320984, 0.19900000095367432, 1.0, 0.0, 0.8980000019073486, 0.8989999890327454, 0.8999999761581421, 0.8999999761581421, 0.8009999990463257, 0.0]","[0.2375427633523941, 0.30498409271240234, -0.14159269630908966, -0.08433442562818527, -1.1027891635894775, -0.19239671528339386, 0.16622653603553772, 0.20364326238632202, -0.5254572629928589, 0.3143369257450104, -0.029083028435707092, 0.3961579501628876, -0.18862232565879822, 0.19832491874694824, 0.30000001192092896, 0.30000001192092896, 0.30000001192092896, 0.20000000298023224, 0.10000000149011612, 0.0, 0.8999999761581421, 0.8999999761581421, 0.8999999761581421, 0.8999999761581421, 0.800000011920929, 0.0]"
32,32,32,0.0,dataset,0.06377492399951734,False,"[0.17199760675430298, 0.23300929367542267, -0.08735302090644836, 1.0049971342086792, -1.1398435831069946, 0.02485528402030468, 0.12839898467063904, 0.21451763808727264, -0.13825002312660217, 0.2048223912715912, 1.0208882093429565, 0.26603782176971436, 0.04381432756781578, -0.19292205572128296]","[336.0, 2.0, 2.0, 4.0, 10.0, 935.0]","[2.0, 1.0, 0.0, 8.0, 0.0, 503.0]","[0.23487502336502075, 0.3046906292438507, -0.1425829827785492, -0.08724818378686905, -1.100848913192749, -0.19072943925857544, 0.1714242696762085, 0.1907428801059723, -0.5392971038818359, 0.3018544912338257, -0.06826136261224747, 0.42730429768562317, -0.18920041620731354, 0.21040387451648712, 0.30000001192092896, 0.30000001192092896, 0.30000001192092896, 0.20000000298023224, 0.10000000149011612, 0.0, 0.8999999761581421, 0.8999999761581421, 0.8999999761581421, 0.8999999761581421, 0.800000011920929, 0.0]","[0.19199760258197784, 0.25300928950309753, -0.10735301673412323, 0.9849971532821655, -1.119843602180481, 0.004855284467339516, 0.1483989804983139, 0.19451764225959778, -0.15825001895427704, 0.22482238709926605, 1.0008882284164429, 0.2860378324985504, 0.023814328014850616, -0.1729220598936081]","[256.0, 0.2999999523162842, 0.2999999523162842, 0.20000004768371582, 0.10000038146972656, 855.0]","[0.8999999761581421, 0.8999999761581421, 0.8999999761581421, 0.9000000953674316, 0.800000011920929, 423.0]","[0.3689223825931549, 0.21461351215839386, -0.20497818291187286, 0.13905297219753265, -1.1945276260375977, -0.09079249203205109, 0.2875974476337433, 0.3349471092224121, -0.5279290676116943, 0.3017508089542389, 0.07088669389486313, 0.37453100085258484, -0.09461545944213867, 0.15702930092811584, 0.30000001192092896, 0.29899999499320984, 0.29899999499320984, 0.19900000095367432, 1.0, 0.0, 0.8980000019073486, 0.8989999890327454, 0.8999999761581421, 0.8999999761581421, 0.8009999990463257, 0.0]","[0.23487502336502075, 0.3046906292438507, -0.1425829827785492, -0.08724818378686905, -1.100848913192749, -0.19072943925857544, 0.1714242696762085, 0.1907428801059723, -0.5392971038818359, 0.3018544912338257, -0.06826136261224747, 0.42730429768562317, -0.18920041620731354, 0.21040387451648712, 0.30000001192092896, 0.30000001192092896, 0.30000001192092896, 0.20000000298023224, 0.10000000149011612, 0.0, 0.8999999761581421, 0.8999999761581421, 0.8999999761581421, 0.8999999761581421, 0.800000011920929, 0.0]"
33,33,33,0.0,dataset,0.06241043199952401,False,"[0.17200958728790283, 0.23299731314182281, -0.08735302090644836, 1.0049731731414795, -1.1397477388381958, 0.024843299761414528, 0.12839898467063904, 0.21451763808727264, -0.13822604715824127, 0.20483437180519104, 1.020876169204712, 0.26606178283691406, 0.04381432756781578, -0.19292205572128296]","[336.0, 2.0, 1.0, 4.0, 10.0, 935.0]","[2.0, 0.0, 0.0, 8.0, 0.0, 503.0]","[0.23355719447135925, 0.30475500226020813, -0.14249210059642792, -0.0896063894033432, -1.1001214981079102, -0.18838155269622803, 0.17508754134178162, 0.1836235374212265, -0.5473169684410095, 0.29303979873657227, -0.09515056014060974, 0.44298285245895386, -0.19790011644363403, 0.21704962849617004, 0.30000001192092896, 0.30000001192092896, 0.30000001192092896, 0.20000000298023224, 0.10000000149011612, 0.0, 0.8999999761581421, 0.8999999761581421, 0.8999999761581421, 0.8999999761581421, 0.800000011920929, 0.0]","[0.1920095831155777, 0.2529973089694977, -0.10735301673412323, 0.9849731922149658, -1.1197477579116821, 0.004843300208449364, 0.1483989804983139, 0.19451764225959778, -0.15822604298591614, 0.2248343676328659, 1.0008761882781982, 0.2860617935657501, 0.023814328014850616, -0.1729220598936081]","[256.0, 0.2999999523162842, 0.30000001192092896, 0.20000004768371582, 0.10000038146972656, 855.0]","[0.8999999761581421, 0.8999999761581421, 0.8999999761581421, 0.9000000953674316, 0.800000011920929, 423.0]","[0.36888644099235535, 0.21467342972755432, -0.20513398945331573, 0.1390409767627716, -1.1945396661758423, -0.09073256701231003, 0.2876933217048645, 0.3235620856285095, -0.5405844449996948, 0.3014032542705536, 0.03627625107765198, 0.3754657804965973, -0.09435180574655533, 0.16371649503707886, 0.30000001192092896, 0.29899999499320984, 0.29899999499320984, 0.19900000095367432, 1.0, 0.0, 0.8980000019073486, 0.8989999890327454, 0.8999999761581421, 0.8999999761581421, 0.8009999990463257, 0.0]","[0.23355719447135925, 0.30475500226020813, -0.14249210059642792, -0.0896063894033432, -1.1001214981079102, -0.18838155269622803, 0.17508754134178162, 0.1836235374212265, -0.5473169684410095, 0.29303979873657227, -0.09515056014060974, 0.44298285245895386, -0.19790011644363403, 0.21704962849617004, 0.30000001192092896, 0.30000001192092896, 0.30000001192092896, 0.20000000298023224, 0.10000000149011612, 0.0, 0.8999999761581421, 0.8999999761581421, 0.8999999761581421, 0.8999999761581421, 0.800000011920929, 0.0]"
34,34,34,0.0,dataset,0.06656358300097054,False,"[0.17199760675430298, 0.23299731314182281, -0.08735302090644836, 1.0049850940704346, -1.1397837400436401, 0.024843299761414528, 0.12838700413703918, 0.2145056426525116, -0.13823804259300232, 0.20483437180519104, 1.0208882093429565, 0.26603782176971436, 0.04381432756781578, -0.1929340362548828]","[336.0, 2.0, 1.0, 4.0, 10.0, 935.0]","[2.0, 1.0, 0.0, 8.0, 0.0, 503.0]","[0.23221546411514282, 0.3038790822029114, -0.14082063734531403, -0.08907045423984528, -1.1000398397445679, -0.18591274321079254, 0.17592453956604004, 0.17443270981311798, -0.5545076727867126, 0.28049957752227783, -0.12022583931684494, 0.46416234970092773, -0.20043040812015533, 0.22787050902843475, 0.30000001192092896, 0.30000001192092896, 0.30000001192092896, 0.20000000298023224, 0.10000000149011612, 0.0, 0.8999999761581421, 0.8999999761581421, 0.8999999761581421, 0.8999999761581421, 0.800000011920929, 0.0]","[0.19199760258197784, 0.2529973089694977, -0.10735301673412323, 0.9849851131439209, -1.1197837591171265, 0.004843300208449364, 0.14838699996471405, 0.19450564682483673, -0.15823803842067719, 0.2248343676328659, 1.0008882284164429, 0.2860378324985504, 0.023814328014850616, -0.17293404042720795]","[256.0, 0.2999999523162842, 0.30000001192092896, 0.20000004768371582, 0.10000038146972656, 855.0]","[0.8999999761581421, 0.8999999761581421, 0.8999999761581421, 0.9000000953674316, 0.800000011920929, 423.0]","[0.3688265085220337, 0.21468541026115417, -0.20612867176532745, 0.13900503516197205, -1.194443702697754, -0.09072058647871017, 0.2876933217048645, 0.31363916397094727, -0.5538989305496216, 0.2979997396469116, 0.0008868326549418271, 0.38041526079177856, -0.094507597386837, 0.17238110303878784, 0.30000001192092896, 0.29899999499320984, 0.29899999499320984, 0.19900000095367432, 1.0, 0.0, 0.8980000019073486, 0.8989999890327454, 0.8999999761581421, 0.8999999761581421, 0.8009999990463257, 0.0]","[0.23221546411514282, 0.3038790822029114, -0.14082063734531403, -0.08907045423984528, -1.1000398397445679, -0.18591274321079254, 0.17592453956604004, 0.17443270981311798, -0.5545076727867126, 0.28049957752227783, -0.12022583931684494, 0.46416234970092773, -0.20043040812015533, 0.22787050902843475, 0.30000001192092896, 0.30000001192092896, 0.30000001192092896, 0.20000000298023224, 0.10000000149011612, 0.0, 0.8999999761581421, 0.8999999761581421, 0.8999999761581421, 0.8999999761581421, 0.800000011920929, 0.0]"
35,35,35,0.0,dataset,0.05790240399983304,False,"[0.17199760675430298, 0.23299731314182281, -0.08735302090644836, 1.0049971342086792, -1.1398077011108398, 0.024843299761414528, 0.12841098010540009, 0.21451763808727264, -0.13825002312660217, 0.2048223912715912, 1.0208882093429565, 0.26603782176971436, 0.04381432756781578, -0.1929100751876831]","[336.0, 2.0, 1.0, 4.0, 10.0, 935.0]","[2.0, 0.0, 0.0, 8.0, 0.0, 503.0]","[0.22944939136505127, 0.30220919847488403, -0.1405228227376938, -0.08330253511667252, -1.097985863685608, -0.18670348823070526, 0.17602486908435822, 0.16295260190963745, -0.5609265565872192, 0.2630552351474762, -0.1559779942035675, 0.4870436191558838, -0.21158896386623383, 0.23751318454742432, 0.30000001192092896, 0.30000001192092896, 0.30000001192092896, 0.20000000298023224, 0.10000000149011612, 0.0, 0.8999999761581421, 0.8999999761581421, 0.8999999761581421, 0.8999999761581421, 0.800000011920929, 0.0]","[0.19199760258197784, 0.2529973089694977, -0.10735301673412323, 0.9849971532821655, -1.1198077201843262, 0.004843300208449364, 0.14841097593307495, 0.19451764225959778, -0.15825001895427704, 0.22482238709926605, 1.0008882284164429, 0.2860378324985504, 0.023814328014850616, -0.17291007936000824]","[256.0, 0.2999999523162842, 0.30000001192092896, 0.20000004768371582, 0.10000038146972656, 855.0]","[0.8999999761581421, 0.8999999761581421, 0.8999999761581421, 0.9000000953674316, 0.800000011920929, 423.0]","[0.36886247992515564, 0.2150808870792389, -0.2061166912317276, 0.13905297219753265, -1.194048285484314, -0.09073256701231003, 0.2879449725151062, 0.30063626170158386, -0.5606340169906616, 0.28846031427383423, -0.037714358419179916, 0.39861929416656494, -0.09577792882919312, 0.18337063491344452, 0.30000001192092896, 0.29899999499320984, 0.29899999499320984, 0.19900000095367432, 1.0, 0.0, 0.8980000019073486, 0.8989999890327454, 0.8999999761581421, 0.8999999761581421, 0.8009999990463257, 0.0]","[0.22944939136505127, 0.30220919847488403, -0.1405228227376938, -0.08330253511667252, -1.097985863685608, -0.18670348823070526, 0.17602486908435822, 0.16295260190963745, -0.5609265565872192, 0.2630552351474762, -0.1559779942035675, 0.4870436191558838, -0.21158896386623383, 0.23751318454742432, 0.30000001192092896, 0.30000001192092896, 0.30000001192092896, 0.20000000298023224, 0.10000000149011612, 0.0, 0.8999999761581421, 0.8999999761581421, 0.8999999761581421, 0.8999999761581421, 0.800000011920929, 0.0]"
36,36,36,0.0,dataset,0.0681206179997389,False,"[0.17198561131954193, 0.23299731314182281, -0.08735302090644836, 1.0049971342086792, -1.1397597789764404, 0.024843299761414528, 0.12839898467063904, 0.2145296186208725, -0.13823804259300232, 0.20483437180519104, 1.020876169204712, 0.26603782176971436, 0.04381432756781578, -0.1929340362548828]","[336.0, 2.0, 1.0, 4.0, 10.0, 935.0]","[2.0, 0.0, 0.0, 8.0, 0.0, 503.0]","[0.2282264083623886, 0.3019157946109772, -0.13986501097679138, -0.08193427324295044, -1.097455620765686, -0.1863139569759369, 0.17638307809829712, 0.15965938568115234, -0.5630112886428833, 0.25798970460891724, -0.16667988896369934, 0.4934913218021393, -0.22426776587963104, 0.23837363719940186, 0.30000001192092896, 0.30000001192092896, 0.30000001192092896, 0.20000000298023224, 0.10000000149011612, 0.0, 0.8999999761581421, 0.8999999761581421, 0.8999999761581421, 0.8999999761581421, 0.800000011920929, 0.0]","[0.1919856071472168, 0.2529973089694977, -0.10735301673412323, 0.9849971532821655, -1.1197597980499268, 0.004843300208449364, 0.1483989804983139, 0.19452962279319763, -0.15823803842067719, 0.2248343676328659, 1.0008761882781982, 0.2860378324985504, 0.023814328014850616, -0.17293404042720795]","[256.0, 0.2999999523162842, 0.30000001192092896, 0.20000004768371582, 0.10000038146972656, 855.0]","[0.8999999761581421, 0.8999999761581421, 0.8999999761581421, 0.9000000953674316, 0.800000011920929, 423.0]","[0.3688744604587555, 0.2154044657945633, -0.20612867176532745, 0.1390649527311325, -1.1939404010772705, -0.09069661796092987, 0.28802886605262756, 0.29237914085388184, -0.5624077320098877, 0.28488901257514954, -0.05372528359293938, 0.4049709439277649, -0.09608951956033707, 0.18780478835105896, 0.30000001192092896, 0.29899999499320984, 0.29899999499320984, 0.19900000095367432, 1.0, 0.0, 0.8980000019073486, 0.8989999890327454, 0.8999999761581421, 0.8999999761581421, 0.8009999990463257, 0.0]","[0.2282264083623886, 0.3019157946109772, -0.13986501097679138, -0.08193427324295044, -1.097455620765686, -0.1863139569759369, 0.17638307809829712, 0.15965938568115234, -0.5630112886428833, 0.25798970460891724, -0.16667988896369934, 0.4934913218021393, -0.22426776587963104, 0.23837363719940186, 0.30000001192092896, 0.30000001192092896, 0.30000001192092896, 0.20000000298023224, 0.10000000149011612, 0.0, 0.8999999761581421, 0.8999999761581421, 0.8999999761581421, 0.8999999761581421, 0.800000011920929, 0.0]"
37,37,37,0.0,dataset,0.06469396600004984,False,"[0.17200958728790283, 0.23299731314182281, -0.08735302090644836, 1.0049971342086792, -1.1397837400436401, 0.02485528402030468, 0.12839898467063904, 0.2145056426525116, -0.13825002312660217, 0.2048223912715912, 1.020876169204712, 0.2660498023033142, 0.04381432756781578, -0.19292205572128296]","[336.0, 2.0, 1.0, 4.0, 10.0, 935.0]","[2.0, 0.0, 0.0, 8.0, 0.0, 503.0]","[0.22714726626873016, 0.30093997716903687, -0.13759970664978027, -0.08127183467149734, -1.097434163093567, -0.18337172269821167, 0.17686735093593597, 0.15254922211170197, -0.564424991607666, 0.24523738026618958, -0.1853889524936676, 0.5104750394821167, -0.2303231656551361, 0.24177849292755127, 0.30000001192092896, 0.30000001192092896, 0.30000001192092896, 0.20000000298023224, 0.10000000149011612, 0.0, 0.8999999761581421, 0.8999999761581421, 0.8999999761581421, 0.8999999761581421, 0.800000011920929, 0.0]","[0.1920095831155777, 0.2529973089694977, -0.10735301673412323, 0.9849971532821655, -1.1197837591171265, 0.004855284467339516, 0.1483989804983139, 0.19450564682483673, -0.15825001895427704, 0.22482238709926605, 1.0008761882781982, 0.28604981303215027, 0.023814328014850616, -0.1729220598936081]","[256.0, 0.2999999523162842, 0.30000001192092896, 0.20000004768371582, 0.10000038146972656, 855.0]","[0.8999999761581421, 0.8999999761581421, 0.8999999761581421, 0.9000000953674316, 0.800000011920929, 423.0]","[0.3687666058540344, 0.21563217043876648, -0.20618858933448792, 0.1390409767627716, -1.1935689449310303, -0.09068462997674942, 0.2880648076534271, 0.2781059443950653, -0.5639656782150269, 0.27735093235969543, -0.08462061733007431, 0.4234865605831146, -0.09785120189189911, 0.19748805463314056, 0.30000001192092896, 0.29899999499320984, 0.29899999499320984, 0.19900000095367432, 1.0, 0.0, 0.8980000019073486, 0.8989999890327454, 0.8999999761581421, 0.8999999761581421, 0.8009999990463257, 0.0]","[0.22714726626873016, 0.30093997716903687, -0.13759970664978027, -0.08127183467149734, -1.097434163093567, -0.18337172269821167, 0.17686735093593597, 0.15254922211170197, -0.564424991607666, 0.24523738026618958, -0.1853889524936676, 0.5104750394821167, -0.2303231656551361, 0.24177849292755127, 0.30000001192092896, 0.30000001192092896, 0.30000001192092896, 0.20000000298023224, 0.10000000149011612, 0.0, 0.8999999761581421, 0.8999999761581421, 0.8999999761581421, 0.8999999761581421, 0.800000011920929, 0.0]"
38,38,38,0.0,dataset,0.07113333499910368,False,"[0.17198561131954193, 0.23299731314182281, -0.08735302090644836, 1.0049850940704346, -1.1397837400436401, 0.024843299761414528, 0.12841098010540009, 0.2145056426525116, -0.13822604715824127, 0.2048463672399521, 1.0208882093429565, 0.26603782176971436, 0.04381432756781578, -0.19292205572128296]","[336.0, 2.0, 1.0, 4.0, 10.0, 935.0]","[2.0, 0.0, 0.0, 8.0, 0.0, 503.0]","[0.22485393285751343, 0.298979789018631, -0.13206128776073456, -0.07822123914957047, -1.0980162620544434, -0.1764623522758484, 0.17682954668998718, 0.14234134554862976, -0.5677737593650818, 0.22256246209144592, -0.21032394468784332, 0.5347662568092346, -0.24441160261631012, 0.24538418650627136, 0.30000001192092896, 0.30000001192092896, 0.30000001192092896, 0.20000000298023224, 0.10000000149011612, 0.0, 0.8999999761581421, 0.8999999761581421, 0.8999999761581421, 0.8999999761581421, 0.800000011920929, 0.0]","[0.1919856071472168, 0.2529973089694977, -0.10735301673412323, 0.9849851131439209, -1.1197837591171265, 0.004843300208449364, 0.14841097593307495, 0.19450564682483673, -0.15822604298591614, 0.22256246209144592, 1.0008882284164429, 0.2860378324985504, 0.023814328014850616, -0.1729220598936081]","[256.0, 0.2999999523162842, 0.30000001192092896, 0.20000004768371582, 0.10000038146972656, 855.0]","[0.8999999761581421, 0.8999999761581421, 0.8999999761581421, 0.9000000953674316, 0.800000011920929, 423.0]","[0.3687785863876343, 0.21566811203956604, -0.2061406522989273, 0.13900503516197205, -1.1927180290222168, -0.09069661796092987, 0.2880648076534271, 0.27095136046409607, -0.5636061429977417, 0.2697888910770416, -0.11247195303440094, 0.4381432831287384, -0.10402307659387589, 0.20091553032398224, 0.30000001192092896, 0.29899999499320984, 0.29899999499320984, 0.19900000095367432, 1.0, 0.0, 0.8980000019073486, 0.8989999890327454, 0.8999999761581421, 0.8999999761581421, 0.8009999990463257, 0.0]","[0.22485393285751343, 0.298979789018631, -0.13206128776073456, -0.07822123914957047, -1.0980162620544434, -0.1764623522758484, 0.17682954668998718, 0.14234134554862976, -0.5677737593650818, 0.22256246209144592, -0.21032394468784332, 0.5347662568092346, -0.24441160261631012, 0.24538418650627136, 0.30000001192092896, 0.30000001192092896, 0.30000001192092896, 0.20000000298023224, 0.10000000149011612, 0.0, 0.8999999761581421, 0.8999999761581421, 0.8999999761581421, 0.8999999761581421, 0.800000011920929, 0.0]"
39,39,39,0.0,dataset,0.06457079600113502,False,"[0.17197363078594208, 0.23299731314182281, -0.08735302090644836, 1.0049850940704346, -1.1397597789764404, 0.02485528402030468, 0.12839898467063904, 0.21449366211891174, -0.13823804259300232, 0.2048463672399521, 1.020876169204712, 0.2660498023033142, 0.04381432756781578, -0.19292205572128296]","[336.0, 2.0, 1.0, 4.0, 10.0, 935.0]","[2.0, 0.0, 0.0, 8.0, 0.0, 503.0]","[0.2220872938632965, 0.29599806666374207, -0.12804341316223145, -0.07188238948583603, -1.0963863134384155, -0.17326486110687256, 0.17540772259235382, 0.13556906580924988, -0.5656095147132874, 0.206601083278656, -0.22471129894256592, 0.5452398061752319, -0.26228269934654236, 0.24550557136535645, 0.30000001192092896, 0.30000001192092896, 0.30000001192092896, 0.20000000298023224, 0.10000000149011612, 0.0, 0.8999999761581421, 0.8999999761581421, 0.8999999761581421, 0.8999999761581421, 0.800000011920929, 0.0]","[0.19197362661361694, 0.2529973089694977, -0.10735301673412323, 0.9849851131439209, -1.1197597980499268, 0.004855284467339516, 0.1483989804983139, 0.19449366629123688, -0.15823803842067719, 0.206601083278656, 1.0008761882781982, 0.28604981303215027, 0.023814328014850616, -0.1729220598936081]","[256.0, 0.2999999523162842, 0.30000001192092896, 0.20000004768371582, 0.10000038146972656, 855.0]","[0.8999999761581421, 0.8999999761581421, 0.8999999761581421, 0.9000000953674316, 0.800000011920929, 423.0]","[0.368802547454834, 0.21617145836353302, -0.20546954870224, 0.13907693326473236, -1.1925742626190186, -0.0902412161231041, 0.28823259472846985, 0.2630537450313568, -0.563438355922699, 0.2587634027004242, -0.14035925269126892, 0.4511941075325012, -0.10868494212627411, 0.20822592079639435, 0.30000001192092896, 0.29899999499320984, 0.29899999499320984, 0.19900000095367432, 1.0, 0.0, 0.8980000019073486, 0.8989999890327454, 0.8999999761581421, 0.8999999761581421, 0.8009999990463257, 0.0]","[0.2220872938632965, 0.29599806666374207, -0.12804341316223145, -0.07188238948583603, -1.0963863134384155, -0.17326486110687256, 0.17540772259235382, 0.13556906580924988, -0.5656095147132874, 0.206601083278656, -0.22471129894256592, 0.5452398061752319, -0.26228269934654236, 0.24550557136535645, 0.30000001192092896, 0.30000001192092896, 0.30000001192092896, 0.20000000298023224, 0.10000000149011612, 0.0, 0.8999999761581421, 0.8999999761581421, 0.8999999761581421, 0.8999999761581421, 0.800000011920929, 0.0]"
40,40,40,0.0,dataset,0.07653219700114278,False,"[0.17199760675430298, 0.23299731314182281, -0.08735302090644836, 1.0049850940704346, -1.1397597789764404, 0.024831315502524376, 0.12839898467063904, 0.2145056426525116, -0.13823804259300232, 0.20481041073799133, 1.0208882093429565, 0.26606178283691406, 0.04382631182670593, -0.1929100751876831]","[336.0, 2.0, 1.0, 4.0, 10.0, 935.0]","[2.0, 0.0, 0.0, 8.0, 0.0, 503.0]","[0.22282305359840393, 0.29306870698928833, -0.12003851681947708, -0.07226594537496567, -1.0953898429870605, -0.16436026990413666, 0.1750577688217163, 0.1321675330400467, -0.5630221962928772, 0.1805824488401413, -0.2527225613594055, 0.5533004999160767, -0.27601954340934753, 0.23577843606472015, 0.30000001192092896, 0.30000001192092896, 0.30000001192092896, 0.20000000298023224, 0.10000000149011612, 0.0, 0.8999999761581421, 0.8999999761581421, 0.8999999761581421, 0.8999999761581421, 0.800000011920929, 0.0]","[0.19199760258197784, 0.2529973089694977, -0.10735301673412323, 0.9849851131439209, -1.1197597980499268, 0.004831315949559212, 0.1483989804983139, 0.19450564682483673, -0.15823803842067719, 0.18481041491031647, 1.0008882284164429, 0.2860617935657501, 0.02382631227374077, -0.17291007936000824]","[256.0, 0.2999999523162842, 0.30000001192092896, 0.20000004768371582, 0.10000038146972656, 855.0]","[0.8999999761581421, 0.8999999761581421, 0.8999999761581421, 0.9000000953674316, 0.800000011920929, 423.0]","[0.36879056692123413, 0.21619541943073273, -0.20417524874210358, 0.13910090923309326, -1.1924303770065308, -0.08806008845567703, 0.2884722948074341, 0.2513810992240906, -0.5632825493812561, 0.24416659772396088, -0.16129568219184875, 0.4728615880012512, -0.12389291822910309, 0.21994648873806, 0.30000001192092896, 0.29899999499320984, 0.29899999499320984, 0.19900000095367432, 1.0, 0.0, 0.8980000019073486, 0.8989999890327454, 0.8999999761581421, 0.8999999761581421, 0.8009999990463257, 0.0]","[0.22282305359840393, 0.29306870698928833, -0.12003851681947708, -0.07226594537496567, -1.0953898429870605, -0.16436026990413666, 0.1750577688217163, 0.1321675330400467, -0.5630221962928772, 0.1805824488401413, -0.2527225613594055, 0.5533004999160767, -0.27601954340934753, 0.23577843606472015, 0.30000001192092896, 0.30000001192092896, 0.30000001192092896, 0.20000000298023224, 0.10000000149011612, 0.0, 0.8999999761581421, 0.8999999761581421, 0.8999999761581421, 0.8999999761581421, 0.800000011920929, 0.0]"
41,41,41,0.0,dataset,0.04939256299985573,False,"[0.17198561131954193, 0.23300929367542267, -0.08735302090644836, 1.0049971342086792, -1.1397956609725952, 0.02485528402030468, 0.12839898467063904, 0.2145056426525116, -0.13825002312660217, 0.20485834777355194, 1.0208882093429565, 0.26606178283691406, 0.04381432756781578, -0.19292205572128296]","[336.0, 2.0, 1.0, 4.0, 10.0, 935.0]","[2.0, 0.0, 0.0, 8.0, 0.0, 503.0]","[0.22382791340351105, 0.2923801839351654, -0.11785844713449478, -0.07309707999229431, -1.095289945602417, -0.16199250519275665, 0.17508772015571594, 0.1322133094072342, -0.5617595911026001, 0.1745285540819168, -0.25863081216812134, 0.5530502200126648, -0.2800059914588928, 0.2319107949733734, 0.30000001192092896, 0.30000001192092896, 0.30000001192092896, 0.20000000298023224, 0.10000000149011612, 0.0, 0.8999999761581421, 0.8999999761581421, 0.8999999761581421, 0.8999999761581421, 0.800000011920929, 0.0]","[0.1919856071472168, 0.25300928950309753, -0.10735301673412323, 0.9849971532821655, -1.1197956800460815, 0.004855284467339516, 0.1483989804983139, 0.19450564682483673, -0.15825001895427704, 0.18485835194587708, 1.0008882284164429, 0.2860617935657501, 0.023814328014850616, -0.1729220598936081]","[256.0, 0.2999999523162842, 0.30000001192092896, 0.20000004768371582, 0.10000038146972656, 855.0]","[0.8999999761581421, 0.8999999761581421, 0.8999999761581421, 0.9000000953674316, 0.800000011920929, 423.0]","[0.36874261498451233, 0.21619541943073273, -0.20315659046173096, 0.13908891379833221, -1.192046880722046, -0.08677777647972107, 0.28846031427383423, 0.2467791587114334, -0.5632585883140564, 0.23943284153938293, -0.16751550137996674, 0.4760853350162506, -0.1282072365283966, 0.22035394608974457, 0.30000001192092896, 0.29899999499320984, 0.29899999499320984, 0.19900000095367432, 1.0, 0.0, 0.8980000019073486, 0.8989999890327454, 0.8999999761581421, 0.8999999761581421, 0.8009999990463257, 0.0]","[0.22382791340351105, 0.2923801839351654, -0.11785844713449478, -0.07309707999229431, -1.095289945602417, -0.16199250519275665, 0.17508772015571594, 0.1322133094072342, -0.5617595911026001, 0.1745285540819168, -0.25863081216812134, 0.5530502200126648, -0.2800059914588928, 0.2319107949733734, 0.30000001192092896, 0.30000001192092896, 0.30000001192092896, 0.20000000298023224, 0.10000000149011612, 0.0, 0.8999999761581421, 0.8999999761581421, 0.8999999761581421, 0.8999999761581421, 0.800000011920929, 0.0]"
42,42,42,0.0,dataset,0.07066609400135349,False,"[0.17198561131954193, 0.23299731314182281, -0.08735302090644836, 1.0049971342086792, -1.1397477388381958, 0.024843299761414528, 0.12839898467063904, 0.2145056426525116, -0.13823804259300232, 0.20483437180519104, 1.0208882093429565, 0.2660258412361145, 0.04381432756781578, -0.1929100751876831]","[336.0, 2.0, 1.0, 4.0, 10.0, 935.0]","[2.0, 0.0, 0.0, 8.0, 0.0, 503.0]","[0.22600314021110535, 0.2897275388240814, -0.11303184181451797, -0.0714099258184433, -1.0935957431793213, -0.15884867310523987, 0.17204643785953522, 0.1321992725133896, -0.5590304136276245, 0.15875551104545593, -0.2718571126461029, 0.5486587882041931, -0.29110613465309143, 0.22129926085472107, 0.30000001192092896, 0.30000001192092896, 0.30000001192092896, 0.20000000298023224, 0.10000000149011612, 0.0, 0.8999999761581421, 0.8999999761581421, 0.8999999761581421, 0.8999999761581421, 0.800000011920929, 0.0]","[0.1919856071472168, 0.2529973089694977, -0.10735301673412323, 0.9849971532821655, -1.1197477579116821, 0.004843300208449364, 0.1483989804983139, 0.19450564682483673, -0.15823803842067719, 0.18483437597751617, 1.0008882284164429, 0.28602585196495056, 0.023814328014850616, -0.17291007936000824]","[256.0, 0.2999999523162842, 0.30000001192092896, 0.20000004768371582, 0.10000038146972656, 855.0]","[0.8999999761581421, 0.8999999761581421, 0.8999999761581421, 0.9000000953674316, 0.800000011920929, 423.0]","[0.3682512640953064, 0.21611154079437256, -0.2016226053237915, 0.13900503516197205, -1.1916154623031616, -0.08318250626325607, 0.288448303937912, 0.24414263665676117, -0.5621200799942017, 0.22428476810455322, -0.1829991191625595, 0.483599454164505, -0.1366441398859024, 0.2210969775915146, 0.30000001192092896, 0.29899999499320984, 0.29899999499320984, 0.19900000095367432, 1.0, 0.0, 0.8980000019073486, 0.8989999890327454, 0.8999999761581421, 0.8999999761581421, 0.8009999990463257, 0.0]","[0.22600314021110535, 0.2897275388240814, -0.11303184181451797, -0.0714099258184433, -1.0935957431793213, -0.15884867310523987, 0.17204643785953522, 0.1321992725133896, -0.5590304136276245, 0.15875551104545593, -0.2718571126461029, 0.5486587882041931, -0.29110613465309143, 0.22129926085472107, 0.30000001192092896, 0.30000001192092896, 0.30000001192092896, 0.20000000298023224, 0.10000000149011612, 0.0, 0.8999999761581421, 0.8999999761581421, 0.8999999761581421, 0.8999999761581421, 0.800000011920929, 0.0]"
43,43,43,0.0,dataset,0.061960668999745394,False,"[0.17198561131954193, 0.23299731314182281, -0.08732905238866806, 1.0049731731414795, -1.1397716999053955, 0.024843299761414528, 0.12838700413703918, 0.2145056426525116, -0.13823804259300232, 0.2048223912715912, 1.0209002494812012, 0.2660498023033142, 0.04381432756781578, -0.19292205572128296]","[336.0, 2.0, 1.0, 4.0, 10.0, 935.0]","[2.0, 0.0, 0.0, 8.0, 0.0, 503.0]","[0.2294059842824936, 0.2872258424758911, -0.10938026010990143, -0.07216264307498932, -1.0915638208389282, -0.15679948031902313, 0.17071503400802612, 0.13496020436286926, -0.5559458136558533, 0.14348173141479492, -0.28536397218704224, 0.5454563498497009, -0.29344460368156433, 0.21232707798480988, 0.30000001192092896, 0.30000001192092896, 0.30000001192092896, 0.20000000298023224, 0.10000000149011612, 0.0, 0.8999999761581421, 0.8999999761581421, 0.8999999761581421, 0.8999999761581421, 0.800000011920929, 0.0]","[0.1919856071472168, 0.2529973089694977, -0.10732905566692352, 0.9849731922149658, -1.1197717189788818, 0.004843300208449364, 0.14838699996471405, 0.19450564682483673, -0.15823803842067719, 0.18482239544391632, 1.0009002685546875, 0.28604981303215027, 0.023814328014850616, -0.1729220598936081]","[256.0, 0.2999999523162842, 0.30000001192092896, 0.20000004768371582, 0.10000038146972656, 855.0]","[0.8999999761581421, 0.8999999761581421, 0.8999999761581421, 0.9000000953674316, 0.800000011920929, 423.0]","[0.36826324462890625, 0.21590779721736908, -0.19688883423805237, 0.1390409767627716, -1.1895781755447388, -0.07512910664081573, 0.28846031427383423, 0.24362730979919434, -0.5606819987297058, 0.20681177079677582, -0.19477961957454681, 0.48381516337394714, -0.14729811251163483, 0.2208452969789505, 0.30000001192092896, 0.29899999499320984, 0.29899999499320984, 0.19900000095367432, 1.0, 0.0, 0.8980000019073486, 0.8989999890327454, 0.8999999761581421, 0.8999999761581421, 0.8009999990463257, 0.0]","[0.2294059842824936, 0.2872258424758911, -0.10938026010990143, -0.07216264307498932, -1.0915638208389282, -0.15679948031902313, 0.17071503400802612, 0.13496020436286926, -0.5559458136558533, 0.14348173141479492, -0.28536397218704224, 0.5454563498497009, -0.29344460368156433, 0.21232707798480988, 0.30000001192092896, 0.30000001192092896, 0.30000001192092896, 0.20000000298023224, 0.10000000149011612, 0.0, 0.8999999761581421, 0.8999999761581421, 0.8999999761581421, 0.8999999761581421, 0.800000011920929, 0.0]"
44,44,44,0.0,dataset,0.06716927100023895,False,"[0.17199760675430298, 0.23300929367542267, -0.08735302090644836, 1.0049850940704346, -1.1397716999053955, 0.024879250675439835, 0.12839898467063904, 0.21449366211891174, -0.13823804259300232, 0.20485834777355194, 1.0209002494812012, 0.26606178283691406, 0.04380234330892563, -0.1929340362548828]","[336.0, 2.0, 1.0, 4.0, 10.0, 935.0]","[2.0, 0.0, 0.0, 8.0, 0.0, 503.0]","[0.23320825397968292, 0.28539103269577026, -0.10237674415111542, -0.07695821672677994, -1.0915874242782593, -0.15035560727119446, 0.1710509955883026, 0.1400640606880188, -0.5517220497131348, 0.121794693171978, -0.29990601539611816, 0.5362876057624817, -0.29944348335266113, 0.19255337119102478, 0.30000001192092896, 0.30000001192092896, 0.30000001192092896, 0.20000000298023224, 0.10000000149011612, 0.0, 0.8999999761581421, 0.8999999761581421, 0.8999999761581421, 0.8999999761581421, 0.800000011920929, 0.0]","[0.19199760258197784, 0.25300928950309753, -0.10237674415111542, 0.9849851131439209, -1.1197717189788818, 0.00487925112247467, 0.1483989804983139, 0.19449366629123688, -0.15823803842067719, 0.18485835194587708, 1.0009002685546875, 0.2860617935657501, 0.023802343755960464, -0.17293404042720795]","[256.0, 0.2999999523162842, 0.30000001192092896, 0.20000004768371582, 0.10000038146972656, 855.0]","[0.8999999761581421, 0.8999999761581421, 0.8999999761581421, 0.9000000953674316, 0.800000011920929, 423.0]","[0.36835911870002747, 0.21566811203956604, -0.1891949623823166, 0.13902899622917175, -1.1864622831344604, -0.06608101725578308, 0.288448303937912, 0.2437831163406372, -0.5604302883148193, 0.18588732182979584, -0.20847758650779724, 0.48374325037002563, -0.15456055104732513, 0.22065354883670807, 0.30000001192092896, 0.29899999499320984, 0.29899999499320984, 0.19900000095367432, 1.0, 0.0, 0.8980000019073486, 0.8989999890327454, 0.8999999761581421, 0.8999999761581421, 0.8009999990463257, 0.0]","[0.23320825397968292, 0.28539103269577026, -0.10237674415111542, -0.07695821672677994, -1.0915874242782593, -0.15035560727119446, 0.1710509955883026, 0.1400640606880188, -0.5517220497131348, 0.121794693171978, -0.29990601539611816, 0.5362876057624817, -0.29944348335266113, 0.19255337119102478, 0.30000001192092896, 0.30000001192092896, 0.30000001192092896, 0.20000000298023224, 0.10000000149011612, 0.0, 0.8999999761581421, 0.8999999761581421, 0.8999999761581421, 0.8999999761581421, 0.800000011920929, 0.0]"
45,45,45,0.0,dataset,0.06151509899973462,False,"[0.17199760675430298, 0.23300929367542267, -0.08734103292226791, 1.0049971342086792, -1.1397837400436401, 0.02485528402030468, 0.12839898467063904, 0.2145056426525116, -0.13822604715824127, 0.20483437180519104, 1.020876169204712, 0.2660737633705139, 0.04381432756781578, -0.19289809465408325]","[336.0, 2.0, 1.0, 4.0, 10.0, 935.0]","[2.0, 0.0, 0.0, 8.0, 0.0, 503.0]","[0.23750269412994385, 0.2842710614204407, -0.09574860334396362, -0.0815010517835617, -1.0909806489944458, -0.14526885747909546, 0.17092667520046234, 0.14685764908790588, -0.5480362176895142, 0.10522222518920898, -0.3091367483139038, 0.5255296230316162, -0.3103882670402527, 0.17699098587036133, 0.30000001192092896, 0.30000001192092896, 0.30000001192092896, 0.20000000298023224, 0.10000000149011612, 0.0, 0.8999999761581421, 0.8999999761581421, 0.8999999761581421, 0.8999999761581421, 0.800000011920929, 0.0]","[0.19199760258197784, 0.25300928950309753, -0.09574860334396362, 0.9849971532821655, -1.1197837591171265, 0.004855284467339516, 0.1483989804983139, 0.19450564682483673, -0.15822604298591614, 0.18483437597751617, 1.0008761882781982, 0.28607377409935, 0.023814328014850616, -0.1728980988264084]","[256.0, 0.2999999523162842, 0.30000001192092896, 0.20000004768371582, 0.10000038146972656, 855.0]","[0.8999999761581421, 0.8999999761581421, 0.8999999761581421, 0.9000000953674316, 0.800000011920929, 423.0]","[0.3683711290359497, 0.21546438336372375, -0.18226808309555054, 0.13900503516197205, -1.1852997541427612, -0.05989715829491615, 0.288448303937912, 0.24389097094535828, -0.5575301051139832, 0.16449548304080963, -0.22005434334278107, 0.4833837151527405, -0.16357268393039703, 0.21825671195983887, 0.30000001192092896, 0.29899999499320984, 0.29899999499320984, 0.19900000095367432, 1.0, 0.0, 0.8980000019073486, 0.8989999890327454, 0.8999999761581421, 0.8999999761581421, 0.8009999990463257, 0.0]","[0.23750269412994385, 0.2842710614204407, -0.09574860334396362, -0.0815010517835617, -1.0909806489944458, -0.14526885747909546, 0.17092667520046234, 0.14685764908790588, -0.5480362176895142, 0.10522222518920898, -0.3091367483139038, 0.5255296230316162, -0.3103882670402527, 0.17699098587036133, 0.30000001192092896, 0.30000001192092896, 0.30000001192092896, 0.20000000298023224, 0.10000000149011612, 0.0, 0.8999999761581421, 0.8999999761581421, 0.8999999761581421, 0.8999999761581421, 0.800000011920929, 0.0]"
46,46,46,0.0,dataset,0.07433770399984496,False,"[0.17198561131954193, 0.23299731314182281, -0.08735302090644836, 1.0049850940704346, -1.1397837400436401, 0.024831315502524376, 0.12838700413703918, 0.2145056426525116, -0.13823804259300232, 0.20481041073799133, 1.020876169204712, 0.2660258412361145, 0.04382631182670593, -0.19289809465408325]","[336.0, 2.0, 0.0, 4.0, 10.0, 935.0]","[2.0, 1.0, 0.0, 8.0, 0.0, 503.0]","[0.24090833961963654, 0.2829367518424988, -0.09157738834619522, -0.08407565951347351, -1.090039610862732, -0.1433749794960022, 0.17066185176372528, 0.1532699167728424, -0.544643759727478, 0.09049042314291, -0.3179476261138916, 0.5181829929351807, -0.32492005825042725, 0.1593417525291443, 0.30000001192092896, 0.30000001192092896, 0.30000001192092896, 0.20000000298023224, 0.10000000149011612, 0.0, 0.8999999761581421, 0.8999999761581421, 0.8999999761581421, 0.8999999761581421, 0.800000011920929, 0.0]","[0.1919856071472168, 0.2529973089694977, -0.09157738834619522, 0.9849851131439209, -1.1197837591171265, 0.004831315949559212, 0.14838699996471405, 0.19450564682483673, -0.15823803842067719, 0.18481041491031647, 1.0008761882781982, 0.28602585196495056, 0.02382631227374077, -0.1728980988264084]","[256.0, 0.2999999523162842, 0.30000001192092896, 0.20000004768371582, 0.10000038146972656, 855.0]","[0.8999999761581421, 0.8999999761581421, 0.8999999761581421, 0.9000000953674316, 0.800000011920929, 423.0]","[0.36838310956954956, 0.21554827690124512, -0.17855297029018402, 0.1390409767627716, -1.1850001811981201, -0.054312508553266525, 0.28846031427383423, 0.24390295147895813, -0.5540666580200195, 0.14741794764995575, -0.2271370142698288, 0.4833238124847412, -0.17150624096393585, 0.21082648634910583, 0.30000001192092896, 0.29899999499320984, 0.29899999499320984, 0.19900000095367432, 1.0, 0.0, 0.8980000019073486, 0.8989999890327454, 0.8999999761581421, 0.8999999761581421, 0.8009999990463257, 0.0]","[0.24090833961963654, 0.2829367518424988, -0.09157738834619522, -0.08407565951347351, -1.090039610862732, -0.1433749794960022, 0.17066185176372528, 0.1532699167728424, -0.544643759727478, 0.09049042314291, -0.3179476261138916, 0.5181829929351807, -0.32492005825042725, 0.1593417525291443, 0.30000001192092896, 0.30000001192092896, 0.30000001192092896, 0.20000000298023224, 0.10000000149011612, 0.0, 0.8999999761581421, 0.8999999761581421, 0.8999999761581421, 0.8999999761581421, 0.800000011920929, 0.0]"
47,47,47,0.0,dataset,0.06772742999964976,False,"[0.17198561131954193, 0.23299731314182281, -0.08734103292226791, 1.0049971342086792, -1.1397716999053955, 0.02485528402030468, 0.12841098010540009, 0.2145056426525116, -0.13823804259300232, 0.20483437180519104, 1.0209002494812012, 0.26603782176971436, 0.04379035905003548, -0.19292205572128296]","[336.0, 2.0, 1.0, 4.0, 10.0, 935.0]","[2.0, 1.0, 0.0, 8.0, 0.0, 503.0]","[0.24555429816246033, 0.2800007164478302, -0.08262990415096283, -0.09052975475788116, -1.0877110958099365, -0.13769052922725677, 0.17321494221687317, 0.16317707300186157, -0.5356988310813904, 0.06246507912874222, -0.3360622525215149, 0.5137578845024109, -0.33383506536483765, 0.14426660537719727, 0.30000001192092896, 0.30000001192092896, 0.30000001192092896, 0.20000000298023224, 0.10000000149011612, 0.0, 0.8999999761581421, 0.8999999761581421, 0.8999999761581421, 0.8999999761581421, 0.800000011920929, 0.0]","[0.1919856071472168, 0.2529973089694977, -0.08262990415096283, 0.9849971532821655, -1.1197717189788818, 0.004855284467339516, 0.14841097593307495, 0.19450564682483673, -0.15823803842067719, 0.18483437597751617, 1.0009002685546875, 0.2860378324985504, 0.023790359497070312, -0.1729220598936081]","[256.0, 0.2999999523162842, 0.30000001192092896, 0.20000004768371582, 0.10000038146972656, 855.0]","[0.8999999761581421, 0.8999999761581421, 0.8999999761581421, 0.9000000953674316, 0.800000011920929, 423.0]","[0.36844301223754883, 0.2154763638973236, -0.1777859777212143, 0.13902899622917175, -1.1839455366134644, -0.050645336508750916, 0.2884722948074341, 0.24392692744731903, -0.5511904954910278, 0.126960888504982, -0.22772425413131714, 0.48316800594329834, -0.18681010603904724, 0.19896210730075836, 0.30000001192092896, 0.29899999499320984, 0.29899999499320984, 0.19900000095367432, 1.0, 0.0, 0.8980000019073486, 0.8989999890327454, 0.8999999761581421, 0.8999999761581421, 0.8009999990463257, 0.0]","[0.24555429816246033, 0.2800007164478302, -0.08262990415096283, -0.09052975475788116, -1.0877110958099365, -0.13769052922725677, 0.17321494221687317, 0.16317707300186157, -0.5356988310813904, 0.06246507912874222, -0.3360622525215149, 0.5137578845024109, -0.33383506536483765, 0.14426660537719727, 0.30000001192092896, 0.30000001192092896, 0.30000001192092896, 0.20000000298023224, 0.10000000149011612, 0.0, 0.8999999761581421, 0.8999999761581421, 0.8999999761581421, 0.8999999761581421, 0.800000011920929, 0.0]"
48,48,48,0.0,dataset,0.06846787199901883,False,"[0.17200958728790283, 0.23300929367542267, -0.08735302090644836, 1.0049850940704346, -1.1397716999053955, 0.024843299761414528, 0.12838700413703918, 0.2145056426525116, -0.13822604715824127, 0.2048463672399521, 1.0208882093429565, 0.26603782176971436, 0.04381432756781578, -0.1929100751876831]","[336.0, 2.0, 1.0, 4.0, 10.0, 935.0]","[2.0, 1.0, 0.0, 8.0, 0.0, 503.0]","[0.24639856815338135, 0.27850142121315, -0.07951848953962326, -0.08935654908418655, -1.0867583751678467, -0.13707846403121948, 0.1722085028886795, 0.1660079061985016, -0.5316401124000549, 0.050861816853284836, -0.3404647707939148, 0.5083190202713013, -0.3392258286476135, 0.13405610620975494, 0.30000001192092896, 0.30000001192092896, 0.30000001192092896, 0.20000000298023224, 0.10000000149011612, 0.0, 0.8999999761581421, 0.8999999761581421, 0.8999999761581421, 0.8999999761581421, 0.800000011920929, 0.0]","[0.1920095831155777, 0.25300928950309753, -0.07951848953962326, 0.9849851131439209, -1.1197717189788818, 0.004843300208449364, 0.14838699996471405, 0.19450564682483673, -0.15822604298591614, 0.18484637141227722, 1.0008882284164429, 0.2860378324985504, 0.023814328014850616, -0.17291007936000824]","[256.0, 0.2999999523162842, 0.30000001192092896, 0.20000004768371582, 0.10000038146972656, 855.0]","[0.8999999761581421, 0.8999999761581421, 0.8999999761581421, 0.9000000953674316, 0.800000011920929, 423.0]","[0.3684549927711487, 0.21511684358119965, -0.17652763426303864, 0.1389690786600113, -1.183609962463379, -0.04850015789270401, 0.28850823640823364, 0.24425049126148224, -0.5495007038116455, 0.11299926042556763, -0.2289106845855713, 0.4829762578010559, -0.19090871512889862, 0.18761304020881653, 0.30000001192092896, 0.29899999499320984, 0.29899999499320984, 0.19900000095367432, 1.0, 0.0, 0.8980000019073486, 0.8989999890327454, 0.8999999761581421, 0.8999999761581421, 0.8009999990463257, 0.0]","[0.24639856815338135, 0.27850142121315, -0.07951848953962326, -0.08935654908418655, -1.0867583751678467, -0.13707846403121948, 0.1722085028886795, 0.1660079061985016, -0.5316401124000549, 0.050861816853284836, -0.3404647707939148, 0.5083190202713013, -0.3392258286476135, 0.13405610620975494, 0.30000001192092896, 0.30000001192092896, 0.30000001192092896, 0.20000000298023224, 0.10000000149011612, 0.0, 0.8999999761581421, 0.8999999761581421, 0.8999999761581421, 0.8999999761581421, 0.800000011920929, 0.0]"
49,49,49,0.0,dataset,0.06645782399937161,False,"[0.17199760675430298, 0.23299731314182281, -0.08735302090644836, 1.0049971342086792, -1.1397597789764404, 0.024843299761414528, 0.12839898467063904, 0.2145056426525116, -0.13823804259300232, 0.2048223912715912, 1.0209002494812012, 0.26603782176971436, 0.04381432756781578, -0.1929100751876831]","[336.0, 2.0, 1.0, 4.0, 10.0, 935.0]","[2.0, 0.0, 0.0, 8.0, 0.0, 503.0]","[0.24670594930648804, 0.27731528878211975, -0.07758939266204834, -0.09020887315273285, -1.086196780204773, -0.13632607460021973, 0.17339107394218445, 0.16795837879180908, -0.5285378098487854, 0.04009021446108818, -0.34530389308929443, 0.5057535171508789, -0.3426981568336487, 0.12441803514957428, 0.30000001192092896, 0.30000001192092896, 0.30000001192092896, 0.20000000298023224, 0.10000000149011612, 0.0, 0.8999999761581421, 0.8999999761581421, 0.8999999761581421, 0.8999999761581421, 0.800000011920929, 0.0]","[0.19199760258197784, 0.2529973089694977, -0.07758939266204834, 0.9849971532821655, -1.1197597980499268, 0.004843300208449364, 0.1483989804983139, 0.19450564682483673, -0.15823803842067719, 0.18482239544391632, 1.0009002685546875, 0.2860378324985504, 0.023814328014850616, -0.17291007936000824]","[256.0, 0.2999999523162842, 0.30000001192092896, 0.20000004768371582, 0.10000038146972656, 855.0]","[0.8999999761581421, 0.8999999761581421, 0.8999999761581421, 0.9000000953674316, 0.800000011920929, 423.0]","[0.368431031703949, 0.2151048630475998, -0.17502960562705994, 0.138993039727211, -1.1833943128585815, -0.046426888555288315, 0.28846031427383423, 0.24452613294124603, -0.5480386018753052, 0.10034392029047012, -0.2289346605539322, 0.482856422662735, -0.19572636485099792, 0.1785050332546234, 0.30000001192092896, 0.29899999499320984, 0.29899999499320984, 0.19900000095367432, 1.0, 0.0, 0.8980000019073486, 0.8989999890327454, 0.8999999761581421, 0.8999999761581421, 0.8009999990463257, 0.0]","[0.24670594930648804, 0.27731528878211975, -0.07758939266204834, -0.09020887315273285, -1.086196780204773, -0.13632607460021973, 0.17339107394218445, 0.16795837879180908, -0.5285378098487854, 0.04009021446108818, -0.34530389308929443, 0.5057535171508789, -0.3426981568336487, 0.12441803514957428, 0.30000001192092896, 0.30000001192092896, 0.30000001192092896, 0.20000000298023224, 0.10000000149011612, 0.0, 0.8999999761581421, 0.8999999761581421, 0.8999999761581421, 0.8999999761581421, 0.800000011920929, 0.0]"
50,50,50,0.0,dataset,0.07289059399954567,False,"[0.17199760675430298, 0.23299731314182281, -0.08735302090644836, 1.0049971342086792, -1.1397597789764404, 0.024843299761414528, 0.12839898467063904, 0.21451763808727264, -0.13822604715824127, 0.20481041073799133, 1.0209002494812012, 0.2660498023033142, 0.043838296085596085, -0.19292205572128296]","[336.0, 2.0, 1.0, 4.0, 10.0, 935.0]","[2.0, 1.0, 0.0, 8.0, 0.0, 503.0]","[0.2472183257341385, 0.2772909104824066, -0.0773056223988533, -0.0908101424574852, -1.086419701576233, -0.13654069602489471, 0.17471471428871155, 0.169129878282547, -0.5270655155181885, 0.03318076580762863, -0.3474506735801697, 0.5032573342323303, -0.3445891737937927, 0.11446128785610199, 0.30000001192092896, 0.30000001192092896, 0.30000001192092896, 0.20000000298023224, 0.10000000149011612, 0.0, 0.8999999761581421, 0.8999999761581421, 0.8999999761581421, 0.8999999761581421, 0.800000011920929, 0.0]","[0.19199760258197784, 0.2529973089694977, -0.0773056223988533, 0.9849971532821655, -1.1197597980499268, 0.004843300208449364, 0.1483989804983139, 0.19451764225959778, -0.15822604298591614, 0.18481041491031647, 1.0009002685546875, 0.28604981303215027, 0.02383829653263092, -0.1729220598936081]","[256.0, 0.2999999523162842, 0.30000001192092896, 0.20000004768371582, 0.10000038146972656, 855.0]","[0.8999999761581421, 0.8999999761581421, 0.8999999761581421, 0.9000000953674316, 0.800000011920929, 423.0]","[0.3684549927711487, 0.21504493057727814, -0.17380721867084503, 0.138993039727211, -1.1833103895187378, -0.045108623802661896, 0.2884722948074341, 0.2446100264787674, -0.5466604232788086, 0.08991764485836029, -0.22892266511917114, 0.4827845096588135, -0.2012990266084671, 0.16539429128170013, 0.30000001192092896, 0.29899999499320984, 0.29899999499320984, 0.19900000095367432, 1.0, 0.0, 0.8980000019073486, 0.8989999890327454, 0.8999999761581421, 0.8999999761581421, 0.8009999990463257, 0.0]","[0.2472183257341385, 0.2772909104824066, -0.0773056223988533, -0.0908101424574852, -1.086419701576233, -0.13654069602489471, 0.17471471428871155, 0.169129878282547, -0.5270655155181885, 0.03318076580762863, -0.3474506735801697, 0.5032573342323303, -0.3445891737937927, 0.11446128785610199, 0.30000001192092896, 0.30000001192092896, 0.30000001192092896, 0.20000000298023224, 0.10000000149011612, 0.0, 0.8999999761581421, 0.8999999761581421, 0.8999999761581421, 0.8999999761581421, 0.800000011920929, 0.0]"
51,51,51,0.0,dataset,0.06386095900052169,False,"[0.17199760675430298, 0.23299731314182281, -0.08735302090644836, 1.0049850940704346, -1.1397837400436401, 0.024843299761414528, 0.12839898467063904, 0.2145296186208725, -0.13823804259300232, 0.20483437180519104, 1.0208882093429565, 0.26603782176971436, 0.04380234330892563, -0.19292205572128296]","[336.0, 2.0, 1.0, 4.0, 10.0, 935.0]","[2.0, 0.0, 0.0, 8.0, 0.0, 503.0]","[0.24702095985412598, 0.27753952145576477, -0.07615935057401657, -0.08875900506973267, -1.087781310081482, -0.13743005692958832, 0.17494697868824005, 0.16948671638965607, -0.5254801511764526, 0.02493775635957718, -0.3446311950683594, 0.49533453583717346, -0.3547252118587494, 0.09697332233190536, 0.30000001192092896, 0.30000001192092896, 0.30000001192092896, 0.20000000298023224, 0.10000000149011612, 0.0, 0.8999999761581421, 0.8999999761581421, 0.8999999761581421, 0.8999999761581421, 0.800000011920929, 0.0]","[0.19199760258197784, 0.2529973089694977, -0.07615935057401657, 0.9849851131439209, -1.1197837591171265, 0.004843300208449364, 0.1483989804983139, 0.19452962279319763, -0.15823803842067719, 0.18483437597751617, 1.0008882284164429, 0.2860378324985504, 0.023802343755960464, -0.1729220598936081]","[256.0, 0.2999999523162842, 0.30000001192092896, 0.20000004768371582, 0.10000038146972656, 855.0]","[0.8999999761581421, 0.8999999761581421, 0.8999999761581421, 0.9000000953674316, 0.800000011920929, 423.0]","[0.3684549927711487, 0.21506890654563904, -0.17351959645748138, 0.13898105919361115, -1.183286428451538, -0.04468917474150658, 0.28848427534103394, 0.24466994404792786, -0.5447549223899841, 0.08042613416910172, -0.22927021980285645, 0.4827006161212921, -0.20748288929462433, 0.15181615948677063, 0.30000001192092896, 0.29899999499320984, 0.29899999499320984, 0.19900000095367432, 1.0, 0.0, 0.8980000019073486, 0.8989999890327454, 0.8999999761581421, 0.8999999761581421, 0.8009999990463257, 0.0]","[0.24702095985412598, 0.27753952145576477, -0.07615935057401657, -0.08875900506973267, -1.087781310081482, -0.13743005692958832, 0.17494697868824005, 0.16948671638965607, -0.5254801511764526, 0.02493775635957718, -0.3446311950683594, 0.49533453583717346, -0.3547252118587494, 0.09697332233190536, 0.30000001192092896, 0.30000001192092896, 0.30000001192092896, 0.20000000298023224, 0.10000000149011612, 0.0, 0.8999999761581421, 0.8999999761581421, 0.8999999761581421, 0.8999999761581421, 0.800000011920929, 0.0]"
52,52,52,0.0,dataset,0.0694505579995166,False,"[0.17200958728790283, 0.23299731314182281, -0.08735302090644836, 1.0049850940704346, -1.1397837400436401, 0.024843299761414528, 0.12838700413703918, 0.2145056426525116, -0.13822604715824127, 0.2048223912715912, 1.0208882093429565, 0.2660498023033142, 0.04381432756781578, -0.19292205572128296]","[336.0, 2.0, 1.0, 4.0, 10.0, 935.0]","[2.0, 0.0, 0.0, 8.0, 0.0, 503.0]","[0.2459937185049057, 0.27786147594451904, -0.07333694398403168, -0.08568882197141647, -1.0898741483688354, -0.13731829822063446, 0.17263303697109222, 0.1684720367193222, -0.5260511636734009, 0.01774284616112709, -0.3429515063762665, 0.49389052391052246, -0.3582056164741516, 0.08064387738704681, 0.30000001192092896, 0.30000001192092896, 0.30000001192092896, 0.20000000298023224, 0.10000000149011612, 0.0, 0.8999999761581421, 0.8999999761581421, 0.8999999761581421, 0.8999999761581421, 0.800000011920929, 0.0]","[0.1920095831155777, 0.2529973089694977, -0.07333694398403168, 0.9849851131439209, -1.1197837591171265, 0.004843300208449364, 0.14838699996471405, 0.19450564682483673, -0.15822604298591614, 0.18482239544391632, 1.0008882284164429, 0.28604981303215027, 0.023814328014850616, -0.1729220598936081]","[256.0, 0.2999999523162842, 0.30000001192092896, 0.20000004768371582, 0.10000038146972656, 855.0]","[0.8999999761581421, 0.8999999761581421, 0.8999999761581421, 0.9000000953674316, 0.800000011920929, 423.0]","[0.36844301223754883, 0.21498501300811768, -0.173567533493042, 0.13898105919361115, -1.1831187009811401, -0.04447345808148384, 0.28846031427383423, 0.24472986161708832, -0.5422981977462769, 0.07147391885519028, -0.22946196794509888, 0.48208943009376526, -0.21082648634910583, 0.1405390053987503, 0.30000001192092896, 0.29899999499320984, 0.29899999499320984, 0.19900000095367432, 1.0, 0.0, 0.8980000019073486, 0.8989999890327454, 0.8999999761581421, 0.8999999761581421, 0.8009999990463257, 0.0]","[0.2459937185049057, 0.27786147594451904, -0.07333694398403168, -0.08568882197141647, -1.0898741483688354, -0.13731829822063446, 0.17263303697109222, 0.1684720367193222, -0.5260511636734009, 0.01774284616112709, -0.3429515063762665, 0.49389052391052246, -0.3582056164741516, 0.08064387738704681, 0.30000001192092896, 0.30000001192092896, 0.30000001192092896, 0.20000000298023224, 0.10000000149011612, 0.0, 0.8999999761581421, 0.8999999761581421, 0.8999999761581421, 0.8999999761581421, 0.800000011920929, 0.0]"
53,53,53,0.0,dataset,0.06049985899880994,False,"[0.17198561131954193, 0.23299731314182281, -0.08735302090644836, 1.0049850940704346, -1.1397716999053955, 0.02485528402030468, 0.12839898467063904, 0.21451763808727264, -0.13822604715824127, 0.20483437180519104, 1.0208882093429565, 0.2660498023033142, 0.04381432756781578, -0.1929100751876831]","[336.0, 2.0, 2.0, 4.0, 10.0, 935.0]","[2.0, 0.0, 0.0, 8.0, 0.0, 503.0]","[0.24506667256355286, 0.2793106734752655, -0.0719337984919548, -0.08637414127588272, -1.0923010110855103, -0.13689441978931427, 0.17341072857379913, 0.168106809258461, -0.5260350108146667, 0.01167403906583786, -0.3416288495063782, 0.4919717013835907, -0.3649872839450836, 0.05903930962085724, 0.30000001192092896, 0.30000001192092896, 0.30000001192092896, 0.20000000298023224, 0.10000000149011612, 0.0, 0.8999999761581421, 0.8999999761581421, 0.8999999761581421, 0.8999999761581421, 0.800000011920929, 0.0]","[0.1919856071472168, 0.2529973089694977, -0.0719337984919548, 0.9849851131439209, -1.1197717189788818, 0.004855284467339516, 0.1483989804983139, 0.19451764225959778, -0.15822604298591614, 0.18483437597751617, 1.0008882284164429, 0.28604981303215027, 0.023814328014850616, -0.17291007936000824]","[256.0, 0.2999999523162842, 0.2999999523162842, 0.20000004768371582, 0.10000038146972656, 855.0]","[0.8999999761581421, 0.8999999761581421, 0.8999999761581421, 0.9000000953674316, 0.800000011920929, 423.0]","[0.36851492524147034, 0.21502096951007843, -0.1733398288488388, 0.13902899622917175, -1.1830108165740967, -0.043778374791145325, 0.2884962558746338, 0.2448616921901703, -0.5417109727859497, 0.06741126626729965, -0.22947394847869873, 0.4819576144218445, -0.21444572508335114, 0.12681707739830017, 0.30000001192092896, 0.29899999499320984, 0.29899999499320984, 0.19900000095367432, 1.0, 0.0, 0.8980000019073486, 0.8989999890327454, 0.8999999761581421, 0.8999999761581421, 0.8009999990463257, 0.0]","[0.24506667256355286, 0.2793106734752655, -0.0719337984919548, -0.08637414127588272, -1.0923010110855103, -0.13689441978931427, 0.17341072857379913, 0.168106809258461, -0.5260350108146667, 0.01167403906583786, -0.3416288495063782, 0.4919717013835907, -0.3649872839450836, 0.05903930962085724, 0.30000001192092896, 0.30000001192092896, 0.30000001192092896, 0.20000000298023224, 0.10000000149011612, 0.0, 0.8999999761581421, 0.8999999761581421, 0.8999999761581421, 0.8999999761581421, 0.800000011920929, 0.0]"
54,54,54,0.0,dataset,0.0717820859990752,False,"[0.17198561131954193, 0.23300929367542267, -0.08735302090644836, 1.0049850940704346, -1.1397358179092407, 0.02485528402030468, 0.12839898467063904, 0.2144816815853119, -0.13823804259300232, 0.20481041073799133, 1.0208882093429565, 0.26603782176971436, 0.04379035905003548, -0.19292205572128296]","[336.0, 2.0, 1.0, 4.0, 10.0, 935.0]","[2.0, 0.0, 0.0, 8.0, 0.0, 503.0]","[0.24637295305728912, 0.27996063232421875, -0.072252057492733, -0.08784202486276627, -1.0930222272872925, -0.13783496618270874, 0.17528729140758514, 0.16967935860157013, -0.5247282385826111, 0.005279610864818096, -0.3408224880695343, 0.4900335967540741, -0.3731163442134857, 0.03234778344631195, 0.30000001192092896, 0.30000001192092896, 0.30000001192092896, 0.20000000298023224, 0.10000000149011612, 0.0, 0.8999999761581421, 0.8999999761581421, 0.8999999761581421, 0.8999999761581421, 0.800000011920929, 0.0]","[0.1919856071472168, 0.25300928950309753, -0.072252057492733, 0.9849851131439209, -1.119735836982727, 0.004855284467339516, 0.1483989804983139, 0.19448168575763702, -0.15823803842067719, 0.18481041491031647, 1.0008882284164429, 0.2860378324985504, 0.023790359497070312, -0.1729220598936081]","[256.0, 0.2999999523162842, 0.30000001192092896, 0.20000004768371582, 0.10000038146972656, 855.0]","[0.8999999761581421, 0.8999999761581421, 0.8999999761581421, 0.9000000953674316, 0.800000011920929, 423.0]","[0.36849096417427063, 0.21502096951007843, -0.17332784831523895, 0.138993039727211, -1.182986855506897, -0.04302337020635605, 0.288448303937912, 0.2449096292257309, -0.5416510105133057, 0.06464291363954544, -0.22948592901229858, 0.4817298948764801, -0.21834060549736023, 0.11152520030736923, 0.30000001192092896, 0.29899999499320984, 0.29899999499320984, 0.19900000095367432, 1.0, 0.0, 0.8980000019073486, 0.8989999890327454, 0.8999999761581421, 0.8999999761581421, 0.8009999990463257, 0.0]","[0.24637295305728912, 0.27996063232421875, -0.072252057492733, -0.08784202486276627, -1.0930222272872925, -0.13783496618270874, 0.17528729140758514, 0.16967935860157013, -0.5247282385826111, 0.005279610864818096, -0.3408224880695343, 0.4900335967540741, -0.3731163442134857, 0.03234778344631195, 0.30000001192092896, 0.30000001192092896, 0.30000001192092896, 0.20000000298023224, 0.10000000149011612, 0.0, 0.8999999761581421, 0.8999999761581421, 0.8999999761581421, 0.8999999761581421, 0.800000011920929, 0.0]"
55,55,55,0.0,dataset,0.057464936000542366,False,"[0.17199760675430298, 0.23300929367542267, -0.08735302090644836, 1.0049971342086792, -1.1397716999053955, 0.024843299761414528, 0.12841098010540009, 0.2145056426525116, -0.13822604715824127, 0.2048463672399521, 1.0208882093429565, 0.26603782176971436, 0.04382631182670593, -0.19292205572128296]","[336.0, 2.0, 1.0, 4.0, 10.0, 935.0]","[2.0, 0.0, 0.0, 8.0, 0.0, 503.0]","[0.24906499683856964, 0.2791875898838043, -0.07273036241531372, -0.0873745009303093, -1.0926735401153564, -0.14109839498996735, 0.17474548518657684, 0.17268942296504974, -0.5205096006393433, -0.0021488736383616924, -0.33876726031303406, 0.48660528659820557, -0.3836822509765625, 0.008843007497489452, 0.30000001192092896, 0.30000001192092896, 0.30000001192092896, 0.20000000298023224, 0.10000000149011612, 0.0, 0.8999999761581421, 0.8999999761581421, 0.8999999761581421, 0.8999999761581421, 0.800000011920929, 0.0]","[0.19199760258197784, 0.25300928950309753, -0.07273036241531372, 0.9849971532821655, -1.1197717189788818, 0.004843300208449364, 0.14841097593307495, 0.19450564682483673, -0.15822604298591614, 0.18484637141227722, 1.0008882284164429, 0.2860378324985504, 0.02382631227374077, -0.1729220598936081]","[256.0, 0.2999999523162842, 0.30000001192092896, 0.20000004768371582, 0.10000038146972656, 855.0]","[0.8999999761581421, 0.8999999761581421, 0.8999999761581421, 0.9000000953674316, 0.800000011920929, 423.0]","[0.36851492524147034, 0.21502096951007843, -0.17330388724803925, 0.1389690786600113, -1.1829748153686523, -0.04279566928744316, 0.2884722948074341, 0.24507740139961243, -0.541315495967865, 0.063480444252491, -0.22947394847869873, 0.48091498017311096, -0.22433270514011383, 0.09323727339506149, 0.30000001192092896, 0.29899999499320984, 0.29899999499320984, 0.19900000095367432, 1.0, 0.0, 0.8980000019073486, 0.8989999890327454, 0.8999999761581421, 0.8999999761581421, 0.8009999990463257, 0.0]","[0.24906499683856964, 0.2791875898838043, -0.07273036241531372, -0.0873745009303093, -1.0926735401153564, -0.14109839498996735, 0.17474548518657684, 0.17268942296504974, -0.5205096006393433, -0.0021488736383616924, -0.33876726031303406, 0.48660528659820557, -0.3836822509765625, 0.008843007497489452, 0.30000001192092896, 0.30000001192092896, 0.30000001192092896, 0.20000000298023224, 0.10000000149011612, 0.0, 0.8999999761581421, 0.8999999761581421, 0.8999999761581421, 0.8999999761581421, 0.800000011920929, 0.0]"
56,56,56,0.0,dataset,0.07384025600003952,False,"[0.17198561131954193, 0.23299731314182281, -0.08735302090644836, 1.0049971342086792, -1.1397597789764404, 0.024843299761414528, 0.12841098010540009, 0.21449366211891174, -0.13825002312660217, 0.2048223912715912, 1.0208882093429565, 0.2660498023033142, 0.04380234330892563, -0.19292205572128296]","[336.0, 2.0, 1.0, 4.0, 10.0, 935.0]","[2.0, 0.0, 0.0, 8.0, 0.0, 503.0]","[0.2511994242668152, 0.2791382074356079, -0.07227016240358353, -0.08805664628744125, -1.0928832292556763, -0.1421654224395752, 0.1746201515197754, 0.17559711635112762, -0.5156075358390808, -0.007474066223949194, -0.33622366189956665, 0.4730004370212555, -0.3908662497997284, -0.016839535906910896, 0.30000001192092896, 0.30000001192092896, 0.30000001192092896, 0.20000000298023224, 0.10000000149011612, 0.0, 0.8999999761581421, 0.8999999761581421, 0.8999999761581421, 0.8999999761581421, 0.800000011920929, 0.0]","[0.1919856071472168, 0.2529973089694977, -0.07227016240358353, 0.9849971532821655, -1.1197597980499268, 0.004843300208449364, 0.14841097593307495, 0.19449366629123688, -0.15825001895427704, 0.18482239544391632, 1.0008882284164429, 0.28604981303215027, 0.023802343755960464, -0.1729220598936081]","[256.0, 0.2999999523162842, 0.30000001192092896, 0.20000004768371582, 0.10000038146972656, 855.0]","[0.8999999761581421, 0.8999999761581421, 0.8999999761581421, 0.9000000953674316, 0.800000011920929, 423.0]","[0.36883848905563354, 0.21500898897647858, -0.17330388724803925, 0.1390170156955719, -1.1829748153686523, -0.04279566928744316, 0.28848427534103394, 0.24547287821769714, -0.5395058393478394, 0.06227003410458565, -0.22952188551425934, 0.4806992709636688, -0.23122364282608032, 0.07001184672117233, 0.30000001192092896, 0.29899999499320984, 0.29899999499320984, 0.19900000095367432, 1.0, 0.0, 0.8980000019073486, 0.8989999890327454, 0.8999999761581421, 0.8999999761581421, 0.8009999990463257, 0.0]","[0.2511994242668152, 0.2791382074356079, -0.07227016240358353, -0.08805664628744125, -1.0928832292556763, -0.1421654224395752, 0.1746201515197754, 0.17559711635112762, -0.5156075358390808, -0.007474066223949194, -0.33622366189956665, 0.4730004370212555, -0.3908662497997284, -0.016839535906910896, 0.30000001192092896, 0.30000001192092896, 0.30000001192092896, 0.20000000298023224, 0.10000000149011612, 0.0, 0.8999999761581421, 0.8999999761581421, 0.8999999761581421, 0.8999999761581421, 0.800000011920929, 0.0]"
57,57,57,0.0,dataset,0.052762532999622636,False,"[0.17199760675430298, 0.23300929367542267, -0.08735302090644836, 1.0049971342086792, -1.1397956609725952, 0.02485528402030468, 0.12839898467063904, 0.2145056426525116, -0.13823804259300232, 0.20483437180519104, 1.0209002494812012, 0.2660498023033142, 0.04381432756781578, -0.19292205572128296]","[336.0, 2.0, 1.0, 4.0, 10.0, 935.0]","[2.0, 0.0, 0.0, 8.0, 0.0, 503.0]","[0.25375837087631226, 0.27915605902671814, -0.07168670743703842, -0.08900110423564911, -1.0932327508926392, -0.1428242027759552, 0.17480304837226868, 0.17946814000606537, -0.5092563629150391, -0.014394555240869522, -0.3327949345111847, 0.4362027645111084, -0.40378350019454956, -0.058264777064323425, 0.30000001192092896, 0.30000001192092896, 0.30000001192092896, 0.20000000298023224, 0.10000000149011612, 0.0, 0.8999999761581421, 0.8999999761581421, 0.8999999761581421, 0.8999999761581421, 0.800000011920929, 0.0]","[0.19199760258197784, 0.25300928950309753, -0.07168670743703842, 0.9849971532821655, -1.1197956800460815, 0.004855284467339516, 0.1483989804983139, 0.19450564682483673, -0.15823803842067719, 0.18483437597751617, 1.0009002685546875, 0.28604981303215027, 0.023814328014850616, -0.1729220598936081]","[256.0, 0.2999999523162842, 0.30000001192092896, 0.20000004768371582, 0.10000038146972656, 855.0]","[0.8999999761581421, 0.8999999761581421, 0.8999999761581421, 0.9000000953674316, 0.800000011920929, 423.0]","[0.36925795674324036, 0.21500898897647858, -0.1732918918132782, 0.13900503516197205, -1.1829628944396973, -0.042819637805223465, 0.28846031427383423, 0.2458084374666214, -0.5365936756134033, 0.05886651575565338, -0.22950990498065948, 0.4798124134540558, -0.23533423244953156, 0.054132744669914246, 0.30000001192092896, 0.29899999499320984, 0.29899999499320984, 0.19900000095367432, 1.0, 0.0, 0.8980000019073486, 0.8989999890327454, 0.8999999761581421, 0.8999999761581421, 0.8009999990463257, 0.0]","[0.25375837087631226, 0.27915605902671814, -0.07168670743703842, -0.08900110423564911, -1.0932327508926392, -0.1428242027759552, 0.17480304837226868, 0.17946814000606537, -0.5092563629150391, -0.014394555240869522, -0.3327949345111847, 0.4362027645111084, -0.40378350019454956, -0.058264777064323425, 0.30000001192092896, 0.30000001192092896, 0.30000001192092896, 0.20000000298023224, 0.10000000149011612, 0.0, 0.8999999761581421, 0.8999999761581421, 0.8999999761581421, 0.8999999761581421, 0.800000011920929, 0.0]"
58,58,58,0.0,dataset,0.06925304400101595,False,"[0.17199760675430298, 0.23300929367542267, -0.08735302090644836, 1.0049971342086792, -1.1397837400436401, 0.02485528402030468, 0.12841098010540009, 0.21449366211891174, -0.13825002312660217, 0.2048463672399521, 1.0209002494812012, 0.2660258412361145, 0.04380234330892563, -0.1929100751876831]","[336.0, 2.0, 1.0, 4.0, 10.0, 935.0]","[2.0, 0.0, 0.0, 8.0, 0.0, 503.0]","[0.25727418065071106, 0.27919599413871765, -0.07235114276409149, -0.0920179933309555, -1.093913197517395, -0.14470021426677704, 0.17711463570594788, 0.18527564406394958, -0.5070282220840454, -0.023696675896644592, -0.3329261541366577, 0.40798312425613403, -0.40893784165382385, -0.09826185554265976, 0.30000001192092896, 0.30000001192092896, 0.30000001192092896, 0.20000000298023224, 0.10000000149011612, 0.0, 0.8999999761581421, 0.8999999761581421, 0.8999999761581421, 0.8999999761581421, 0.800000011920929, 0.0]","[0.19199760258197784, 0.25300928950309753, -0.07235114276409149, 0.9849971532821655, -1.1197837591171265, 0.004855284467339516, 0.14841097593307495, 0.19449366629123688, -0.15825001895427704, 0.18484637141227722, 1.0009002685546875, 0.28602585196495056, 0.023802343755960464, -0.17291007936000824]","[256.0, 0.2999999523162842, 0.30000001192092896, 0.20000004768371582, 0.10000038146972656, 855.0]","[0.8999999761581421, 0.8999999761581421, 0.8999999761581421, 0.9000000953674316, 0.800000011920929, 423.0]","[0.3692699372768402, 0.2147812843322754, -0.17330388724803925, 0.138993039727211, -1.1829748153686523, -0.04277170076966286, 0.2884722948074341, 0.24863672256469727, -0.5266827344894409, 0.05289836972951889, -0.22947394847869873, 0.4574618339538574, -0.2509257197380066, 0.013458284549415112, 0.30000001192092896, 0.29899999499320984, 0.29899999499320984, 0.19900000095367432, 1.0, 0.0, 0.8980000019073486, 0.8989999890327454, 0.8999999761581421, 0.8999999761581421, 0.8009999990463257, 0.0]","[0.25727418065071106, 0.27919599413871765, -0.07235114276409149, -0.0920179933309555, -1.093913197517395, -0.14470021426677704, 0.17711463570594788, 0.18527564406394958, -0.5070282220840454, -0.023696675896644592, -0.3329261541366577, 0.40798312425613403, -0.40893784165382385, -0.09826185554265976, 0.30000001192092896, 0.30000001192092896, 0.30000001192092896, 0.20000000298023224, 0.10000000149011612, 0.0, 0.8999999761581421, 0.8999999761581421, 0.8999999761581421, 0.8999999761581421, 0.800000011920929, 0.0]"
59,59,59,0.0,dataset,0.06036397799834958,False,"[0.17199760675430298, 0.23299731314182281, -0.08735302090644836, 1.0049850940704346, -1.1397597789764404, 0.024843299761414528, 0.12839898467063904, 0.21451763808727264, -0.13825002312660217, 0.2048223912715912, 1.0209002494812012, 0.2660498023033142, 0.04380234330892563, -0.1929340362548828]","[336.0, 2.0, 1.0, 4.0, 10.0, 935.0]","[2.0, 1.0, 0.0, 8.0, 0.0, 503.0]","[0.2583187520503998, 0.2806284427642822, -0.0714777484536171, -0.09557224810123444, -1.09749174118042, -0.1455836445093155, 0.18336857855319977, 0.19140806794166565, -0.5071431398391724, -0.03362756222486496, -0.33360639214515686, 0.3933123052120209, -0.4227616786956787, -0.13425470888614655, 0.30000001192092896, 0.30000001192092896, 0.30000001192092896, 0.20000000298023224, 0.10000000149011612, 0.0, 0.8999999761581421, 0.8999999761581421, 0.8999999761581421, 0.8999999761581421, 0.800000011920929, 0.0]","[0.19199760258197784, 0.2529973089694977, -0.0714777484536171, 0.9849851131439209, -1.1197597980499268, 0.004843300208449364, 0.1483989804983139, 0.19451764225959778, -0.15825001895427704, 0.18482239544391632, 1.0009002685546875, 0.28604981303215027, 0.023802343755960464, -0.17293404042720795]","[256.0, 0.2999999523162842, 0.30000001192092896, 0.20000004768371582, 0.10000038146972656, 855.0]","[0.8999999761581421, 0.8999999761581421, 0.8999999761581421, 0.9000000953674316, 0.800000011920929, 423.0]","[0.3692938983440399, 0.2143258899450302, -0.17339976131916046, 0.13900503516197205, -1.1829748153686523, -0.042699795216321945, 0.28848427534103394, 0.24897228181362152, -0.5159688591957092, 0.0457557737827301, -0.2295338660478592, 0.4400967061519623, -0.25867950916290283, -0.016598151996731758, 0.30000001192092896, 0.29899999499320984, 0.29899999499320984, 0.19900000095367432, 1.0, 0.0, 0.8980000019073486, 0.8989999890327454, 0.8999999761581421, 0.8999999761581421, 0.8009999990463257, 0.0]","[0.2583187520503998, 0.2806284427642822, -0.0714777484536171, -0.09557224810123444, -1.09749174118042, -0.1455836445093155, 0.18336857855319977, 0.19140806794166565, -0.5071431398391724, -0.03362756222486496, -0.33360639214515686, 0.3933123052120209, -0.4227616786956787, -0.13425470888614655, 0.30000001192092896, 0.30000001192092896, 0.30000001192092896, 0.20000000298023224, 0.10000000149011612, 0.0, 0.8999999761581421, 0.8999999761581421, 0.8999999761581421, 0.8999999761581421, 0.800000011920929, 0.0]"
60,60,60,0.0,dataset,0.0718735310001648,False,"[0.17200958728790283, 0.23300929367542267, -0.08735302090644836, 1.0049850940704346, -1.1397597789764404, 0.02485528402030468, 0.12839898467063904, 0.2145056426525116, -0.13822604715824127, 0.2048223912715912, 1.0208882093429565, 0.2660498023033142, 0.04381432756781578, -0.19292205572128296]","[336.0, 2.0, 1.0, 4.0, 10.0, 935.0]","[2.0, 1.0, 0.0, 8.0, 0.0, 503.0]","[0.26277387142181396, 0.2829584777355194, -0.06862162053585052, -0.09973647445440292, -1.09938383102417, -0.14602994918823242, 0.18542039394378662, 0.19890950620174408, -0.5069786310195923, -0.04444081708788872, -0.3374822735786438, 0.3922162353992462, -0.43249639868736267, -0.16188618540763855, 0.30000001192092896, 0.30000001192092896, 0.30000001192092896, 0.20000000298023224, 0.10000000149011612, 0.0, 0.8999999761581421, 0.8999999761581421, 0.8999999761581421, 0.8999999761581421, 0.800000011920929, 0.0]","[0.1920095831155777, 0.25300928950309753, -0.06862162053585052, 0.9849851131439209, -1.1197597980499268, 0.004855284467339516, 0.1483989804983139, 0.19890950620174408, -0.15822604298591614, 0.18482239544391632, 1.0008882284164429, 0.28604981303215027, 0.023814328014850616, -0.1729220598936081]","[256.0, 0.2999999523162842, 0.30000001192092896, 0.20000004768371582, 0.10000038146972656, 855.0]","[0.8999999761581421, 0.8999999761581421, 0.8999999761581421, 0.9000000953674316, 0.800000011920929, 423.0]","[0.3692459762096405, 0.21364277601242065, -0.17344769835472107, 0.13898105919361115, -1.1830227375030518, -0.04242415726184845, 0.28850823640823364, 0.24982315301895142, -0.509413480758667, 0.03844539448618889, -0.22970163822174072, 0.4253081679344177, -0.2664572596549988, -0.050825100392103195, 0.30000001192092896, 0.29899999499320984, 0.29899999499320984, 0.19900000095367432, 1.0, 0.0, 0.8980000019073486, 0.8989999890327454, 0.8999999761581421, 0.8999999761581421, 0.8009999990463257, 0.0]","[0.26277387142181396, 0.2829584777355194, -0.06862162053585052, -0.09973647445440292, -1.09938383102417, -0.14602994918823242, 0.18542039394378662, 0.19890950620174408, -0.5069786310195923, -0.04444081708788872, -0.3374822735786438, 0.3922162353992462, -0.43249639868736267, -0.16188618540763855, 0.30000001192092896, 0.30000001192092896, 0.30000001192092896, 0.20000000298023224, 0.10000000149011612, 0.0, 0.8999999761581421, 0.8999999761581421, 0.8999999761581421, 0.8999999761581421, 0.800000011920929, 0.0]"
61,61,61,0.0,dataset,0.06694754199997988,False,"[0.17197363078594208, 0.23299731314182281, -0.08735302090644836, 1.0049731731414795, -1.1398077011108398, 0.024843299761414528, 0.12839898467063904, 0.21451763808727264, -0.13822604715824127, 0.20481041073799133, 1.0208882093429565, 0.2660498023033142, 0.04381432756781578, -0.1929340362548828]","[336.0, 2.0, 1.0, 4.0, 10.0, 935.0]","[2.0, 1.0, 0.0, 8.0, 0.0, 503.0]","[0.2668752074241638, 0.28331854939460754, -0.06547841429710388, -0.09853600710630417, -1.1020740270614624, -0.14685600996017456, 0.1816524714231491, 0.20546050369739532, -0.5030819177627563, -0.056055888533592224, -0.33876076340675354, 0.3882148563861847, -0.44162997603416443, -0.18465809524059296, 0.30000001192092896, 0.30000001192092896, 0.30000001192092896, 0.20000000298023224, 0.10000000149011612, 0.0, 0.8999999761581421, 0.8999999761581421, 0.8999999761581421, 0.8999999761581421, 0.800000011920929, 0.0]","[0.19197362661361694, 0.2529973089694977, -0.0673530250787735, 0.9849731922149658, -1.1198077201843262, 0.004843300208449364, 0.1483989804983139, 0.20546050369739532, -0.15822604298591614, 0.18481041491031647, 1.0008882284164429, 0.28604981303215027, 0.023814328014850616, -0.18465809524059296]","[256.0, 0.2999999523162842, 0.30000001192092896, 0.20000004768371582, 0.10000038146972656, 855.0]","[0.8999999761581421, 0.8999999761581421, 0.8999999761581421, 0.9000000953674316, 0.800000011920929, 423.0]","[0.36925795674324036, 0.21329523622989655, -0.17350761592388153, 0.13858558237552643, -1.1830227375030518, -0.0412137508392334, 0.28850823640823364, 0.2538738250732422, -0.5089340806007385, 0.027575701475143433, -0.22997727990150452, 0.4130602777004242, -0.27806997299194336, -0.08688563108444214, 0.30000001192092896, 0.29899999499320984, 0.29899999499320984, 0.19900000095367432, 1.0, 0.0, 0.8980000019073486, 0.8989999890327454, 0.8999999761581421, 0.8999999761581421, 0.8009999990463257, 0.0]","[0.2668752074241638, 0.28331854939460754, -0.06547841429710388, -0.09853600710630417, -1.1020740270614624, -0.14685600996017456, 0.1816524714231491, 0.20546050369739532, -0.5030819177627563, -0.056055888533592224, -0.33876076340675354, 0.3882148563861847, -0.44162997603416443, -0.18465809524059296, 0.30000001192092896, 0.30000001192092896, 0.30000001192092896, 0.20000000298023224, 0.10000000149011612, 0.0, 0.8999999761581421, 0.8999999761581421, 0.8999999761581421, 0.8999999761581421, 0.800000011920929, 0.0]"
62,62,62,0.0,dataset,0.07056171799922595,False,"[0.17199760675430298, 0.23299731314182281, -0.08735302090644836, 1.0049971342086792, -1.1397837400436401, 0.02485528402030468, 0.12841098010540009, 0.21451763808727264, -0.13825002312660217, 0.2048223912715912, 1.0208882093429565, 0.2660258412361145, 0.04381432756781578, -0.19292205572128296]","[336.0, 2.0, 1.0, 4.0, 10.0, 935.0]","[2.0, 1.0, 0.0, 8.0, 0.0, 503.0]","[0.26815998554229736, 0.2832534611225128, -0.06550311297178268, -0.09410462528467178, -1.1040444374084473, -0.15038499236106873, 0.17800027132034302, 0.20769348740577698, -0.4993443191051483, -0.06366746127605438, -0.3354877531528473, 0.3736433982849121, -0.452772855758667, -0.2040279507637024, 0.30000001192092896, 0.30000001192092896, 0.30000001192092896, 0.20000000298023224, 0.10000000149011612, 0.0, 0.8999999761581421, 0.8999999761581421, 0.8999999761581421, 0.8999999761581421, 0.800000011920929, 0.0]","[0.19199760258197784, 0.2529973089694977, -0.0673530250787735, 0.9849971532821655, -1.1197837591171265, 0.004855284467339516, 0.14841097593307495, 0.20769348740577698, -0.15825001895427704, 0.18482239544391632, 1.0008882284164429, 0.28602585196495056, 0.023814328014850616, -0.2040279507637024]","[256.0, 0.2999999523162842, 0.30000001192092896, 0.20000004768371582, 0.10000038146972656, 855.0]","[0.8999999761581421, 0.8999999761581421, 0.8999999761581421, 0.9000000953674316, 0.800000011920929, 423.0]","[0.3694497048854828, 0.21331921219825745, -0.17349563539028168, 0.13860954344272614, -1.183058738708496, -0.039500005543231964, 0.2885202169418335, 0.2589071989059448, -0.5070165991783142, 0.013110741972923279, -0.23006117343902588, 0.4126048982143402, -0.28935912251472473, -0.11455720663070679, 0.30000001192092896, 0.29899999499320984, 0.29899999499320984, 0.19900000095367432, 1.0, 0.0, 0.8980000019073486, 0.8989999890327454, 0.8999999761581421, 0.8999999761581421, 0.8009999990463257, 0.0]","[0.26815998554229736, 0.2832534611225128, -0.06550311297178268, -0.09410462528467178, -1.1040444374084473, -0.15038499236106873, 0.17800027132034302, 0.20769348740577698, -0.4993443191051483, -0.06366746127605438, -0.3354877531528473, 0.3736433982849121, -0.452772855758667, -0.2040279507637024, 0.30000001192092896, 0.30000001192092896, 0.30000001192092896, 0.20000000298023224, 0.10000000149011612, 0.0, 0.8999999761581421, 0.8999999761581421, 0.8999999761581421, 0.8999999761581421, 0.800000011920929, 0.0]"
63,63,63,0.0,dataset,0.06342451999989862,False,"[0.17197363078594208, 0.23300929367542267, -0.08735302090644836, 1.0049971342086792, -1.1397716999053955, 0.024843299761414528, 0.12839898467063904, 0.21451763808727264, -0.13823804259300232, 0.20483437180519104, 1.0208882093429565, 0.26603782176971436, 0.04381432756781578, -0.19292205572128296]","[336.0, 2.0, 1.0, 4.0, 10.0, 935.0]","[2.0, 1.0, 0.0, 8.0, 0.0, 503.0]","[0.27040693163871765, 0.28387120366096497, -0.06508489698171616, -0.08970081061124802, -1.1076734066009521, -0.15435954928398132, 0.17429713904857635, 0.21173879504203796, -0.49809762835502625, -0.07139813899993896, -0.3337063789367676, 0.35361334681510925, -0.4622366726398468, -0.2259410172700882, 0.30000001192092896, 0.30000001192092896, 0.30000001192092896, 0.20000000298023224, 0.10000000149011612, 0.0, 0.8999999761581421, 0.8999999761581421, 0.8999999761581421, 0.8999999761581421, 0.800000011920929, 0.0]","[0.19197362661361694, 0.25300928950309753, -0.0673530250787735, 0.9849971532821655, -1.1197717189788818, 0.004843300208449364, 0.1483989804983139, 0.21173879504203796, -0.15823803842067719, 0.18483437597751617, 1.0008882284164429, 0.2860378324985504, 0.023814328014850616, -0.21292205154895782]","[256.0, 0.2999999523162842, 0.30000001192092896, 0.20000004768371582, 0.10000038146972656, 855.0]","[0.8999999761581421, 0.8999999761581421, 0.8999999761581421, 0.9000000953674316, 0.800000011920929, 423.0]","[0.3704443871974945, 0.21331921219825745, -0.17344769835472107, 0.1386454999446869, -1.1830947399139404, -0.036551885306835175, 0.28850823640823364, 0.26156771183013916, -0.5031097531318665, -0.004350273869931698, -0.22998926043510437, 0.4113345742225647, -0.29749640822410583, -0.14389459788799286, 0.30000001192092896, 0.29899999499320984, 0.29899999499320984, 0.19900000095367432, 1.0, 0.0, 0.8980000019073486, 0.8989999890327454, 0.8999999761581421, 0.8999999761581421, 0.8009999990463257, 0.0]","[0.27040693163871765, 0.28387120366096497, -0.06508489698171616, -0.08970081061124802, -1.1076734066009521, -0.15435954928398132, 0.17429713904857635, 0.21173879504203796, -0.49809762835502625, -0.07139813899993896, -0.3337063789367676, 0.35361334681510925, -0.4622366726398468, -0.2259410172700882, 0.30000001192092896, 0.30000001192092896, 0.30000001192092896, 0.20000000298023224, 0.10000000149011612, 0.0, 0.8999999761581421, 0.8999999761581421, 0.8999999761581421, 0.8999999761581421, 0.800000011920929, 0.0]"
64,64,64,0.0,dataset,0.0684767919992737,False,"[0.17198561131954193, 0.23299731314182281, -0.08736500144004822, 1.0049611330032349, -1.139819622039795, 0.024831315502524376, 0.12841098010540009, 0.21449366211891174, -0.13823804259300232, 0.20481041073799133, 1.0208882093429565, 0.2660498023033142, 0.04382631182670593, -0.19292205572128296]","[336.0, 2.0, 0.0, 4.0, 10.0, 935.0]","[2.0, 1.0, 0.0, 8.0, 0.0, 503.0]","[0.27164068818092346, 0.2840522229671478, -0.06551618129014969, -0.0903785303235054, -1.1090033054351807, -0.15575948357582092, 0.1753413826227188, 0.2140507996082306, -0.4988582134246826, -0.07476046681404114, -0.3330923914909363, 0.3508078157901764, -0.4669650197029114, -0.23105424642562866, 0.30000001192092896, 0.30000001192092896, 0.30000001192092896, 0.20000000298023224, 0.10000000149011612, 0.0, 0.8999999761581421, 0.8999999761581421, 0.8999999761581421, 0.8999999761581421, 0.800000011920929, 0.0]","[0.1919856071472168, 0.2529973089694977, -0.06736500561237335, 0.9849611520767212, -1.1198196411132812, 0.004831315949559212, 0.14841097593307495, 0.2140507996082306, -0.15823803842067719, 0.18481041491031647, 1.0008882284164429, 0.28604981303215027, 0.02382631227374077, -0.21292205154895782]","[256.0, 0.2999999523162842, 0.30000001192092896, 0.20000004768371582, 0.10000038146972656, 855.0]","[0.8999999761581421, 0.8999999761581421, 0.8999999761581421, 0.9000000953674316, 0.800000011920929, 423.0]","[0.3710196316242218, 0.21331921219825745, -0.17344769835472107, 0.13868145644664764, -1.1831306219100952, -0.035113781690597534, 0.2884962558746338, 0.2617594599723816, -0.5016716718673706, -0.012403673492372036, -0.22997727990150452, 0.40887778997421265, -0.2998572885990143, -0.15815581381320953, 0.30000001192092896, 0.29899999499320984, 0.29899999499320984, 0.19900000095367432, 1.0, 0.0, 0.8980000019073486, 0.8989999890327454, 0.8999999761581421, 0.8999999761581421, 0.8009999990463257, 0.0]","[0.27164068818092346, 0.2840522229671478, -0.06551618129014969, -0.0903785303235054, -1.1090033054351807, -0.15575948357582092, 0.1753413826227188, 0.2140507996082306, -0.4988582134246826, -0.07476046681404114, -0.3330923914909363, 0.3508078157901764, -0.4669650197029114, -0.23105424642562866, 0.30000001192092896, 0.30000001192092896, 0.30000001192092896, 0.20000000298023224, 0.10000000149011612, 0.0, 0.8999999761581421, 0.8999999761581421, 0.8999999761581421, 0.8999999761581421, 0.800000011920929, 0.0]"
65,65,65,0.0,dataset,0.06614084399916464,False,"[0.17198561131954193, 0.23299731314182281, -0.08735302090644836, 1.0049971342086792, -1.1397956609725952, 0.024843299761414528, 0.12842296063899994, 0.21451763808727264, -0.13822604715824127, 0.20483437180519104, 1.0208882093429565, 0.2660258412361145, 0.04381432756781578, -0.1929100751876831]","[336.0, 2.0, 1.0, 4.0, 10.0, 935.0]","[2.0, 0.0, 0.0, 8.0, 0.0, 503.0]","[0.274670273065567, 0.28579509258270264, -0.06652858108282089, -0.09435022622346878, -1.1145150661468506, -0.15776421129703522, 0.18017883598804474, 0.22229716181755066, -0.5010986924171448, -0.08711965382099152, -0.3367154896259308, 0.35210609436035156, -0.47917020320892334, -0.25675323605537415, 0.30000001192092896, 0.30000001192092896, 0.30000001192092896, 0.20000000298023224, 0.10000000149011612, 0.0, 0.8999999761581421, 0.8999999761581421, 0.8999999761581421, 0.8999999761581421, 0.800000011920929, 0.0]","[0.1919856071472168, 0.2529973089694977, -0.0673530250787735, 0.9849971532821655, -1.1197956800460815, 0.004843300208449364, 0.1484229564666748, 0.22229716181755066, -0.15822604298591614, 0.18483437597751617, 1.0008882284164429, 0.28602585196495056, 0.023814328014850616, -0.21291007101535797]","[256.0, 0.2999999523162842, 0.30000001192092896, 0.20000004768371582, 0.10000038146972656, 855.0]","[0.8999999761581421, 0.8999999761581421, 0.8999999761581421, 0.9000000953674316, 0.800000011920929, 423.0]","[0.3741954565048218, 0.21291173994541168, -0.17349563539028168, 0.13865748047828674, -1.1831905841827393, -0.0339992456138134, 0.2884962558746338, 0.2629339098930359, -0.5003174543380737, -0.029157619923353195, -0.2299533188343048, 0.3911411464214325, -0.3136031925678253, -0.19337746500968933, 0.30000001192092896, 0.29899999499320984, 0.29899999499320984, 0.19900000095367432, 1.0, 0.0, 0.8980000019073486, 0.8989999890327454, 0.8999999761581421, 0.8999999761581421, 0.8009999990463257, 0.0]","[0.274670273065567, 0.28579509258270264, -0.06652858108282089, -0.09435022622346878, -1.1145150661468506, -0.15776421129703522, 0.18017883598804474, 0.22229716181755066, -0.5010986924171448, -0.08711965382099152, -0.3367154896259308, 0.35210609436035156, -0.47917020320892334, -0.25675323605537415, 0.30000001192092896, 0.30000001192092896, 0.30000001192092896, 0.20000000298023224, 0.10000000149011612, 0.0, 0.8999999761581421, 0.8999999761581421, 0.8999999761581421, 0.8999999761581421, 0.800000011920929, 0.0]"
66,66,66,0.0,dataset,0.06709983600012492,False,"[0.17198561131954193, 0.23300929367542267, -0.08734103292226791, 1.0049850940704346, -1.1397477388381958, 0.02485528402030468, 0.12839898467063904, 0.2145056426525116, -0.13825002312660217, 0.20483437180519104, 1.020876169204712, 0.2660258412361145, 0.04381432756781578, -0.19292205572128296]","[336.0, 2.0, 1.0, 4.0, 10.0, 935.0]","[2.0, 0.0, 0.0, 8.0, 0.0, 503.0]","[0.2751763164997101, 0.28636881709098816, -0.06669757515192032, -0.0954304113984108, -1.114741563796997, -0.15753087401390076, 0.18089747428894043, 0.22422796487808228, -0.5014911890029907, -0.09000178426504135, -0.3382894694805145, 0.35487765073776245, -0.48505139350891113, -0.2664143145084381, 0.30000001192092896, 0.30000001192092896, 0.30000001192092896, 0.20000000298023224, 0.10000000149011612, 0.0, 0.8999999761581421, 0.8999999761581421, 0.8999999761581421, 0.8999999761581421, 0.800000011920929, 0.0]","[0.1919856071472168, 0.25300928950309753, -0.06734102964401245, 0.9849851131439209, -1.1197477579116821, 0.004855284467339516, 0.1483989804983139, 0.22422796487808228, -0.15825001895427704, 0.18483437597751617, 1.0008761882781982, 0.28602585196495056, 0.023814328014850616, -0.21292205154895782]","[256.0, 0.2999999523162842, 0.30000001192092896, 0.20000004768371582, 0.10000038146972656, 855.0]","[0.8999999761581421, 0.8999999761581421, 0.8999999761581421, 0.9000000953674316, 0.800000011920929, 423.0]","[0.3750343322753906, 0.21291173994541168, -0.17350761592388153, 0.1386454999446869, -1.183214545249939, -0.033975277096033096, 0.2884962558746338, 0.2643001079559326, -0.5003294348716736, -0.032417330890893936, -0.23000125586986542, 0.39087748527526855, -0.320865660905838, -0.20250943303108215, 0.30000001192092896, 0.29899999499320984, 0.29899999499320984, 0.19900000095367432, 1.0, 0.0, 0.8980000019073486, 0.8989999890327454, 0.8999999761581421, 0.8999999761581421, 0.8009999990463257, 0.0]","[0.2751763164997101, 0.28636881709098816, -0.06669757515192032, -0.0954304113984108, -1.114741563796997, -0.15753087401390076, 0.18089747428894043, 0.22422796487808228, -0.5014911890029907, -0.09000178426504135, -0.3382894694805145, 0.35487765073776245, -0.48505139350891113, -0.2664143145084381, 0.30000001192092896, 0.30000001192092896, 0.30000001192092896, 0.20000000298023224, 0.10000000149011612, 0.0, 0.8999999761581421, 0.8999999761581421, 0.8999999761581421, 0.8999999761581421, 0.800000011920929, 0.0]"
67,67,67,0.0,dataset,0.06299450699953013,False,"[0.17199760675430298, 0.23299731314182281, -0.08735302090644836, 1.0049850940704346, -1.1397716999053955, 0.024843299761414528, 0.12838700413703918, 0.21451763808727264, -0.13823804259300232, 0.20481041073799133, 1.0208642482757568, 0.26606178283691406, 0.04381432756781578, -0.1929100751876831]","[336.0, 2.0, 1.0, 4.0, 10.0, 935.0]","[2.0, 1.0, 0.0, 8.0, 0.0, 503.0]","[0.2769054174423218, 0.28704142570495605, -0.06555062532424927, -0.09024187177419662, -1.116578221321106, -0.15947578847408295, 0.17623268067836761, 0.22578540444374084, -0.49927574396133423, -0.09911005198955536, -0.3362467288970947, 0.3643256425857544, -0.49475374817848206, -0.2678593099117279, 0.30000001192092896, 0.30000001192092896, 0.30000001192092896, 0.20000000298023224, 0.10000000149011612, 0.0, 0.8999999761581421, 0.8999999761581421, 0.8999999761581421, 0.8999999761581421, 0.800000011920929, 0.0]","[0.19199760258197784, 0.2529973089694977, -0.0673530250787735, 0.9849851131439209, -1.1197717189788818, 0.004843300208449364, 0.14838699996471405, 0.22578540444374084, -0.15823803842067719, 0.18481041491031647, 1.0008642673492432, 0.2860617935657501, 0.023814328014850616, -0.21291007101535797]","[256.0, 0.2999999523162842, 0.30000001192092896, 0.20000004768371582, 0.10000038146972656, 855.0]","[0.8999999761581421, 0.8999999761581421, 0.8999999761581421, 0.9000000953674316, 0.800000011920929, 423.0]","[0.3757414221763611, 0.21287579834461212, -0.17355555295944214, 0.13862153887748718, -1.1833343505859375, -0.03386741876602173, 0.2884962558746338, 0.2694413363933563, -0.500293493270874, -0.04224439337849617, -0.23081618547439575, 0.3909134566783905, -0.3359657824039459, -0.22267888486385345, 0.30000001192092896, 0.29899999499320984, 0.29899999499320984, 0.19900000095367432, 1.0, 0.0, 0.8980000019073486, 0.8989999890327454, 0.8999999761581421, 0.8999999761581421, 0.8009999990463257, 0.0]","[0.2769054174423218, 0.28704142570495605, -0.06555062532424927, -0.09024187177419662, -1.116578221321106, -0.15947578847408295, 0.17623268067836761, 0.22578540444374084, -0.49927574396133423, -0.09911005198955536, -0.3362467288970947, 0.3643256425857544, -0.49475374817848206, -0.2678593099117279, 0.30000001192092896, 0.30000001192092896, 0.30000001192092896, 0.20000000298023224, 0.10000000149011612, 0.0, 0.8999999761581421, 0.8999999761581421, 0.8999999761581421, 0.8999999761581421, 0.800000011920929, 0.0]"
68,68,68,0.0,dataset,0.06526598500022374,False,"[0.17200958728790283, 0.23302127420902252, -0.08734103292226791, 1.0050090551376343, -1.1397956609725952, 0.024843299761414528, 0.12839898467063904, 0.21449366211891174, -0.13822604715824127, 0.2048223912715912, 1.0208882093429565, 0.2660258412361145, 0.04380234330892563, -0.19292205572128296]","[336.0, 2.0, 1.0, 4.0, 10.0, 935.0]","[2.0, 0.0, 0.0, 8.0, 0.0, 503.0]","[0.27697664499282837, 0.2878720164299011, -0.06606508046388626, -0.08746496587991714, -1.1185393333435059, -0.1611771285533905, 0.1743558645248413, 0.22632282972335815, -0.49804940819740295, -0.1044655293226242, -0.33372762799263, 0.36991482973098755, -0.5038496851921082, -0.26720839738845825, 0.30000001192092896, 0.30000001192092896, 0.30000001192092896, 0.20000000298023224, 0.10000000149011612, 0.0, 0.8999999761581421, 0.8999999761581421, 0.8999999761581421, 0.8999999761581421, 0.800000011920929, 0.0]","[0.1920095831155777, 0.2530212700366974, -0.06734102964401245, 0.9850090742111206, -1.1197956800460815, 0.004843300208449364, 0.1483989804983139, 0.22632282972335815, -0.15822604298591614, 0.18482239544391632, 1.0008882284164429, 0.28602585196495056, 0.023802343755960464, -0.21292205154895782]","[256.0, 0.2999999523162842, 0.30000001192092896, 0.20000004768371582, 0.10000038146972656, 855.0]","[0.8999999761581421, 0.8999999761581421, 0.8999999761581421, 0.9000000953674316, 0.800000011920929, 423.0]","[0.375717431306839, 0.21287579834461212, -0.17355555295944214, 0.1386694759130478, -1.183382272720337, -0.03383146598935127, 0.2884962558746338, 0.27419906854629517, -0.5001856088638306, -0.05065732076764107, -0.23442342877388, 0.39124900102615356, -0.34277281165122986, -0.23900140821933746, 0.30000001192092896, 0.29899999499320984, 0.29899999499320984, 0.19900000095367432, 1.0, 0.0, 0.8980000019073486, 0.8989999890327454, 0.8999999761581421, 0.8999999761581421, 0.8009999990463257, 0.0]","[0.27697664499282837, 0.2878720164299011, -0.06606508046388626, -0.08746496587991714, -1.1185393333435059, -0.1611771285533905, 0.1743558645248413, 0.22632282972335815, -0.49804940819740295, -0.1044655293226242, -0.33372762799263, 0.36991482973098755, -0.5038496851921082, -0.26720839738845825, 0.30000001192092896, 0.30000001192092896, 0.30000001192092896, 0.20000000298023224, 0.10000000149011612, 0.0, 0.8999999761581421, 0.8999999761581421, 0.8999999761581421, 0.8999999761581421, 0.800000011920929, 0.0]"
69,69,69,0.0,dataset,0.05029060500055493,False,"[0.17198561131954193, 0.23299731314182281, -0.08735302090644836, 1.0049971342086792, -1.1397956609725952, 0.02485528402030468, 0.12839898467063904, 0.21451763808727264, -0.13822604715824127, 0.20483437180519104, 1.0208882093429565, 0.2660258412361145, 0.04381432756781578, -0.1929100751876831]","[336.0, 2.0, 1.0, 4.0, 10.0, 935.0]","[2.0, 0.0, 0.0, 8.0, 0.0, 503.0]","[0.2769334614276886, 0.28930842876434326, -0.06647418439388275, -0.08872657269239426, -1.1225531101226807, -0.16096729040145874, 0.17595341801643372, 0.22617563605308533, -0.4972046911716461, -0.1096155196428299, -0.33224743604660034, 0.3745397627353668, -0.5132437944412231, -0.2692967355251312, 0.30000001192092896, 0.30000001192092896, 0.30000001192092896, 0.20000000298023224, 0.10000000149011612, 0.0, 0.8999999761581421, 0.8999999761581421, 0.8999999761581421, 0.8999999761581421, 0.800000011920929, 0.0]","[0.1919856071472168, 0.2529973089694977, -0.0673530250787735, 0.9849971532821655, -1.1225531101226807, 0.004855284467339516, 0.1483989804983139, 0.22617563605308533, -0.15822604298591614, 0.18483437597751617, 1.0008882284164429, 0.28602585196495056, 0.023814328014850616, -0.21291007101535797]","[256.0, 0.2999999523162842, 0.30000001192092896, 0.20000004768371582, 0.10000038146972656, 855.0]","[0.8999999761581421, 0.8999999761581421, 0.8999999761581421, 0.9000000953674316, 0.800000011920929, 423.0]","[0.375861257314682, 0.21234849095344543, -0.17392705380916595, 0.13863351941108704, -1.1835860013961792, -0.033843450248241425, 0.28846031427383423, 0.27999943494796753, -0.49974218010902405, -0.059909142553806305, -0.23480692505836487, 0.391812264919281, -0.3547450602054596, -0.2446100264787674, 0.30000001192092896, 0.29899999499320984, 0.29899999499320984, 0.19900000095367432, 1.0, 0.0, 0.8980000019073486, 0.8989999890327454, 0.8999999761581421, 0.8999999761581421, 0.8009999990463257, 0.0]","[0.2769334614276886, 0.28930842876434326, -0.06647418439388275, -0.08872657269239426, -1.1225531101226807, -0.16096729040145874, 0.17595341801643372, 0.22617563605308533, -0.4972046911716461, -0.1096155196428299, -0.33224743604660034, 0.3745397627353668, -0.5132437944412231, -0.2692967355251312, 0.30000001192092896, 0.30000001192092896, 0.30000001192092896, 0.20000000298023224, 0.10000000149011612, 0.0, 0.8999999761581421, 0.8999999761581421, 0.8999999761581421, 0.8999999761581421, 0.800000011920929, 0.0]"
70,70,70,0.0,dataset,0.13947935299984238,False,"[0.17200958728790283, 0.23299731314182281, -0.08735302090644836, 1.0049971342086792, -1.1397956609725952, 0.02485528402030468, 0.12839898467063904, 0.21451763808727264, -0.13823804259300232, 0.20483437180519104, 1.020876169204712, 0.2660498023033142, 0.04381432756781578, -0.19289809465408325]","[336.0, 2.0, 0.0, 4.0, 10.0, 935.0]","[2.0, 0.0, 0.0, 8.0, 0.0, 503.0]","[0.27610889077186584, 0.28965315222740173, -0.06754671037197113, -0.08951424062252045, -1.123652458190918, -0.1607598215341568, 0.17761409282684326, 0.2240445911884308, -0.4973904490470886, -0.11097489297389984, -0.3300516903400421, 0.3735421299934387, -0.5190878510475159, -0.27719569206237793, 0.30000001192092896, 0.30000001192092896, 0.30000001192092896, 0.20000000298023224, 0.10000000149011612, 0.0, 0.8999999761581421, 0.8999999761581421, 0.8999999761581421, 0.8999999761581421, 0.800000011920929, 0.0]","[0.1920095831155777, 0.2529973089694977, -0.06754671037197113, 0.9849971532821655, -1.123652458190918, 0.004855284467339516, 0.1483989804983139, 0.2240445911884308, -0.15823803842067719, 0.18483437597751617, 1.0008761882781982, 0.28604981303215027, 0.023814328014850616, -0.21289809048175812]","[256.0, 0.2999999523162842, 0.30000001192092896, 0.20000004768371582, 0.10000038146972656, 855.0]","[0.8999999761581421, 0.8999999761581421, 0.8999999761581421, 0.9000000953674316, 0.800000011920929, 423.0]","[0.3769158720970154, 0.21258817613124847, -0.17375928163528442, 0.13865748047828674, -1.1838496923446655, -0.033843450248241425, 0.2884962558746338, 0.28301945328712463, -0.49979013204574585, -0.06364822387695312, -0.23514248430728912, 0.3928668797016144, -0.365770548582077, -0.2505781650543213, 0.30000001192092896, 0.29899999499320984, 0.29899999499320984, 0.19900000095367432, 1.0, 0.0, 0.8980000019073486, 0.8989999890327454, 0.8999999761581421, 0.8999999761581421, 0.8009999990463257, 0.0]","[0.27610889077186584, 0.28965315222740173, -0.06754671037197113, -0.08951424062252045, -1.123652458190918, -0.1607598215341568, 0.17761409282684326, 0.2240445911884308, -0.4973904490470886, -0.11097489297389984, -0.3300516903400421, 0.3735421299934387, -0.5190878510475159, -0.27719569206237793, 0.30000001192092896, 0.30000001192092896, 0.30000001192092896, 0.20000000298023224, 0.10000000149011612, 0.0, 0.8999999761581421, 0.8999999761581421, 0.8999999761581421, 0.8999999761581421, 0.800000011920929, 0.0]"
71,71,71,0.0,dataset,0.09888826600035827,False,"[0.17198561131954193, 0.23299731314182281, -0.08735302090644836, 1.0049850940704346, -1.1397716999053955, 0.024843299761414528, 0.12839898467063904, 0.21449366211891174, -0.13822604715824127, 0.2048223912715912, 1.020876169204712, 0.2660498023033142, 0.04381432756781578, -0.19292205572128296]","[336.0, 2.0, 1.0, 4.0, 10.0, 935.0]","[2.0, 0.0, 0.0, 8.0, 0.0, 503.0]","[0.2745516896247864, 0.2894913852214813, -0.06893263757228851, -0.08950561285018921, -1.1232450008392334, -0.16077767312526703, 0.17888346314430237, 0.22043682634830475, -0.49699869751930237, -0.11188778281211853, -0.3273765444755554, 0.37163862586021423, -0.5247621536254883, -0.2859303653240204, 0.30000001192092896, 0.30000001192092896, 0.30000001192092896, 0.20000000298023224, 0.10000000149011612, 0.0, 0.8999999761581421, 0.8999999761581421, 0.8999999761581421, 0.8999999761581421, 0.800000011920929, 0.0]","[0.1919856071472168, 0.2529973089694977, -0.06893263757228851, 0.9849851131439209, -1.1232450008392334, 0.004843300208449364, 0.1483989804983139, 0.22043682634830475, -0.15822604298591614, 0.18482239544391632, 1.0008761882781982, 0.28604981303215027, 0.023814328014850616, -0.21292205154895782]","[256.0, 0.2999999523162842, 0.30000001192092896, 0.20000004768371582, 0.10000038146972656, 855.0]","[0.8999999761581421, 0.8999999761581421, 0.8999999761581421, 0.9000000953674316, 0.800000011920929, 423.0]","[0.3772154748439789, 0.21257618069648743, -0.17410682141780853, 0.13865748047828674, -1.1839934587478638, -0.0336996428668499, 0.2884962558746338, 0.2855960726737976, -0.4997541904449463, -0.06358829885721207, -0.23539415001869202, 0.39299869537353516, -0.3756095767021179, -0.2575889229774475, 0.30000001192092896, 0.29899999499320984, 0.29899999499320984, 0.19900000095367432, 1.0, 0.0, 0.8980000019073486, 0.8989999890327454, 0.8999999761581421, 0.8999999761581421, 0.8009999990463257, 0.0]","[0.2745516896247864, 0.2894913852214813, -0.06893263757228851, -0.08950561285018921, -1.1232450008392334, -0.16077767312526703, 0.17888346314430237, 0.22043682634830475, -0.49699869751930237, -0.11188778281211853, -0.3273765444755554, 0.37163862586021423, -0.5247621536254883, -0.2859303653240204, 0.30000001192092896, 0.30000001192092896, 0.30000001192092896, 0.20000000298023224, 0.10000000149011612, 0.0, 0.8999999761581421, 0.8999999761581421, 0.8999999761581421, 0.8999999761581421, 0.800000011920929, 0.0]"
72,72,72,0.0,dataset,0.07258408999950916,False,"[0.17199760675430298, 0.23299731314182281, -0.08735302090644836, 1.0049971342086792, -1.139819622039795, 0.02485528402030468, 0.12838700413703918, 0.2145056426525116, -0.13823804259300232, 0.20481041073799133, 1.0208882093429565, 0.2660498023033142, 0.04381432756781578, -0.1929340362548828]","[336.0, 2.0, 1.0, 4.0, 10.0, 935.0]","[2.0, 0.0, 0.0, 8.0, 0.0, 503.0]","[0.2726227641105652, 0.2906031906604767, -0.07265791296958923, -0.08939601480960846, -1.1240220069885254, -0.16347895562648773, 0.18112844228744507, 0.21570615470409393, -0.4974564015865326, -0.11354628205299377, -0.32607021927833557, 0.3644792139530182, -0.5328804850578308, -0.30228713154792786, 0.30000001192092896, 0.30000001192092896, 0.30000001192092896, 0.20000000298023224, 0.10000000149011612, 0.0, 0.8999999761581421, 0.8999999761581421, 0.8999999761581421, 0.8999999761581421, 0.800000011920929, 0.0]","[0.19199760258197784, 0.2529973089694977, -0.07265791296958923, 0.9849971532821655, -1.1240220069885254, 0.004855284467339516, 0.14838699996471405, 0.21570615470409393, -0.15823803842067719, 0.18481041491031647, 1.0008882284164429, 0.28604981303215027, 0.023814328014850616, -0.21293403208255768]","[256.0, 0.2999999523162842, 0.30000001192092896, 0.20000004768371582, 0.10000038146972656, 855.0]","[0.8999999761581421, 0.8999999761581421, 0.8999999761581421, 0.9000000953674316, 0.800000011920929, 423.0]","[0.3771675229072571, 0.2119050770998001, -0.17447833716869354, 0.13862153887748718, -1.184029459953308, -0.03363972157239914, 0.28848427534103394, 0.287393718957901, -0.4996583163738251, -0.06354036182165146, -0.23568177223205566, 0.39299869537353516, -0.3835551142692566, -0.2662535309791565, 0.30000001192092896, 0.29899999499320984, 0.29899999499320984, 0.19900000095367432, 1.0, 0.0, 0.8980000019073486, 0.8989999890327454, 0.8999999761581421, 0.8999999761581421, 0.8009999990463257, 0.0]","[0.2726227641105652, 0.2906031906604767, -0.07265791296958923, -0.08939601480960846, -1.1240220069885254, -0.16347895562648773, 0.18112844228744507, 0.21570615470409393, -0.4974564015865326, -0.11354628205299377, -0.32607021927833557, 0.3644792139530182, -0.5328804850578308, -0.30228713154792786, 0.30000001192092896, 0.30000001192092896, 0.30000001192092896, 0.20000000298023224, 0.10000000149011612, 0.0, 0.8999999761581421, 0.8999999761581421, 0.8999999761581421, 0.8999999761581421, 0.800000011920929, 0.0]"
73,73,73,0.0,dataset,0.06647469100062153,False,"[0.17200958728790283, 0.23299731314182281, -0.08732905238866806, 1.0049971342086792, -1.1398077011108398, 0.024843299761414528, 0.12839898467063904, 0.2145056426525116, -0.13823804259300232, 0.20483437180519104, 1.020876169204712, 0.2660498023033142, 0.04382631182670593, -0.19292205572128296]","[336.0, 2.0, 1.0, 4.0, 10.0, 935.0]","[2.0, 0.0, 0.0, 8.0, 0.0, 503.0]","[0.271525502204895, 0.29130324721336365, -0.07353439182043076, -0.08888746052980423, -1.1253187656402588, -0.16434095799922943, 0.18241481482982635, 0.21427136659622192, -0.49792081117630005, -0.11410412192344666, -0.3248752951622009, 0.35666221380233765, -0.5360636115074158, -0.31333237886428833, 0.30000001192092896, 0.30000001192092896, 0.30000001192092896, 0.20000000298023224, 0.10000000149011612, 0.0, 0.8999999761581421, 0.8999999761581421, 0.8999999761581421, 0.8999999761581421, 0.800000011920929, 0.0]","[0.1920095831155777, 0.2529973089694977, -0.07353439182043076, 0.9849971532821655, -1.1253187656402588, 0.004843300208449364, 0.1483989804983139, 0.21427136659622192, -0.15823803842067719, 0.18483437597751617, 1.0008761882781982, 0.28604981303215027, 0.02382631227374077, -0.21292205154895782]","[256.0, 0.2999999523162842, 0.30000001192092896, 0.20000004768371582, 0.10000038146972656, 855.0]","[0.8999999761581421, 0.8999999761581421, 0.8999999761581421, 0.9000000953674316, 0.800000011920929, 423.0]","[0.3772154748439789, 0.2119050770998001, -0.17450229823589325, 0.13863351941108704, -1.1840054988861084, -0.03362773731350899, 0.2884962558746338, 0.287393718957901, -0.4996822774410248, -0.06355234980583191, -0.23631693422794342, 0.3929148018360138, -0.3879653215408325, -0.274810254573822, 0.30000001192092896, 0.29899999499320984, 0.29899999499320984, 0.19900000095367432, 1.0, 0.0, 0.8980000019073486, 0.8989999890327454, 0.8999999761581421, 0.8999999761581421, 0.8009999990463257, 0.0]","[0.271525502204895, 0.29130324721336365, -0.07353439182043076, -0.08888746052980423, -1.1253187656402588, -0.16434095799922943, 0.18241481482982635, 0.21427136659622192, -0.49792081117630005, -0.11410412192344666, -0.3248752951622009, 0.35666221380233765, -0.5360636115074158, -0.31333237886428833, 0.30000001192092896, 0.30000001192092896, 0.30000001192092896, 0.20000000298023224, 0.10000000149011612, 0.0, 0.8999999761581421, 0.8999999761581421, 0.8999999761581421, 0.8999999761581421, 0.800000011920929, 0.0]"
74,74,74,0.0,dataset,0.07201379700018151,False,"[0.17198561131954193, 0.23299731314182281, -0.08735302090644836, 1.0049731731414795, -1.1397837400436401, 0.02485528402030468, 0.12838700413703918, 0.2145056426525116, -0.13822604715824127, 0.20483437180519104, 1.0209002494812012, 0.26606178283691406, 0.04382631182670593, -0.19292205572128296]","[336.0, 2.0, 1.0, 4.0, 10.0, 935.0]","[2.0, 0.0, 0.0, 8.0, 0.0, 503.0]","[0.2691032290458679, 0.2918832004070282, -0.0738949403166771, -0.08525891602039337, -1.1259692907333374, -0.16566097736358643, 0.18154573440551758, 0.21242885291576385, -0.500022828578949, -0.11834240704774857, -0.3207745850086212, 0.3481275737285614, -0.5432442426681519, -0.33486559987068176, 0.30000001192092896, 0.30000001192092896, 0.30000001192092896, 0.20000000298023224, 0.10000000149011612, 0.0, 0.8999999761581421, 0.8999999761581421, 0.8999999761581421, 0.8999999761581421, 0.800000011920929, 0.0]","[0.1919856071472168, 0.2529973089694977, -0.0738949403166771, 0.9849731922149658, -1.1259692907333374, 0.004855284467339516, 0.14838699996471405, 0.21242885291576385, -0.15822604298591614, 0.18483437597751617, 1.0009002685546875, 0.2860617935657501, 0.02382631227374077, -0.21292205154895782]","[256.0, 0.2999999523162842, 0.30000001192092896, 0.20000004768371582, 0.10000038146972656, 855.0]","[0.8999999761581421, 0.8999999761581421, 0.8999999761581421, 0.9000000953674316, 0.800000011920929, 423.0]","[0.3772154748439789, 0.2119050770998001, -0.17450229823589325, 0.13862153887748718, -1.184029459953308, -0.03365170583128929, 0.2884962558746338, 0.287393718957901, -0.4996223449707031, -0.0635044127702713, -0.2364247888326645, 0.39239948987960815, -0.39559927582740784, -0.2839781939983368, 0.30000001192092896, 0.29899999499320984, 0.29899999499320984, 0.19900000095367432, 1.0, 0.0, 0.8980000019073486, 0.8989999890327454, 0.8999999761581421, 0.8999999761581421, 0.8009999990463257, 0.0]","[0.2691032290458679, 0.2918832004070282, -0.0738949403166771, -0.08525891602039337, -1.1259692907333374, -0.16566097736358643, 0.18154573440551758, 0.21242885291576385, -0.500022828578949, -0.11834240704774857, -0.3207745850086212, 0.3481275737285614, -0.5432442426681519, -0.33486559987068176, 0.30000001192092896, 0.30000001192092896, 0.30000001192092896, 0.20000000298023224, 0.10000000149011612, 0.0, 0.8999999761581421, 0.8999999761581421, 0.8999999761581421, 0.8999999761581421, 0.800000011920929, 0.0]"
75,75,75,0.0,dataset,0.06505854799979716,False,"[0.17198561131954193, 0.23299731314182281, -0.08735302090644836, 1.0049971342086792, -1.1397837400436401, 0.024843299761414528, 0.12841098010540009, 0.2144816815853119, -0.13823804259300232, 0.20481041073799133, 1.0208882093429565, 0.26606178283691406, 0.04382631182670593, -0.19292205572128296]","[336.0, 2.0, 1.0, 4.0, 10.0, 935.0]","[2.0, 0.0, 0.0, 8.0, 0.0, 503.0]","[0.268466591835022, 0.2921649217605591, -0.07503760606050491, -0.08461270481348038, -1.125604271888733, -0.16677723824977875, 0.18249809741973877, 0.21151864528656006, -0.5003556609153748, -0.1208045706152916, -0.32043707370758057, 0.3433845043182373, -0.5452638268470764, -0.3508014976978302, 0.30000001192092896, 0.30000001192092896, 0.30000001192092896, 0.20000000298023224, 0.10000000149011612, 0.0, 0.8999999761581421, 0.8999999761581421, 0.8999999761581421, 0.8999999761581421, 0.800000011920929, 0.0]","[0.1919856071472168, 0.2529973089694977, -0.07503760606050491, 0.9849971532821655, -1.125604271888733, 0.004843300208449364, 0.14841097593307495, 0.21151864528656006, -0.15823803842067719, 0.18481041491031647, 1.0008882284164429, 0.2860617935657501, 0.02382631227374077, -0.21292205154895782]","[256.0, 0.2999999523162842, 0.30000001192092896, 0.20000004768371582, 0.10000038146972656, 855.0]","[0.8999999761581421, 0.8999999761581421, 0.8999999761581421, 0.9000000953674316, 0.800000011920929, 423.0]","[0.3772394359111786, 0.21191705763339996, -0.17447833716869354, 0.13865748047828674, -1.1840773820877075, -0.03365170583128929, 0.2884962558746338, 0.287393718957901, -0.49961036443710327, -0.06355234980583191, -0.23648472130298615, 0.39175233244895935, -0.40300554037094116, -0.2918398678302765, 0.30000001192092896, 0.29899999499320984, 0.29899999499320984, 0.19900000095367432, 1.0, 0.0, 0.8980000019073486, 0.8989999890327454, 0.8999999761581421, 0.8999999761581421, 0.8009999990463257, 0.0]","[0.268466591835022, 0.2921649217605591, -0.07503760606050491, -0.08461270481348038, -1.125604271888733, -0.16677723824977875, 0.18249809741973877, 0.21151864528656006, -0.5003556609153748, -0.1208045706152916, -0.32043707370758057, 0.3433845043182373, -0.5452638268470764, -0.3508014976978302, 0.30000001192092896, 0.30000001192092896, 0.30000001192092896, 0.20000000298023224, 0.10000000149011612, 0.0, 0.8999999761581421, 0.8999999761581421, 0.8999999761581421, 0.8999999761581421, 0.800000011920929, 0.0]"
76,76,76,0.0,dataset,0.06940189499982807,False,"[0.17199760675430298, 0.23299731314182281, -0.08735302090644836, 1.0049971342086792, -1.1397837400436401, 0.024843299761414528, 0.12839898467063904, 0.2144816815853119, -0.13822604715824127, 0.20483437180519104, 1.020876169204712, 0.2660498023033142, 0.04380234330892563, -0.19292205572128296]","[336.0, 2.0, 1.0, 4.0, 10.0, 935.0]","[2.0, 0.0, 0.0, 8.0, 0.0, 503.0]","[0.2676410973072052, 0.2909912168979645, -0.07604657113552094, -0.08236227184534073, -1.1249769926071167, -0.16830547153949738, 0.18222405016422272, 0.2093224972486496, -0.49736103415489197, -0.12425906211137772, -0.31611305475234985, 0.33625897765159607, -0.5519797801971436, -0.3722206950187683, 0.30000001192092896, 0.30000001192092896, 0.30000001192092896, 0.20000000298023224, 0.10000000149011612, 0.0, 0.8999999761581421, 0.8999999761581421, 0.8999999761581421, 0.8999999761581421, 0.800000011920929, 0.0]","[0.19199760258197784, 0.2529973089694977, -0.07604657113552094, 0.9849971532821655, -1.1249769926071167, 0.004843300208449364, 0.1483989804983139, 0.2093224972486496, -0.15822604298591614, 0.18483437597751617, 1.0008761882781982, 0.28604981303215027, 0.023802343755960464, -0.21292205154895782]","[256.0, 0.2999999523162842, 0.30000001192092896, 0.20000004768371582, 0.10000038146972656, 855.0]","[0.8999999761581421, 0.8999999761581421, 0.8999999761581421, 0.9000000953674316, 0.800000011920929, 423.0]","[0.37722745537757874, 0.21192903816699982, -0.1744903177022934, 0.13863351941108704, -1.1840894222259521, -0.03365170583128929, 0.2884722948074341, 0.287393718957901, -0.49956244230270386, -0.06351639330387115, -0.23904934525489807, 0.3906617760658264, -0.4073677957057953, -0.30498653650283813, 0.30000001192092896, 0.29899999499320984, 0.29899999499320984, 0.19900000095367432, 1.0, 0.0, 0.8980000019073486, 0.8989999890327454, 0.8999999761581421, 0.8999999761581421, 0.8009999990463257, 0.0]","[0.2676410973072052, 0.2909912168979645, -0.07604657113552094, -0.08236227184534073, -1.1249769926071167, -0.16830547153949738, 0.18222405016422272, 0.2093224972486496, -0.49736103415489197, -0.12425906211137772, -0.31611305475234985, 0.33625897765159607, -0.5519797801971436, -0.3722206950187683, 0.30000001192092896, 0.30000001192092896, 0.30000001192092896, 0.20000000298023224, 0.10000000149011612, 0.0, 0.8999999761581421, 0.8999999761581421, 0.8999999761581421, 0.8999999761581421, 0.800000011920929, 0.0]"
77,77,77,0.0,dataset,0.06334502000026987,False,"[0.17199760675430298, 0.23300929367542267, -0.08734103292226791, 1.0049971342086792, -1.1397597789764404, 0.02485528402030468, 0.12839898467063904, 0.2145056426525116, -0.13825002312660217, 0.20483437180519104, 1.0208882093429565, 0.26606178283691406, 0.04380234330892563, -0.1929100751876831]","[336.0, 2.0, 1.0, 4.0, 10.0, 935.0]","[2.0, 0.0, 0.0, 8.0, 0.0, 503.0]","[0.26715198159217834, 0.2907361388206482, -0.07687121629714966, -0.08212468028068542, -1.1241965293884277, -0.1698119044303894, 0.1832406371831894, 0.20873749256134033, -0.4964516758918762, -0.12721732258796692, -0.3158872723579407, 0.33638671040534973, -0.5534981489181519, -0.3824785649776459, 0.30000001192092896, 0.30000001192092896, 0.30000001192092896, 0.20000000298023224, 0.10000000149011612, 0.0, 0.8999999761581421, 0.8999999761581421, 0.8999999761581421, 0.8999999761581421, 0.800000011920929, 0.0]","[0.19199760258197784, 0.25300928950309753, -0.07687121629714966, 0.9849971532821655, -1.1241965293884277, 0.004855284467339516, 0.1483989804983139, 0.20873749256134033, -0.15825001895427704, 0.18483437597751617, 1.0008882284164429, 0.2860617935657501, 0.023802343755960464, -0.21291007101535797]","[256.0, 0.2999999523162842, 0.30000001192092896, 0.20000004768371582, 0.10000038146972656, 855.0]","[0.8999999761581421, 0.8999999761581421, 0.8999999761581421, 0.9000000953674316, 0.800000011920929, 423.0]","[0.3772394359111786, 0.21191705763339996, -0.17457421123981476, 0.1386694759130478, -1.1841133832931519, -0.03362773731350899, 0.28848427534103394, 0.28733378648757935, -0.4995744228363037, -0.06355234980583191, -0.24135030806064606, 0.39025431871414185, -0.41309624910354614, -0.32147684693336487, 0.30000001192092896, 0.29899999499320984, 0.29899999499320984, 0.19900000095367432, 1.0, 0.0, 0.8980000019073486, 0.8989999890327454, 0.8999999761581421, 0.8999999761581421, 0.8009999990463257, 0.0]","[0.26715198159217834, 0.2907361388206482, -0.07687121629714966, -0.08212468028068542, -1.1241965293884277, -0.1698119044303894, 0.1832406371831894, 0.20873749256134033, -0.4964516758918762, -0.12721732258796692, -0.3158872723579407, 0.33638671040534973, -0.5534981489181519, -0.3824785649776459, 0.30000001192092896, 0.30000001192092896, 0.30000001192092896, 0.20000000298023224, 0.10000000149011612, 0.0, 0.8999999761581421, 0.8999999761581421, 0.8999999761581421, 0.8999999761581421, 0.800000011920929, 0.0]"
78,78,78,0.0,dataset,0.07366455800001859,False,"[0.17198561131954193, 0.23300929367542267, -0.08735302090644836, 1.0049971342086792, -1.1397837400436401, 0.024831315502524376, 0.12839898467063904, 0.2144816815853119, -0.13823804259300232, 0.20483437180519104, 1.020876169204712, 0.26606178283691406, 0.04382631182670593, -0.1929100751876831]","[336.0, 2.0, 1.0, 4.0, 10.0, 935.0]","[2.0, 0.0, 0.0, 8.0, 0.0, 503.0]","[0.26755696535110474, 0.29066815972328186, -0.07735075056552887, -0.08150733262300491, -1.1240736246109009, -0.17069853842258453, 0.18299630284309387, 0.2093602567911148, -0.49563226103782654, -0.1295340359210968, -0.31638920307159424, 0.3388011157512665, -0.552242636680603, -0.3845309615135193, 0.30000001192092896, 0.30000001192092896, 0.30000001192092896, 0.20000000298023224, 0.10000000149011612, 0.0, 0.8999999761581421, 0.8999999761581421, 0.8999999761581421, 0.8999999761581421, 0.800000011920929, 0.0]","[0.1919856071472168, 0.25300928950309753, -0.07735075056552887, 0.9849971532821655, -1.1240736246109009, 0.004831315949559212, 0.1483989804983139, 0.2093602567911148, -0.15823803842067719, 0.18483437597751617, 1.0008761882781982, 0.2860617935657501, 0.02382631227374077, -0.21291007101535797]","[256.0, 0.2999999523162842, 0.30000001192092896, 0.20000004768371582, 0.10000038146972656, 855.0]","[0.8999999761581421, 0.8999999761581421, 0.8999999761581421, 0.9000000953674316, 0.800000011920929, 423.0]","[0.37725141644477844, 0.21192903816699982, -0.1745861917734146, 0.13862153887748718, -1.1841133832931519, -0.03366369009017944, 0.2884962558746338, 0.28730982542037964, -0.4994545578956604, -0.06362425535917282, -0.24162594974040985, 0.38912779092788696, -0.41950780153274536, -0.33543846011161804, 0.30000001192092896, 0.29899999499320984, 0.29899999499320984, 0.19900000095367432, 1.0, 0.0, 0.8980000019073486, 0.8989999890327454, 0.8999999761581421, 0.8999999761581421, 0.8009999990463257, 0.0]","[0.26755696535110474, 0.29066815972328186, -0.07735075056552887, -0.08150733262300491, -1.1240736246109009, -0.17069853842258453, 0.18299630284309387, 0.2093602567911148, -0.49563226103782654, -0.1295340359210968, -0.31638920307159424, 0.3388011157512665, -0.552242636680603, -0.3845309615135193, 0.30000001192092896, 0.30000001192092896, 0.30000001192092896, 0.20000000298023224, 0.10000000149011612, 0.0, 0.8999999761581421, 0.8999999761581421, 0.8999999761581421, 0.8999999761581421, 0.800000011920929, 0.0]"
79,79,79,0.0,dataset,0.1002324220007722,False,"[0.17199760675430298, 0.23300929367542267, -0.08735302090644836, 1.0049850940704346, -1.1397956609725952, 0.02485528402030468, 0.12839898467063904, 0.2145056426525116, -0.13823804259300232, 0.2048223912715912, 1.0208882093429565, 0.26606178283691406, 0.04380234330892563, -0.19292205572128296]","[336.0, 2.0, 1.0, 4.0, 10.0, 935.0]","[2.0, 1.0, 0.0, 8.0, 0.0, 503.0]","[0.26809796690940857, 0.29190847277641296, -0.0781378224492073, -0.07855156809091568, -1.1263020038604736, -0.17217786610126495, 0.18110498785972595, 0.21027550101280212, -0.4962446689605713, -0.13165950775146484, -0.3142065107822418, 0.3421300947666168, -0.5484698414802551, -0.3818235695362091, 0.30000001192092896, 0.30000001192092896, 0.30000001192092896, 0.20000000298023224, 0.10000000149011612, 0.0, 0.8999999761581421, 0.8999999761581421, 0.8999999761581421, 0.8999999761581421, 0.800000011920929, 0.0]","[0.19199760258197784, 0.25300928950309753, -0.0781378224492073, 0.9849851131439209, -1.1263020038604736, 0.004855284467339516, 0.1483989804983139, 0.21027550101280212, -0.15823803842067719, 0.18482239544391632, 1.0008882284164429, 0.2860617935657501, 0.023802343755960464, -0.21292205154895782]","[256.0, 0.2999999523162842, 0.30000001192092896, 0.20000004768371582, 0.10000038146972656, 855.0]","[0.8999999761581421, 0.8999999761581421, 0.8999999761581421, 0.9000000953674316, 0.800000011920929, 423.0]","[0.37729936838150024, 0.21191705763339996, -0.17457421123981476, 0.13865748047828674, -1.1841013431549072, -0.03366369009017944, 0.2884962558746338, 0.2873218059539795, -0.499406635761261, -0.06362425535917282, -0.24247683584690094, 0.38760578632354736, -0.4242415726184845, -0.3492083251476288, 0.30000001192092896, 0.29899999499320984, 0.29899999499320984, 0.19900000095367432, 1.0, 0.0, 0.8980000019073486, 0.8989999890327454, 0.8999999761581421, 0.8999999761581421, 0.8009999990463257, 0.0]","[0.26809796690940857, 0.29190847277641296, -0.0781378224492073, -0.07855156809091568, -1.1263020038604736, -0.17217786610126495, 0.18110498785972595, 0.21027550101280212, -0.4962446689605713, -0.13165950775146484, -0.3142065107822418, 0.3421300947666168, -0.5484698414802551, -0.3818235695362091, 0.30000001192092896, 0.30000001192092896, 0.30000001192092896, 0.20000000298023224, 0.10000000149011612, 0.0, 0.8999999761581421, 0.8999999761581421, 0.8999999761581421, 0.8999999761581421, 0.800000011920929, 0.0]"
80,80,80,0.0,dataset,0.12889926900061255,False,"[0.17198561131954193, 0.23299731314182281, -0.08735302090644836, 1.0049971342086792, -1.1397477388381958, 0.024843299761414528, 0.12842296063899994, 0.2145056426525116, -0.13823804259300232, 0.2048463672399521, 1.020876169204712, 0.26606178283691406, 0.04381432756781578, -0.19292205572128296]","[336.0, 2.0, 1.0, 4.0, 10.0, 935.0]","[2.0, 0.0, 0.0, 8.0, 0.0, 503.0]","[0.2679482400417328, 0.292235404253006, -0.07873627543449402, -0.07496990263462067, -1.1273273229599, -0.17393620312213898, 0.1785089522600174, 0.21019382774829865, -0.4945339262485504, -0.12970031797885895, -0.30865907669067383, 0.34177371859550476, -0.5468493700027466, -0.37761378288269043, 0.30000001192092896, 0.30000001192092896, 0.30000001192092896, 0.20000000298023224, 0.10000000149011612, 0.0, 0.8999999761581421, 0.8999999761581421, 0.8999999761581421, 0.8999999761581421, 0.800000011920929, 0.0]","[0.1919856071472168, 0.2529973089694977, -0.07873627543449402, 0.9849971532821655, -1.1273273229599, 0.004843300208449364, 0.1484229564666748, 0.21019382774829865, -0.15823803842067719, 0.18484637141227722, 1.0008761882781982, 0.2860617935657501, 0.023814328014850616, -0.21292205154895782]","[256.0, 0.2999999523162842, 0.30000001192092896, 0.20000004768371582, 0.10000038146972656, 855.0]","[0.8999999761581421, 0.8999999761581421, 0.8999999761581421, 0.9000000953674316, 0.800000011920929, 423.0]","[0.37739524245262146, 0.21192903816699982, -0.17457421123981476, 0.1386454999446869, -1.184125304222107, -0.033675674349069595, 0.2884962558746338, 0.2873218059539795, -0.49941861629486084, -0.06369615346193314, -0.24295619130134583, 0.3858680725097656, -0.4258594512939453, -0.35683029890060425, 0.30000001192092896, 0.29899999499320984, 0.29899999499320984, 0.19900000095367432, 1.0, 0.0, 0.8980000019073486, 0.8989999890327454, 0.8999999761581421, 0.8999999761581421, 0.8009999990463257, 0.0]","[0.2679482400417328, 0.292235404253006, -0.07873627543449402, -0.07496990263462067, -1.1273273229599, -0.17393620312213898, 0.1785089522600174, 0.21019382774829865, -0.4945339262485504, -0.12970031797885895, -0.30865907669067383, 0.34177371859550476, -0.5468493700027466, -0.37761378288269043, 0.30000001192092896, 0.30000001192092896, 0.30000001192092896, 0.20000000298023224, 0.10000000149011612, 0.0, 0.8999999761581421, 0.8999999761581421, 0.8999999761581421, 0.8999999761581421, 0.800000011920929, 0.0]"
81,81,81,0.0,dataset,0.05558600299991667,False,"[0.17199760675430298, 0.23299731314182281, -0.08735302090644836, 1.0049971342086792, -1.1397716999053955, 0.02485528402030468, 0.12839898467063904, 0.21449366211891174, -0.13821406662464142, 0.20483437180519104, 1.0208882093429565, 0.2660498023033142, 0.04381432756781578, -0.1929340362548828]","[336.0, 2.0, 1.0, 4.0, 10.0, 935.0]","[2.0, 0.0, 0.0, 8.0, 0.0, 503.0]","[0.26870858669281006, 0.29227563738822937, -0.07945035398006439, -0.0727768987417221, -1.1270941495895386, -0.17516036331653595, 0.17722322046756744, 0.2104555070400238, -0.49268436431884766, -0.127603217959404, -0.3045777976512909, 0.3437207043170929, -0.5428647994995117, -0.36997249722480774, 0.30000001192092896, 0.30000001192092896, 0.30000001192092896, 0.20000000298023224, 0.10000000149011612, 0.0, 0.8999999761581421, 0.8999999761581421, 0.8999999761581421, 0.8999999761581421, 0.800000011920929, 0.0]","[0.19199760258197784, 0.2529973089694977, -0.07945035398006439, 0.9849971532821655, -1.1270941495895386, 0.004855284467339516, 0.1483989804983139, 0.2104555070400238, -0.15821406245231628, 0.18483437597751617, 1.0008882284164429, 0.28604981303215027, 0.023814328014850616, -0.21293403208255768]","[256.0, 0.2999999523162842, 0.30000001192092896, 0.20000004768371582, 0.10000038146972656, 855.0]","[0.8999999761581421, 0.8999999761581421, 0.8999999761581421, 0.9000000953674316, 0.800000011920929, 423.0]","[0.378030389547348, 0.21195301413536072, -0.1745622307062149, 0.1386694759130478, -1.1842811107635498, -0.033675674349069595, 0.28848427534103394, 0.2873218059539795, -0.4989991784095764, -0.06373210996389389, -0.24290825426578522, 0.3851729929447174, -0.4262069761753082, -0.3600061237812042, 0.30000001192092896, 0.29899999499320984, 0.29899999499320984, 0.19900000095367432, 1.0, 0.0, 0.8980000019073486, 0.8989999890327454, 0.8999999761581421, 0.8999999761581421, 0.8009999990463257, 0.0]","[0.26870858669281006, 0.29227563738822937, -0.07945035398006439, -0.0727768987417221, -1.1270941495895386, -0.17516036331653595, 0.17722322046756744, 0.2104555070400238, -0.49268436431884766, -0.127603217959404, -0.3045777976512909, 0.3437207043170929, -0.5428647994995117, -0.36997249722480774, 0.30000001192092896, 0.30000001192092896, 0.30000001192092896, 0.20000000298023224, 0.10000000149011612, 0.0, 0.8999999761581421, 0.8999999761581421, 0.8999999761581421, 0.8999999761581421, 0.800000011920929, 0.0]"
82,82,82,0.0,dataset,0.06753124599890725,False,"[0.17197363078594208, 0.23300929367542267, -0.08735302090644836, 1.0049971342086792, -1.1398077011108398, 0.02485528402030468, 0.12841098010540009, 0.2145056426525116, -0.13823804259300232, 0.20481041073799133, 1.0208882093429565, 0.2660258412361145, 0.04381432756781578, -0.1929100751876831]","[336.0, 2.0, 1.0, 4.0, 10.0, 935.0]","[2.0, 0.0, 0.0, 8.0, 0.0, 503.0]","[0.2700003385543823, 0.29339417815208435, -0.0801408439874649, -0.07202589511871338, -1.1290342807769775, -0.17504368722438812, 0.17743611335754395, 0.2136930376291275, -0.4935051500797272, -0.12299992144107819, -0.2998694181442261, 0.34781545400619507, -0.5368853807449341, -0.35992738604545593, 0.30000001192092896, 0.30000001192092896, 0.30000001192092896, 0.20000000298023224, 0.10000000149011612, 0.0, 0.8999999761581421, 0.8999999761581421, 0.8999999761581421, 0.8999999761581421, 0.800000011920929, 0.0]","[0.19197362661361694, 0.25300928950309753, -0.0801408439874649, 0.9849971532821655, -1.1290342807769775, 0.004855284467339516, 0.14841097593307495, 0.2136930376291275, -0.15823803842067719, 0.18481041491031647, 1.0008882284164429, 0.28602585196495056, 0.023814328014850616, -0.21291007101535797]","[256.0, 0.2999999523162842, 0.30000001192092896, 0.20000004768371582, 0.10000038146972656, 855.0]","[0.8999999761581421, 0.8999999761581421, 0.8999999761581421, 0.9000000953674316, 0.800000011920929, 423.0]","[0.37856969237327576, 0.21192903816699982, -0.1745622307062149, 0.1386694759130478, -1.1842691898345947, -0.0336996428668499, 0.28848427534103394, 0.2873697280883789, -0.49582335352897644, -0.06370814144611359, -0.24292024970054626, 0.3835311532020569, -0.4262189567089081, -0.360137939453125, 0.30000001192092896, 0.29899999499320984, 0.29899999499320984, 0.19900000095367432, 1.0, 0.0, 0.8980000019073486, 0.8989999890327454, 0.8999999761581421, 0.8999999761581421, 0.8009999990463257, 0.0]","[0.2700003385543823, 0.29339417815208435, -0.0801408439874649, -0.07202589511871338, -1.1290342807769775, -0.17504368722438812, 0.17743611335754395, 0.2136930376291275, -0.4935051500797272, -0.12299992144107819, -0.2998694181442261, 0.34781545400619507, -0.5368853807449341, -0.35992738604545593, 0.30000001192092896, 0.30000001192092896, 0.30000001192092896, 0.20000000298023224, 0.10000000149011612, 0.0, 0.8999999761581421, 0.8999999761581421, 0.8999999761581421, 0.8999999761581421, 0.800000011920929, 0.0]"
83,83,83,0.0,dataset,0.05898024999987683,False,"[0.17198561131954193, 0.23299731314182281, -0.08732905238866806, 1.0049850940704346, -1.1397716999053955, 0.024843299761414528, 0.12839898467063904, 0.2145056426525116, -0.13825002312660217, 0.20481041073799133, 1.0208882093429565, 0.26603782176971436, 0.04382631182670593, -0.19292205572128296]","[336.0, 2.0, 1.0, 4.0, 10.0, 935.0]","[2.0, 0.0, 0.0, 8.0, 0.0, 503.0]","[0.27102917432785034, 0.29386401176452637, -0.07858407497406006, -0.07524941116571426, -1.129884123802185, -0.1723961979150772, 0.17981967329978943, 0.21626070141792297, -0.49454981088638306, -0.12187561392784119, -0.3013814687728882, 0.3516019582748413, -0.5303195118904114, -0.3540171682834625, 0.30000001192092896, 0.30000001192092896, 0.30000001192092896, 0.20000000298023224, 0.10000000149011612, 0.0, 0.8999999761581421, 0.8999999761581421, 0.8999999761581421, 0.8999999761581421, 0.800000011920929, 0.0]","[0.1919856071472168, 0.2529973089694977, -0.07858407497406006, 0.9849851131439209, -1.129884123802185, 0.004843300208449364, 0.1483989804983139, 0.21626070141792297, -0.15825001895427704, 0.18481041491031647, 1.0008882284164429, 0.2860378324985504, 0.02382631227374077, -0.21292205154895782]","[256.0, 0.2999999523162842, 0.30000001192092896, 0.20000004768371582, 0.10000038146972656, 855.0]","[0.8999999761581421, 0.8999999761581421, 0.8999999761581421, 0.9000000953674316, 0.800000011920929, 423.0]","[0.37884533405303955, 0.21192903816699982, -0.17459817230701447, 0.1386694759130478, -1.1842811107635498, -0.033675674349069595, 0.28848427534103394, 0.2877172827720642, -0.4898671805858612, -0.06368417292833328, -0.24287231266498566, 0.3834712505340576, -0.4261949956417084, -0.35987430810928345, 0.30000001192092896, 0.29899999499320984, 0.29899999499320984, 0.19900000095367432, 1.0, 0.0, 0.8980000019073486, 0.8989999890327454, 0.8999999761581421, 0.8999999761581421, 0.8009999990463257, 0.0]","[0.27102917432785034, 0.29386401176452637, -0.07858407497406006, -0.07524941116571426, -1.129884123802185, -0.1723961979150772, 0.17981967329978943, 0.21626070141792297, -0.49454981088638306, -0.12187561392784119, -0.3013814687728882, 0.3516019582748413, -0.5303195118904114, -0.3540171682834625, 0.30000001192092896, 0.30000001192092896, 0.30000001192092896, 0.20000000298023224, 0.10000000149011612, 0.0, 0.8999999761581421, 0.8999999761581421, 0.8999999761581421, 0.8999999761581421, 0.800000011920929, 0.0]"
84,84,84,0.0,dataset,0.07356728900049347,False,"[0.17199760675430298, 0.23299731314182281, -0.08732905238866806, 1.0049731731414795, -1.1397716999053955, 0.02485528402030468, 0.12841098010540009, 0.2145056426525116, -0.13825002312660217, 0.20483437180519104, 1.0208882093429565, 0.26606178283691406, 0.04381432756781578, -0.19292205572128296]","[336.0, 2.0, 1.0, 4.0, 10.0, 935.0]","[2.0, 0.0, 0.0, 8.0, 0.0, 503.0]","[0.2732742726802826, 0.29401251673698425, -0.07781011611223221, -0.07939475774765015, -1.1300544738769531, -0.16939090192317963, 0.1828700304031372, 0.22069381177425385, -0.49527472257614136, -0.11675112694501877, -0.3019157946109772, 0.3559912145137787, -0.5197917222976685, -0.3448944091796875, 0.30000001192092896, 0.30000001192092896, 0.30000001192092896, 0.20000000298023224, 0.10000000149011612, 0.0, 0.8999999761581421, 0.8999999761581421, 0.8999999761581421, 0.8999999761581421, 0.800000011920929, 0.0]","[0.19199760258197784, 0.2529973089694977, -0.07781011611223221, 0.9849731922149658, -1.1300544738769531, 0.004855284467339516, 0.14841097593307495, 0.22069381177425385, -0.15825001895427704, 0.18483437597751617, 1.0008882284164429, 0.2860617935657501, 0.023814328014850616, -0.21292205154895782]","[256.0, 0.2999999523162842, 0.30000001192092896, 0.20000004768371582, 0.10000038146972656, 855.0]","[0.8999999761581421, 0.8999999761581421, 0.8999999761581421, 0.9000000953674316, 0.800000011920929, 423.0]","[0.3788812756538391, 0.21194101870059967, -0.17459817230701447, 0.13865748047828674, -1.1842931509017944, -0.03368765860795975, 0.28850823640823364, 0.2880408465862274, -0.48708686232566833, -0.06368417292833328, -0.24289627373218536, 0.38348323106765747, -0.4260871410369873, -0.3594069182872772, 0.30000001192092896, 0.29899999499320984, 0.29899999499320984, 0.19900000095367432, 1.0, 0.0, 0.8980000019073486, 0.8989999890327454, 0.8999999761581421, 0.8999999761581421, 0.8009999990463257, 0.0]","[0.2732742726802826, 0.29401251673698425, -0.07781011611223221, -0.07939475774765015, -1.1300544738769531, -0.16939090192317963, 0.1828700304031372, 0.22069381177425385, -0.49527472257614136, -0.11675112694501877, -0.3019157946109772, 0.3559912145137787, -0.5197917222976685, -0.3448944091796875, 0.30000001192092896, 0.30000001192092896, 0.30000001192092896, 0.20000000298023224, 0.10000000149011612, 0.0, 0.8999999761581421, 0.8999999761581421, 0.8999999761581421, 0.8999999761581421, 0.800000011920929, 0.0]"
85,85,85,0.0,dataset,0.05718563000118593,False,"[0.17199760675430298, 0.23299731314182281, -0.08735302090644836, 1.0049850940704346, -1.1397837400436401, 0.024831315502524376, 0.12838700413703918, 0.2145056426525116, -0.13825002312660217, 0.20483437180519104, 1.0208882093429565, 0.26603782176971436, 0.04379035905003548, -0.19292205572128296]","[336.0, 2.0, 1.0, 4.0, 10.0, 935.0]","[2.0, 0.0, 0.0, 8.0, 0.0, 503.0]","[0.2742531895637512, 0.29365041851997375, -0.07888992130756378, -0.08153798431158066, -1.129508137702942, -0.16896575689315796, 0.18523114919662476, 0.2244185507297516, -0.49430161714553833, -0.10795387625694275, -0.2981530725955963, 0.35797131061553955, -0.5166168808937073, -0.338253915309906, 0.30000001192092896, 0.30000001192092896, 0.30000001192092896, 0.20000000298023224, 0.10000000149011612, 0.0, 0.8999999761581421, 0.8999999761581421, 0.8999999761581421, 0.8999999761581421, 0.800000011920929, 0.0]","[0.19199760258197784, 0.2529973089694977, -0.07888992130756378, 0.9849851131439209, -1.129508137702942, 0.004831315949559212, 0.14838699996471405, 0.2244185507297516, -0.15825001895427704, 0.18483437597751617, 1.0008882284164429, 0.2860378324985504, 0.023790359497070312, -0.21292205154895782]","[256.0, 0.2999999523162842, 0.30000001192092896, 0.20000004768371582, 0.10000038146972656, 855.0]","[0.8999999761581421, 0.8999999761581421, 0.8999999761581421, 0.9000000953674316, 0.800000011920929, 423.0]","[0.3791808784008026, 0.21204888820648193, -0.1745861917734146, 0.13862153887748718, -1.1843050718307495, -0.033675674349069595, 0.2884962558746338, 0.2885681688785553, -0.4862000048160553, -0.06363623589277267, -0.24289627373218536, 0.38363900780677795, -0.4259073734283447, -0.35775309801101685, 0.30000001192092896, 0.29899999499320984, 0.29899999499320984, 0.19900000095367432, 1.0, 0.0, 0.8980000019073486, 0.8989999890327454, 0.8999999761581421, 0.8999999761581421, 0.8009999990463257, 0.0]","[0.2742531895637512, 0.29365041851997375, -0.07888992130756378, -0.08153798431158066, -1.129508137702942, -0.16896575689315796, 0.18523114919662476, 0.2244185507297516, -0.49430161714553833, -0.10795387625694275, -0.2981530725955963, 0.35797131061553955, -0.5166168808937073, -0.338253915309906, 0.30000001192092896, 0.30000001192092896, 0.30000001192092896, 0.20000000298023224, 0.10000000149011612, 0.0, 0.8999999761581421, 0.8999999761581421, 0.8999999761581421, 0.8999999761581421, 0.800000011920929, 0.0]"
86,86,86,0.0,dataset,0.08038476599904243,False,"[0.17200958728790283, 0.23299731314182281, -0.08735302090644836, 1.0049731731414795, -1.1397597789764404, 0.02485528402030468, 0.12841098010540009, 0.2145056426525116, -0.13826200366020203, 0.20481041073799133, 1.0208882093429565, 0.2660498023033142, 0.04381432756781578, -0.19292205572128296]","[336.0, 2.0, 1.0, 4.0, 10.0, 935.0]","[2.0, 0.0, 0.0, 8.0, 0.0, 503.0]","[0.2757587730884552, 0.29412269592285156, -0.08243848383426666, -0.08377113193273544, -1.1302556991577148, -0.17245836555957794, 0.18763116002082825, 0.22719718515872955, -0.49391528964042664, -0.09687350690364838, -0.291502982378006, 0.3612220883369446, -0.518491804599762, -0.33412009477615356, 0.30000001192092896, 0.30000001192092896, 0.30000001192092896, 0.20000000298023224, 0.10000000149011612, 0.0, 0.8999999761581421, 0.8999999761581421, 0.8999999761581421, 0.8999999761581421, 0.800000011920929, 0.0]","[0.1920095831155777, 0.2529973089694977, -0.08243848383426666, 0.9849731922149658, -1.1302556991577148, 0.004855284467339516, 0.14841097593307495, 0.22719718515872955, -0.1582619994878769, 0.18481041491031647, 1.0008882284164429, 0.28604981303215027, 0.023814328014850616, -0.21292205154895782]","[256.0, 0.2999999523162842, 0.30000001192092896, 0.20000004768371582, 0.10000038146972656, 855.0]","[0.8999999761581421, 0.8999999761581421, 0.8999999761581421, 0.9000000953674316, 0.800000011920929, 423.0]","[0.3798519968986511, 0.21202491223812103, -0.1746101677417755, 0.1386454999446869, -1.1843171119689941, -0.03368765860795975, 0.28850823640823364, 0.2889396846294403, -0.4848457872867584, -0.06324075907468796, -0.2427884191274643, 0.3836509883403778, -0.42584747076034546, -0.35585957765579224, 0.30000001192092896, 0.29899999499320984, 0.29899999499320984, 0.19900000095367432, 1.0, 0.0, 0.8980000019073486, 0.8989999890327454, 0.8999999761581421, 0.8999999761581421, 0.8009999990463257, 0.0]","[0.2757587730884552, 0.29412269592285156, -0.08243848383426666, -0.08377113193273544, -1.1302556991577148, -0.17245836555957794, 0.18763116002082825, 0.22719718515872955, -0.49391528964042664, -0.09687350690364838, -0.291502982378006, 0.3612220883369446, -0.518491804599762, -0.33412009477615356, 0.30000001192092896, 0.30000001192092896, 0.30000001192092896, 0.20000000298023224, 0.10000000149011612, 0.0, 0.8999999761581421, 0.8999999761581421, 0.8999999761581421, 0.8999999761581421, 0.800000011920929, 0.0]"
87,87,87,0.0,dataset,0.06549636899944744,False,"[0.17198561131954193, 0.23299731314182281, -0.08735302090644836, 1.0049971342086792, -1.1397597789764404, 0.024843299761414528, 0.12839898467063904, 0.21449366211891174, -0.13823804259300232, 0.2048223912715912, 1.0208882093429565, 0.2660498023033142, 0.04381432756781578, -0.19292205572128296]","[336.0, 2.0, 1.0, 4.0, 10.0, 935.0]","[2.0, 1.0, 0.0, 8.0, 0.0, 503.0]","[0.2753541171550751, 0.29646947979927063, -0.08873230963945389, -0.08337845653295517, -1.1329609155654907, -0.17974257469177246, 0.18916767835617065, 0.2265876978635788, -0.495939701795578, -0.0854741632938385, -0.2836078703403473, 0.3644247055053711, -0.5198730826377869, -0.332956463098526, 0.30000001192092896, 0.30000001192092896, 0.30000001192092896, 0.20000000298023224, 0.10000000149011612, 0.0, 0.8999999761581421, 0.8999999761581421, 0.8999999761581421, 0.8999999761581421, 0.800000011920929, 0.0]","[0.1919856071472168, 0.2529973089694977, -0.08873230963945389, 0.9849971532821655, -1.1329609155654907, 0.004843300208449364, 0.1483989804983139, 0.2265876978635788, -0.15823803842067719, 0.18482239544391632, 1.0008882284164429, 0.28604981303215027, 0.023814328014850616, -0.21292205154895782]","[256.0, 0.2999999523162842, 0.30000001192092896, 0.20000004768371582, 0.10000038146972656, 855.0]","[0.8999999761581421, 0.8999999761581421, 0.8999999761581421, 0.9000000953674316, 0.800000011920929, 423.0]","[0.38217693567276, 0.2120608687400818, -0.17493373155593872, 0.1386694759130478, -1.1842931509017944, -0.03371162712574005, 0.2885202169418335, 0.2898384928703308, -0.48186174035072327, -0.059238024055957794, -0.24242889881134033, 0.38375887274742126, -0.42582347989082336, -0.35445743799209595, 0.30000001192092896, 0.29899999499320984, 0.29899999499320984, 0.19900000095367432, 1.0, 0.0, 0.8980000019073486, 0.8989999890327454, 0.8999999761581421, 0.8999999761581421, 0.8009999990463257, 0.0]","[0.2753541171550751, 0.29646947979927063, -0.08873230963945389, -0.08337845653295517, -1.1329609155654907, -0.17974257469177246, 0.18916767835617065, 0.2265876978635788, -0.495939701795578, -0.0854741632938385, -0.2836078703403473, 0.3644247055053711, -0.5198730826377869, -0.332956463098526, 0.30000001192092896, 0.30000001192092896, 0.30000001192092896, 0.20000000298023224, 0.10000000149011612, 0.0, 0.8999999761581421, 0.8999999761581421, 0.8999999761581421, 0.8999999761581421, 0.800000011920929, 0.0]"
88,88,88,0.0,dataset,0.07347529999969993,False,"[0.17197363078594208, 0.23299731314182281, -0.08735302090644836, 1.0050090551376343, -1.139819622039795, 0.02485528402030468, 0.12841098010540009, 0.2145056426525116, -0.13823804259300232, 0.2048223912715912, 1.020876169204712, 0.26606178283691406, 0.04381432756781578, -0.1929100751876831]","[336.0, 2.0, 1.0, 4.0, 10.0, 935.0]","[2.0, 0.0, 0.0, 8.0, 0.0, 503.0]","[0.2701456844806671, 0.2984669506549835, -0.09786025434732437, -0.08192835003137589, -1.1328790187835693, -0.18880781531333923, 0.19329990446567535, 0.22041161358356476, -0.4948648512363434, -0.06846309453248978, -0.2717979848384857, 0.35208484530448914, -0.5240761637687683, -0.34342774748802185, 0.30000001192092896, 0.30000001192092896, 0.30000001192092896, 0.20000000298023224, 0.10000000149011612, 0.0, 0.8999999761581421, 0.8999999761581421, 0.8999999761581421, 0.8999999761581421, 0.800000011920929, 0.0]","[0.19197362661361694, 0.2529973089694977, -0.09786025434732437, 0.9850090742111206, -1.1328790187835693, 0.004855284467339516, 0.14841097593307495, 0.22041161358356476, -0.15823803842067719, 0.18482239544391632, 1.0008761882781982, 0.2860617935657501, 0.023814328014850616, -0.21291007101535797]","[256.0, 0.2999999523162842, 0.30000001192092896, 0.20000004768371582, 0.10000038146972656, 855.0]","[0.8999999761581421, 0.8999999761581421, 0.8999999761581421, 0.9000000953674316, 0.800000011920929, 423.0]","[0.3838787078857422, 0.21222864091396332, -0.17530524730682373, 0.1386694759130478, -1.1842931509017944, -0.0337236113846302, 0.28855618834495544, 0.29100096225738525, -0.481849730014801, -0.05801563337445259, -0.2419854700565338, 0.383746862411499, -0.4257396161556244, -0.35153329372406006, 0.30000001192092896, 0.29899999499320984, 0.29899999499320984, 0.19900000095367432, 1.0, 0.0, 0.8980000019073486, 0.8989999890327454, 0.8999999761581421, 0.8999999761581421, 0.8009999990463257, 0.0]","[0.2701456844806671, 0.2984669506549835, -0.09786025434732437, -0.08192835003137589, -1.1328790187835693, -0.18880781531333923, 0.19329990446567535, 0.22041161358356476, -0.4948648512363434, -0.06846309453248978, -0.2717979848384857, 0.35208484530448914, -0.5240761637687683, -0.34342774748802185, 0.30000001192092896, 0.30000001192092896, 0.30000001192092896, 0.20000000298023224, 0.10000000149011612, 0.0, 0.8999999761581421, 0.8999999761581421, 0.8999999761581421, 0.8999999761581421, 0.800000011920929, 0.0]"
89,89,89,0.0,dataset,0.05641149800067069,False,"[0.17197363078594208, 0.23299731314182281, -0.08735302090644836, 1.0049850940704346, -1.1397837400436401, 0.024843299761414528, 0.12838700413703918, 0.21451763808727264, -0.13823804259300232, 0.20483437180519104, 1.0209002494812012, 0.2660498023033142, 0.04381432756781578, -0.19292205572128296]","[336.0, 2.0, 1.0, 4.0, 10.0, 935.0]","[2.0, 0.0, 0.0, 8.0, 0.0, 503.0]","[0.2691797614097595, 0.2988181412220001, -0.09870432317256927, -0.0818973258137703, -1.1331684589385986, -0.18989813327789307, 0.19392403960227966, 0.21886089444160461, -0.49478623270988464, -0.06607647240161896, -0.2702378034591675, 0.3486577868461609, -0.5252267122268677, -0.3468996584415436, 0.30000001192092896, 0.30000001192092896, 0.30000001192092896, 0.20000000298023224, 0.10000000149011612, 0.0, 0.8999999761581421, 0.8999999761581421, 0.8999999761581421, 0.8999999761581421, 0.800000011920929, 0.0]","[0.19197362661361694, 0.2529973089694977, -0.09870432317256927, 0.9849851131439209, -1.1331684589385986, 0.004843300208449364, 0.14838699996471405, 0.21886089444160461, -0.15823803842067719, 0.18483437597751617, 1.0009002685546875, 0.28604981303215027, 0.023814328014850616, -0.21292205154895782]","[256.0, 0.2999999523162842, 0.30000001192092896, 0.20000004768371582, 0.10000038146972656, 855.0]","[0.8999999761581421, 0.8999999761581421, 0.8999999761581421, 0.9000000953674316, 0.800000011920929, 423.0]","[0.3846217393875122, 0.21226459741592407, -0.1754370778799057, 0.13865748047828674, -1.1842691898345947, -0.03381948545575142, 0.2885681688785553, 0.2914204001426697, -0.4818257689476013, -0.05766809359192848, -0.24169784784317017, 0.383746862411499, -0.42575159668922424, -0.35116177797317505, 0.30000001192092896, 0.29899999499320984, 0.29899999499320984, 0.19900000095367432, 1.0, 0.0, 0.8980000019073486, 0.8989999890327454, 0.8999999761581421, 0.8999999761581421, 0.8009999990463257, 0.0]","[0.2691797614097595, 0.2988181412220001, -0.09870432317256927, -0.0818973258137703, -1.1331684589385986, -0.18989813327789307, 0.19392403960227966, 0.21886089444160461, -0.49478623270988464, -0.06607647240161896, -0.2702378034591675, 0.3486577868461609, -0.5252267122268677, -0.3468996584415436, 0.30000001192092896, 0.30000001192092896, 0.30000001192092896, 0.20000000298023224, 0.10000000149011612, 0.0, 0.8999999761581421, 0.8999999761581421, 0.8999999761581421, 0.8999999761581421, 0.800000011920929, 0.0]"
90,90,90,0.0,dataset,0.08349635699960345,False,"[0.17200958728790283, 0.23299731314182281, -0.08735302090644836, 1.0049850940704346, -1.1397597789764404, 0.024843299761414528, 0.12839898467063904, 0.21449366211891174, -0.13823804259300232, 0.2048223912715912, 1.0209002494812012, 0.26603782176971436, 0.043838296085596085, -0.1929100751876831]","[336.0, 2.0, 1.0, 4.0, 10.0, 935.0]","[2.0, 0.0, 0.0, 8.0, 0.0, 503.0]","[0.2620110809803009, 0.29952579736709595, -0.1054694652557373, -0.08258292824029922, -1.1329773664474487, -0.19598117470741272, 0.20031899213790894, 0.20902788639068604, -0.49492570757865906, -0.0499441884458065, -0.2582435607910156, 0.3357480466365814, -0.5251302123069763, -0.36074298620224, 0.30000001192092896, 0.30000001192092896, 0.30000001192092896, 0.20000000298023224, 0.10000000149011612, 0.0, 0.8999999761581421, 0.8999999761581421, 0.8999999761581421, 0.8999999761581421, 0.800000011920929, 0.0]","[0.1920095831155777, 0.2529973089694977, -0.1054694652557373, 0.9849851131439209, -1.1329773664474487, 0.004843300208449364, 0.1483989804983139, 0.20902788639068604, -0.15823803842067719, 0.18482239544391632, 1.0009002685546875, 0.2860378324985504, 0.02383829653263092, -0.21291007101535797]","[256.0, 0.2999999523162842, 0.30000001192092896, 0.20000004768371582, 0.10000038146972656, 855.0]","[0.8999999761581421, 0.8999999761581421, 0.8999999761581421, 0.9000000953674316, 0.800000011920929, 423.0]","[0.3854007124900818, 0.21403826773166656, -0.17650367319583893, 0.1386694759130478, -1.1842931509017944, -0.03413107246160507, 0.2886880040168762, 0.2913365066051483, -0.48166999220848083, -0.05415671318769455, -0.2404155433177948, 0.3835311532020569, -0.42584747076034546, -0.3515452742576599, 0.30000001192092896, 0.29899999499320984, 0.29899999499320984, 0.19900000095367432, 1.0, 0.0, 0.8980000019073486, 0.8989999890327454, 0.8999999761581421, 0.8999999761581421, 0.8009999990463257, 0.0]","[0.2620110809803009, 0.29952579736709595, -0.1054694652557373, -0.08258292824029922, -1.1329773664474487, -0.19598117470741272, 0.20031899213790894, 0.20902788639068604, -0.49492570757865906, -0.0499441884458065, -0.2582435607910156, 0.3357480466365814, -0.5251302123069763, -0.36074298620224, 0.30000001192092896, 0.30000001192092896, 0.30000001192092896, 0.20000000298023224, 0.10000000149011612, 0.0, 0.8999999761581421, 0.8999999761581421, 0.8999999761581421, 0.8999999761581421, 0.800000011920929, 0.0]"
91,91,91,0.0,dataset,0.055068023000785615,False,"[0.17198561131954193, 0.23299731314182281, -0.08732905238866806, 1.0049971342086792, -1.1397956609725952, 0.02485528402030468, 0.12839898467063904, 0.21451763808727264, -0.13823804259300232, 0.2048463672399521, 1.0208882093429565, 0.26603782176971436, 0.04381432756781578, -0.1929340362548828]","[336.0, 2.0, 1.0, 4.0, 10.0, 935.0]","[2.0, 0.0, 0.0, 8.0, 0.0, 503.0]","[0.26031821966171265, 0.30018067359924316, -0.10787703841924667, -0.08210213482379913, -1.1335593461990356, -0.19932705163955688, 0.20045968890190125, 0.20593227446079254, -0.4962751567363739, -0.0473022498190403, -0.25779199600219727, 0.3352714478969574, -0.5236586332321167, -0.36409792304039, 0.30000001192092896, 0.30000001192092896, 0.30000001192092896, 0.20000000298023224, 0.10000000149011612, 0.0, 0.8999999761581421, 0.8999999761581421, 0.8999999761581421, 0.8999999761581421, 0.800000011920929, 0.0]","[0.1919856071472168, 0.2529973089694977, -0.10732905566692352, 0.9849971532821655, -1.1335593461990356, 0.004855284467339516, 0.1483989804983139, 0.20593227446079254, -0.15823803842067719, 0.18484637141227722, 1.0008882284164429, 0.2860378324985504, 0.023814328014850616, -0.21293403208255768]","[256.0, 0.2999999523162842, 0.30000001192092896, 0.20000004768371582, 0.10000038146972656, 855.0]","[0.8999999761581421, 0.8999999761581421, 0.8999999761581421, 0.9000000953674316, 0.800000011920929, 423.0]","[0.38573625683784485, 0.21406222879886627, -0.1765396147966385, 0.1386694759130478, -1.1842811107635498, -0.03443067893385887, 0.2889876067638397, 0.2911088168621063, -0.48169395327568054, -0.051484230905771255, -0.2395886331796646, 0.3827042579650879, -0.42587143182754517, -0.352252334356308, 0.30000001192092896, 0.29899999499320984, 0.29899999499320984, 0.19900000095367432, 1.0, 0.0, 0.8980000019073486, 0.8989999890327454, 0.8999999761581421, 0.8999999761581421, 0.8009999990463257, 0.0]","[0.26031821966171265, 0.30018067359924316, -0.10787703841924667, -0.08210213482379913, -1.1335593461990356, -0.19932705163955688, 0.20045968890190125, 0.20593227446079254, -0.4962751567363739, -0.0473022498190403, -0.25779199600219727, 0.3352714478969574, -0.5236586332321167, -0.36409792304039, 0.30000001192092896, 0.30000001192092896, 0.30000001192092896, 0.20000000298023224, 0.10000000149011612, 0.0, 0.8999999761581421, 0.8999999761581421, 0.8999999761581421, 0.8999999761581421, 0.800000011920929, 0.0]"
92,92,92,0.0,dataset,0.07128366800134245,False,"[0.17199760675430298, 0.23299731314182281, -0.08735302090644836, 1.0049731731414795, -1.1397597789764404, 0.02485528402030468, 0.12841098010540009, 0.21451763808727264, -0.13825002312660217, 0.20483437180519104, 1.0208882093429565, 0.2660258412361145, 0.04380234330892563, -0.19292205572128296]","[336.0, 2.0, 1.0, 4.0, 10.0, 935.0]","[2.0, 0.0, 0.0, 8.0, 0.0, 503.0]","[0.2526205778121948, 0.3034265339374542, -0.11509579420089722, -0.07806381583213806, -1.136673927307129, -0.20916983485221863, 0.20123018324375153, 0.19425079226493835, -0.5001639723777771, -0.03684438019990921, -0.2516760528087616, 0.329484224319458, -0.5204092860221863, -0.3793072998523712, 0.30000001192092896, 0.30000001192092896, 0.30000001192092896, 0.20000000298023224, 0.10000000149011612, 0.0, 0.8999999761581421, 0.8999999761581421, 0.8999999761581421, 0.8999999761581421, 0.800000011920929, 0.0]","[0.19199760258197784, 0.2529973089694977, -0.10735301673412323, 0.9849731922149658, -1.136673927307129, 0.004855284467339516, 0.14841097593307495, 0.19451764225959778, -0.15825001895427704, 0.18483437597751617, 1.0008882284164429, 0.28602585196495056, 0.023802343755960464, -0.21292205154895782]","[256.0, 0.2999999523162842, 0.30000001192092896, 0.20000004768371582, 0.10000038146972656, 855.0]","[0.8999999761581421, 0.8999999761581421, 0.8999999761581421, 0.9000000953674316, 0.800000011920929, 423.0]","[0.385951966047287, 0.21407420933246613, -0.17675533890724182, 0.1386934369802475, -1.1842691898345947, -0.03476623818278313, 0.2899223864078522, 0.29097700119018555, -0.48171791434288025, -0.04441354051232338, -0.23715583980083466, 0.38176947832107544, -0.42584747076034546, -0.35318711400032043, 0.30000001192092896, 0.29899999499320984, 0.29899999499320984, 0.19900000095367432, 1.0, 0.0, 0.8980000019073486, 0.8989999890327454, 0.8999999761581421, 0.8999999761581421, 0.8009999990463257, 0.0]","[0.2526205778121948, 0.3034265339374542, -0.11509579420089722, -0.07806381583213806, -1.136673927307129, -0.20916983485221863, 0.20123018324375153, 0.19425079226493835, -0.5001639723777771, -0.03684438019990921, -0.2516760528087616, 0.329484224319458, -0.5204092860221863, -0.3793072998523712, 0.30000001192092896, 0.30000001192092896, 0.30000001192092896, 0.20000000298023224, 0.10000000149011612, 0.0, 0.8999999761581421, 0.8999999761581421, 0.8999999761581421, 0.8999999761581421, 0.800000011920929, 0.0]"
93,93,93,0.0,dataset,0.059284912998919026,False,"[0.17200958728790283, 0.23299731314182281, -0.08735302090644836, 1.0049971342086792, -1.1397837400436401, 0.024843299761414528, 0.12839898467063904, 0.2145056426525116, -0.13825002312660217, 0.20483437180519104, 1.0208882093429565, 0.26606178283691406, 0.04380234330892563, -0.1929100751876831]","[336.0, 2.0, 1.0, 4.0, 10.0, 935.0]","[2.0, 1.0, 0.0, 8.0, 0.0, 503.0]","[0.237491175532341, 0.30779558420181274, -0.12475015968084335, -0.07288050651550293, -1.141983151435852, -0.22287459671497345, 0.20258565247058868, 0.17457754909992218, -0.5072252154350281, -0.023344768211245537, -0.23769782483577728, 0.32676470279693604, -0.518432080745697, -0.39915624260902405, 0.30000001192092896, 0.30000001192092896, 0.30000001192092896, 0.20000000298023224, 0.10000000149011612, 0.0, 0.8999999761581421, 0.8999999761581421, 0.8999999761581421, 0.8999999761581421, 0.800000011920929, 0.0]","[0.1920095831155777, 0.2529973089694977, -0.10735301673412323, 0.9849971532821655, -1.141983151435852, 0.004843300208449364, 0.1483989804983139, 0.19450564682483673, -0.15825001895427704, 0.18483437597751617, 1.0008882284164429, 0.2860617935657501, 0.023802343755960464, -0.21291007101535797]","[256.0, 0.2999999523162842, 0.30000001192092896, 0.20000004768371582, 0.10000038146972656, 855.0]","[0.8999999761581421, 0.8999999761581421, 0.8999999761581421, 0.9000000953674316, 0.800000011920929, 423.0]","[0.3857003152370453, 0.21613550186157227, -0.18047045171260834, 0.1386934369802475, -1.1843050718307495, -0.039679769426584244, 0.2905695140361786, 0.28816068172454834, -0.481885701417923, -0.02966095693409443, -0.23209848999977112, 0.37782666087150574, -0.42587143182754517, -0.3586638867855072, 0.30000001192092896, 0.29899999499320984, 0.29899999499320984, 0.19900000095367432, 1.0, 0.0, 0.8980000019073486, 0.8989999890327454, 0.8999999761581421, 0.8999999761581421, 0.8009999990463257, 0.0]","[0.237491175532341, 0.30779558420181274, -0.12475015968084335, -0.07288050651550293, -1.141983151435852, -0.22287459671497345, 0.20258565247058868, 0.17457754909992218, -0.5072252154350281, -0.023344768211245537, -0.23769782483577728, 0.32676470279693604, -0.518432080745697, -0.39915624260902405, 0.30000001192092896, 0.30000001192092896, 0.30000001192092896, 0.20000000298023224, 0.10000000149011612, 0.0, 0.8999999761581421, 0.8999999761581421, 0.8999999761581421, 0.8999999761581421, 0.800000011920929, 0.0]"
94,94,94,0.0,dataset,0.0754129090000788,False,"[0.17198561131954193, 0.23299731314182281, -0.08735302090644836, 1.0049850940704346, -1.1398077011108398, 0.02485528402030468, 0.12838700413703918, 0.2145056426525116, -0.13825002312660217, 0.20483437180519104, 1.020876169204712, 0.2660498023033142, 0.04381432756781578, -0.19292205572128296]","[336.0, 2.0, 1.0, 4.0, 10.0, 935.0]","[2.0, 0.0, 0.0, 8.0, 0.0, 503.0]","[0.22712865471839905, 0.3096412420272827, -0.12945690751075745, -0.07134399563074112, -1.145487666130066, -0.22965501248836517, 0.2026354819536209, 0.16178064048290253, -0.5117043852806091, -0.01730935648083687, -0.23237048089504242, 0.33225610852241516, -0.5185578465461731, -0.40739864110946655, 0.30000001192092896, 0.30000001192092896, 0.30000001192092896, 0.20000000298023224, 0.10000000149011612, 0.0, 0.8999999761581421, 0.8999999761581421, 0.8999999761581421, 0.8999999761581421, 0.800000011920929, 0.0]","[0.1919856071472168, 0.2529973089694977, -0.10735301673412323, 0.9849851131439209, -1.145487666130066, 0.004855284467339516, 0.14838699996471405, 0.19450564682483673, -0.15825001895427704, 0.18483437597751617, 1.0008761882781982, 0.28604981303215027, 0.023814328014850616, -0.21292205154895782]","[256.0, 0.2999999523162842, 0.30000001192092896, 0.20000004768371582, 0.10000038146972656, 855.0]","[0.8999999761581421, 0.8999999761581421, 0.8999999761581421, 0.9000000953674316, 0.800000011920929, 423.0]","[0.3838547468185425, 0.216902494430542, -0.18515628576278687, 0.13870541751384735, -1.184472918510437, -0.05065732076764107, 0.29055753350257874, 0.2811738848686218, -0.48246094584465027, -0.017844511196017265, -0.22170816361904144, 0.3713911473751068, -0.4266144633293152, -0.3640807569026947, 0.30000001192092896, 0.29899999499320984, 0.29899999499320984, 0.19900000095367432, 1.0, 0.0, 0.8980000019073486, 0.8989999890327454, 0.8999999761581421, 0.8999999761581421, 0.8009999990463257, 0.0]","[0.22712865471839905, 0.3096412420272827, -0.12945690751075745, -0.07134399563074112, -1.145487666130066, -0.22965501248836517, 0.2026354819536209, 0.16178064048290253, -0.5117043852806091, -0.01730935648083687, -0.23237048089504242, 0.33225610852241516, -0.5185578465461731, -0.40739864110946655, 0.30000001192092896, 0.30000001192092896, 0.30000001192092896, 0.20000000298023224, 0.10000000149011612, 0.0, 0.8999999761581421, 0.8999999761581421, 0.8999999761581421, 0.8999999761581421, 0.800000011920929, 0.0]"
95,95,95,0.0,dataset,0.049999021999610704,False,"[0.17198561131954193, 0.23299731314182281, -0.08735302090644836, 1.0050090551376343, -1.1398077011108398, 0.02485528402030468, 0.12841098010540009, 0.21449366211891174, -0.13823804259300232, 0.20481041073799133, 1.0208882093429565, 0.2660498023033142, 0.04381432756781578, -0.1929100751876831]","[336.0, 2.0, 1.0, 4.0, 10.0, 935.0]","[2.0, 0.0, 0.0, 8.0, 0.0, 503.0]","[0.22378772497177124, 0.31016528606414795, -0.13108666241168976, -0.07115979492664337, -1.1462645530700684, -0.23145999014377594, 0.20338174700737, 0.1579413115978241, -0.5124329924583435, -0.015491953119635582, -0.23107488453388214, 0.33255451917648315, -0.5182595252990723, -0.4092552661895752, 0.30000001192092896, 0.30000001192092896, 0.30000001192092896, 0.20000000298023224, 0.10000000149011612, 0.0, 0.8999999761581421, 0.8999999761581421, 0.8999999761581421, 0.8999999761581421, 0.800000011920929, 0.0]","[0.1919856071472168, 0.2529973089694977, -0.10735301673412323, 0.9850090742111206, -1.1462645530700684, 0.004855284467339516, 0.14841097593307495, 0.19449366629123688, -0.15823803842067719, 0.18481041491031647, 1.0008882284164429, 0.28604981303215027, 0.023814328014850616, -0.21291007101535797]","[256.0, 0.2999999523162842, 0.30000001192092896, 0.20000004768371582, 0.10000038146972656, 855.0]","[0.8999999761581421, 0.8999999761581421, 0.8999999761581421, 0.9000000953674316, 0.800000011920929, 423.0]","[0.380607008934021, 0.2169264554977417, -0.18695391714572906, 0.13870541751384735, -1.1845927238464355, -0.054731957614421844, 0.29062944650650024, 0.27848944067955017, -0.4824729263782501, -0.013913685455918312, -0.217274010181427, 0.3714990019798279, -0.426482617855072, -0.3679037392139435, 0.30000001192092896, 0.29899999499320984, 0.29899999499320984, 0.19900000095367432, 1.0, 0.0, 0.8980000019073486, 0.8989999890327454, 0.8999999761581421, 0.8999999761581421, 0.8009999990463257, 0.0]","[0.22378772497177124, 0.31016528606414795, -0.13108666241168976, -0.07115979492664337, -1.1462645530700684, -0.23145999014377594, 0.20338174700737, 0.1579413115978241, -0.5124329924583435, -0.015491953119635582, -0.23107488453388214, 0.33255451917648315, -0.5182595252990723, -0.4092552661895752, 0.30000001192092896, 0.30000001192092896, 0.30000001192092896, 0.20000000298023224, 0.10000000149011612, 0.0, 0.8999999761581421, 0.8999999761581421, 0.8999999761581421, 0.8999999761581421, 0.800000011920929, 0.0]"
96,96,96,0.0,dataset,0.07239649999974063,False,"[0.17200958728790283, 0.23299731314182281, -0.08735302090644836, 1.0049971342086792, -1.1397597789764404, 0.024843299761414528, 0.12839898467063904, 0.2145056426525116, -0.13823804259300232, 0.2048223912715912, 1.020876169204712, 0.26603782176971436, 0.04381432756781578, -0.19292205572128296]","[336.0, 2.0, 1.0, 4.0, 10.0, 935.0]","[2.0, 0.0, 0.0, 8.0, 0.0, 503.0]","[0.21301324665546417, 0.3104414641857147, -0.1370854675769806, -0.06971423327922821, -1.1474133729934692, -0.23742486536502838, 0.20536410808563232, 0.14584635198116302, -0.5130082964897156, -0.008051130920648575, -0.2246418297290802, 0.33658289909362793, -0.517978847026825, -0.40990322828292847, 0.30000001192092896, 0.30000001192092896, 0.30000001192092896, 0.20000000298023224, 0.10000000149011612, 0.0, 0.8999999761581421, 0.8999999761581421, 0.8999999761581421, 0.8999999761581421, 0.800000011920929, 0.0]","[0.1920095831155777, 0.2529973089694977, -0.10735301673412323, 0.9849971532821655, -1.1474133729934692, 0.004843300208449364, 0.1483989804983139, 0.19450564682483673, -0.15823803842067719, 0.18482239544391632, 1.0008761882781982, 0.2860378324985504, 0.023814328014850616, -0.21292205154895782]","[256.0, 0.2999999523162842, 0.30000001192092896, 0.20000004768371582, 0.10000038146972656, 855.0]","[0.8999999761581421, 0.8999999761581421, 0.8999999761581421, 0.9000000953674316, 0.800000011920929, 423.0]","[0.37255361676216125, 0.216902494430542, -0.19032147526741028, 0.13872939348220825, -1.1846287250518799, -0.05728459730744362, 0.29062944650650024, 0.2778303027153015, -0.48276054859161377, -0.009958891198039055, -0.2094123512506485, 0.3715469241142273, -0.4263388216495514, -0.3744830787181854, 0.30000001192092896, 0.29899999499320984, 0.29899999499320984, 0.19900000095367432, 1.0, 0.0, 0.8980000019073486, 0.8989999890327454, 0.8999999761581421, 0.8999999761581421, 0.8009999990463257, 0.0]","[0.21301324665546417, 0.3104414641857147, -0.1370854675769806, -0.06971423327922821, -1.1474133729934692, -0.23742486536502838, 0.20536410808563232, 0.14584635198116302, -0.5130082964897156, -0.008051130920648575, -0.2246418297290802, 0.33658289909362793, -0.517978847026825, -0.40990322828292847, 0.30000001192092896, 0.30000001192092896, 0.30000001192092896, 0.20000000298023224, 0.10000000149011612, 0.0, 0.8999999761581421, 0.8999999761581421, 0.8999999761581421, 0.8999999761581421, 0.800000011920929, 0.0]"
97,97,97,0.0,dataset,0.06477538099898084,False,"[0.17199760675430298, 0.23299731314182281, -0.08735302090644836, 1.0049971342086792, -1.1397716999053955, 0.024831315502524376, 0.12839898467063904, 0.2144816815853119, -0.13823804259300232, 0.20483437180519104, 1.0208882093429565, 0.2660498023033142, 0.04381432756781578, -0.19292205572128296]","[336.0, 2.0, 1.0, 4.0, 10.0, 935.0]","[2.0, 0.0, 0.0, 8.0, 0.0, 503.0]","[0.18737109005451202, 0.3095041811466217, -0.151245579123497, -0.06613925099372864, -1.1496658325195312, -0.25520098209381104, 0.20645061135292053, 0.11273107677698135, -0.5136516094207764, 0.010545535013079643, -0.20230332016944885, 0.3459014594554901, -0.5269168019294739, -0.4114682972431183, 0.30000001192092896, 0.30000001192092896, 0.30000001192092896, 0.20000000298023224, 0.10000000149011612, 0.0, 0.8999999761581421, 0.8999999761581421, 0.8999999761581421, 0.8999999761581421, 0.800000011920929, 0.0]","[0.18737109005451202, 0.2529973089694977, -0.10735301673412323, 0.9849971532821655, -1.1496658325195312, 0.004831315949559212, 0.1483989804983139, 0.19448168575763702, -0.15823803842067719, 0.18483437597751617, 1.0008882284164429, 0.28604981303215027, 0.023814328014850616, -0.21292205154895782]","[256.0, 0.2999999523162842, 0.30000001192092896, 0.20000004768371582, 0.10000038146972656, 855.0]","[0.8999999761581421, 0.8999999761581421, 0.8999999761581421, 0.9000000953674316, 0.800000011920929, 423.0]","[0.35655465722084045, 0.21689051389694214, -0.1962776482105255, 0.13905297219753265, -1.1848443746566772, -0.06334861367940903, 0.29095301032066345, 0.2722935676574707, -0.48316800594329834, -0.004458131734281778, -0.19471968710422516, 0.37303298711776733, -0.4261949956417084, -0.38508909940719604, 0.30000001192092896, 0.29899999499320984, 0.29899999499320984, 0.19900000095367432, 1.0, 0.0, 0.8980000019073486, 0.8989999890327454, 0.8999999761581421, 0.8999999761581421, 0.8009999990463257, 0.0]","[0.18737109005451202, 0.3095041811466217, -0.151245579123497, -0.06613925099372864, -1.1496658325195312, -0.25520098209381104, 0.20645061135292053, 0.11273107677698135, -0.5136516094207764, 0.010545535013079643, -0.20230332016944885, 0.3459014594554901, -0.5269168019294739, -0.4114682972431183, 0.30000001192092896, 0.30000001192092896, 0.30000001192092896, 0.20000000298023224, 0.10000000149011612, 0.0, 0.8999999761581421, 0.8999999761581421, 0.8999999761581421, 0.8999999761581421, 0.800000011920929, 0.0]"
98,98,98,0.0,dataset,0.06629542099835817,False,"[0.17198561131954193, 0.23299731314182281, -0.08735302090644836, 1.0049731731414795, -1.1397956609725952, 0.02485528402030468, 0.12839898467063904, 0.21449366211891174, -0.13822604715824127, 0.20481041073799133, 1.0209002494812012, 0.26603782176971436, 0.04382631182670593, -0.19292205572128296]","[336.0, 2.0, 1.0, 4.0, 10.0, 935.0]","[2.0, 1.0, 0.0, 8.0, 0.0, 503.0]","[0.18514864146709442, 0.3094117045402527, -0.15180820226669312, -0.06613615900278091, -1.149754285812378, -0.25610822439193726, 0.2068508416414261, 0.10974191129207611, -0.5135461688041687, 0.011837968602776527, -0.20026138424873352, 0.3453100025653839, -0.5284138917922974, -0.4115990698337555, 0.30000001192092896, 0.30000001192092896, 0.30000001192092896, 0.20000000298023224, 0.10000000149011612, 0.0, 0.8999999761581421, 0.8999999761581421, 0.8999999761581421, 0.8999999761581421, 0.800000011920929, 0.0]","[0.18514864146709442, 0.2529973089694977, -0.10735301673412323, 0.9849731922149658, -1.149754285812378, 0.004855284467339516, 0.1483989804983139, 0.19449366629123688, -0.15822604298591614, 0.18481041491031647, 1.0009002685546875, 0.2860378324985504, 0.02382631227374077, -0.21292205154895782]","[256.0, 0.2999999523162842, 0.30000001192092896, 0.20000004768371582, 0.10000038146972656, 855.0]","[0.8999999761581421, 0.8999999761581421, 0.8999999761581421, 0.9000000953674316, 0.800000011920929, 423.0]","[0.35198867321014404, 0.2169264554977417, -0.1988542526960373, 0.13910090923309326, -1.1853597164154053, -0.06846588104963303, 0.2909889817237854, 0.2646716237068176, -0.483683317899704, 0.001306280493736267, -0.1875411421060562, 0.37375202775001526, -0.4262189567089081, -0.39013445377349854, 0.30000001192092896, 0.29899999499320984, 0.29899999499320984, 0.19900000095367432, 1.0, 0.0, 0.8980000019073486, 0.8989999890327454, 0.8999999761581421, 0.8999999761581421, 0.8009999990463257, 0.0]","[0.18514864146709442, 0.3094117045402527, -0.15180820226669312, -0.06613615900278091, -1.149754285812378, -0.25610822439193726, 0.2068508416414261, 0.10974191129207611, -0.5135461688041687, 0.011837968602776527, -0.20026138424873352, 0.3453100025653839, -0.5284138917922974, -0.4115990698337555, 0.30000001192092896, 0.30000001192092896, 0.30000001192092896, 0.20000000298023224, 0.10000000149011612, 0.0, 0.8999999761581421, 0.8999999761581421, 0.8999999761581421, 0.8999999761581421, 0.800000011920929, 0.0]"
99,99,99,0.0,dataset,0.06332706399916788,False,"[0.17199760675430298, 0.23299731314182281, -0.08735302090644836, 1.0049971342086792, -1.1397358179092407, 0.024843299761414528, 0.12839898467063904, 0.2145056426525116, -0.13823804259300232, 0.20483437180519104, 1.0208882093429565, 0.2660498023033142, 0.04380234330892563, -0.1929100751876831]","[336.0, 2.0, 1.0, 4.0, 10.0, 935.0]","[2.0, 0.0, 0.0, 8.0, 0.0, 503.0]","[0.1739622950553894, 0.3092566728591919, -0.16001084446907043, -0.06750715523958206, -1.1512235403060913, -0.26524996757507324, 0.21074867248535156, 0.09373585134744644, -0.5118273496627808, 0.022159205749630928, -0.19236809015274048, 0.3434571325778961, -0.5315588712692261, -0.4119322597980499, 0.30000001192092896, 0.30000001192092896, 0.30000001192092896, 0.20000000298023224, 0.10000000149011612, 0.0, 0.8999999761581421, 0.8999999761581421, 0.8999999761581421, 0.8999999761581421, 0.800000011920929, 0.0]","[0.1739622950553894, 0.2529973089694977, -0.10735301673412323, 0.9849971532821655, -1.1512235403060913, 0.004843300208449364, 0.1483989804983139, 0.19450564682483673, -0.15823803842067719, 0.18483437597751617, 1.0008882284164429, 0.28604981303215027, 0.023802343755960464, -0.21291007101535797]","[256.0, 0.2999999523162842, 0.30000001192092896, 0.20000004768371582, 0.10000038146972656, 855.0]","[0.8999999761581421, 0.8999999761581421, 0.8999999761581421, 0.9000000953674316, 0.800000011920929, 423.0]","[0.3386502265930176, 0.21713019907474518, -0.20546954870224, 0.13907693326473236, -1.1858031749725342, -0.07854460924863815, 0.2909889817237854, 0.24030768871307373, -0.48496565222740173, 0.014848454855382442, -0.1649269014596939, 0.3738838732242584, -0.4261949956417084, -0.3967497646808624, 0.30000001192092896, 0.29899999499320984, 0.29899999499320984, 0.19900000095367432, 1.0, 0.0, 0.8980000019073486, 0.8989999890327454, 0.8999999761581421, 0.8999999761581421, 0.8009999990463257, 0.0]","[0.1739622950553894, 0.3092566728591919, -0.16001084446907043, -0.06750715523958206, -1.1512235403060913, -0.26524996757507324, 0.21074867248535156, 0.09373585134744644, -0.5118273496627808, 0.022159205749630928, -0.19236809015274048, 0.3434571325778961, -0.5315588712692261, -0.4119322597980499, 0.30000001192092896, 0.30000001192092896, 0.30000001192092896, 0.20000000298023224, 0.10000000149011612, 0.0, 0.8999999761581421, 0.8999999761581421, 0.8999999761581421, 0.8999999761581421, 0.800000011920929, 0.0]"
100,100,100,0.0,dataset,0.09324156299953756,False,"[0.17198561131954193, 0.23299731314182281, -0.08735302090644836, 1.0049731731414795, -1.1397837400436401, 0.024843299761414528, 0.12841098010540009, 0.2145056426525116, -0.13823804259300232, 0.20483437180519104, 1.0208882093429565, 0.26603782176971436, 0.04381432756781578, -0.1929100751876831]","[336.0, 2.0, 1.0, 4.0, 10.0, 935.0]","[2.0, 0.0, 0.0, 8.0, 0.0, 503.0]","[0.16621094942092896, 0.30974987149238586, -0.16640804708003998, -0.06802209466695786, -1.151157259941101, -0.27131617069244385, 0.21368113160133362, 0.08173199743032455, -0.512064516544342, 0.031536657363176346, -0.18793942034244537, 0.3391687273979187, -0.5331586599349976, -0.4160104990005493, 0.30000001192092896, 0.30000001192092896, 0.30000001192092896, 0.20000000298023224, 0.10000000149011612, 0.0, 0.8999999761581421, 0.8999999761581421, 0.8999999761581421, 0.8999999761581421, 0.800000011920929, 0.0]","[0.16621094942092896, 0.2529973089694977, -0.10735301673412323, 0.9849731922149658, -1.151157259941101, 0.004843300208449364, 0.14841097593307495, 0.19450564682483673, -0.15823803842067719, 0.18483437597751617, 1.0008882284164429, 0.2860378324985504, 0.023814328014850616, -0.21291007101535797]","[256.0, 0.2999999523162842, 0.30000001192092896, 0.20000004768371582, 0.10000038146972656, 855.0]","[0.8999999761581421, 0.8999999761581421, 0.8999999761581421, 0.9000000953674316, 0.800000011920929, 423.0]","[0.3158082962036133, 0.21753765642642975, -0.21873608231544495, 0.14025138318538666, -1.1873011589050293, -0.08567522466182709, 0.29173198342323303, 0.22405707836151123, -0.4853491485118866, 0.020085562020540237, -0.14731009304523468, 0.3739677369594574, -0.42614707350730896, -0.39804404973983765, 0.30000001192092896, 0.29899999499320984, 0.29899999499320984, 0.19900000095367432, 1.0, 0.0, 0.8980000019073486, 0.8989999890327454, 0.8999999761581421, 0.8999999761581421, 0.8009999990463257, 0.0]","[0.16621094942092896, 0.30974987149238586, -0.16640804708003998, -0.06802209466695786, -1.151157259941101, -0.27131617069244385, 0.21368113160133362, 0.08173199743032455, -0.512064516544342, 0.031536657363176346, -0.18793942034244537, 0.3391687273979187, -0.5331586599349976, -0.4160104990005493, 0.30000001192092896, 0.30000001192092896, 0.30000001192092896, 0.20000000298023224, 0.10000000149011612, 0.0, 0.8999999761581421, 0.8999999761581421, 0.8999999761581421, 0.8999999761581421, 0.800000011920929, 0.0]"
101,101,101,0.0,dataset,0.06517929599976924,False,"[0.17198561131954193, 0.23299731314182281, -0.08735302090644836, 1.0049850940704346, -1.1397837400436401, 0.024843299761414528, 0.12839898467063904, 0.2145056426525116, -0.13823804259300232, 0.20483437180519104, 1.0209002494812012, 0.2660498023033142, 0.04382631182670593, -0.1929100751876831]","[336.0, 2.0, 1.0, 4.0, 10.0, 935.0]","[2.0, 0.0, 0.0, 8.0, 0.0, 503.0]","[0.15893618762493134, 0.31086474657058716, -0.17166289687156677, -0.0688209980726242, -1.1506093740463257, -0.275981068611145, 0.2157806158065796, 0.07039611786603928, -0.5131433010101318, 0.04031729698181152, -0.18339766561985016, 0.33595791459083557, -0.5349553227424622, -0.42194151878356934, 0.30000001192092896, 0.30000001192092896, 0.30000001192092896, 0.20000000298023224, 0.10000000149011612, 0.0, 0.8999999761581421, 0.8999999761581421, 0.8999999761581421, 0.8999999761581421, 0.800000011920929, 0.0]","[0.15893618762493134, 0.2529973089694977, -0.10735301673412323, 0.9849851131439209, -1.1506093740463257, 0.004843300208449364, 0.1483989804983139, 0.19450564682483673, -0.15823803842067719, 0.18483437597751617, 1.0009002685546875, 0.28604981303215027, 0.02382631227374077, -0.21291007101535797]","[256.0, 0.2999999523162842, 0.30000001192092896, 0.20000004768371582, 0.10000038146972656, 855.0]","[0.8999999761581421, 0.8999999761581421, 0.8999999761581421, 0.9000000953674316, 0.800000011920929, 423.0]","[0.3019784986972809, 0.21576398611068726, -0.22777219116687775, 0.14015550911426544, -1.1874449253082275, -0.09490308165550232, 0.29167208075523376, 0.2070154994726181, -0.4854809641838074, 0.02955309860408306, -0.1300048828125, 0.37400370836257935, -0.42584747076034546, -0.39861929416656494, 0.30000001192092896, 0.29899999499320984, 0.29899999499320984, 0.19900000095367432, 1.0, 0.0, 0.8980000019073486, 0.8989999890327454, 0.8999999761581421, 0.8999999761581421, 0.8009999990463257, 0.0]","[0.15893618762493134, 0.31086474657058716, -0.17166289687156677, -0.0688209980726242, -1.1506093740463257, -0.275981068611145, 0.2157806158065796, 0.07039611786603928, -0.5131433010101318, 0.04031729698181152, -0.18339766561985016, 0.33595791459083557, -0.5349553227424622, -0.42194151878356934, 0.30000001192092896, 0.30000001192092896, 0.30000001192092896, 0.20000000298023224, 0.10000000149011612, 0.0, 0.8999999761581421, 0.8999999761581421, 0.8999999761581421, 0.8999999761581421, 0.800000011920929, 0.0]"
102,102,102,0.0,dataset,0.06753267800013418,False,"[0.17197363078594208, 0.23299731314182281, -0.08732905238866806, 1.0049971342086792, -1.139819622039795, 0.024843299761414528, 0.12839898467063904, 0.2145056426525116, -0.13823804259300232, 0.2048223912715912, 1.0208882093429565, 0.26603782176971436, 0.04382631182670593, -0.19292205572128296]","[336.0, 2.0, 1.0, 4.0, 10.0, 935.0]","[2.0, 1.0, 0.0, 8.0, 0.0, 503.0]","[0.14829105138778687, 0.31184980273246765, -0.1800033301115036, -0.07078654319047928, -1.1491280794143677, -0.2820552587509155, 0.22133414447307587, 0.055300839245319366, -0.5130822062492371, 0.05139670893549919, -0.17606090009212494, 0.32999593019485474, -0.5391774773597717, -0.4320151209831238, 0.30000001192092896, 0.30000001192092896, 0.30000001192092896, 0.20000000298023224, 0.10000000149011612, 0.0, 0.8999999761581421, 0.8999999761581421, 0.8999999761581421, 0.8999999761581421, 0.800000011920929, 0.0]","[0.1519736349582672, 0.2529973089694977, -0.10732905566692352, 0.9849971532821655, -1.1491280794143677, 0.004843300208449364, 0.1483989804983139, 0.19450564682483673, -0.15823803842067719, 0.18482239544391632, 1.0008882284164429, 0.2860378324985504, 0.02382631227374077, -0.21292205154895782]","[256.0, 0.2999999523162842, 0.30000001192092896, 0.20000004768371582, 0.10000038146972656, 855.0]","[0.8999999761581421, 0.8999999761581421, 0.8999999761581421, 0.9000000953674316, 0.800000011920929, 423.0]","[0.29120469093322754, 0.21442176401615143, -0.23279356956481934, 0.1402154415845871, -1.1874090433120728, -0.09702428430318832, 0.2917200028896332, 0.197907492518425, -0.48556485772132874, 0.039739690721035004, -0.12104067206382751, 0.3740396499633789, -0.4251164197921753, -0.39993757009506226, 0.30000001192092896, 0.29899999499320984, 0.29899999499320984, 0.19900000095367432, 1.0, 0.0, 0.8980000019073486, 0.8989999890327454, 0.8999999761581421, 0.8999999761581421, 0.8009999990463257, 0.0]","[0.14829105138778687, 0.31184980273246765, -0.1800033301115036, -0.07078654319047928, -1.1491280794143677, -0.2820552587509155, 0.22133414447307587, 0.055300839245319366, -0.5130822062492371, 0.05139670893549919, -0.17606090009212494, 0.32999593019485474, -0.5391774773597717, -0.4320151209831238, 0.30000001192092896, 0.30000001192092896, 0.30000001192092896, 0.20000000298023224, 0.10000000149011612, 0.0, 0.8999999761581421, 0.8999999761581421, 0.8999999761581421, 0.8999999761581421, 0.800000011920929, 0.0]"
103,103,103,0.0,dataset,0.07267307100119069,False,"[0.17198561131954193, 0.23299731314182281, -0.08735302090644836, 1.0049850940704346, -1.1397597789764404, 0.024843299761414528, 0.12838700413703918, 0.21449366211891174, -0.13823804259300232, 0.20483437180519104, 1.0208882093429565, 0.2660498023033142, 0.04381432756781578, -0.19292205572128296]","[336.0, 2.0, 1.0, 4.0, 10.0, 935.0]","[2.0, 0.0, 0.0, 8.0, 0.0, 503.0]","[0.14356236159801483, 0.31139618158340454, -0.18452738225460052, -0.07158052921295166, -1.1477397680282593, -0.2853280305862427, 0.22358757257461548, 0.04824380204081535, -0.5110864043235779, 0.058328527957201004, -0.1714445799589157, 0.3235427439212799, -0.5421048998832703, -0.44066300988197327, 0.30000001192092896, 0.30000001192092896, 0.30000001192092896, 0.20000000298023224, 0.10000000149011612, 0.0, 0.8999999761581421, 0.8999999761581421, 0.8999999761581421, 0.8999999761581421, 0.800000011920929, 0.0]","[0.15198561549186707, 0.2529973089694977, -0.10735301673412323, 0.9849851131439209, -1.1477397680282593, 0.004843300208449364, 0.14838699996471405, 0.19449366629123688, -0.15823803842067719, 0.18483437597751617, 1.0008882284164429, 0.28604981303215027, 0.023814328014850616, -0.21292205154895782]","[256.0, 0.2999999523162842, 0.30000001192092896, 0.20000004768371582, 0.10000038146972656, 855.0]","[0.8999999761581421, 0.8999999761581421, 0.8999999761581421, 0.9000000953674316, 0.800000011920929, 423.0]","[0.2788130044937134, 0.21533255279064178, -0.23703598976135254, 0.14010757207870483, -1.1873970031738281, -0.10256099700927734, 0.29189977049827576, 0.18667827546596527, -0.48596033453941345, 0.05300622805953026, -0.11999804526567459, 0.37368011474609375, -0.42540404200553894, -0.4036886394023895, 0.30000001192092896, 0.29899999499320984, 0.29899999499320984, 0.19900000095367432, 1.0, 0.0, 0.8980000019073486, 0.8989999890327454, 0.8999999761581421, 0.8999999761581421, 0.8009999990463257, 0.0]","[0.14356236159801483, 0.31139618158340454, -0.18452738225460052, -0.07158052921295166, -1.1477397680282593, -0.2853280305862427, 0.22358757257461548, 0.04824380204081535, -0.5110864043235779, 0.058328527957201004, -0.1714445799589157, 0.3235427439212799, -0.5421048998832703, -0.44066300988197327, 0.30000001192092896, 0.30000001192092896, 0.30000001192092896, 0.20000000298023224, 0.10000000149011612, 0.0, 0.8999999761581421, 0.8999999761581421, 0.8999999761581421, 0.8999999761581421, 0.800000011920929, 0.0]"
104,104,104,0.0,dataset,0.0696566550013813,False,"[0.17198561131954193, 0.23299731314182281, -0.08732905238866806, 1.0049850940704346, -1.1397477388381958, 0.02485528402030468, 0.12839898467063904, 0.2145056426525116, -0.13822604715824127, 0.20483437180519104, 1.020876169204712, 0.26606178283691406, 0.04382631182670593, -0.19292205572128296]","[336.0, 2.0, 1.0, 4.0, 10.0, 935.0]","[2.0, 0.0, 0.0, 8.0, 0.0, 503.0]","[0.14114098250865936, 0.3107145130634308, -0.18798255920410156, -0.07228878140449524, -1.1457479000091553, -0.2872845232486725, 0.22498589754104614, 0.043701425194740295, -0.5085790753364563, 0.06399867683649063, -0.16729407012462616, 0.3158215880393982, -0.5450864434242249, -0.4501461386680603, 0.30000001192092896, 0.30000001192092896, 0.30000001192092896, 0.20000000298023224, 0.10000000149011612, 0.0, 0.8999999761581421, 0.8999999761581421, 0.8999999761581421, 0.8999999761581421, 0.800000011920929, 0.0]","[0.15198561549186707, 0.2529973089694977, -0.10732905566692352, 0.9849851131439209, -1.1457479000091553, 0.004855284467339516, 0.1483989804983139, 0.19450564682483673, -0.15822604298591614, 0.18483437597751617, 1.0008761882781982, 0.2860617935657501, 0.02382631227374077, -0.21292205154895782]","[256.0, 0.2999999523162842, 0.30000001192092896, 0.20000004768371582, 0.10000038146972656, 855.0]","[0.8999999761581421, 0.8999999761581421, 0.8999999761581421, 0.9000000953674316, 0.800000011920929, 423.0]","[0.26271817088127136, 0.21576398611068726, -0.24300412833690643, 0.14013154804706573, -1.1876007318496704, -0.11243600398302078, 0.29240310192108154, 0.1687738448381424, -0.48588842153549194, 0.06753110885620117, -0.11516840755939484, 0.37330862879753113, -0.4254879355430603, -0.41159820556640625, 0.30000001192092896, 0.29899999499320984, 0.29899999499320984, 0.19900000095367432, 1.0, 0.0, 0.8980000019073486, 0.8989999890327454, 0.8999999761581421, 0.8999999761581421, 0.8009999990463257, 0.0]","[0.14114098250865936, 0.3107145130634308, -0.18798255920410156, -0.07228878140449524, -1.1457479000091553, -0.2872845232486725, 0.22498589754104614, 0.043701425194740295, -0.5085790753364563, 0.06399867683649063, -0.16729407012462616, 0.3158215880393982, -0.5450864434242249, -0.4501461386680603, 0.30000001192092896, 0.30000001192092896, 0.30000001192092896, 0.20000000298023224, 0.10000000149011612, 0.0, 0.8999999761581421, 0.8999999761581421, 0.8999999761581421, 0.8999999761581421, 0.800000011920929, 0.0]"
105,105,105,0.0,dataset,0.07032596499993815,False,"[0.17197363078594208, 0.23299731314182281, -0.08735302090644836, 1.0049850940704346, -1.1397477388381958, 0.02485528402030468, 0.12841098010540009, 0.2145056426525116, -0.13823804259300232, 0.20481041073799133, 1.0208882093429565, 0.26603782176971436, 0.04381432756781578, -0.19292205572128296]","[336.0, 2.0, 1.0, 4.0, 10.0, 935.0]","[2.0, 0.0, 0.0, 8.0, 0.0, 503.0]","[0.1378956437110901, 0.31061258912086487, -0.19343028962612152, -0.07151559740304947, -1.1440778970718384, -0.29247432947158813, 0.22350184619426727, 0.03720898553729057, -0.5077213644981384, 0.06967908889055252, -0.15863487124443054, 0.3033347427845001, -0.5529866218566895, -0.47168731689453125, 0.30000001192092896, 0.30000001192092896, 0.30000001192092896, 0.20000000298023224, 0.10000000149011612, 0.0, 0.8999999761581421, 0.8999999761581421, 0.8999999761581421, 0.8999999761581421, 0.800000011920929, 0.0]","[0.1519736349582672, 0.2529973089694977, -0.10735301673412323, 0.9849851131439209, -1.1440778970718384, 0.004855284467339516, 0.14841097593307495, 0.19450564682483673, -0.15823803842067719, 0.18481041491031647, 1.0008882284164429, 0.2860378324985504, 0.023814328014850616, -0.21292205154895782]","[256.0, 0.2999999523162842, 0.30000001192092896, 0.20000004768371582, 0.10000038146972656, 855.0]","[0.8999999761581421, 0.8999999761581421, 0.8999999761581421, 0.9000000953674316, 0.800000011920929, 423.0]","[0.24786972999572754, 0.2157520055770874, -0.24923592805862427, 0.14038321375846863, -1.1875169277191162, -0.11616309732198715, 0.2929064631462097, 0.15859924256801605, -0.4858285188674927, 0.07504522055387497, -0.10914033651351929, 0.37294909358024597, -0.4254879355430603, -0.41920819878578186, 0.30000001192092896, 0.29899999499320984, 0.29899999499320984, 0.19900000095367432, 1.0, 0.0, 0.8980000019073486, 0.8989999890327454, 0.8999999761581421, 0.8999999761581421, 0.8009999990463257, 0.0]","[0.1378956437110901, 0.31061258912086487, -0.19343028962612152, -0.07151559740304947, -1.1440778970718384, -0.29247432947158813, 0.22350184619426727, 0.03720898553729057, -0.5077213644981384, 0.06967908889055252, -0.15863487124443054, 0.3033347427845001, -0.5529866218566895, -0.47168731689453125, 0.30000001192092896, 0.30000001192092896, 0.30000001192092896, 0.20000000298023224, 0.10000000149011612, 0.0, 0.8999999761581421, 0.8999999761581421, 0.8999999761581421, 0.8999999761581421, 0.800000011920929, 0.0]"
106,106,106,0.0,dataset,0.07853090599928692,False,"[0.17199760675430298, 0.23299731314182281, -0.08735302090644836, 1.0049971342086792, -1.1397716999053955, 0.024843299761414528, 0.12839898467063904, 0.21449366211891174, -0.13823804259300232, 0.20483437180519104, 1.0208882093429565, 0.26606178283691406, 0.04382631182670593, -0.1929100751876831]","[336.0, 2.0, 1.0, 4.0, 10.0, 935.0]","[2.0, 0.0, 0.0, 8.0, 0.0, 503.0]","[0.1355372667312622, 0.3104424476623535, -0.19675469398498535, -0.07027573138475418, -1.1429096460342407, -0.2951299846172333, 0.22237639129161835, 0.032926034182310104, -0.5069348216056824, 0.07198705524206161, -0.15377983450889587, 0.29541388154029846, -0.5542122721672058, -0.48600468039512634, 0.30000001192092896, 0.30000001192092896, 0.30000001192092896, 0.20000000298023224, 0.10000000149011612, 0.0, 0.8999999761581421, 0.8999999761581421, 0.8999999761581421, 0.8999999761581421, 0.800000011920929, 0.0]","[0.1519976109266281, 0.2529973089694977, -0.10735301673412323, 0.9849971532821655, -1.1429096460342407, 0.004843300208449364, 0.1483989804983139, 0.19449366629123688, -0.15823803842067719, 0.18483437597751617, 1.0008882284164429, 0.2860617935657501, 0.02382631227374077, -0.21291007101535797]","[256.0, 0.2999999523162842, 0.30000001192092896, 0.20000004768371582, 0.10000038146972656, 855.0]","[0.8999999761581421, 0.8999999761581421, 0.8999999761581421, 0.9000000953674316, 0.800000011920929, 423.0]","[0.2400440275669098, 0.21619541943073273, -0.2536221444606781, 0.14046710729599, -1.1864622831344604, -0.11845207959413528, 0.2932899296283722, 0.15481221675872803, -0.48584049940109253, 0.07983890920877457, -0.10241718590259552, 0.37158289551734924, -0.4255838096141815, -0.42552387714385986, 0.30000001192092896, 0.29899999499320984, 0.29899999499320984, 0.19900000095367432, 1.0, 0.0, 0.8980000019073486, 0.8989999890327454, 0.8999999761581421, 0.8999999761581421, 0.8009999990463257, 0.0]","[0.1355372667312622, 0.3104424476623535, -0.19675469398498535, -0.07027573138475418, -1.1429096460342407, -0.2951299846172333, 0.22237639129161835, 0.032926034182310104, -0.5069348216056824, 0.07198705524206161, -0.15377983450889587, 0.29541388154029846, -0.5542122721672058, -0.48600468039512634, 0.30000001192092896, 0.30000001192092896, 0.30000001192092896, 0.20000000298023224, 0.10000000149011612, 0.0, 0.8999999761581421, 0.8999999761581421, 0.8999999761581421, 0.8999999761581421, 0.800000011920929, 0.0]"
107,107,107,0.0,dataset,0.07655966399943281,False,"[0.17199760675430298, 0.23299731314182281, -0.08734103292226791, 1.0049971342086792, -1.1397716999053955, 0.024843299761414528, 0.12839898467063904, 0.21449366211891174, -0.13825002312660217, 0.20481041073799133, 1.0209002494812012, 0.26606178283691406, 0.04381432756781578, -0.1929100751876831]","[336.0, 2.0, 1.0, 4.0, 10.0, 935.0]","[2.0, 1.0, 0.0, 8.0, 0.0, 503.0]","[0.13180343806743622, 0.30950647592544556, -0.20140574872493744, -0.0673227459192276, -1.1420637369155884, -0.29956042766571045, 0.2186964601278305, 0.026547301560640335, -0.5049432516098022, 0.07313302904367447, -0.14562584459781647, 0.275992214679718, -0.5549799203872681, -0.5181392431259155, 0.30000001192092896, 0.30000001192092896, 0.30000001192092896, 0.20000000298023224, 0.10000000149011612, 0.0, 0.8999999761581421, 0.8999999761581421, 0.8999999761581421, 0.8999999761581421, 0.800000011920929, 0.0]","[0.1519976109266281, 0.2529973089694977, -0.10734103620052338, 0.9849971532821655, -1.1420637369155884, 0.004843300208449364, 0.1483989804983139, 0.19449366629123688, -0.15825001895427704, 0.18481041491031647, 1.0009002685546875, 0.275992214679718, 0.023814328014850616, -0.21291007101535797]","[256.0, 0.2999999523162842, 0.30000001192092896, 0.20000004768371582, 0.10000038146972656, 855.0]","[0.8999999761581421, 0.8999999761581421, 0.8999999761581421, 0.9000000953674316, 0.800000011920929, 423.0]","[0.2344713658094406, 0.21675868332386017, -0.25675004720687866, 0.14047908782958984, -1.1854196786880493, -0.12325775623321533, 0.2932659685611725, 0.14998257160186768, -0.485768586397171, 0.08496815711259842, -0.09492705017328262, 0.36833515763282776, -0.4256197512149811, -0.4379635155200958, 0.30000001192092896, 0.29899999499320984, 0.29899999499320984, 0.19900000095367432, 1.0, 0.0, 0.8980000019073486, 0.8989999890327454, 0.8999999761581421, 0.8999999761581421, 0.8009999990463257, 0.0]","[0.13180343806743622, 0.30950647592544556, -0.20140574872493744, -0.0673227459192276, -1.1420637369155884, -0.29956042766571045, 0.2186964601278305, 0.026547301560640335, -0.5049432516098022, 0.07313302904367447, -0.14562584459781647, 0.275992214679718, -0.5549799203872681, -0.5181392431259155, 0.30000001192092896, 0.30000001192092896, 0.30000001192092896, 0.20000000298023224, 0.10000000149011612, 0.0, 0.8999999761581421, 0.8999999761581421, 0.8999999761581421, 0.8999999761581421, 0.800000011920929, 0.0]"
108,108,108,0.0,dataset,0.08349779300078808,False,"[0.17199760675430298, 0.23299731314182281, -0.08735302090644836, 1.0049850940704346, -1.1397358179092407, 0.024843299761414528, 0.12839898467063904, 0.21451763808727264, -0.13823804259300232, 0.2048223912715912, 1.020876169204712, 0.2660498023033142, 0.04380234330892563, -0.1929340362548828]","[336.0, 2.0, 1.0, 4.0, 10.0, 935.0]","[2.0, 0.0, 0.0, 8.0, 0.0, 503.0]","[0.1262551248073578, 0.30771738290786743, -0.20926807820796967, -0.06376584619283676, -1.1389092206954956, -0.3070096969604492, 0.21591369807720184, 0.019735338166356087, -0.5013535618782043, 0.0688207671046257, -0.12559103965759277, 0.2353714108467102, -0.5455710291862488, -0.5957212448120117, 0.30000001192092896, 0.30000001192092896, 0.30000001192092896, 0.20000000298023224, 0.10000000149011612, 0.0, 0.8999999761581421, 0.8999999761581421, 0.8999999761581421, 0.8999999761581421, 0.800000011920929, 0.0]","[0.1519976109266281, 0.2529973089694977, -0.10735301673412323, 0.9849851131439209, -1.1389092206954956, 0.004843300208449364, 0.1483989804983139, 0.19451764225959778, -0.15823803842067719, 0.18482239544391632, 1.0008761882781982, 0.24604980647563934, 0.023802343755960464, -0.21293403208255768]","[256.0, 0.2999999523162842, 0.30000001192092896, 0.20000004768371582, 0.10000038146972656, 855.0]","[0.8999999761581421, 0.8999999761581421, 0.8999999761581421, 0.9000000953674316, 0.800000011920929, 423.0]","[0.22567494213581085, 0.2203179895877838, -0.26292192935943604, 0.1404431313276291, -1.18537175655365, -0.13425926864147186, 0.2930862009525299, 0.14480538666248322, -0.48561277985572815, 0.08835969120264053, -0.08791627734899521, 0.34876492619514465, -0.426111102104187, -0.4663781225681305, 0.30000001192092896, 0.29899999499320984, 0.29899999499320984, 0.19900000095367432, 1.0, 0.0, 0.8980000019073486, 0.8989999890327454, 0.8999999761581421, 0.8999999761581421, 0.8009999990463257, 0.0]","[0.1262551248073578, 0.30771738290786743, -0.20926807820796967, -0.06376584619283676, -1.1389092206954956, -0.3070096969604492, 0.21591369807720184, 0.019735338166356087, -0.5013535618782043, 0.0688207671046257, -0.12559103965759277, 0.2353714108467102, -0.5455710291862488, -0.5957212448120117, 0.30000001192092896, 0.30000001192092896, 0.30000001192092896, 0.20000000298023224, 0.10000000149011612, 0.0, 0.8999999761581421, 0.8999999761581421, 0.8999999761581421, 0.8999999761581421, 0.800000011920929, 0.0]"
109,109,109,0.0,dataset,0.08090364199961186,False,"[0.17199760675430298, 0.23299731314182281, -0.08735302090644836, 1.0049850940704346, -1.1397716999053955, 0.024843299761414528, 0.12839898467063904, 0.2145056426525116, -0.13823804259300232, 0.20483437180519104, 1.0208882093429565, 0.26603782176971436, 0.04382631182670593, -0.19292205572128296]","[336.0, 2.0, 1.0, 4.0, 10.0, 935.0]","[2.0, 0.0, 0.0, 8.0, 0.0, 503.0]","[0.12510380148887634, 0.30697113275527954, -0.21032117307186127, -0.06372147053480148, -1.1382821798324585, -0.30816081166267395, 0.21599364280700684, 0.018190717324614525, -0.5004163384437561, 0.06724587827920914, -0.12082675099372864, 0.2271086573600769, -0.5442337989807129, -0.6099302768707275, 0.30000001192092896, 0.30000001192092896, 0.30000001192092896, 0.20000000298023224, 0.10000000149011612, 0.0, 0.8999999761581421, 0.8999999761581421, 0.8999999761581421, 0.8999999761581421, 0.800000011920929, 0.0]","[0.1519976109266281, 0.2529973089694977, -0.10735301673412323, 0.9849851131439209, -1.1382821798324585, 0.004843300208449364, 0.1483989804983139, 0.19450564682483673, -0.15823803842067719, 0.18483437597751617, 1.0008882284164429, 0.2460378259420395, 0.02382631227374077, -0.21292205154895782]","[256.0, 0.2999999523162842, 0.30000001192092896, 0.20000004768371582, 0.10000038146972656, 855.0]","[0.8999999761581421, 0.8999999761581421, 0.8999999761581421, 0.9000000953674316, 0.800000011920929, 423.0]","[0.22267888486385345, 0.22035394608974457, -0.2629339098930359, 0.1404910683631897, -1.185443639755249, -0.13750700652599335, 0.29307422041893005, 0.14322347939014435, -0.48566073179244995, 0.08887501806020737, -0.08742492645978928, 0.34018421173095703, -0.4260871410369873, -0.48067528009414673, 0.30000001192092896, 0.29899999499320984, 0.29899999499320984, 0.19900000095367432, 1.0, 0.0, 0.8980000019073486, 0.8989999890327454, 0.8999999761581421, 0.8999999761581421, 0.8009999990463257, 0.0]","[0.12510380148887634, 0.30697113275527954, -0.21032117307186127, -0.06372147053480148, -1.1382821798324585, -0.30816081166267395, 0.21599364280700684, 0.018190717324614525, -0.5004163384437561, 0.06724587827920914, -0.12082675099372864, 0.2271086573600769, -0.5442337989807129, -0.6099302768707275, 0.30000001192092896, 0.30000001192092896, 0.30000001192092896, 0.20000000298023224, 0.10000000149011612, 0.0, 0.8999999761581421, 0.8999999761581421, 0.8999999761581421, 0.8999999761581421, 0.800000011920929, 0.0]"
110,110,110,0.0,dataset,0.12881971100068768,False,"[0.17198561131954193, 0.23299731314182281, -0.08735302090644836, 1.0049850940704346, -1.1397597789764404, 0.02485528402030468, 0.12839898467063904, 0.2145056426525116, -0.13823804259300232, 0.20481041073799133, 1.0208882093429565, 0.26606178283691406, 0.04380234330892563, -0.19292205572128296]","[336.0, 2.0, 1.0, 4.0, 10.0, 935.0]","[2.0, 0.0, 0.0, 8.0, 0.0, 503.0]","[0.12050818651914597, 0.3048344850540161, -0.2145444005727768, -0.06643553823232651, -1.1364121437072754, -0.31151241064071655, 0.21841716766357422, 0.008582157082855701, -0.49688720703125, 0.061720360070466995, -0.10253996402025223, 0.19639405608177185, -0.5405471920967102, -0.6816014647483826, 0.30000001192092896, 0.30000001192092896, 0.30000001192092896, 0.20000000298023224, 0.10000000149011612, 0.0, 0.8999999761581421, 0.8999999761581421, 0.8999999761581421, 0.8999999761581421, 0.800000011920929, 0.0]","[0.15198561549186707, 0.2529973089694977, -0.10735301673412323, 0.9849851131439209, -1.1364121437072754, 0.004855284467339516, 0.1483989804983139, 0.19450564682483673, -0.15823803842067719, 0.18481041491031647, 1.0008882284164429, 0.2460617870092392, 0.023802343755960464, -0.21292205154895782]","[256.0, 0.2999999523162842, 0.30000001192092896, 0.20000004768371582, 0.10000038146972656, 855.0]","[0.8999999761581421, 0.8999999761581421, 0.8999999761581421, 0.9000000953674316, 0.800000011920929, 423.0]","[0.2181248813867569, 0.2204977571964264, -0.2628380358219147, 0.14055100083351135, -1.185910940170288, -0.1434391885995865, 0.2931341528892517, 0.13902899622917175, -0.4839589595794678, 0.08976184576749802, -0.08191218227148056, 0.31257256865501404, -0.42607516050338745, -0.5202112197875977, 0.30000001192092896, 0.29899999499320984, 0.29899999499320984, 0.19900000095367432, 1.0, 0.0, 0.8980000019073486, 0.8989999890327454, 0.8999999761581421, 0.8999999761581421, 0.8009999990463257, 0.0]","[0.12050818651914597, 0.3048344850540161, -0.2145444005727768, -0.06643553823232651, -1.1364121437072754, -0.31151241064071655, 0.21841716766357422, 0.008582157082855701, -0.49688720703125, 0.061720360070466995, -0.10253996402025223, 0.19639405608177185, -0.5405471920967102, -0.6816014647483826, 0.30000001192092896, 0.30000001192092896, 0.30000001192092896, 0.20000000298023224, 0.10000000149011612, 0.0, 0.8999999761581421, 0.8999999761581421, 0.8999999761581421, 0.8999999761581421, 0.800000011920929, 0.0]"
111,111,111,0.0,dataset,0.07190424899999925,False,"[0.17198561131954193, 0.23299731314182281, -0.08735302090644836, 1.0049971342086792, -1.1398077011108398, 0.02485528402030468, 0.12839898467063904, 0.2145056426525116, -0.13823804259300232, 0.20483437180519104, 1.020876169204712, 0.2660498023033142, 0.04381432756781578, -0.1929100751876831]","[336.0, 2.0, 1.0, 4.0, 10.0, 935.0]","[2.0, 0.0, 0.0, 8.0, 0.0, 503.0]","[0.12018037587404251, 0.3024252951145172, -0.218998521566391, -0.06771282106637955, -1.1335313320159912, -0.3157828450202942, 0.21865656971931458, 0.003679990768432617, -0.4911527931690216, 0.05774357169866562, -0.09714342653751373, 0.18141521513462067, -0.5401634573936462, -0.7098813652992249, 0.30000001192092896, 0.30000001192092896, 0.30000001192092896, 0.20000000298023224, 0.10000000149011612, 0.0, 0.8999999761581421, 0.8999999761581421, 0.8999999761581421, 0.8999999761581421, 0.800000011920929, 0.0]","[0.15198561549186707, 0.2529973089694977, -0.10735301673412323, 0.9849971532821655, -1.1335313320159912, 0.004855284467339516, 0.1483989804983139, 0.19450564682483673, -0.15823803842067719, 0.18483437597751617, 1.0008761882781982, 0.24604980647563934, 0.023814328014850616, -0.21291007101535797]","[256.0, 0.2999999523162842, 0.30000001192092896, 0.20000004768371582, 0.10000038146972656, 855.0]","[0.8999999761581421, 0.8999999761581421, 0.8999999761581421, 0.9000000953674316, 0.800000011920929, 423.0]","[0.2118571400642395, 0.2206176072359085, -0.2628380358219147, 0.1405869424343109, -1.185910940170288, -0.1473820060491562, 0.2931341528892517, 0.12857875227928162, -0.48271259665489197, 0.09074455499649048, -0.06916096061468124, 0.28436169028282166, -0.4262669086456299, -0.5643491744995117, 0.30000001192092896, 0.29899999499320984, 0.29899999499320984, 0.19900000095367432, 1.0, 0.0, 0.8980000019073486, 0.8989999890327454, 0.8999999761581421, 0.8999999761581421, 0.8009999990463257, 0.0]","[0.12018037587404251, 0.3024252951145172, -0.218998521566391, -0.06771282106637955, -1.1335313320159912, -0.3157828450202942, 0.21865656971931458, 0.003679990768432617, -0.4911527931690216, 0.05774357169866562, -0.09714342653751373, 0.18141521513462067, -0.5401634573936462, -0.7098813652992249, 0.30000001192092896, 0.30000001192092896, 0.30000001192092896, 0.20000000298023224, 0.10000000149011612, 0.0, 0.8999999761581421, 0.8999999761581421, 0.8999999761581421, 0.8999999761581421, 0.800000011920929, 0.0]"
112,112,112,0.0,dataset,0.086938023001494,False,"[0.17199760675430298, 0.23299731314182281, -0.08732905238866806, 1.0049971342086792, -1.1397716999053955, 0.024843299761414528, 0.12838700413703918, 0.21451763808727264, -0.13823804259300232, 0.20483437180519104, 1.0209002494812012, 0.26606178283691406, 0.04381432756781578, -0.19292205572128296]","[336.0, 2.0, 1.0, 4.0, 10.0, 935.0]","[2.0, 1.0, 0.0, 8.0, 0.0, 503.0]","[0.11987000703811646, 0.300611287355423, -0.22317230701446533, -0.06803872436285019, -1.1312164068222046, -0.3200969696044922, 0.2192436307668686, 0.000252155790803954, -0.4865758419036865, 0.05535252392292023, -0.09413906931877136, 0.16669465601444244, -0.5401124954223633, -0.7353756427764893, 0.30000001192092896, 0.30000001192092896, 0.30000001192092896, 0.20000000298023224, 0.10000000149011612, 0.0, 0.8999999761581421, 0.8999999761581421, 0.8999999761581421, 0.8999999761581421, 0.800000011920929, 0.0]","[0.1519976109266281, 0.2529973089694977, -0.10732905566692352, 0.9849971532821655, -1.1312164068222046, 0.004843300208449364, 0.14838699996471405, 0.19451764225959778, -0.15823803842067719, 0.18483437597751617, 1.0009002685546875, 0.2460617870092392, 0.023814328014850616, -0.21292205154895782]","[256.0, 0.2999999523162842, 0.30000001192092896, 0.20000004768371582, 0.10000038146972656, 855.0]","[0.8999999761581421, 0.8999999761581421, 0.8999999761581421, 0.9000000953674316, 0.800000011920929, 423.0]","[0.20410333573818207, 0.2206176072359085, -0.26382073760032654, 0.14055100083351135, -1.1858271360397339, -0.147525817155838, 0.2931581139564514, 0.11785287410020828, -0.48005211353302, 0.09122392535209656, -0.060927800834178925, 0.2614598274230957, -0.4266384243965149, -0.6090143322944641, 0.30000001192092896, 0.29899999499320984, 0.29899999499320984, 0.19900000095367432, 1.0, 0.0, 0.8980000019073486, 0.8989999890327454, 0.8999999761581421, 0.8999999761581421, 0.8009999990463257, 0.0]","[0.11987000703811646, 0.300611287355423, -0.22317230701446533, -0.06803872436285019, -1.1312164068222046, -0.3200969696044922, 0.2192436307668686, 0.000252155790803954, -0.4865758419036865, 0.05535252392292023, -0.09413906931877136, 0.16669465601444244, -0.5401124954223633, -0.7353756427764893, 0.30000001192092896, 0.30000001192092896, 0.30000001192092896, 0.20000000298023224, 0.10000000149011612, 0.0, 0.8999999761581421, 0.8999999761581421, 0.8999999761581421, 0.8999999761581421, 0.800000011920929, 0.0]"
113,113,113,0.0,dataset,0.07981119700161798,False,"[0.17198561131954193, 0.23299731314182281, -0.08735302090644836, 1.0049971342086792, -1.1397837400436401, 0.02485528402030468, 0.12841098010540009, 0.21449366211891174, -0.13823804259300232, 0.2048463672399521, 1.0208882093429565, 0.2660258412361145, 0.04381432756781578, -0.19292205572128296]","[336.0, 2.0, 1.0, 4.0, 10.0, 935.0]","[2.0, 0.0, 0.0, 8.0, 0.0, 503.0]","[0.11975903064012527, 0.3006085455417633, -0.2231893539428711, -0.0679856464266777, -1.1311709880828857, -0.3201669156551361, 0.21928419172763824, 0.00019237629021517932, -0.48642945289611816, 0.055605318397283554, -0.09426859021186829, 0.16583667695522308, -0.5399962067604065, -0.7362549304962158, 0.30000001192092896, 0.30000001192092896, 0.30000001192092896, 0.20000000298023224, 0.10000000149011612, 0.0, 0.8999999761581421, 0.8999999761581421, 0.8999999761581421, 0.8999999761581421, 0.800000011920929, 0.0]","[0.15198561549186707, 0.2529973089694977, -0.10735301673412323, 0.9849971532821655, -1.1311709880828857, 0.004855284467339516, 0.14841097593307495, 0.19449366629123688, -0.15823803842067719, 0.18484637141227722, 1.0008882284164429, 0.24602584540843964, 0.023814328014850616, -0.21292205154895782]","[256.0, 0.2999999523162842, 0.30000001192092896, 0.20000004768371582, 0.10000038146972656, 855.0]","[0.8999999761581421, 0.8999999761581421, 0.8999999761581421, 0.9000000953674316, 0.800000011920929, 423.0]","[0.1974281221628189, 0.22064156830310822, -0.26412034034729004, 0.14052702486515045, -1.1857552528381348, -0.1486762911081314, 0.2931341528892517, 0.1043706163764, -0.4746951758861542, 0.09117598831653595, -0.05971739441156387, 0.24771393835544586, -0.4268062114715576, -0.6442359685897827, 0.30000001192092896, 0.29899999499320984, 0.29899999499320984, 0.19900000095367432, 1.0, 0.0, 0.8980000019073486, 0.8989999890327454, 0.8999999761581421, 0.8999999761581421, 0.8009999990463257, 0.0]","[0.11975903064012527, 0.3006085455417633, -0.2231893539428711, -0.0679856464266777, -1.1311709880828857, -0.3201669156551361, 0.21928419172763824, 0.00019237629021517932, -0.48642945289611816, 0.055605318397283554, -0.09426859021186829, 0.16583667695522308, -0.5399962067604065, -0.7362549304962158, 0.30000001192092896, 0.30000001192092896, 0.30000001192092896, 0.20000000298023224, 0.10000000149011612, 0.0, 0.8999999761581421, 0.8999999761581421, 0.8999999761581421, 0.8999999761581421, 0.800000011920929, 0.0]"
114,114,114,0.0,dataset,0.0698111269994115,False,"[0.17197363078594208, 0.23299731314182281, -0.08735302090644836, 1.0049971342086792, -1.1397597789764404, 0.024831315502524376, 0.12841098010540009, 0.21449366211891174, -0.13822604715824127, 0.2048223912715912, 1.020876169204712, 0.26603782176971436, 0.04381432756781578, -0.1929100751876831]","[336.0, 2.0, 1.0, 4.0, 10.0, 935.0]","[2.0, 1.0, 0.0, 8.0, 0.0, 503.0]","[0.12169268727302551, 0.2954750061035156, -0.23366455733776093, -0.07328397035598755, -1.126028299331665, -0.33142584562301636, 0.2225068360567093, -0.008620049804449081, -0.476982444524765, 0.047128479927778244, -0.09687347710132599, 0.1452723741531372, -0.5395250916481018, -0.7736225128173828, 0.30000001192092896, 0.30000001192092896, 0.30000001192092896, 0.20000000298023224, 0.10000000149011612, 0.0, 0.8999999761581421, 0.8999999761581421, 0.8999999761581421, 0.8999999761581421, 0.800000011920929, 0.0]","[0.1519736349582672, 0.2529973089694977, -0.10735301673412323, 0.9849971532821655, -1.126028299331665, 0.004831315949559212, 0.14841097593307495, 0.19449366629123688, -0.15822604298591614, 0.18482239544391632, 1.0008761882781982, 0.2460378259420395, 0.023814328014850616, -0.21291007101535797]","[256.0, 0.2999999523162842, 0.30000001192092896, 0.20000004768371582, 0.10000038146972656, 855.0]","[0.8999999761581421, 0.8999999761581421, 0.8999999761581421, 0.9000000953674316, 0.800000011920929, 423.0]","[0.19352127611637115, 0.2206176072359085, -0.264384001493454, 0.14052702486515045, -1.1857792139053345, -0.1504739373922348, 0.29314613342285156, 0.0923384577035904, -0.4705486297607422, 0.09117598831653595, -0.05621800199151039, 0.2349507361650467, -0.42704588174819946, -0.6680606603622437, 0.30000001192092896, 0.29899999499320984, 0.29899999499320984, 0.19900000095367432, 1.0, 0.0, 0.8980000019073486, 0.8989999890327454, 0.8999999761581421, 0.8999999761581421, 0.8009999990463257, 0.0]","[0.12169268727302551, 0.2954750061035156, -0.23366455733776093, -0.07328397035598755, -1.126028299331665, -0.33142584562301636, 0.2225068360567093, -0.008620049804449081, -0.476982444524765, 0.047128479927778244, -0.09687347710132599, 0.1452723741531372, -0.5395250916481018, -0.7736225128173828, 0.30000001192092896, 0.30000001192092896, 0.30000001192092896, 0.20000000298023224, 0.10000000149011612, 0.0, 0.8999999761581421, 0.8999999761581421, 0.8999999761581421, 0.8999999761581421, 0.800000011920929, 0.0]"
115,115,115,0.0,dataset,0.10313694099932036,False,"[0.17200958728790283, 0.23300929367542267, -0.08735302090644836, 1.0049971342086792, -1.1397597789764404, 0.024843299761414528, 0.12839898467063904, 0.21451763808727264, -0.13823804259300232, 0.2048223912715912, 1.020876169204712, 0.26606178283691406, 0.04380234330892563, -0.19292205572128296]","[336.0, 2.0, 1.0, 4.0, 10.0, 935.0]","[2.0, 1.0, 0.0, 8.0, 0.0, 503.0]","[0.12065750360488892, 0.2937800884246826, -0.24031655490398407, -0.07022766023874283, -1.1283154487609863, -0.3399134576320648, 0.21943852305412292, -0.017250671982765198, -0.47444525361061096, 0.041193343698978424, -0.09129329770803452, 0.1438995599746704, -0.5406357049942017, -0.7747082114219666, 0.30000001192092896, 0.30000001192092896, 0.30000001192092896, 0.20000000298023224, 0.10000000149011612, 0.0, 0.8999999761581421, 0.8999999761581421, 0.8999999761581421, 0.8999999761581421, 0.800000011920929, 0.0]","[0.15200959146022797, 0.25300928950309753, -0.10735301673412323, 0.9849971532821655, -1.1283154487609863, 0.004843300208449364, 0.1483989804983139, 0.19451764225959778, -0.15823803842067719, 0.18482239544391632, 1.0008761882781982, 0.2460617870092392, 0.023802343755960464, -0.21292205154895782]","[256.0, 0.2999999523162842, 0.30000001192092896, 0.20000004768371582, 0.10000038146972656, 855.0]","[0.8999999761581421, 0.8999999761581421, 0.8999999761581421, 0.9000000953674316, 0.800000011920929, 423.0]","[0.18925487995147705, 0.22073744237422943, -0.2687702178955078, 0.14050306379795074, -1.1857792139053345, -0.15513579547405243, 0.2931581139564514, 0.083673857152462, -0.47014114260673523, 0.09070859849452972, -0.055882442742586136, 0.2249918431043625, -0.4270099401473999, -0.692700207233429, 0.30000001192092896, 0.29899999499320984, 0.29899999499320984, 0.19900000095367432, 1.0, 0.0, 0.8980000019073486, 0.8989999890327454, 0.8999999761581421, 0.8999999761581421, 0.8009999990463257, 0.0010000000474974513]","[0.12065750360488892, 0.2937800884246826, -0.24031655490398407, -0.07022766023874283, -1.1283154487609863, -0.3399134576320648, 0.21943852305412292, -0.017250671982765198, -0.47444525361061096, 0.041193343698978424, -0.09129329770803452, 0.1438995599746704, -0.5406357049942017, -0.7747082114219666, 0.30000001192092896, 0.30000001192092896, 0.30000001192092896, 0.20000000298023224, 0.10000000149011612, 0.0, 0.8999999761581421, 0.8999999761581421, 0.8999999761581421, 0.8999999761581421, 0.800000011920929, 0.0]"
116,116,116,0.0,dataset,0.08368361499924504,False,"[0.17198561131954193, 0.23299731314182281, -0.08735302090644836, 1.0049611330032349, -1.1397837400436401, 0.024843299761414528, 0.12839898467063904, 0.21449366211891174, -0.13825002312660217, 0.20481041073799133, 1.0208882093429565, 0.2660258412361145, 0.04381432756781578, -0.19289809465408325]","[336.0, 2.0, 1.0, 4.0, 10.0, 935.0]","[2.0, 1.0, 0.0, 8.0, 0.0, 503.0]","[0.11983931809663773, 0.2927836775779724, -0.24147097766399384, -0.06873329728841782, -1.1294163465499878, -0.34081462025642395, 0.2183573991060257, -0.02132708579301834, -0.4739506244659424, 0.039719775319099426, -0.08634651452302933, 0.1466832011938095, -0.5395936965942383, -0.7659885883331299, 0.30000001192092896, 0.30000001192092896, 0.30000001192092896, 0.20000000298023224, 0.10000000149011612, 0.0, 0.8999999761581421, 0.8999999761581421, 0.8999999761581421, 0.8999999761581421, 0.800000011920929, 0.0]","[0.15198561549186707, 0.2529973089694977, -0.10735301673412323, 0.9849611520767212, -1.1294163465499878, 0.004843300208449364, 0.1483989804983139, 0.19449366629123688, -0.15825001895427704, 0.18481041491031647, 1.0008882284164429, 0.24602584540843964, 0.023814328014850616, -0.21289809048175812]","[256.0, 0.2999999523162842, 0.30000001192092896, 0.20000004768371582, 0.10000038146972656, 855.0]","[0.8999999761581421, 0.8999999761581421, 0.8999999761581421, 0.9000000953674316, 0.800000011920929, 423.0]","[0.18817630410194397, 0.2205696702003479, -0.27442678809165955, 0.1405150443315506, -1.1856952905654907, -0.16214656829833984, 0.293110191822052, 0.0782330259680748, -0.46978163719177246, 0.09068462997674942, -0.055822521448135376, 0.2162793129682541, -0.42722564935684204, -0.7149309515953064, 0.30000001192092896, 0.29899999499320984, 0.29899999499320984, 0.19900000095367432, 1.0, 0.0, 0.8980000019073486, 0.8989999890327454, 0.8999999761581421, 0.8999999761581421, 0.8009999990463257, 0.0010000000474974513]","[0.11983931809663773, 0.2927836775779724, -0.24147097766399384, -0.06873329728841782, -1.1294163465499878, -0.34081462025642395, 0.2183573991060257, -0.02132708579301834, -0.4739506244659424, 0.039719775319099426, -0.08634651452302933, 0.1466832011938095, -0.5395936965942383, -0.7659885883331299, 0.30000001192092896, 0.30000001192092896, 0.30000001192092896, 0.20000000298023224, 0.10000000149011612, 0.0, 0.8999999761581421, 0.8999999761581421, 0.8999999761581421, 0.8999999761581421, 0.800000011920929, 0.0]"
117,117,117,0.0,dataset,0.07022004799910064,False,"[0.17199760675430298, 0.23300929367542267, -0.08735302090644836, 1.0049971342086792, -1.1397477388381958, 0.024843299761414528, 0.12838700413703918, 0.2145056426525116, -0.13823804259300232, 0.2048223912715912, 1.0208882093429565, 0.26603782176971436, 0.04382631182670593, -0.19292205572128296]","[336.0, 2.0, 1.0, 4.0, 10.0, 935.0]","[2.0, 1.0, 0.0, 8.0, 0.0, 503.0]","[0.11899013817310333, 0.2912965416908264, -0.24407492578029633, -0.06952456384897232, -1.1292959451675415, -0.34133782982826233, 0.21964673697948456, -0.028701048344373703, -0.4731994569301605, 0.04245857894420624, -0.0809905007481575, 0.14115118980407715, -0.5352829694747925, -0.7636111974716187, 0.30000001192092896, 0.30000001192092896, 0.30000001192092896, 0.20000000298023224, 0.10000000149011612, 0.0, 0.8999999761581421, 0.8999999761581421, 0.8999999761581421, 0.8999999761581421, 0.800000011920929, 0.0]","[0.1519976109266281, 0.25300928950309753, -0.10735301673412323, 0.9849971532821655, -1.1292959451675415, 0.004843300208449364, 0.14838699996471405, 0.19450564682483673, -0.15823803842067719, 0.18482239544391632, 1.0008882284164429, 0.2460378259420395, 0.02382631227374077, -0.21292205154895782]","[256.0, 0.2999999523162842, 0.30000001192092896, 0.20000004768371582, 0.10000038146972656, 855.0]","[0.8999999761581421, 0.8999999761581421, 0.8999999761581421, 0.9000000953674316, 0.800000011920929, 423.0]","[0.18823622167110443, 0.22062958776950836, -0.27809393405914307, 0.14055100083351135, -1.1857192516326904, -0.1658736616373062, 0.2931341528892517, 0.07558450847864151, -0.4692783057689667, 0.09044494479894638, -0.05424060299992561, 0.21599169075489044, -0.4274653196334839, -0.7236195206642151, 0.30000001192092896, 0.29899999499320984, 0.29899999499320984, 0.19900000095367432, 1.0, 0.0, 0.8980000019073486, 0.8989999890327454, 0.8999999761581421, 0.8999999761581421, 0.8009999990463257, 0.0]","[0.11899013817310333, 0.2912965416908264, -0.24407492578029633, -0.06952456384897232, -1.1292959451675415, -0.34133782982826233, 0.21964673697948456, -0.028701048344373703, -0.4731994569301605, 0.04245857894420624, -0.0809905007481575, 0.14115118980407715, -0.5352829694747925, -0.7636111974716187, 0.30000001192092896, 0.30000001192092896, 0.30000001192092896, 0.20000000298023224, 0.10000000149011612, 0.0, 0.8999999761581421, 0.8999999761581421, 0.8999999761581421, 0.8999999761581421, 0.800000011920929, 0.0]"
118,118,118,0.0,dataset,0.07559014599974034,False,"[0.17199760675430298, 0.23299731314182281, -0.08735302090644836, 1.0049850940704346, -1.1397956609725952, 0.024843299761414528, 0.12839898467063904, 0.2145056426525116, -0.13823804259300232, 0.20483437180519104, 1.020876169204712, 0.2660498023033142, 0.04380234330892563, -0.19292205572128296]","[336.0, 2.0, 1.0, 4.0, 10.0, 935.0]","[2.0, 0.0, 0.0, 8.0, 0.0, 503.0]","[0.11842173337936401, 0.29100045561790466, -0.245702862739563, -0.07283297181129456, -1.1290364265441895, -0.3402937650680542, 0.22201736271381378, -0.0325111486017704, -0.4733308255672455, 0.046216193586587906, -0.08032318204641342, 0.13228294253349304, -0.5307499170303345, -0.7680395245552063, 0.30000001192092896, 0.30000001192092896, 0.30000001192092896, 0.20000000298023224, 0.10000000149011612, 0.0, 0.8999999761581421, 0.8999999761581421, 0.8999999761581421, 0.8999999761581421, 0.800000011920929, 0.0]","[0.1519976109266281, 0.2529973089694977, -0.10735301673412323, 0.9849851131439209, -1.1290364265441895, 0.004843300208449364, 0.1483989804983139, 0.19450564682483673, -0.15823803842067719, 0.18483437597751617, 1.0008761882781982, 0.24604980647563934, 0.023802343755960464, -0.21292205154895782]","[256.0, 0.2999999523162842, 0.30000001192092896, 0.20000004768371582, 0.10000038146972656, 855.0]","[0.8999999761581421, 0.8999999761581421, 0.8999999761581421, 0.9000000953674316, 0.800000011920929, 423.0]","[0.18884742259979248, 0.22094117105007172, -0.28381043672561646, 0.14057496190071106, -1.1857432126998901, -0.17317205667495728, 0.29314613342285156, 0.06888532638549805, -0.46833154559135437, 0.09044494479894638, -0.04464123770594597, 0.21594375371932983, -0.4276091456413269, -0.7283293008804321, 0.30000001192092896, 0.29899999499320984, 0.29899999499320984, 0.19900000095367432, 1.0, 0.0, 0.8980000019073486, 0.8989999890327454, 0.8999999761581421, 0.8999999761581421, 0.8009999990463257, 0.0]","[0.11842173337936401, 0.29100045561790466, -0.245702862739563, -0.07283297181129456, -1.1290364265441895, -0.3402937650680542, 0.22201736271381378, -0.0325111486017704, -0.4733308255672455, 0.046216193586587906, -0.08032318204641342, 0.13228294253349304, -0.5307499170303345, -0.7680395245552063, 0.30000001192092896, 0.30000001192092896, 0.30000001192092896, 0.20000000298023224, 0.10000000149011612, 0.0, 0.8999999761581421, 0.8999999761581421, 0.8999999761581421, 0.8999999761581421, 0.800000011920929, 0.0]"
119,119,119,0.0,dataset,0.07311293499878957,False,"[0.17199760675430298, 0.23299731314182281, -0.08735302090644836, 1.0049971342086792, -1.139819622039795, 0.02485528402030468, 0.12839898467063904, 0.21449366211891174, -0.13822604715824127, 0.20483437180519104, 1.020876169204712, 0.26603782176971436, 0.04382631182670593, -0.19292205572128296]","[336.0, 2.0, 1.0, 4.0, 10.0, 935.0]","[2.0, 0.0, 0.0, 8.0, 0.0, 503.0]","[0.11825581640005112, 0.2917652726173401, -0.24865330755710602, -0.0787673145532608, -1.1292916536331177, -0.3409139811992645, 0.22501757740974426, -0.03704336658120155, -0.47517266869544983, 0.051111843436956406, -0.08589020371437073, 0.12270290404558182, -0.5184443593025208, -0.7731855511665344, 0.30000001192092896, 0.30000001192092896, 0.30000001192092896, 0.20000000298023224, 0.10000000149011612, 0.0, 0.8999999761581421, 0.8999999761581421, 0.8999999761581421, 0.8999999761581421, 0.800000011920929, 0.0]","[0.1519976109266281, 0.2529973089694977, -0.10735301673412323, 0.9849971532821655, -1.1292916536331177, 0.004855284467339516, 0.1483989804983139, 0.19449366629123688, -0.15822604298591614, 0.18483437597751617, 1.0008761882781982, 0.2460378259420395, 0.02382631227374077, -0.21292205154895782]","[256.0, 0.2999999523162842, 0.30000001192092896, 0.20000004768371582, 0.10000038146972656, 855.0]","[0.8999999761581421, 0.8999999761581421, 0.8999999761581421, 0.9000000953674316, 0.800000011920929, 423.0]","[0.18767297267913818, 0.22094117105007172, -0.28895166516304016, 0.14050306379795074, -1.1857311725616455, -0.17737852036952972, 0.2931341528892517, 0.0643552914261818, -0.4673967659473419, 0.09045693278312683, -0.04080628603696823, 0.21583589911460876, -0.42757317423820496, -0.7321043610572815, 0.30000001192092896, 0.29899999499320984, 0.29899999499320984, 0.19900000095367432, 1.0, 0.0, 0.8980000019073486, 0.8989999890327454, 0.8999999761581421, 0.8999999761581421, 0.8009999990463257, 0.0]","[0.11825581640005112, 0.2917652726173401, -0.24865330755710602, -0.0787673145532608, -1.1292916536331177, -0.3409139811992645, 0.22501757740974426, -0.03704336658120155, -0.47517266869544983, 0.051111843436956406, -0.08589020371437073, 0.12270290404558182, -0.5184443593025208, -0.7731855511665344, 0.30000001192092896, 0.30000001192092896, 0.30000001192092896, 0.20000000298023224, 0.10000000149011612, 0.0, 0.8999999761581421, 0.8999999761581421, 0.8999999761581421, 0.8999999761581421, 0.800000011920929, 0.0]"
120,120,120,0.0,dataset,0.08573620400056825,False,"[0.17198561131954193, 0.23299731314182281, -0.08735302090644836, 1.0049971342086792, -1.1397956609725952, 0.02485528402030468, 0.12841098010540009, 0.2145056426525116, -0.13825002312660217, 0.20481041073799133, 1.0208882093429565, 0.26603782176971436, 0.04382631182670593, -0.19292205572128296]","[336.0, 2.0, 1.0, 4.0, 10.0, 935.0]","[2.0, 0.0, 0.0, 8.0, 0.0, 503.0]","[0.11616281419992447, 0.2920909821987152, -0.25031185150146484, -0.08070249855518341, -1.1291896104812622, -0.3413478434085846, 0.22487972676753998, -0.041055940091609955, -0.47661784291267395, 0.05115705356001854, -0.08347927778959274, 0.11581646651029587, -0.5139496326446533, -0.7785699963569641, 0.30000001192092896, 0.30000001192092896, 0.30000001192092896, 0.20000000298023224, 0.10000000149011612, 0.0, 0.8999999761581421, 0.8999999761581421, 0.8999999761581421, 0.8999999761581421, 0.800000011920929, 0.0]","[0.15198561549186707, 0.2529973089694977, -0.10735301673412323, 0.9849971532821655, -1.1291896104812622, 0.004855284467339516, 0.14841097593307495, 0.19450564682483673, -0.15825001895427704, 0.18481041491031647, 1.0008882284164429, 0.2460378259420395, 0.02382631227374077, -0.21292205154895782]","[256.0, 0.2999999523162842, 0.30000001192092896, 0.20000004768371582, 0.10000038146972656, 855.0]","[0.8999999761581421, 0.8999999761581421, 0.8999999761581421, 0.9000000953674316, 0.800000011920929, 423.0]","[0.18363428115844727, 0.22090522944927216, -0.2948358952999115, 0.14041917026042938, -1.1857311725616455, -0.18124942481517792, 0.29314613342285156, 0.058590877801179886, -0.46731287240982056, 0.09051685035228729, -0.04073438048362732, 0.21257618069648743, -0.427489310503006, -0.7380365133285522, 0.30000001192092896, 0.29899999499320984, 0.29899999499320984, 0.19900000095367432, 1.0, 0.0, 0.8980000019073486, 0.8989999890327454, 0.8999999761581421, 0.8999999761581421, 0.8009999990463257, 0.0]","[0.11616281419992447, 0.2920909821987152, -0.25031185150146484, -0.08070249855518341, -1.1291896104812622, -0.3413478434085846, 0.22487972676753998, -0.041055940091609955, -0.47661784291267395, 0.05115705356001854, -0.08347927778959274, 0.11581646651029587, -0.5139496326446533, -0.7785699963569641, 0.30000001192092896, 0.30000001192092896, 0.30000001192092896, 0.20000000298023224, 0.10000000149011612, 0.0, 0.8999999761581421, 0.8999999761581421, 0.8999999761581421, 0.8999999761581421, 0.800000011920929, 0.0]"
121,121,121,0.0,dataset,0.06686997599899769,False,"[0.17199760675430298, 0.23300929367542267, -0.08735302090644836, 1.0049971342086792, -1.1397956609725952, 0.02485528402030468, 0.12841098010540009, 0.2145056426525116, -0.13823804259300232, 0.2048223912715912, 1.0208882093429565, 0.2660498023033142, 0.04381432756781578, -0.1929100751876831]","[336.0, 2.0, 1.0, 4.0, 10.0, 935.0]","[2.0, 0.0, 0.0, 8.0, 0.0, 503.0]","[0.1135222464799881, 0.2910866141319275, -0.2514563798904419, -0.08053921908140182, -1.1284962892532349, -0.3419710397720337, 0.22508327662944794, -0.04458913207054138, -0.47595691680908203, 0.05092649161815643, -0.07926357537508011, 0.1137181743979454, -0.5096566677093506, -0.7810481190681458, 0.30000001192092896, 0.30000001192092896, 0.30000001192092896, 0.20000000298023224, 0.10000000149011612, 0.0, 0.8999999761581421, 0.8999999761581421, 0.8999999761581421, 0.8999999761581421, 0.800000011920929, 0.0]","[0.1519976109266281, 0.25300928950309753, -0.10735301673412323, 0.9849971532821655, -1.1284962892532349, 0.004855284467339516, 0.14841097593307495, 0.19450564682483673, -0.15823803842067719, 0.18482239544391632, 1.0008882284164429, 0.24604980647563934, 0.023814328014850616, -0.21291007101535797]","[256.0, 0.2999999523162842, 0.30000001192092896, 0.20000004768371582, 0.10000038146972656, 855.0]","[0.8999999761581421, 0.8999999761581421, 0.8999999761581421, 0.9000000953674316, 0.800000011920929, 423.0]","[0.17834924161434174, 0.2207973599433899, -0.29971349239349365, 0.1404431313276291, -1.1857671737670898, -0.18223212659358978, 0.29314613342285156, 0.053881075233221054, -0.4673488438129425, 0.09048090130090714, -0.04048271104693413, 0.20264126360416412, -0.42734548449516296, -0.7458502650260925, 0.30000001192092896, 0.29899999499320984, 0.29899999499320984, 0.19900000095367432, 1.0, 0.0, 0.8980000019073486, 0.8989999890327454, 0.8999999761581421, 0.8999999761581421, 0.8009999990463257, 0.0]","[0.1135222464799881, 0.2910866141319275, -0.2514563798904419, -0.08053921908140182, -1.1284962892532349, -0.3419710397720337, 0.22508327662944794, -0.04458913207054138, -0.47595691680908203, 0.05092649161815643, -0.07926357537508011, 0.1137181743979454, -0.5096566677093506, -0.7810481190681458, 0.30000001192092896, 0.30000001192092896, 0.30000001192092896, 0.20000000298023224, 0.10000000149011612, 0.0, 0.8999999761581421, 0.8999999761581421, 0.8999999761581421, 0.8999999761581421, 0.800000011920929, 0.0]"
122,122,122,0.0,dataset,0.08331571300004725,False,"[0.17200958728790283, 0.23300929367542267, -0.08735302090644836, 1.0049850940704346, -1.1397597789764404, 0.024891234934329987, 0.12839898467063904, 0.21451763808727264, -0.13822604715824127, 0.20481041073799133, 1.0209002494812012, 0.26606178283691406, 0.04381432756781578, -0.19294603168964386]","[336.0, 2.0, 1.0, 4.0, 10.0, 935.0]","[2.0, 0.0, 0.0, 8.0, 0.0, 503.0]","[0.11151216924190521, 0.29222702980041504, -0.2528025507926941, -0.0811392217874527, -1.130314588546753, -0.3444116413593292, 0.2248307466506958, -0.04794372245669365, -0.4766647517681122, 0.053425878286361694, -0.07496098428964615, 0.11451107263565063, -0.5058850646018982, -0.7857811450958252, 0.30000001192092896, 0.30000001192092896, 0.30000001192092896, 0.20000000298023224, 0.10000000149011612, 0.0, 0.8999999761581421, 0.8999999761581421, 0.8999999761581421, 0.8999999761581421, 0.800000011920929, 0.0]","[0.15200959146022797, 0.25300928950309753, -0.10735301673412323, 0.9849851131439209, -1.130314588546753, 0.004891235381364822, 0.1483989804983139, 0.19451764225959778, -0.15822604298591614, 0.18481041491031647, 1.0009002685546875, 0.2460617870092392, 0.023814328014850616, -0.21294602751731873]","[256.0, 0.2999999523162842, 0.30000001192092896, 0.20000004768371582, 0.10000038146972656, 855.0]","[0.8999999761581421, 0.8999999761581421, 0.8999999761581421, 0.9000000953674316, 0.800000011920929, 423.0]","[0.17190173268318176, 0.22042585909366608, -0.3028174042701721, 0.1404910683631897, -1.1858869791030884, -0.18224410712718964, 0.2931581139564514, 0.049315087497234344, -0.46731287240982056, 0.09048090130090714, -0.040422793477773666, 0.1941564381122589, -0.4273335039615631, -0.74903804063797, 0.30000001192092896, 0.29899999499320984, 0.29899999499320984, 0.19900000095367432, 1.0, 0.0, 0.8980000019073486, 0.8989999890327454, 0.8999999761581421, 0.8999999761581421, 0.8009999990463257, 0.0]","[0.11151216924190521, 0.29222702980041504, -0.2528025507926941, -0.0811392217874527, -1.130314588546753, -0.3444116413593292, 0.2248307466506958, -0.04794372245669365, -0.4766647517681122, 0.053425878286361694, -0.07496098428964615, 0.11451107263565063, -0.5058850646018982, -0.7857811450958252, 0.30000001192092896, 0.30000001192092896, 0.30000001192092896, 0.20000000298023224, 0.10000000149011612, 0.0, 0.8999999761581421, 0.8999999761581421, 0.8999999761581421, 0.8999999761581421, 0.800000011920929, 0.0]"
123,123,123,0.0,dataset,0.08600756699888734,False,"[0.17198561131954193, 0.23299731314182281, -0.08735302090644836, 1.0049731731414795, -1.1397716999053955, 0.024831315502524376, 0.12839898467063904, 0.2145056426525116, -0.13823804259300232, 0.20483437180519104, 1.0208882093429565, 0.2660498023033142, 0.04381432756781578, -0.1929100751876831]","[336.0, 2.0, 1.0, 4.0, 10.0, 935.0]","[2.0, 0.0, 0.0, 8.0, 0.0, 503.0]","[0.10814156383275986, 0.2911723554134369, -0.25289568305015564, -0.08029143512248993, -1.1305110454559326, -0.3457200825214386, 0.2224624752998352, -0.05044887587428093, -0.4747698903083801, 0.0558391772210598, -0.06617942452430725, 0.12153173238039017, -0.49546629190444946, -0.792997419834137, 0.30000001192092896, 0.30000001192092896, 0.30000001192092896, 0.20000000298023224, 0.10000000149011612, 0.0, 0.8999999761581421, 0.8999999761581421, 0.8999999761581421, 0.8999999761581421, 0.800000011920929, 0.0]","[0.15198561549186707, 0.2529973089694977, -0.10735301673412323, 0.9849731922149658, -1.1305110454559326, 0.004831315949559212, 0.1483989804983139, 0.19450564682483673, -0.15823803842067719, 0.18483437597751617, 1.0008882284164429, 0.24604980647563934, 0.023814328014850616, -0.21291007101535797]","[256.0, 0.2999999523162842, 0.30000001192092896, 0.20000004768371582, 0.10000038146972656, 855.0]","[0.8999999761581421, 0.8999999761581421, 0.8999999761581421, 0.9000000953674316, 0.800000011920929, 423.0]","[0.16401611268520355, 0.21985061466693878, -0.3036443293094635, 0.14040718972682953, -1.185899019241333, -0.18224410712718964, 0.2931341528892517, 0.045048702508211136, -0.4672050178050995, 0.09260211139917374, -0.0378941185772419, 0.1937130093574524, -0.4267582595348358, -0.7493975758552551, 0.30000001192092896, 0.29899999499320984, 0.29899999499320984, 0.19900000095367432, 1.0, 0.0, 0.8980000019073486, 0.8989999890327454, 0.8999999761581421, 0.8999999761581421, 0.8009999990463257, 0.0]","[0.10814156383275986, 0.2911723554134369, -0.25289568305015564, -0.08029143512248993, -1.1305110454559326, -0.3457200825214386, 0.2224624752998352, -0.05044887587428093, -0.4747698903083801, 0.0558391772210598, -0.06617942452430725, 0.12153173238039017, -0.49546629190444946, -0.792997419834137, 0.30000001192092896, 0.30000001192092896, 0.30000001192092896, 0.20000000298023224, 0.10000000149011612, 0.0, 0.8999999761581421, 0.8999999761581421, 0.8999999761581421, 0.8999999761581421, 0.800000011920929, 0.0]"
124,124,124,0.0,dataset,0.07362274399929447,False,"[0.17200958728790283, 0.23299731314182281, -0.08735302090644836, 1.0049971342086792, -1.1397477388381958, 0.024831315502524376, 0.12839898467063904, 0.2145056426525116, -0.13822604715824127, 0.20481041073799133, 1.020876169204712, 0.26606178283691406, 0.04381432756781578, -0.19292205572128296]","[336.0, 2.0, 1.0, 4.0, 10.0, 935.0]","[2.0, 1.0, 0.0, 8.0, 0.0, 503.0]","[0.10541021823883057, 0.29100900888442993, -0.253434419631958, -0.0795309990644455, -1.1298961639404297, -0.34565049409866333, 0.2210080474615097, -0.05301300436258316, -0.47115492820739746, 0.05912192165851593, -0.05734875425696373, 0.11949668079614639, -0.4920818507671356, -0.7987198829650879, 0.30000001192092896, 0.30000001192092896, 0.30000001192092896, 0.20000000298023224, 0.10000000149011612, 0.0, 0.8999999761581421, 0.8999999761581421, 0.8999999761581421, 0.8999999761581421, 0.800000011920929, 0.0]","[0.15200959146022797, 0.2529973089694977, -0.10735301673412323, 0.9849971532821655, -1.1298961639404297, 0.004831315949559212, 0.1483989804983139, 0.19450564682483673, -0.15822604298591614, 0.18481041491031647, 1.0008761882781982, 0.2460617870092392, 0.023814328014850616, -0.21292205154895782]","[256.0, 0.2999999523162842, 0.30000001192092896, 0.20000004768371582, 0.10000038146972656, 855.0]","[0.8999999761581421, 0.8999999761581421, 0.8999999761581421, 0.9000000953674316, 0.800000011920929, 423.0]","[0.15880297124385834, 0.21985061466693878, -0.3036203384399414, 0.14046710729599, -1.1859469413757324, -0.18223212659358978, 0.2931581139564514, 0.040638506412506104, -0.46706122159957886, 0.09269798547029495, -0.03230947256088257, 0.19370102882385254, -0.4249366521835327, -0.7499608397483826, 0.30000001192092896, 0.29899999499320984, 0.29899999499320984, 0.19900000095367432, 1.0, 0.0, 0.8980000019073486, 0.8989999890327454, 0.8999999761581421, 0.8999999761581421, 0.8009999990463257, 0.0]","[0.10541021823883057, 0.29100900888442993, -0.253434419631958, -0.0795309990644455, -1.1298961639404297, -0.34565049409866333, 0.2210080474615097, -0.05301300436258316, -0.47115492820739746, 0.05912192165851593, -0.05734875425696373, 0.11949668079614639, -0.4920818507671356, -0.7987198829650879, 0.30000001192092896, 0.30000001192092896, 0.30000001192092896, 0.20000000298023224, 0.10000000149011612, 0.0, 0.8999999761581421, 0.8999999761581421, 0.8999999761581421, 0.8999999761581421, 0.800000011920929, 0.0]"
125,125,125,0.0,dataset,0.05513819299994793,False,"[0.17199760675430298, 0.23299731314182281, -0.08735302090644836, 1.0049971342086792, -1.1397956609725952, 0.024843299761414528, 0.12838700413703918, 0.2145056426525116, -0.13822604715824127, 0.20483437180519104, 1.0208882093429565, 0.26606178283691406, 0.04381432756781578, -0.1929100751876831]","[336.0, 2.0, 1.0, 4.0, 10.0, 935.0]","[2.0, 0.0, 0.0, 8.0, 0.0, 503.0]","[0.10416219383478165, 0.29094982147216797, -0.2541124224662781, -0.07985000312328339, -1.1291298866271973, -0.34589189291000366, 0.22107188403606415, -0.054218411445617676, -0.469634085893631, 0.06114940717816353, -0.054096825420856476, 0.11646868288516998, -0.48983728885650635, -0.803898274898529, 0.30000001192092896, 0.30000001192092896, 0.30000001192092896, 0.20000000298023224, 0.10000000149011612, 0.0, 0.8999999761581421, 0.8999999761581421, 0.8999999761581421, 0.8999999761581421, 0.800000011920929, 0.0]","[0.1519976109266281, 0.2529973089694977, -0.10735301673412323, 0.9849971532821655, -1.1291298866271973, 0.004843300208449364, 0.14838699996471405, 0.19450564682483673, -0.15822604298591614, 0.18483437597751617, 1.0008882284164429, 0.2460617870092392, 0.023814328014850616, -0.21291007101535797]","[256.0, 0.2999999523162842, 0.30000001192092896, 0.20000004768371582, 0.10000038146972656, 855.0]","[0.8999999761581421, 0.8999999761581421, 0.8999999761581421, 0.9000000953674316, 0.800000011920929, 423.0]","[0.15650199353694916, 0.21985061466693878, -0.3036203384399414, 0.1404431313276291, -1.185958981513977, -0.18229204416275024, 0.29314613342285156, 0.036911413073539734, -0.4667975604534149, 0.09269798547029495, -0.02599378488957882, 0.19355721771717072, -0.4248647391796112, -0.7503323554992676, 0.30000001192092896, 0.29899999499320984, 0.29899999499320984, 0.19900000095367432, 1.0, 0.0, 0.8980000019073486, 0.8989999890327454, 0.8999999761581421, 0.8999999761581421, 0.8009999990463257, 0.0]","[0.10416219383478165, 0.29094982147216797, -0.2541124224662781, -0.07985000312328339, -1.1291298866271973, -0.34589189291000366, 0.22107188403606415, -0.054218411445617676, -0.469634085893631, 0.06114940717816353, -0.054096825420856476, 0.11646868288516998, -0.48983728885650635, -0.803898274898529, 0.30000001192092896, 0.30000001192092896, 0.30000001192092896, 0.20000000298023224, 0.10000000149011612, 0.0, 0.8999999761581421, 0.8999999761581421, 0.8999999761581421, 0.8999999761581421, 0.800000011920929, 0.0]"
126,126,126,0.0,dataset,0.08162264700149535,False,"[0.17198561131954193, 0.23299731314182281, -0.08735302090644836, 1.0049850940704346, -1.139819622039795, 0.024843299761414528, 0.12841098010540009, 0.21449366211891174, -0.13823804259300232, 0.20483437180519104, 1.0208882093429565, 0.2660498023033142, 0.04381432756781578, -0.1929100751876831]","[336.0, 2.0, 1.0, 4.0, 10.0, 935.0]","[2.0, 0.0, 0.0, 8.0, 0.0, 503.0]","[0.10229216516017914, 0.29190465807914734, -0.2576247453689575, -0.0828619971871376, -1.127593994140625, -0.3478969633579254, 0.22216713428497314, -0.05676404759287834, -0.46588462591171265, 0.06440690904855728, -0.04706917703151703, 0.11176403611898422, -0.4787345826625824, -0.8137997984886169, 0.30000001192092896, 0.30000001192092896, 0.30000001192092896, 0.20000000298023224, 0.10000000149011612, 0.0, 0.8999999761581421, 0.8999999761581421, 0.8999999761581421, 0.8999999761581421, 0.800000011920929, 0.0]","[0.15198561549186707, 0.2529973089694977, -0.10735301673412323, 0.9849851131439209, -1.127593994140625, 0.004843300208449364, 0.14841097593307495, 0.19449366629123688, -0.15823803842067719, 0.18483437597751617, 1.0008882284164429, 0.24604980647563934, 0.023814328014850616, -0.21291007101535797]","[256.0, 0.2999999523162842, 0.30000001192092896, 0.20000004768371582, 0.10000038146972656, 855.0]","[0.8999999761581421, 0.8999999761581421, 0.8999999761581421, 0.9000000953674316, 0.800000011920929, 423.0]","[0.15086941421031952, 0.21982663869857788, -0.3036203384399414, 0.14046710729599, -1.1859350204467773, -0.18231602013111115, 0.2931581139564514, 0.02865428291261196, -0.46546730399131775, 0.09267401695251465, -0.008904279209673405, 0.19354523718357086, -0.4223121106624603, -0.7556653022766113, 0.30000001192092896, 0.29899999499320984, 0.29899999499320984, 0.19900000095367432, 1.0, 0.0, 0.8980000019073486, 0.8989999890327454, 0.8999999761581421, 0.8999999761581421, 0.8009999990463257, 0.0]","[0.10229216516017914, 0.29190465807914734, -0.2576247453689575, -0.0828619971871376, -1.127593994140625, -0.3478969633579254, 0.22216713428497314, -0.05676404759287834, -0.46588462591171265, 0.06440690904855728, -0.04706917703151703, 0.11176403611898422, -0.4787345826625824, -0.8137997984886169, 0.30000001192092896, 0.30000001192092896, 0.30000001192092896, 0.20000000298023224, 0.10000000149011612, 0.0, 0.8999999761581421, 0.8999999761581421, 0.8999999761581421, 0.8999999761581421, 0.800000011920929, 0.0]"
127,127,127,0.0,dataset,0.08895146499889961,False,"[0.17199760675430298, 0.23299731314182281, -0.08735302090644836, 1.0049850940704346, -1.1397597789764404, 0.024843299761414528, 0.12839898467063904, 0.2145056426525116, -0.13823804259300232, 0.2048223912715912, 1.0209002494812012, 0.26606178283691406, 0.04381432756781578, -0.19292205572128296]","[336.0, 2.0, 1.0, 4.0, 10.0, 935.0]","[2.0, 1.0, 0.0, 8.0, 0.0, 503.0]","[0.10193947702646255, 0.2910999059677124, -0.2590605318546295, -0.08694060146808624, -1.12389075756073, -0.3480750024318695, 0.22376121580600739, -0.058437760919332504, -0.46267929673194885, 0.06851159036159515, -0.04082050919532776, 0.11386151611804962, -0.4822901487350464, -0.8123345375061035, 0.30000001192092896, 0.30000001192092896, 0.30000001192092896, 0.20000000298023224, 0.10000000149011612, 0.0, 0.8999999761581421, 0.8999999761581421, 0.8999999761581421, 0.8999999761581421, 0.800000011920929, 0.0]","[0.1519976109266281, 0.2529973089694977, -0.10735301673412323, 0.9849851131439209, -1.12389075756073, 0.004843300208449364, 0.1483989804983139, 0.19450564682483673, -0.15823803842067719, 0.18482239544391632, 1.0009002685546875, 0.2460617870092392, 0.023814328014850616, -0.21292205154895782]","[256.0, 0.2999999523162842, 0.30000001192092896, 0.20000004768371582, 0.10000038146972656, 855.0]","[0.8999999761581421, 0.8999999761581421, 0.8999999761581421, 0.9000000953674316, 0.800000011920929, 423.0]","[0.14689065515995026, 0.21988657116889954, -0.3036203384399414, 0.1404431313276291, -1.1858869791030884, -0.18233998119831085, 0.29314613342285156, 0.023752734065055847, -0.4637056291103363, 0.0926859974861145, 0.005452822428196669, 0.1935092806816101, -0.41661959886550903, -0.7637906074523926, 0.30000001192092896, 0.29899999499320984, 0.29899999499320984, 0.19900000095367432, 1.0, 0.0, 0.8980000019073486, 0.8989999890327454, 0.8999999761581421, 0.8999999761581421, 0.8009999990463257, 0.0]","[0.10193947702646255, 0.2910999059677124, -0.2590605318546295, -0.08694060146808624, -1.12389075756073, -0.3480750024318695, 0.22376121580600739, -0.058437760919332504, -0.46267929673194885, 0.06851159036159515, -0.04082050919532776, 0.11386151611804962, -0.4822901487350464, -0.8123345375061035, 0.30000001192092896, 0.30000001192092896, 0.30000001192092896, 0.20000000298023224, 0.10000000149011612, 0.0, 0.8999999761581421, 0.8999999761581421, 0.8999999761581421, 0.8999999761581421, 0.800000011920929, 0.0]"
128,128,128,0.0,dataset,0.07202044700170518,False,"[0.17198561131954193, 0.23299731314182281, -0.08735302090644836, 1.0049731731414795, -1.1397716999053955, 0.024831315502524376, 0.12841098010540009, 0.2145056426525116, -0.13825002312660217, 0.20483437180519104, 1.0208882093429565, 0.26606178283691406, 0.04380234330892563, -0.19292205572128296]","[336.0, 2.0, 1.0, 4.0, 10.0, 935.0]","[2.0, 1.0, 0.0, 8.0, 0.0, 503.0]","[0.097801573574543, 0.2920915186405182, -0.26234906911849976, -0.08965713530778885, -1.1226074695587158, -0.34974679350852966, 0.2261367291212082, -0.064647376537323, -0.4631465971469879, 0.07272858917713165, -0.03634825348854065, 0.11610400676727295, -0.48343780636787415, -0.8110625743865967, 0.30000001192092896, 0.30000001192092896, 0.30000001192092896, 0.20000000298023224, 0.10000000149011612, 0.0, 0.8999999761581421, 0.8999999761581421, 0.8999999761581421, 0.8999999761581421, 0.800000011920929, 0.0]","[0.15198561549186707, 0.2529973089694977, -0.10735301673412323, 0.9849731922149658, -1.1226074695587158, 0.004831315949559212, 0.14841097593307495, 0.19450564682483673, -0.15825001895427704, 0.18483437597751617, 1.0008882284164429, 0.2460617870092392, 0.023802343755960464, -0.21292205154895782]","[256.0, 0.2999999523162842, 0.30000001192092896, 0.20000004768371582, 0.10000038146972656, 855.0]","[0.8999999761581421, 0.8999999761581421, 0.8999999761581421, 0.9000000953674316, 0.800000011920929, 423.0]","[0.14487729966640472, 0.21988657116889954, -0.3036443293094635, 0.14040718972682953, -1.185839056968689, -0.18250776827335358, 0.29314613342285156, 0.01883920282125473, -0.4621836245059967, 0.0926859974861145, 0.01690974272787571, 0.1935092806816101, -0.4147500693798065, -0.7690157294273376, 0.30000001192092896, 0.29899999499320984, 0.29899999499320984, 0.19900000095367432, 1.0, 0.0, 0.8980000019073486, 0.8989999890327454, 0.8999999761581421, 0.8999999761581421, 0.8009999990463257, 0.0]","[0.097801573574543, 0.2920915186405182, -0.26234906911849976, -0.08965713530778885, -1.1226074695587158, -0.34974679350852966, 0.2261367291212082, -0.064647376537323, -0.4631465971469879, 0.07272858917713165, -0.03634825348854065, 0.11610400676727295, -0.48343780636787415, -0.8110625743865967, 0.30000001192092896, 0.30000001192092896, 0.30000001192092896, 0.20000000298023224, 0.10000000149011612, 0.0, 0.8999999761581421, 0.8999999761581421, 0.8999999761581421, 0.8999999761581421, 0.800000011920929, 0.0]"
129,129,129,0.0,dataset,0.07724137600052927,False,"[0.17198561131954193, 0.23299731314182281, -0.08735302090644836, 1.0049850940704346, -1.1397837400436401, 0.024843299761414528, 0.12839898467063904, 0.2145056426525116, -0.13823804259300232, 0.20485834777355194, 1.0209002494812012, 0.2660498023033142, 0.04382631182670593, -0.19292205572128296]","[336.0, 2.0, 1.0, 4.0, 10.0, 935.0]","[2.0, 1.0, 0.0, 8.0, 0.0, 503.0]","[0.09051939100027084, 0.29252108931541443, -0.26717281341552734, -0.08927662670612335, -1.1220909357070923, -0.35138657689094543, 0.22662121057510376, -0.07689645141363144, -0.46443745493888855, 0.07986921072006226, -0.029543206095695496, 0.11654680222272873, -0.4803313910961151, -0.8099233508110046, 0.30000001192092896, 0.30000001192092896, 0.30000001192092896, 0.20000000298023224, 0.10000000149011612, 0.0, 0.8999999761581421, 0.8999999761581421, 0.8999999761581421, 0.8999999761581421, 0.800000011920929, 0.0]","[0.15198561549186707, 0.2529973089694977, -0.10735301673412323, 0.9849851131439209, -1.1220909357070923, 0.004843300208449364, 0.1483989804983139, 0.19450564682483673, -0.15823803842067719, 0.18485835194587708, 1.0009002685546875, 0.24604980647563934, 0.02382631227374077, -0.21292205154895782]","[256.0, 0.2999999523162842, 0.30000001192092896, 0.20000004768371582, 0.10000038146972656, 855.0]","[0.8999999761581421, 0.8999999761581421, 0.8999999761581421, 0.9000000953674316, 0.800000011920929, 423.0]","[0.14130599796772003, 0.21986259520053864, -0.30383604764938354, 0.14035925269126892, -1.1858031749725342, -0.1829032450914383, 0.2931581139564514, 0.013278521597385406, -0.461931973695755, 0.09269798547029495, 0.024519724771380424, 0.1935092806816101, -0.4133838713169098, -0.770993173122406, 0.30000001192092896, 0.29899999499320984, 0.29899999499320984, 0.19900000095367432, 1.0, 0.0, 0.8980000019073486, 0.8989999890327454, 0.8999999761581421, 0.8999999761581421, 0.8009999990463257, 0.0]","[0.09051939100027084, 0.29252108931541443, -0.26717281341552734, -0.08927662670612335, -1.1220909357070923, -0.35138657689094543, 0.22662121057510376, -0.07689645141363144, -0.46443745493888855, 0.07986921072006226, -0.029543206095695496, 0.11654680222272873, -0.4803313910961151, -0.8099233508110046, 0.30000001192092896, 0.30000001192092896, 0.30000001192092896, 0.20000000298023224, 0.10000000149011612, 0.0, 0.8999999761581421, 0.8999999761581421, 0.8999999761581421, 0.8999999761581421, 0.800000011920929, 0.0]"
130,130,130,0.0,dataset,0.07780429100057518,False,"[0.17199760675430298, 0.23299731314182281, -0.08735302090644836, 1.0049850940704346, -1.1398077011108398, 0.02485528402030468, 0.12839898467063904, 0.2144816815853119, -0.13823804259300232, 0.2048463672399521, 1.0208882093429565, 0.2660498023033142, 0.04381432756781578, -0.19289809465408325]","[336.0, 2.0, 1.0, 4.0, 10.0, 935.0]","[2.0, 1.0, 0.0, 8.0, 0.0, 503.0]","[0.08505956828594208, 0.29224973917007446, -0.27030301094055176, -0.08713573962450027, -1.12211012840271, -0.3523465096950531, 0.22674863040447235, -0.08723180741071701, -0.4658174216747284, 0.08395139127969742, -0.02394735813140869, 0.12145570665597916, -0.48075664043426514, -0.8024261593818665, 0.30000001192092896, 0.30000001192092896, 0.30000001192092896, 0.20000000298023224, 0.10000000149011612, 0.0, 0.8999999761581421, 0.8999999761581421, 0.8999999761581421, 0.8999999761581421, 0.800000011920929, 0.0]","[0.1519976109266281, 0.2529973089694977, -0.10735301673412323, 0.9849851131439209, -1.12211012840271, 0.004855284467339516, 0.1483989804983139, 0.19448168575763702, -0.15823803842067719, 0.18484637141227722, 1.0008882284164429, 0.24604980647563934, 0.023814328014850616, -0.21289809048175812]","[256.0, 0.2999999523162842, 0.30000001192092896, 0.20000004768371582, 0.10000038146972656, 855.0]","[0.8999999761581421, 0.8999999761581421, 0.8999999761581421, 0.9000000953674316, 0.800000011920929, 423.0]","[0.1380942314863205, 0.2198745757341385, -0.304171621799469, 0.14045512676239014, -1.1858750581741333, -0.18301109969615936, 0.2932060658931732, 0.010090718045830727, -0.4618840217590332, 0.0938604548573494, 0.0246755201369524, 0.19358119368553162, -0.4129764139652252, -0.7710291147232056, 0.30000001192092896, 0.29899999499320984, 0.29899999499320984, 0.19900000095367432, 1.0, 0.0, 0.8980000019073486, 0.8989999890327454, 0.8999999761581421, 0.8999999761581421, 0.8009999990463257, 0.0]","[0.08505956828594208, 0.29224973917007446, -0.27030301094055176, -0.08713573962450027, -1.12211012840271, -0.3523465096950531, 0.22674863040447235, -0.08723180741071701, -0.4658174216747284, 0.08395139127969742, -0.02394735813140869, 0.12145570665597916, -0.48075664043426514, -0.8024261593818665, 0.30000001192092896, 0.30000001192092896, 0.30000001192092896, 0.20000000298023224, 0.10000000149011612, 0.0, 0.8999999761581421, 0.8999999761581421, 0.8999999761581421, 0.8999999761581421, 0.800000011920929, 0.0]"
131,131,131,0.0,dataset,0.06813623200105212,False,"[0.17197363078594208, 0.23299731314182281, -0.08735302090644836, 1.0050090551376343, -1.139819622039795, 0.024843299761414528, 0.12839898467063904, 0.21449366211891174, -0.13823804259300232, 0.20481041073799133, 1.0208882093429565, 0.2660498023033142, 0.04380234330892563, -0.19292205572128296]","[336.0, 2.0, 1.0, 4.0, 10.0, 935.0]","[2.0, 1.0, 0.0, 8.0, 0.0, 503.0]","[0.08124770224094391, 0.2921220064163208, -0.27124395966529846, -0.08570308983325958, -1.1226592063903809, -0.35185176134109497, 0.22661808133125305, -0.09567556530237198, -0.4673118591308594, 0.08632969856262207, -0.020376985892653465, 0.1295255869626999, -0.48060286045074463, -0.7915452122688293, 0.30000001192092896, 0.30000001192092896, 0.30000001192092896, 0.20000000298023224, 0.10000000149011612, 0.0, 0.8999999761581421, 0.8999999761581421, 0.8999999761581421, 0.8999999761581421, 0.800000011920929, 0.0]","[0.1519736349582672, 0.2529973089694977, -0.10735301673412323, 0.9850090742111206, -1.1226592063903809, 0.004843300208449364, 0.1483989804983139, 0.19449366629123688, -0.15823803842067719, 0.18481041491031647, 1.0008882284164429, 0.24604980647563934, 0.023802343755960464, -0.21292205154895782]","[256.0, 0.2999999523162842, 0.30000001192092896, 0.20000004768371582, 0.10000038146972656, 855.0]","[0.8999999761581421, 0.8999999761581421, 0.8999999761581421, 0.9000000953674316, 0.800000011920929, 423.0]","[0.13496634364128113, 0.21985061466693878, -0.30535805225372314, 0.14041917026042938, -1.1858750581741333, -0.1829991191625595, 0.29321804642677307, 0.006195844616740942, -0.46187204122543335, 0.09634118527173996, 0.02502306178212166, 0.19356921315193176, -0.41182592511177063, -0.7709811329841614, 0.30000001192092896, 0.29899999499320984, 0.29899999499320984, 0.19900000095367432, 1.0, 0.0, 0.8980000019073486, 0.8989999890327454, 0.8999999761581421, 0.8999999761581421, 0.8009999990463257, 0.0]","[0.08124770224094391, 0.2921220064163208, -0.27124395966529846, -0.08570308983325958, -1.1226592063903809, -0.35185176134109497, 0.22661808133125305, -0.09567556530237198, -0.4673118591308594, 0.08632969856262207, -0.020376985892653465, 0.1295255869626999, -0.48060286045074463, -0.7915452122688293, 0.30000001192092896, 0.30000001192092896, 0.30000001192092896, 0.20000000298023224, 0.10000000149011612, 0.0, 0.8999999761581421, 0.8999999761581421, 0.8999999761581421, 0.8999999761581421, 0.800000011920929, 0.0]"
132,132,132,0.0,dataset,0.07577426200077753,False,"[0.17199760675430298, 0.23299731314182281, -0.08734103292226791, 1.0049971342086792, -1.139819622039795, 0.024843299761414528, 0.12839898467063904, 0.2145056426525116, -0.13826200366020203, 0.2048223912715912, 1.0209002494812012, 0.26603782176971436, 0.04381432756781578, -0.19292205572128296]","[336.0, 2.0, 1.0, 4.0, 10.0, 935.0]","[2.0, 0.0, 0.0, 8.0, 0.0, 503.0]","[0.07764361798763275, 0.29195094108581543, -0.2711459994316101, -0.08608724921941757, -1.1222566366195679, -0.3487328588962555, 0.22768622636795044, -0.10556597262620926, -0.4670692980289459, 0.08817793428897858, -0.01777074858546257, 0.13620267808437347, -0.47359415888786316, -0.7793892025947571, 0.30000001192092896, 0.30000001192092896, 0.30000001192092896, 0.20000000298023224, 0.10000000149011612, 0.0, 0.8999999761581421, 0.8999999761581421, 0.8999999761581421, 0.8999999761581421, 0.800000011920929, 0.0]","[0.1519976109266281, 0.2529973089694977, -0.10734103620052338, 0.9849971532821655, -1.1222566366195679, 0.004843300208449364, 0.1483989804983139, 0.19450564682483673, -0.1582619994878769, 0.18482239544391632, 1.0009002685546875, 0.2460378259420395, 0.023814328014850616, -0.21292205154895782]","[256.0, 0.2999999523162842, 0.30000001192092896, 0.20000004768371582, 0.10000038146972656, 855.0]","[0.8999999761581421, 0.8999999761581421, 0.8999999761581421, 0.9000000953674316, 0.800000011920929, 423.0]","[0.13158679008483887, 0.21983863413333893, -0.3066643476486206, 0.1404431313276291, -1.1858750581741333, -0.1829991191625595, 0.2932060658931732, -0.0011984225129708648, -0.4618840217590332, 0.09936121106147766, 0.027635622769594193, 0.19360515475273132, -0.4111548066139221, -0.7708972692489624, 0.30000001192092896, 0.29899999499320984, 0.29899999499320984, 0.19900000095367432, 1.0, 0.0, 0.8980000019073486, 0.8989999890327454, 0.8999999761581421, 0.8999999761581421, 0.8009999990463257, 0.0]","[0.07764361798763275, 0.29195094108581543, -0.2711459994316101, -0.08608724921941757, -1.1222566366195679, -0.3487328588962555, 0.22768622636795044, -0.10556597262620926, -0.4670692980289459, 0.08817793428897858, -0.01777074858546257, 0.13620267808437347, -0.47359415888786316, -0.7793892025947571, 0.30000001192092896, 0.30000001192092896, 0.30000001192092896, 0.20000000298023224, 0.10000000149011612, 0.0, 0.8999999761581421, 0.8999999761581421, 0.8999999761581421, 0.8999999761581421, 0.800000011920929, 0.0]"
133,133,133,0.0,dataset,0.06654349999917031,False,"[0.17197363078594208, 0.23299731314182281, -0.08735302090644836, 1.0049850940704346, -1.1397597789764404, 0.02485528402030468, 0.12839898467063904, 0.2145056426525116, -0.13823804259300232, 0.20481041073799133, 1.0208882093429565, 0.26603782176971436, 0.04382631182670593, -0.1929340362548828]","[336.0, 2.0, 1.0, 4.0, 10.0, 935.0]","[2.0, 0.0, 0.0, 8.0, 0.0, 503.0]","[0.07479017227888107, 0.29148927330970764, -0.27104276418685913, -0.08728956431150436, -1.121165156364441, -0.3457268476486206, 0.23048049211502075, -0.11385998129844666, -0.46593785285949707, 0.09176871925592422, -0.0129845617339015, 0.13265223801136017, -0.46754106879234314, -0.7774347066879272, 0.30000001192092896, 0.30000001192092896, 0.30000001192092896, 0.20000000298023224, 0.10000000149011612, 0.0, 0.7870588302612305, 0.7870588302612305, 0.7870588302612305, 0.7682352662086487, 0.6682353019714355, 0.0]","[0.1519736349582672, 0.2529973089694977, -0.10735301673412323, 0.9849851131439209, -1.121165156364441, 0.004855284467339516, 0.1483989804983139, 0.19450564682483673, -0.15823803842067719, 0.18481041491031647, 1.0008882284164429, 0.2460378259420395, 0.02382631227374077, -0.21293403208255768]","[256.0, 0.2999999523162842, 0.30000001192092896, 0.20000004768371582, 0.10000038146972656, 855.0]","[0.7870588302612305, 0.7870588302612305, 0.7870588302612305, 0.7682352066040039, 0.6682353019714355, 423.0]","[0.12772786617279053, 0.21979069709777832, -0.30837807059288025, 0.14043115079402924, -1.1858510971069336, -0.1829511821269989, 0.2932060658931732, -0.00860467366874218, -0.4618840217590332, 0.09936121106147766, 0.028067056089639664, 0.1941085010766983, -0.40809881687164307, -0.7707534432411194, 0.30000001192092896, 0.29899999499320984, 0.29899999499320984, 0.19900000095367432, 1.0, 0.0, 0.8980000019073486, 0.8989999890327454, 0.8999999761581421, 0.8999999761581421, 0.8009999990463257, 0.0]","[0.07479017227888107, 0.29148927330970764, -0.27104276418685913, -0.08728956431150436, -1.121165156364441, -0.3457268476486206, 0.23048049211502075, -0.11385998129844666, -0.46593785285949707, 0.09176871925592422, -0.0129845617339015, 0.13265223801136017, -0.46754106879234314, -0.7774347066879272, 0.30000001192092896, 0.30000001192092896, 0.30000001192092896, 0.20000000298023224, 0.10000000149011612, 0.0, 0.7870588302612305, 0.7870588302612305, 0.7870588302612305, 0.7682352662086487, 0.6682353019714355, 0.0]"
134,134,134,0.0,dataset,0.07014320100097393,False,"[0.17199760675430298, 0.23299731314182281, -0.08734103292226791, 1.0049850940704346, -1.1397597789764404, 0.024843299761414528, 0.12839898467063904, 0.2145056426525116, -0.13825002312660217, 0.20481041073799133, 1.0209002494812012, 0.2660498023033142, 0.04380234330892563, -0.19292205572128296]","[336.0, 2.0, 1.0, 4.0, 10.0, 935.0]","[2.0, 0.0, 0.0, 8.0, 0.0, 503.0]","[0.07359477877616882, 0.29076844453811646, -0.27126801013946533, -0.08553049713373184, -1.1210519075393677, -0.3462980389595032, 0.2306848019361496, -0.11955876648426056, -0.46642470359802246, 0.09408381581306458, -0.007966630160808563, 0.13034279644489288, -0.462467223405838, -0.7734056711196899, 0.30000001192092896, 0.30000001192092896, 0.30000001192092896, 0.20000000298023224, 0.10000000149011612, 0.0, 0.5588235259056091, 0.5588235259056091, 0.5588235259056091, 0.5019607543945312, 0.4019607603549957, 0.0]","[0.1519976109266281, 0.2529973089694977, -0.10734103620052338, 0.9849851131439209, -1.1210519075393677, 0.004843300208449364, 0.1483989804983139, 0.19450564682483673, -0.15825001895427704, 0.18481041491031647, 1.0009002685546875, 0.24604980647563934, 0.023802343755960464, -0.21292205154895782]","[256.0, 0.2999999523162842, 0.30000001192092896, 0.20000004768371582, 0.10000038146972656, 855.0]","[0.5588235855102539, 0.5588235259056091, 0.5588235259056091, 0.5019607543945312, 0.4019607603549957, 423.0]","[0.12380903214216232, 0.21963489055633545, -0.30972030758857727, 0.14043115079402924, -1.1858750581741333, -0.18296316266059875, 0.29321804642677307, -0.018431738018989563, -0.4618360996246338, 0.09936121106147766, 0.029756831005215645, 0.19421635568141937, -0.4052945077419281, -0.7706815600395203, 0.30000001192092896, 0.29899999499320984, 0.29899999499320984, 0.19900000095367432, 1.0, 0.0, 0.8980000019073486, 0.8989999890327454, 0.8999999761581421, 0.8999999761581421, 0.8009999990463257, 0.0]","[0.07359477877616882, 0.29076844453811646, -0.27126801013946533, -0.08553049713373184, -1.1210519075393677, -0.3462980389595032, 0.2306848019361496, -0.11955876648426056, -0.46642470359802246, 0.09408381581306458, -0.007966630160808563, 0.13034279644489288, -0.462467223405838, -0.7734056711196899, 0.30000001192092896, 0.30000001192092896, 0.30000001192092896, 0.20000000298023224, 0.10000000149011612, 0.0, 0.5588235259056091, 0.5588235259056091, 0.5588235259056091, 0.5019607543945312, 0.4019607603549957, 0.0]"
135,135,135,0.0,dataset,0.06245354499878886,False,"[0.17198561131954193, 0.23300929367542267, -0.08735302090644836, 1.0049850940704346, -1.1397477388381958, 0.024843299761414528, 0.12841098010540009, 0.21449366211891174, -0.13823804259300232, 0.20481041073799133, 1.0209002494812012, 0.2660258412361145, 0.04381432756781578, -0.1929340362548828]","[336.0, 2.0, 1.0, 4.0, 10.0, 935.0]","[2.0, 1.0, 0.0, 8.0, 0.0, 503.0]","[0.0741158276796341, 0.28977277874946594, -0.26984402537345886, -0.08360075950622559, -1.1199997663497925, -0.34461113810539246, 0.2303154617547989, -0.12370657175779343, -0.4676719009876251, 0.09510122239589691, -0.005082446150481701, 0.1271032840013504, -0.4584246277809143, -0.7694164514541626, 0.30000001192092896, 0.30000001192092896, 0.30000001192092896, 0.20000000298023224, 0.10000000149011612, 0.0, 0.3211764693260193, 0.3211764693260193, 0.3211764693260193, 0.22470587491989136, 0.12470588088035583, 0.0]","[0.15198561549186707, 0.25300928950309753, -0.10735301673412323, 0.9849851131439209, -1.1199997663497925, 0.004843300208449364, 0.14841097593307495, 0.19449366629123688, -0.15823803842067719, 0.18481041491031647, 1.0009002685546875, 0.24602584540843964, 0.023814328014850616, -0.21293403208255768]","[256.0, 0.2999999523162842, 0.30000001192092896, 0.20000004768371582, 0.10000038146972656, 855.0]","[0.32117652893066406, 0.3211764693260193, 0.3211764693260193, 0.22470569610595703, 0.12470588088035583, 423.0]","[0.11956661194562912, 0.21952703595161438, -0.3112063705921173, 0.14041917026042938, -1.1858869791030884, -0.18296316266059875, 0.29319408535957336, -0.029589051380753517, -0.46191996335983276, 0.09936121106147766, 0.031434621661901474, 0.19422833621501923, -0.4008243978023529, -0.7704898118972778, 0.30000001192092896, 0.29899999499320984, 0.29899999499320984, 0.19900000095367432, 1.0, 0.0, 0.8980000019073486, 0.8989999890327454, 0.8999999761581421, 0.8999999761581421, 0.8009999990463257, 0.0]","[0.0741158276796341, 0.28977277874946594, -0.26984402537345886, -0.08360075950622559, -1.1199997663497925, -0.34461113810539246, 0.2303154617547989, -0.12370657175779343, -0.4676719009876251, 0.09510122239589691, -0.005082446150481701, 0.1271032840013504, -0.4584246277809143, -0.7694164514541626, 0.30000001192092896, 0.30000001192092896, 0.30000001192092896, 0.20000000298023224, 0.10000000149011612, 0.0, 0.3211764693260193, 0.3211764693260193, 0.3211764693260193, 0.22470587491989136, 0.12470588088035583, 0.0]"
136,136,136,0.0,dataset,0.06967348499892978,False,"[0.17199760675430298, 0.23299731314182281, -0.08735302090644836, 1.0049850940704346, -1.1397716999053955, 0.024843299761414528, 0.12841098010540009, 0.21451763808727264, -0.13822604715824127, 0.20483437180519104, 1.0209002494812012, 0.2660498023033142, 0.04382631182670593, -0.19292205572128296]","[336.0, 2.0, 1.0, 4.0, 10.0, 935.0]","[2.0, 1.0, 0.0, 8.0, 0.0, 503.0]","[0.07445412129163742, 0.28965964913368225, -0.2688659429550171, -0.08309827744960785, -1.1199512481689453, -0.342642605304718, 0.23088498413562775, -0.12556712329387665, -0.4675917625427246, 0.09562435746192932, -0.003763355314731598, 0.12551100552082062, -0.45922455191612244, -0.7673038244247437, 0.30000001192092896, 0.30000001192092896, 0.30000001192092896, 0.20000000298023224, 0.10000000149011612, 0.0, 0.30000001192092896, 0.30000001192092896, 0.30000001192092896, 0.20000000298023224, 0.10000000149011612, 0.0]","[0.1519976109266281, 0.2529973089694977, -0.10735301673412323, 0.9849851131439209, -1.1199512481689453, 0.004843300208449364, 0.14841097593307495, 0.19451764225959778, -0.15822604298591614, 0.18483437597751617, 1.0009002685546875, 0.24604980647563934, 0.02382631227374077, -0.21292205154895782]","[256.0, 0.2999999523162842, 0.30000001192092896, 0.20000004768371582, 0.10000038146972656, 855.0]","[0.2999999523162842, 0.30000001192092896, 0.30000001192092896, 0.19999980926513672, 0.10000000149011612, 423.0]","[0.1167503222823143, 0.21867616474628448, -0.3122849464416504, 0.14043115079402924, -1.185910940170288, -0.18296316266059875, 0.29319408535957336, -0.03538941591978073, -0.46189600229263306, 0.10037986934185028, 0.0337236113846302, 0.19421635568141937, -0.3987990617752075, -0.7688959240913391, 0.30000001192092896, 0.29899999499320984, 0.29899999499320984, 0.19900000095367432, 1.0, 0.0, 0.8980000019073486, 0.8989999890327454, 0.8999999761581421, 0.8999999761581421, 0.8009999990463257, 0.0]","[0.07445412129163742, 0.28965964913368225, -0.2688659429550171, -0.08309827744960785, -1.1199512481689453, -0.342642605304718, 0.23088498413562775, -0.12556712329387665, -0.4675917625427246, 0.09562435746192932, -0.003763355314731598, 0.12551100552082062, -0.45922455191612244, -0.7673038244247437, 0.30000001192092896, 0.30000001192092896, 0.30000001192092896, 0.20000000298023224, 0.10000000149011612, 0.0, 0.30000001192092896, 0.30000001192092896, 0.30000001192092896, 0.20000000298023224, 0.10000000149011612, 0.0]"
137,137,137,0.0,dataset,0.07524122900031216,False,"[0.17198561131954193, 0.23299731314182281, -0.08735302090644836, 1.0049971342086792, -1.1397597789764404, 0.02485528402030468, 0.12839898467063904, 0.21449366211891174, -0.13822604715824127, 0.2048223912715912, 1.020876169204712, 0.2660498023033142, 0.04381432756781578, -0.1929100751876831]","[336.0, 2.0, 1.0, 4.0, 10.0, 935.0]","[2.0, 1.0, 0.0, 8.0, 0.0, 503.0]","[0.07493766397237778, 0.2892315983772278, -0.26678839325904846, -0.08402466028928757, -1.1185758113861084, -0.33876681327819824, 0.2318153977394104, -0.12662695348262787, -0.4672083556652069, 0.09622006118297577, -0.0020963423885405064, 0.12444201856851578, -0.46093952655792236, -0.7667520642280579, 0.30000001192092896, 0.30000001192092896, 0.30000001192092896, 0.20000000298023224, 0.10000000149011612, 0.0, 0.30000001192092896, 0.30000001192092896, 0.30000001192092896, 0.20000000298023224, 0.10000000149011612, 0.0]","[0.15198561549186707, 0.2529973089694977, -0.10735301673412323, 0.9849971532821655, -1.1197597980499268, 0.004855284467339516, 0.1483989804983139, 0.19449366629123688, -0.15822604298591614, 0.18482239544391632, 1.0008761882781982, 0.24604980647563934, 0.023814328014850616, -0.21291007101535797]","[256.0, 0.2999999523162842, 0.30000001192092896, 0.20000004768371582, 0.10000038146972656, 855.0]","[0.2999999523162842, 0.30000001192092896, 0.30000001192092896, 0.19999980926513672, 0.10000000149011612, 423.0]","[0.11476094275712967, 0.21504493057727814, -0.31229692697525024, 0.1404431313276291, -1.185910940170288, -0.18296316266059875, 0.2932300269603729, -0.0381937250494957, -0.46187204122543335, 0.10235726833343506, 0.03618037700653076, 0.19416841864585876, -0.3977324664592743, -0.7675297260284424, 0.30000001192092896, 0.29899999499320984, 0.29899999499320984, 0.19900000095367432, 1.0, 0.0, 0.8859999775886536, 0.890999972820282, 0.890999972820282, 0.8880000114440918, 0.7910000085830688, 0.0]","[0.07493766397237778, 0.2892315983772278, -0.26678839325904846, -0.08402466028928757, -1.1185758113861084, -0.33876681327819824, 0.2318153977394104, -0.12662695348262787, -0.4672083556652069, 0.09622006118297577, -0.0020963423885405064, 0.12444201856851578, -0.46093952655792236, -0.7667520642280579, 0.30000001192092896, 0.30000001192092896, 0.30000001192092896, 0.20000000298023224, 0.10000000149011612, 0.0, 0.30000001192092896, 0.30000001192092896, 0.30000001192092896, 0.20000000298023224, 0.10000000149011612, 0.0]"
138,138,138,0.0,dataset,0.09075723700152594,False,"[0.17199760675430298, 0.23299731314182281, -0.08735302090644836, 1.0049731731414795, -1.1397716999053955, 0.02485528402030468, 0.12839898467063904, 0.21451763808727264, -0.13825002312660217, 0.2048223912715912, 1.0208882093429565, 0.26601386070251465, 0.04382631182670593, -0.1929100751876831]","[336.0, 2.0, 1.0, 4.0, 10.0, 935.0]","[2.0, 1.0, 0.0, 8.0, 0.0, 503.0]","[0.07622247189283371, 0.28944432735443115, -0.26445332169532776, -0.08393116295337677, -1.1167659759521484, -0.33536794781684875, 0.230998694896698, -0.1277574598789215, -0.4662409722805023, 0.095183826982975, -0.0018496328266337514, 0.12346090376377106, -0.4602033495903015, -0.7661864757537842, 0.30000001192092896, 0.30000001192092896, 0.30000001192092896, 0.20000000298023224, 0.10000000149011612, 0.0, 0.30000001192092896, 0.30000001192092896, 0.30000001192092896, 0.20000000298023224, 0.10000000149011612, 0.0]","[0.1519976109266281, 0.2529973089694977, -0.10735301673412323, 0.9849731922149658, -1.1197717189788818, 0.004855284467339516, 0.1483989804983139, 0.19451764225959778, -0.15825001895427704, 0.18482239544391632, 1.0008882284164429, 0.24601386487483978, 0.02382631227374077, -0.21291007101535797]","[256.0, 0.2999999523162842, 0.30000001192092896, 0.20000004768371582, 0.10000038146972656, 855.0]","[0.2999999523162842, 0.30000001192092896, 0.30000001192092896, 0.19999980926513672, 0.10000000149011612, 423.0]","[0.11464110016822815, 0.2130555510520935, -0.3124886751174927, 0.14040718972682953, -1.1857432126998901, -0.18293920159339905, 0.29321804642677307, -0.04038684070110321, -0.4618840217590332, 0.10694722831249237, 0.039631832391023636, 0.1940845251083374, -0.39659395813941956, -0.7669305205345154, 0.30000001192092896, 0.29899999499320984, 0.29899999499320984, 0.19900000095367432, 1.0, 0.0, 0.8360000252723694, 0.8460000157356262, 0.847000002861023, 0.8450000286102295, 0.7549999952316284, 0.0]","[0.07622247189283371, 0.28944432735443115, -0.26445332169532776, -0.08393116295337677, -1.1167659759521484, -0.33536794781684875, 0.230998694896698, -0.1277574598789215, -0.4662409722805023, 0.095183826982975, -0.0018496328266337514, 0.12346090376377106, -0.4602033495903015, -0.7661864757537842, 0.30000001192092896, 0.30000001192092896, 0.30000001192092896, 0.20000000298023224, 0.10000000149011612, 0.0, 0.30000001192092896, 0.30000001192092896, 0.30000001192092896, 0.20000000298023224, 0.10000000149011612, 0.0]"
139,139,139,0.0,dataset,0.062372241000048234,False,"[0.17198561131954193, 0.23299731314182281, -0.08732905238866806, 1.0049731731414795, -1.1398077011108398, 0.024843299761414528, 0.12839898467063904, 0.21451763808727264, -0.13822604715824127, 0.2048223912715912, 1.020876169204712, 0.26603782176971436, 0.04381432756781578, -0.1929100751876831]","[336.0, 2.0, 1.0, 4.0, 10.0, 935.0]","[2.0, 0.0, 0.0, 8.0, 0.0, 503.0]","[0.07654435187578201, 0.290061354637146, -0.2623951733112335, -0.08392223715782166, -1.1160848140716553, -0.33213701844215393, 0.22993402183055878, -0.12737417221069336, -0.4647398293018341, 0.09418153017759323, -0.0019728336483240128, 0.12401483207941055, -0.462386816740036, -0.7666579484939575, 0.30000001192092896, 0.30000001192092896, 0.30000001192092896, 0.20000000298023224, 0.10000000149011612, 0.0, 0.30000001192092896, 0.30000001192092896, 0.30000001192092896, 0.20000000298023224, 0.10000000149011612, 0.0]","[0.15198561549186707, 0.2529973089694977, -0.10732905566692352, 0.9849731922149658, -1.1198077201843262, 0.004843300208449364, 0.1483989804983139, 0.19451764225959778, -0.15822604298591614, 0.18482239544391632, 1.0008761882781982, 0.2460378259420395, 0.023814328014850616, -0.21291007101535797]","[256.0, 0.2999999523162842, 0.30000001192092896, 0.20000004768371582, 0.10000038146972656, 855.0]","[0.2999999523162842, 0.30000001192092896, 0.30000001192092896, 0.19999980926513672, 0.10000000149011612, 423.0]","[0.11444935202598572, 0.21301960945129395, -0.3125605881214142, 0.1404431313276291, -1.1856952905654907, -0.1829511821269989, 0.2932420074939728, -0.04295146465301514, -0.4618121087551117, 0.11027883738279343, 0.04198073968291283, 0.1940126270055771, -0.3954075276851654, -0.7667747139930725, 0.30000001192092896, 0.29899999499320984, 0.29899999499320984, 0.19900000095367432, 1.0, 0.0, 0.8360000252723694, 0.8460000157356262, 0.847000002861023, 0.8450000286102295, 0.7549999952316284, 0.0]","[0.07654435187578201, 0.290061354637146, -0.2623951733112335, -0.08392223715782166, -1.1160848140716553, -0.33213701844215393, 0.22993402183055878, -0.12737417221069336, -0.4647398293018341, 0.09418153017759323, -0.0019728336483240128, 0.12401483207941055, -0.462386816740036, -0.7666579484939575, 0.30000001192092896, 0.30000001192092896, 0.30000001192092896, 0.20000000298023224, 0.10000000149011612, 0.0, 0.30000001192092896, 0.30000001192092896, 0.30000001192092896, 0.20000000298023224, 0.10000000149011612, 0.0]"
140,140,140,0.0,dataset,0.09381972899973334,False,"[0.17199760675430298, 0.23299731314182281, -0.08735302090644836, 1.0049731731414795, -1.1397477388381958, 0.024843299761414528, 0.12838700413703918, 0.21449366211891174, -0.13821406662464142, 0.2048223912715912, 1.0208522081375122, 0.2660498023033142, 0.04381432756781578, -0.19292205572128296]","[336.0, 2.0, 1.0, 4.0, 10.0, 935.0]","[2.0, 1.0, 0.0, 8.0, 0.0, 503.0]","[0.07650823891162872, 0.28959420323371887, -0.2618359327316284, -0.08346614986658096, -1.1140064001083374, -0.3306179344654083, 0.22900694608688354, -0.12719152867794037, -0.46258750557899475, 0.09368009865283966, -0.0034032678231596947, 0.12306264042854309, -0.4638783931732178, -0.7672208547592163, 0.30000001192092896, 0.30000001192092896, 0.30000001192092896, 0.20000000298023224, 0.10000000149011612, 0.0, 0.30000001192092896, 0.30000001192092896, 0.30000001192092896, 0.20000000298023224, 0.10000000149011612, 0.0]","[0.1519976109266281, 0.2529973089694977, -0.10735301673412323, 0.9849731922149658, -1.1197477579116821, 0.004843300208449364, 0.14838699996471405, 0.19449366629123688, -0.15821406245231628, 0.18482239544391632, 1.0008522272109985, 0.24604980647563934, 0.023814328014850616, -0.21292205154895782]","[256.0, 0.2999999523162842, 0.30000001192092896, 0.20000004768371582, 0.10000038146972656, 855.0]","[0.2999999523162842, 0.30000001192092896, 0.30000001192092896, 0.19999980926513672, 0.10000000149011612, 423.0]","[0.11447332054376602, 0.2130315899848938, -0.3124766945838928, 0.14043115079402924, -1.1857072114944458, -0.18293920159339905, 0.2932300269603729, -0.045156560838222504, -0.461788147687912, 0.11441339552402496, 0.04231629893183708, 0.19404856860637665, -0.3934660851955414, -0.7666788101196289, 0.30000001192092896, 0.29899999499320984, 0.29899999499320984, 0.19900000095367432, 1.0, 0.0, 0.8009999990463257, 0.8140000104904175, 0.8109999895095825, 0.8119999766349792, 0.7269999980926514, 0.0]","[0.07650823891162872, 0.28959420323371887, -0.2618359327316284, -0.08346614986658096, -1.1140064001083374, -0.3306179344654083, 0.22900694608688354, -0.12719152867794037, -0.46258750557899475, 0.09368009865283966, -0.0034032678231596947, 0.12306264042854309, -0.4638783931732178, -0.7672208547592163, 0.30000001192092896, 0.30000001192092896, 0.30000001192092896, 0.20000000298023224, 0.10000000149011612, 0.0, 0.30000001192092896, 0.30000001192092896, 0.30000001192092896, 0.20000000298023224, 0.10000000149011612, 0.0]"
141,141,141,0.0,dataset,0.07815446099994006,False,"[0.17199760675430298, 0.23299731314182281, -0.08735302090644836, 1.0049731731414795, -1.1397477388381958, 0.024843299761414528, 0.12841098010540009, 0.21449366211891174, -0.13823804259300232, 0.2048223912715912, 1.0209002494812012, 0.2660498023033142, 0.04385028034448624, -0.19289809465408325]","[336.0, 2.0, 1.0, 4.0, 10.0, 935.0]","[2.0, 1.0, 0.0, 8.0, 0.0, 503.0]","[0.0797366127371788, 0.2893814742565155, -0.25872883200645447, -0.08390039205551147, -1.1132875680923462, -0.32673370838165283, 0.22557875514030457, -0.12475328147411346, -0.4614858329296112, 0.09207073599100113, -0.005766271147876978, 0.12239497154951096, -0.46436238288879395, -0.7671838402748108, 0.30000001192092896, 0.30000001192092896, 0.30000001192092896, 0.20000000298023224, 0.10000000149011612, 0.0, 0.30000001192092896, 0.30000001192092896, 0.30000001192092896, 0.20000000298023224, 0.10000000149011612, 0.0]","[0.1519976109266281, 0.2529973089694977, -0.10735301673412323, 0.9849731922149658, -1.1197477579116821, 0.004843300208449364, 0.14841097593307495, 0.19449366629123688, -0.15823803842067719, 0.18482239544391632, 1.0009002685546875, 0.24604980647563934, 0.023850280791521072, -0.21289809048175812]","[256.0, 0.2999999523162842, 0.30000001192092896, 0.20000004768371582, 0.10000038146972656, 855.0]","[0.2999999523162842, 0.30000001192092896, 0.30000001192092896, 0.19999980926513672, 0.10000000149011612, 423.0]","[0.11371831595897675, 0.21279190480709076, -0.31250065565109253, 0.14043115079402924, -1.1857192516326904, -0.18291522562503815, 0.29321804642677307, -0.04574378952383995, -0.4613087773323059, 0.11701397597789764, 0.04235225170850754, 0.1940845251083374, -0.3931065499782562, -0.7666308879852295, 0.30000001192092896, 0.29899999499320984, 0.29899999499320984, 0.19900000095367432, 1.0, 0.0, 0.7009999752044678, 0.718999981880188, 0.7179999947547913, 0.7200000286102295, 0.6499999761581421, 0.0]","[0.0797366127371788, 0.2893814742565155, -0.25872883200645447, -0.08390039205551147, -1.1132875680923462, -0.32673370838165283, 0.22557875514030457, -0.12475328147411346, -0.4614858329296112, 0.09207073599100113, -0.005766271147876978, 0.12239497154951096, -0.46436238288879395, -0.7671838402748108, 0.30000001192092896, 0.30000001192092896, 0.30000001192092896, 0.20000000298023224, 0.10000000149011612, 0.0, 0.30000001192092896, 0.30000001192092896, 0.30000001192092896, 0.20000000298023224, 0.10000000149011612, 0.0]"
142,142,142,0.0,dataset,0.08416853400012769,False,"[0.17199760675430298, 0.23299731314182281, -0.08735302090644836, 1.0049971342086792, -1.1397837400436401, 0.024831315502524376, 0.12839898467063904, 0.21449366211891174, -0.13821406662464142, 0.20485834777355194, 1.0209002494812012, 0.2660498023033142, 0.04382631182670593, -0.19292205572128296]","[336.0, 2.0, 1.0, 4.0, 10.0, 935.0]","[2.0, 0.0, 0.0, 8.0, 0.0, 503.0]","[0.08216511458158493, 0.2900988459587097, -0.2581779658794403, -0.0830153301358223, -1.1142668724060059, -0.3266894817352295, 0.22218488156795502, -0.12270515412092209, -0.46050944924354553, 0.09021935611963272, -0.006953348871320486, 0.12088366597890854, -0.4642722010612488, -0.7676401138305664, 0.30000001192092896, 0.30000001192092896, 0.30000001192092896, 0.20000000298023224, 0.10000000149011612, 0.0, 0.30000001192092896, 0.30000001192092896, 0.30000001192092896, 0.20000000298023224, 0.10000000149011612, 0.0]","[0.1519976109266281, 0.2529973089694977, -0.10735301673412323, 0.9849971532821655, -1.1197837591171265, 0.004831315949559212, 0.1483989804983139, 0.19449366629123688, -0.15821406245231628, 0.18485835194587708, 1.0009002685546875, 0.24604980647563934, 0.02382631227374077, -0.21292205154895782]","[256.0, 0.2999999523162842, 0.30000001192092896, 0.20000004768371582, 0.10000038146972656, 855.0]","[0.2999999523162842, 0.30000001192092896, 0.30000001192092896, 0.19999980926513672, 0.10000000149011612, 423.0]","[0.11186075955629349, 0.21234849095344543, -0.31250065565109253, 0.14040718972682953, -1.1857192516326904, -0.18286728858947754, 0.29321804642677307, -0.04609132930636406, -0.4604698717594147, 0.11703794449567795, 0.042460110038518906, 0.193760946393013, -0.39193210005760193, -0.7667627334594727, 0.30000001192092896, 0.29899999499320984, 0.29899999499320984, 0.19900000095367432, 1.0, 0.0, 0.7009999752044678, 0.718999981880188, 0.7179999947547913, 0.7200000286102295, 0.6499999761581421, 0.0]","[0.08216511458158493, 0.2900988459587097, -0.2581779658794403, -0.0830153301358223, -1.1142668724060059, -0.3266894817352295, 0.22218488156795502, -0.12270515412092209, -0.46050944924354553, 0.09021935611963272, -0.006953348871320486, 0.12088366597890854, -0.4642722010612488, -0.7676401138305664, 0.30000001192092896, 0.30000001192092896, 0.30000001192092896, 0.20000000298023224, 0.10000000149011612, 0.0, 0.30000001192092896, 0.30000001192092896, 0.30000001192092896, 0.20000000298023224, 0.10000000149011612, 0.0]"
143,143,143,0.0,dataset,0.08713607800018508,False,"[0.17198561131954193, 0.23299731314182281, -0.08735302090644836, 1.0049971342086792, -1.1397837400436401, 0.024843299761414528, 0.12839898467063904, 0.2145056426525116, -0.13822604715824127, 0.20483437180519104, 1.0208882093429565, 0.2660498023033142, 0.04381432756781578, -0.1929100751876831]","[336.0, 2.0, 1.0, 4.0, 10.0, 935.0]","[2.0, 1.0, 0.0, 8.0, 0.0, 503.0]","[0.08290722221136093, 0.29045340418815613, -0.2570541203022003, -0.08145804703235626, -1.1142847537994385, -0.32506728172302246, 0.2204706370830536, -0.12026534229516983, -0.46024662256240845, 0.08954241126775742, -0.005737795494496822, 0.12040647119283676, -0.4670434892177582, -0.7673065662384033, 0.30000001192092896, 0.30000001192092896, 0.30000001192092896, 0.20000000298023224, 0.10000000149011612, 0.0, 0.30000001192092896, 0.30000001192092896, 0.30000001192092896, 0.20000000298023224, 0.10000000149011612, 0.0]","[0.15198561549186707, 0.2529973089694977, -0.10735301673412323, 0.9849971532821655, -1.1197837591171265, 0.004843300208449364, 0.1483989804983139, 0.19450564682483673, -0.15822604298591614, 0.18483437597751617, 1.0008882284164429, 0.24604980647563934, 0.023814328014850616, -0.21291007101535797]","[256.0, 0.2999999523162842, 0.30000001192092896, 0.20000004768371582, 0.10000038146972656, 855.0]","[0.2999999523162842, 0.30000001192092896, 0.30000001192092896, 0.19999980926513672, 0.10000000149011612, 423.0]","[0.11072225868701935, 0.21234849095344543, -0.31250065565109253, 0.14040718972682953, -1.1857192516326904, -0.18285530805587769, 0.2931820750236511, -0.046067360788583755, -0.46055376529693604, 0.11477292329072952, 0.04399409145116806, 0.19427627325057983, -0.3890918493270874, -0.7668106555938721, 0.30000001192092896, 0.29899999499320984, 0.29899999499320984, 0.19900000095367432, 1.0, 0.0, 0.7009999752044678, 0.718999981880188, 0.7179999947547913, 0.7200000286102295, 0.6069999933242798, 0.0]","[0.08290722221136093, 0.29045340418815613, -0.2570541203022003, -0.08145804703235626, -1.1142847537994385, -0.32506728172302246, 0.2204706370830536, -0.12026534229516983, -0.46024662256240845, 0.08954241126775742, -0.005737795494496822, 0.12040647119283676, -0.4670434892177582, -0.7673065662384033, 0.30000001192092896, 0.30000001192092896, 0.30000001192092896, 0.20000000298023224, 0.10000000149011612, 0.0, 0.30000001192092896, 0.30000001192092896, 0.30000001192092896, 0.20000000298023224, 0.10000000149011612, 0.0]"
144,144,144,0.0,dataset,0.0892700189997413,False,"[0.17199760675430298, 0.23299731314182281, -0.08735302090644836, 1.0049850940704346, -1.1397837400436401, 0.024843299761414528, 0.12839898467063904, 0.2145056426525116, -0.13823804259300232, 0.20481041073799133, 1.0208882093429565, 0.26603782176971436, 0.04380234330892563, -0.1929100751876831]","[336.0, 2.0, 1.0, 4.0, 10.0, 935.0]","[2.0, 1.0, 0.0, 8.0, 0.0, 503.0]","[0.08354569226503372, 0.29028621315956116, -0.25438299775123596, -0.08481021970510483, -1.1129504442214966, -0.32037097215652466, 0.22110652923583984, -0.11958407610654831, -0.45937204360961914, 0.08652694523334503, -0.007561966776847839, 0.12096591293811798, -0.46967998147010803, -0.7640787959098816, 0.30000001192092896, 0.30000001192092896, 0.30000001192092896, 0.20000000298023224, 0.10000000149011612, 0.0, 0.30000001192092896, 0.30000001192092896, 0.30000001192092896, 0.20000000298023224, 0.10000000149011612, 0.0]","[0.1519976109266281, 0.2529973089694977, -0.10735301673412323, 0.9849851131439209, -1.1197837591171265, 0.004843300208449364, 0.1483989804983139, 0.19450564682483673, -0.15823803842067719, 0.18481041491031647, 1.0008882284164429, 0.2460378259420395, 0.023802343755960464, -0.21291007101535797]","[256.0, 0.2999999523162842, 0.30000001192092896, 0.20000004768371582, 0.10000038146972656, 855.0]","[0.2999999523162842, 0.30000001192092896, 0.30000001192092896, 0.19999980926513672, 0.10000000149011612, 423.0]","[0.11079416424036026, 0.2123364955186844, -0.31250065565109253, 0.14043115079402924, -1.1857432126998901, -0.18283134698867798, 0.2931820750236511, -0.04607934504747391, -0.460589736700058, 0.11383815854787827, 0.04891960695385933, 0.19427627325057983, -0.385951966047287, -0.7667507529258728, 0.30000001192092896, 0.29899999499320984, 0.29899999499320984, 0.19900000095367432, 1.0, 0.0, 0.5260000228881836, 0.5619999766349792, 0.5540000200271606, 0.5659999847412109, 0.5529999732971191, 0.0]","[0.08354569226503372, 0.29028621315956116, -0.25438299775123596, -0.08481021970510483, -1.1129504442214966, -0.32037097215652466, 0.22110652923583984, -0.11958407610654831, -0.45937204360961914, 0.08652694523334503, -0.007561966776847839, 0.12096591293811798, -0.46967998147010803, -0.7640787959098816, 0.30000001192092896, 0.30000001192092896, 0.30000001192092896, 0.20000000298023224, 0.10000000149011612, 0.0, 0.30000001192092896, 0.30000001192092896, 0.30000001192092896, 0.20000000298023224, 0.10000000149011612, 0.0]"
145,145,145,0.0,dataset,0.08681608500046423,False,"[0.17199760675430298, 0.23299731314182281, -0.08735302090644836, 1.0049971342086792, -1.1397956609725952, 0.024843299761414528, 0.12839898467063904, 0.21449366211891174, -0.13823804259300232, 0.2048223912715912, 1.0208882093429565, 0.26603782176971436, 0.04381432756781578, -0.19292205572128296]","[336.0, 2.0, 1.0, 4.0, 10.0, 935.0]","[2.0, 0.0, 0.0, 8.0, 0.0, 503.0]","[0.08092857897281647, 0.2907997965812683, -0.2542211413383484, -0.08598439395427704, -1.1120325326919556, -0.3183443546295166, 0.22414763271808624, -0.12291806936264038, -0.45876064896583557, 0.08568510413169861, -0.008582867681980133, 0.12010492384433746, -0.46687984466552734, -0.7659003734588623, 0.30000001192092896, 0.30000001192092896, 0.30000001192092896, 0.20000000298023224, 0.10000000149011612, 0.0, 0.30000001192092896, 0.30000001192092896, 0.30000001192092896, 0.20000000298023224, 0.10000000149011612, 0.0]","[0.1519976109266281, 0.2529973089694977, -0.10735301673412323, 0.9849971532821655, -1.1197956800460815, 0.004843300208449364, 0.1483989804983139, 0.19449366629123688, -0.15823803842067719, 0.18482239544391632, 1.0008882284164429, 0.2460378259420395, 0.023814328014850616, -0.21292205154895782]","[256.0, 0.2999999523162842, 0.30000001192092896, 0.20000004768371582, 0.10000038146972656, 855.0]","[0.2999999523162842, 0.30000001192092896, 0.30000001192092896, 0.19999980926513672, 0.10000000149011612, 423.0]","[0.11127353459596634, 0.21230055391788483, -0.3124886751174927, 0.14038321375846863, -1.1857311725616455, -0.18277141451835632, 0.29319408535957336, -0.04583965986967087, -0.4602302014827728, 0.11618706583976746, 0.051064785569906235, 0.19426429271697998, -0.38603585958480835, -0.7665709853172302, 0.30000001192092896, 0.29899999499320984, 0.29899999499320984, 0.19900000095367432, 1.0, 0.0, 0.5260000228881836, 0.5619999766349792, 0.5540000200271606, 0.5659999847412109, 0.5529999732971191, 0.0]","[0.08092857897281647, 0.2907997965812683, -0.2542211413383484, -0.08598439395427704, -1.1120325326919556, -0.3183443546295166, 0.22414763271808624, -0.12291806936264038, -0.45876064896583557, 0.08568510413169861, -0.008582867681980133, 0.12010492384433746, -0.46687984466552734, -0.7659003734588623, 0.30000001192092896, 0.30000001192092896, 0.30000001192092896, 0.20000000298023224, 0.10000000149011612, 0.0, 0.30000001192092896, 0.30000001192092896, 0.30000001192092896, 0.20000000298023224, 0.10000000149011612, 0.0]"
146,146,146,0.0,dataset,0.14750423399891588,False,"[0.17200958728790283, 0.23300929367542267, -0.08735302090644836, 1.0049850940704346, -1.1397837400436401, 0.024843299761414528, 0.12841098010540009, 0.21451763808727264, -0.13825002312660217, 0.2048463672399521, 1.0208882093429565, 0.26603782176971436, 0.04381432756781578, -0.19292205572128296]","[336.0, 2.0, 1.0, 4.0, 10.0, 935.0]","[2.0, 0.0, 0.0, 8.0, 0.0, 503.0]","[0.07998134940862656, 0.2895932197570801, -0.25391507148742676, -0.08370181918144226, -1.1110035181045532, -0.31885242462158203, 0.22468917071819305, -0.12359495460987091, -0.45757734775543213, 0.08457941561937332, -0.007270289119333029, 0.1193280816078186, -0.4671248495578766, -0.7663113474845886, 0.30000001192092896, 0.30000001192092896, 0.30000001192092896, 0.20000000298023224, 0.10000000149011612, 0.0, 0.30000001192092896, 0.30000001192092896, 0.30000001192092896, 0.20000000298023224, 0.10000000149011612, 0.0]","[0.15200959146022797, 0.25300928950309753, -0.10735301673412323, 0.9849851131439209, -1.1197837591171265, 0.004843300208449364, 0.14841097593307495, 0.19451764225959778, -0.15825001895427704, 0.18484637141227722, 1.0008882284164429, 0.2460378259420395, 0.023814328014850616, -0.21292205154895782]","[256.0, 0.2999999523162842, 0.30000001192092896, 0.20000004768371582, 0.10000038146972656, 855.0]","[0.2999999523162842, 0.30000001192092896, 0.30000001192092896, 0.19999980926513672, 0.10000000149011612, 423.0]","[0.11146527528762817, 0.21232451498508453, -0.3124886751174927, 0.14041917026042938, -1.1857432126998901, -0.18277141451835632, 0.29321804642677307, -0.04718189314007759, -0.458612322807312, 0.11774501204490662, 0.05093295872211456, 0.19262245297431946, -0.38668301701545715, -0.7660316824913025, 0.30000001192092896, 0.29899999499320984, 0.29899999499320984, 0.19900000095367432, 1.0, 0.0, 0.42800000309944153, 0.453000009059906, 0.44699999690055847, 0.46000000834465027, 0.5619999766349792, 0.0020000000949949026]","[0.07998134940862656, 0.2895932197570801, -0.25391507148742676, -0.08370181918144226, -1.1110035181045532, -0.31885242462158203, 0.22468917071819305, -0.12359495460987091, -0.45757734775543213, 0.08457941561937332, -0.007270289119333029, 0.1193280816078186, -0.4671248495578766, -0.7663113474845886, 0.30000001192092896, 0.30000001192092896, 0.30000001192092896, 0.20000000298023224, 0.10000000149011612, 0.0, 0.30000001192092896, 0.30000001192092896, 0.30000001192092896, 0.20000000298023224, 0.10000000149011612, 0.0]"
147,147,147,0.0,dataset,0.09580857999935688,False,"[0.17198561131954193, 0.23299731314182281, -0.08735302090644836, 1.0049971342086792, -1.1397837400436401, 0.02485528402030468, 0.12839898467063904, 0.2145056426525116, -0.13823804259300232, 0.20483437180519104, 1.0208882093429565, 0.2660498023033142, 0.04381432756781578, -0.19292205572128296]","[336.0, 2.0, 1.0, 4.0, 10.0, 935.0]","[2.0, 0.0, 0.0, 8.0, 0.0, 503.0]","[0.08175314962863922, 0.29003962874412537, -0.2524086833000183, -0.08321381360292435, -1.1116849184036255, -0.3167414367198944, 0.22393570840358734, -0.12348305433988571, -0.45527511835098267, 0.08330637216567993, -0.004593410063534975, 0.11789783090353012, -0.4657829701900482, -0.7664650082588196, 0.30000001192092896, 0.30000001192092896, 0.30000001192092896, 0.20000000298023224, 0.10000000149011612, 0.0, 0.30000001192092896, 0.30000001192092896, 0.30000001192092896, 0.20000000298023224, 0.10000000149011612, 0.0]","[0.15198561549186707, 0.2529973089694977, -0.10735301673412323, 0.9849971532821655, -1.1197837591171265, 0.004855284467339516, 0.1483989804983139, 0.19450564682483673, -0.15823803842067719, 0.18483437597751617, 1.0008882284164429, 0.24604980647563934, 0.023814328014850616, -0.21292205154895782]","[256.0, 0.2999999523162842, 0.30000001192092896, 0.20000004768371582, 0.10000038146972656, 855.0]","[0.2999999523162842, 0.30000001192092896, 0.30000001192092896, 0.19999980926513672, 0.10000000149011612, 423.0]","[0.11128551512956619, 0.21224063634872437, -0.3124886751174927, 0.14040718972682953, -1.1857311725616455, -0.18274745345115662, 0.2931820750236511, -0.049974218010902405, -0.4562873840332031, 0.1173495352268219, 0.05120859295129776, 0.19237078726291656, -0.38516101241111755, -0.7660915851593018, 0.30000001192092896, 0.29899999499320984, 0.29899999499320984, 0.19900000095367432, 1.0, 0.0, 0.42800000309944153, 0.453000009059906, 0.44699999690055847, 0.46000000834465027, 0.5619999766349792, 0.0020000000949949026]","[0.08175314962863922, 0.29003962874412537, -0.2524086833000183, -0.08321381360292435, -1.1116849184036255, -0.3167414367198944, 0.22393570840358734, -0.12348305433988571, -0.45527511835098267, 0.08330637216567993, -0.004593410063534975, 0.11789783090353012, -0.4657829701900482, -0.7664650082588196, 0.30000001192092896, 0.30000001192092896, 0.30000001192092896, 0.20000000298023224, 0.10000000149011612, 0.0, 0.30000001192092896, 0.30000001192092896, 0.30000001192092896, 0.20000000298023224, 0.10000000149011612, 0.0]"
148,148,148,0.0,dataset,0.09960241400040104,False,"[0.17199760675430298, 0.23298531770706177, -0.08735302090644836, 1.0049971342086792, -1.1397837400436401, 0.02485528402030468, 0.12841098010540009, 0.21451763808727264, -0.13821406662464142, 0.20483437180519104, 1.0208882093429565, 0.2660258412361145, 0.04381432756781578, -0.1929100751876831]","[336.0, 2.0, 1.0, 4.0, 10.0, 935.0]","[2.0, 1.0, 0.0, 8.0, 0.0, 503.0]","[0.08281194418668747, 0.2889304459095001, -0.2517344653606415, -0.07978246361017227, -1.1095095872879028, -0.3149173855781555, 0.22273501753807068, -0.12114069610834122, -0.45458486676216125, 0.08278578519821167, -0.00379364937543869, 0.11863312125205994, -0.4652176797389984, -0.7670683860778809, 0.30000001192092896, 0.30000001192092896, 0.30000001192092896, 0.20000000298023224, 0.10000000149011612, 0.0, 0.30000001192092896, 0.30000001192092896, 0.30000001192092896, 0.20000000298023224, 0.10000000149011612, 0.0]","[0.1519976109266281, 0.2529853284358978, -0.10735301673412323, 0.9849971532821655, -1.1197837591171265, 0.004855284467339516, 0.14841097593307495, 0.19451764225959778, -0.15821406245231628, 0.18483437597751617, 1.0008882284164429, 0.24602584540843964, 0.023814328014850616, -0.21291007101535797]","[256.0, 0.2999999523162842, 0.30000001192092896, 0.20000004768371582, 0.10000038146972656, 855.0]","[0.2999999523162842, 0.30000001192092896, 0.30000001192092896, 0.19999980926513672, 0.10000000149011612, 423.0]","[0.1113094836473465, 0.21226459741592407, -0.31246471405029297, 0.14043115079402924, -1.1857311725616455, -0.18274745345115662, 0.2931820750236511, -0.05167597904801369, -0.4545736610889435, 0.11703794449567795, 0.05273059010505676, 0.19238276779651642, -0.3825604319572449, -0.7660796046257019, 0.30000001192092896, 0.29899999499320984, 0.29899999499320984, 0.19900000095367432, 1.0, 0.0, 0.421999990940094, 0.36399999260902405, 0.3610000014305115, 0.35899999737739563, 0.5619999766349792, 0.0]","[0.08281194418668747, 0.2889304459095001, -0.2517344653606415, -0.07978246361017227, -1.1095095872879028, -0.3149173855781555, 0.22273501753807068, -0.12114069610834122, -0.45458486676216125, 0.08278578519821167, -0.00379364937543869, 0.11863312125205994, -0.4652176797389984, -0.7670683860778809, 0.30000001192092896, 0.30000001192092896, 0.30000001192092896, 0.20000000298023224, 0.10000000149011612, 0.0, 0.30000001192092896, 0.30000001192092896, 0.30000001192092896, 0.20000000298023224, 0.10000000149011612, 0.0]"
149,149,149,0.0,dataset,0.0821762760006095,False,"[0.17198561131954193, 0.23300929367542267, -0.08735302090644836, 1.0049971342086792, -1.1397837400436401, 0.02485528402030468, 0.12838700413703918, 0.21449366211891174, -0.13823804259300232, 0.2048223912715912, 1.0208882093429565, 0.26606178283691406, 0.04381432756781578, -0.19292205572128296]","[336.0, 2.0, 1.0, 4.0, 10.0, 935.0]","[2.0, 1.0, 0.0, 8.0, 0.0, 503.0]","[0.08506905287504196, 0.28791698813438416, -0.2515498399734497, -0.07876759767532349, -1.107958197593689, -0.31388893723487854, 0.22212475538253784, -0.11660407483577728, -0.4529610574245453, 0.08172009140253067, -0.005152996629476547, 0.11800353229045868, -0.465755820274353, -0.7667229175567627, 0.30000001192092896, 0.30000001192092896, 0.30000001192092896, 0.20000000298023224, 0.10000000149011612, 0.0, 0.30000001192092896, 0.30000001192092896, 0.30000001192092896, 0.20000000298023224, 0.10000000149011612, 0.0]","[0.15198561549186707, 0.25300928950309753, -0.10735301673412323, 0.9849971532821655, -1.1197837591171265, 0.004855284467339516, 0.14838699996471405, 0.19449366629123688, -0.15823803842067719, 0.18482239544391632, 1.0008882284164429, 0.2460617870092392, 0.023814328014850616, -0.21292205154895782]","[256.0, 0.2999999523162842, 0.30000001192092896, 0.20000004768371582, 0.10000038146972656, 855.0]","[0.2999999523162842, 0.30000001192092896, 0.30000001192092896, 0.19999980926513672, 0.10000000149011612, 423.0]","[0.11182480305433273, 0.21224063634872437, -0.3124766945838928, 0.14046710729599, -1.1857072114944458, -0.18272347748279572, 0.2931820750236511, -0.05192764848470688, -0.45350706577301025, 0.11708588153123856, 0.054851800203323364, 0.19240672886371613, -0.3813740015029907, -0.7660915851593018, 0.30000001192092896, 0.29899999499320984, 0.29899999499320984, 0.19900000095367432, 1.0, 0.0, 0.41999998688697815, 0.33500000834465027, 0.3319999873638153, 0.3190000057220459, 0.5619999766349792, 0.0]","[0.08506905287504196, 0.28791698813438416, -0.2515498399734497, -0.07876759767532349, -1.107958197593689, -0.31388893723487854, 0.22212475538253784, -0.11660407483577728, -0.4529610574245453, 0.08172009140253067, -0.005152996629476547, 0.11800353229045868, -0.465755820274353, -0.7667229175567627, 0.30000001192092896, 0.30000001192092896, 0.30000001192092896, 0.20000000298023224, 0.10000000149011612, 0.0, 0.30000001192092896, 0.30000001192092896, 0.30000001192092896, 0.20000000298023224, 0.10000000149011612, 0.0]"
