policy_step,dataset_index,dataset_frame,inference_s,loop_s,sent_to_robot,arm_state,left_hand_state,right_hand_state,predicted_action,limited_arm,limited_left_hand,limited_right_hand,dataset_state,dataset_action
0,0,0,1.1243009320005513,1.2007365500012384,True,"[0.29376929998397827, 0.1594860702753067, -0.03232145681977272, 1.0023486614227295, 0.0721929743885994, 0.0953584834933281, -0.04422179237008095, 0.29901841282844543, -0.1609840989112854, 0.03804991394281387, 1.011804223060608, -0.11629492044448853, 0.09541840106248856, 0.051172640174627304]","[336.0, 2.0, 1.0, 5.0, 10.0, 935.0]","[2.0, 2.0, 0.0, 8.0, 0.0, 503.0]","[-0.025150740519165993, 0.19747024774551392, 0.07974177598953247, 0.9537757635116577, -1.0370352268218994, -0.2535023093223572, -0.035990625619888306, -0.04235118627548218, -0.49073487520217896, 0.01742216944694519, 0.09983459115028381, 0.27488183975219727, -0.3072114586830139, -0.30091339349746704, 0.30000030994415283, 0.3000003397464752, 0.2999999225139618, 0.19999970495700836, 0.10000038146972656, 0.0, 0.867185115814209, 0.8665833473205566, 0.8665156364440918, 0.861058235168457, 0.7609295845031738, 0.0]","[0.28376930952072144, 0.16948607563972473, -0.022321457043290138, 0.9923486709594727, 0.06219297647476196, 0.08535848557949066, -0.035990625619888306, 0.2890184223651886, -0.17098410427570343, 0.02804991416633129, 1.001804232597351, -0.10629492253065109, 0.08541840314865112, 0.04117263853549957]","[286.0, 0.30000030994415283, 0.2999999523162842, 0.19999980926513672, 0.10000038146972656, 885.0]","[0.867185115814209, 0.8665833473205566, 0.8665156364440918, 0.861058235168457, 0.7609295845031738, 453.0]","[0.36773595213890076, 0.2125042825937271, -0.19506722688674927, 0.13865748047828674, -1.1988658905029297, -0.09092431515455246, 0.2910129427909851, 0.34811776876449585, -0.39933836460113525, 0.2565223276615143, 0.258667528629303, 0.43556666374206543, -0.10707905143499374, 0.08358997106552124, 0.30000001192092896, 0.29899999499320984, 0.29899999499320984, 0.19900000095367432, 1.0, 0.0, 0.8980000019073486, 0.8989999890327454, 0.8999999761581421, 0.8999999761581421, 0.8009999990463257, 0.0]","[0.24442234635353088, 0.28508755564689636, -0.13917025923728943, -0.055223532021045685, -1.1037503480911255, -0.2001938819885254, 0.139725923538208, 0.2734237611293793, -0.4169085919857025, 0.2973143756389618, 0.24402667582035065, 0.47058749198913574, -0.16312283277511597, 0.12246698141098022, 0.30000001192092896, 0.30000001192092896, 0.30000001192092896, 0.20000000298023224, 0.10000000149011612, 0.0, 0.8999999761581421, 0.8999999761581421, 0.8999999761581421, 0.8999999761581421, 0.800000011920929, 0.0]"
1,1,1,0.007120898000721354,0.06915913100056059,True,"[0.2923072278499603, 0.1597137749195099, -0.028965871781110764, 1.0015816688537598, 0.0685737356543541, 0.09327322244644165, -0.04266384243965149, 0.29809561371803284, -0.16122378408908844, 0.03538941591978073, 1.0116842985153198, -0.11273560672998428, 0.09339306503534317, 0.049327071756124496]","[336.0, 2.0, 1.0, 4.0, 10.0, 935.0]","[2.0, 2.0, 0.0, 8.0, 0.0, 503.0]","[-0.02182391844689846, 0.1885722428560257, 0.08861495554447174, 0.9847209453582764, -1.0405999422073364, -0.261676549911499, -0.02150997519493103, -0.03103691339492798, -0.4873199462890625, 0.004682451486587524, 0.1150432825088501, 0.2844282388687134, -0.302781879901886, -0.3055594563484192, 0.30000030994415283, 0.3000003397464752, 0.2999999225139618, 0.19999971985816956, 0.10000035911798477, 0.0, 0.8737936019897461, 0.8732562065124512, 0.8732051849365234, 0.8688371181488037, 0.7687162160873413, 0.0]","[0.2823072373867035, 0.16971378028392792, -0.01896587200462818, 0.9915816783905029, 0.05857373774051666, 0.08327322453260422, -0.032663844525814056, 0.288095623254776, -0.17122378945350647, 0.02538941614329815, 1.001684308052063, -0.10273560881614685, 0.08339306712150574, 0.039327070116996765]","[286.0, 0.30000030994415283, 0.2999999523162842, 0.19999980926513672, 0.10000038146972656, 885.0]","[0.8737936019897461, 0.8732562065124512, 0.8732051849365234, 0.8688373565673828, 0.7687162160873413, 453.0]","[0.36773595213890076, 0.21249230206012726, -0.195235013961792, 0.1386454999446869, -1.1988658905029297, -0.09092431515455246, 0.2908931076526642, 0.3480578660964966, -0.39961397647857666, 0.2585356831550598, 0.25927871465682983, 0.43553072214126587, -0.10392720252275467, 0.08474045991897583, 0.30000001192092896, 0.29899999499320984, 0.29899999499320984, 0.19900000095367432, 1.0, 0.0, 0.8980000019073486, 0.8989999890327454, 0.8999999761581421, 0.8999999761581421, 0.8009999990463257, 0.0]","[0.24684642255306244, 0.28463566303253174, -0.1363241970539093, -0.06041140854358673, -1.1018574237823486, -0.1937672197818756, 0.13669143617153168, 0.27452579140663147, -0.41791626811027527, 0.29724210500717163, 0.24438706040382385, 0.4686964154243469, -0.16210435330867767, 0.12461793422698975, 0.30000001192092896, 0.30000001192092896, 0.30000001192092896, 0.20000000298023224, 0.10000000149011612, 0.0, 0.8999999761581421, 0.8999999761581421, 0.8999999761581421, 0.8999999761581421, 0.800000011920929, 0.0]"
2,2,2,0.006348552999043022,0.08846454200102016,True,"[0.2906893789768219, 0.16146346926689148, -0.024999093264341354, 1.0012580156326294, 0.06523013859987259, 0.09193099290132523, -0.03964381664991379, 0.29678934812545776, -0.16350078582763672, 0.03151851147413254, 1.0112649202346802, -0.1098354235291481, 0.0890907272696495, 0.045827675610780716]","[336.0, 2.0, 1.0, 4.0, 10.0, 935.0]","[2.0, 2.0, 0.0, 8.0, 0.0, 503.0]","[-0.008659359067678452, 0.18712730705738068, 0.08994829654693604, 0.9657974243164062, -1.0394483804702759, -0.269491046667099, -0.023923933506011963, -0.02746593952178955, -0.5011551380157471, -0.003498643636703491, 0.04599529504776001, 0.266787052154541, -0.3201889991760254, -0.3253319561481476, 0.3000003397464752, 0.30000028014183044, 0.2999999523162842, 0.19999977946281433, 0.10000031441450119, 0.0, 0.8680098652839661, 0.8676302433013916, 0.8675848245620728, 0.8622506260871887, 0.7621711492538452, 0.0]","[0.28068938851356506, 0.1714634746313095, -0.014999093487858772, 0.9912580251693726, 0.055230140686035156, 0.08193099498748779, -0.029643816873431206, 0.2867893576622009, -0.17350079119205475, 0.021518511697649956, 1.0012649297714233, -0.09983542561531067, 0.07909072935581207, 0.035827673971652985]","[286.0, 0.30000030994415283, 0.2999999523162842, 0.19999980926513672, 0.10000038146972656, 885.0]","[0.8680098056793213, 0.8676302433013916, 0.8675848245620728, 0.862250804901123, 0.7621711492538452, 453.0]","[0.36775991320610046, 0.21252824366092682, -0.19531890749931335, 0.1387174129486084, -1.1988658905029297, -0.0908883661031723, 0.2907852530479431, 0.3480818271636963, -0.39984169602394104, 0.25965023040771484, 0.2595663368701935, 0.4355546832084656, -0.10284861922264099, 0.08504006266593933, 0.30000001192092896, 0.29899999499320984, 0.29899999499320984, 0.19900000095367432, 1.0, 0.0, 0.8980000019073486, 0.8989999890327454, 0.8999999761581421, 0.8999999761581421, 0.8009999990463257, 0.0]","[0.24689100682735443, 0.2846303880214691, -0.1363029032945633, -0.0604422353208065, -1.1018520593643188, -0.19374361634254456, 0.13668397068977356, 0.2745389938354492, -0.4179222583770752, 0.29726067185401917, 0.2443813979625702, 0.4686882495880127, -0.1621003895998001, 0.12461652606725693, 0.30000001192092896, 0.30000001192092896, 0.30000001192092896, 0.20000000298023224, 0.10000000149011612, 0.0, 0.8999999761581421, 0.8999999761581421, 0.8999999761581421, 0.8999999761581421, 0.800000011920929, 0.0]"
3,3,3,0.00928037000085169,0.07797758299966517,True,"[0.28805282711982727, 0.16306935250759125, -0.018395785242319107, 1.0005149841308594, 0.060987722128629684, 0.090864397585392, -0.03796602413058281, 0.2950636148452759, -0.16502277553081512, 0.030140327289700508, 1.010833501815796, -0.1083373948931694, 0.08586697280406952, 0.04277170076966286]","[336.0, 2.0, 1.0, 4.0, 10.0, 935.0]","[2.0, 2.0, 0.0, 8.0, 0.0, 503.0]","[-0.01470915973186493, 0.18138571083545685, 0.09122727811336517, 0.9865444898605347, -1.0447415113449097, -0.27175524830818176, -0.0133303701877594, -0.03396645188331604, -0.492901474237442, -0.00511401891708374, 0.0886412262916565, 0.28126034140586853, -0.31148046255111694, -0.31695473194122314, 0.30000030994415283, 0.30000028014183044, 0.29999998211860657, 0.19999976456165314, 0.10000032931566238, 0.0, 0.8736155033111572, 0.8731958866119385, 0.8731610178947449, 0.8687598705291748, 0.7686559557914734, 0.0]","[0.27805283665657043, 0.17306935787200928, -0.008395785465836525, 0.9905149936676025, 0.05098772048950195, 0.08086439967155457, -0.027966024354100227, 0.28506362438201904, -0.17502278089523315, 0.020140327513217926, 1.000833511352539, -0.09833739697933197, 0.07586697489023209, 0.032771699130535126]","[286.0, 0.30000030994415283, 0.2999999523162842, 0.19999980926513672, 0.10000038146972656, 885.0]","[0.8736155033111572, 0.8731958866119385, 0.8731610178947449, 0.8687601089477539, 0.7686559557914734, 453.0]","[0.3681793808937073, 0.2125042825937271, -0.19537882506847382, 0.13887320458889008, -1.1988539695739746, -0.09076852351427078, 0.2907373011112213, 0.348105788230896, -0.3998536765575409, 0.2610164284706116, 0.25985395908355713, 0.435518741607666, -0.0986781120300293, 0.08531569689512253, 0.30000001192092896, 0.29899999499320984, 0.29899999499320984, 0.19900000095367432, 1.0, 0.0, 0.8980000019073486, 0.8989999890327454, 0.8999999761581421, 0.8999999761581421, 0.8009999990463257, 0.0]","[0.24807719886302948, 0.28516489267349243, -0.14065061509609222, -0.06366798281669617, -1.1009148359298706, -0.201852485537529, 0.13203182816505432, 0.276168555021286, -0.41826769709587097, 0.29840776324272156, 0.2408219873905182, 0.466248095035553, -0.16178582608699799, 0.12428159266710281, 0.30000001192092896, 0.30000001192092896, 0.30000001192092896, 0.20000000298023224, 0.10000000149011612, 0.0, 0.8999999761581421, 0.8999999761581421, 0.8999999761581421, 0.8999999761581421, 0.800000011920929, 0.0]"
4,4,4,0.009898551999867777,0.08714983400022902,True,"[0.28590765595436096, 0.16366855800151825, -0.013218600302934647, 1.0003951787948608, 0.056062206625938416, 0.09082844108343124, -0.03724697232246399, 0.2944404184818268, -0.16499881446361542, 0.029205556958913803, 1.010689616203308, -0.10645586997270584, 0.08460862934589386, 0.03984754905104637]","[336.0, 2.0, 1.0, 4.0, 10.0, 935.0]","[2.0, 2.0, 0.0, 8.0, 0.0, 503.0]","[-0.005478475242853165, 0.18440143764019012, 0.09025080502033234, 0.9549845457077026, -1.0413951873779297, -0.2745412588119507, -0.021197229623794556, -0.020538806915283203, -0.49993786215782166, -0.010961443185806274, 0.0331762433052063, 0.28388458490371704, -0.3155643343925476, -0.31621432304382324, 0.30000030994415283, 0.30000025033950806, 0.29999998211860657, 0.19999979436397552, 0.1000003069639206, 0.0, 0.8717411756515503, 0.871395468711853, 0.8713665008544922, 0.8666539788246155, 0.7665621638298035, 0.0]","[0.2759076654911041, 0.17366856336593628, -0.0032186005264520645, 0.990395188331604, 0.04606220871210098, 0.08082844316959381, -0.027246972545981407, 0.28444042801856995, -0.17499881982803345, 0.01920555718243122, 1.0006896257400513, -0.09645587205886841, 0.07460863143205643, 0.02984754927456379]","[286.0, 0.3000001907348633, 0.2999999523162842, 0.19999980926513672, 0.10000038146972656, 885.0]","[0.8717411756515503, 0.871395468711853, 0.8713665008544922, 0.8666539192199707, 0.7665621638298035, 453.0]","[0.36868271231651306, 0.21251626312732697, -0.19572636485099792, 0.13893312215805054, -1.1988539695739746, -0.09076852351427078, 0.29062944650650024, 0.3481297492980957, -0.3999974727630615, 0.26222681999206543, 0.2602614164352417, 0.4354947507381439, -0.09526260942220688, 0.08536363393068314, 0.30000001192092896, 0.29899999499320984, 0.29899999499320984, 0.19900000095367432, 1.0, 0.0, 0.8980000019073486, 0.8989999890327454, 0.8999999761581421, 0.8999999761581421, 0.8009999990463257, 0.0]","[0.25130826234817505, 0.28666701912879944, -0.14098431169986725, -0.06589779257774353, -1.1020902395248413, -0.2014167308807373, 0.13018003106117249, 0.27710941433906555, -0.42045536637306213, 0.29764172434806824, 0.24073772132396698, 0.4670392572879791, -0.16246454417705536, 0.12703220546245575, 0.30000001192092896, 0.30000001192092896, 0.30000001192092896, 0.20000000298023224, 0.10000000149011612, 0.0, 0.8999999761581421, 0.8999999761581421, 0.8999999761581421, 0.8999999761581421, 0.800000011920929, 0.0]"
5,5,5,0.007111484999768436,0.07497986499947729,True,"[0.28279176354408264, 0.1646272987127304, -0.00894023198634386, 1.0002633333206177, 0.051112718880176544, 0.09076852351427078, -0.0360964871942997, 0.2938172519207001, -0.16533437371253967, 0.027947213500738144, 1.010677695274353, -0.10524546355009079, 0.08354203402996063, 0.03810983523726463]","[336.0, 2.0, 1.0, 4.0, 10.0, 935.0]","[2.0, 2.0, 0.0, 8.0, 0.0, 503.0]","[-0.004790104925632477, 0.17747634649276733, 0.10104233026504517, 0.9891738891601562, -1.0396511554718018, -0.2781716585159302, -0.01012885570526123, -0.014118611812591553, -0.49953603744506836, -0.022093474864959717, 0.038389652967453, 0.28155747056007385, -0.3146488666534424, -0.30828744173049927, 0.30000030994415283, 0.30000025033950806, 0.29999998211860657, 0.1999998241662979, 0.1000002771615982, 0.0, 0.875619649887085, 0.8753482103347778, 0.8753383159637451, 0.8712590932846069, 0.7711732387542725, 0.0]","[0.2727917730808258, 0.17462730407714844, 0.0010597677901387215, 0.9902633428573608, 0.04111272096633911, 0.08076852560043335, -0.026096487417817116, 0.28381726145744324, -0.1753343790769577, 0.017947213724255562, 1.0006777048110962, -0.09524546563625336, 0.0735420361161232, 0.02810983546078205]","[286.0, 0.3000001907348633, 0.2999999523162842, 0.19999980926513672, 0.10000038146972656, 885.0]","[0.875619649887085, 0.8753482103347778, 0.8753383159637451, 0.8712592124938965, 0.7711732387542725, 453.0]","[0.3686227798461914, 0.21254023909568787, -0.19567842781543732, 0.13887320458889008, -1.19884192943573, -0.09079249203205109, 0.2885202169418335, 0.3476743698120117, -0.4002012312412262, 0.26253843307495117, 0.26020148396492004, 0.4355067312717438, -0.09521467238664627, 0.0860946774482727, 0.30000001192092896, 0.29899999499320984, 0.29899999499320984, 0.19900000095367432, 1.0, 0.0, 0.8980000019073486, 0.8989999890327454, 0.8999999761581421, 0.8999999761581421, 0.8009999990463257, 0.0]","[0.2549981474876404, 0.2870613932609558, -0.14092257618904114, -0.06805554032325745, -1.1065564155578613, -0.2047654092311859, 0.12537433207035065, 0.2792743444442749, -0.4217317998409271, 0.2964577376842499, 0.2388928234577179, 0.4631003141403198, -0.16382800042629242, 0.13129085302352905, 0.30000001192092896, 0.30000001192092896, 0.30000001192092896, 0.20000000298023224, 0.10000000149011612, 0.0, 0.8999999761581421, 0.8999999761581421, 0.8999999761581421, 0.8999999761581421, 0.800000011920929, 0.0]"
6,6,6,0.006460512000558083,0.09058846500010986,True,"[0.27914854884147644, 0.16526246070861816, -0.006531402934342623, 1.0002154111862183, 0.04651077836751938, 0.09075653553009033, -0.035533227026462555, 0.2927626371383667, -0.16528643667697906, 0.02750379778444767, 1.010689616203308, -0.10445450991392136, 0.08259528130292892, 0.03733086213469505]","[336.0, 2.0, 1.0, 4.0, 10.0, 935.0]","[2.0, 2.0, 0.0, 8.0, 0.0, 503.0]","[0.0003800690174102783, 0.17861369252204895, 0.09381648898124695, 0.9763796329498291, -1.039146900177002, -0.2751016616821289, -0.01472318172454834, -0.01330450177192688, -0.5002809166908264, -0.014776855707168579, 0.041112303733825684, 0.2880535423755646, -0.305204838514328, -0.3027801811695099, 0.30000030994415283, 0.30000028014183044, 0.29999998211860657, 0.19999979436397552, 0.10000031441450119, 0.0, 0.8733115792274475, 0.8729552626609802, 0.8729305267333984, 0.8684837818145752, 0.7683784365653992, 0.0]","[0.2691485583782196, 0.1752624660730362, 0.0034685968421399593, 0.9902154207229614, 0.036510780453681946, 0.0807565376162529, -0.025533227249979973, 0.28276264667510986, -0.1752864420413971, 0.017503798007965088, 1.0006896257400513, -0.09445451200008392, 0.07259528338909149, 0.02733086235821247]","[286.0, 0.30000030994415283, 0.2999999523162842, 0.19999980926513672, 0.10000038146972656, 885.0]","[0.8733115196228027, 0.872955322265625, 0.8729305267333984, 0.8684835433959961, 0.7683784365653992, 453.0]","[0.3686707317829132, 0.21254023909568787, -0.19606192409992218, 0.13888518512248993, -1.1988539695739746, -0.09080447256565094, 0.28740569949150085, 0.34744665026664734, -0.4011719524860382, 0.26253843307495117, 0.2602134943008423, 0.4354468286037445, -0.09520268440246582, 0.0869215875864029, 0.30000001192092896, 0.29899999499320984, 0.29899999499320984, 0.19900000095367432, 1.0, 0.0, 0.8980000019073486, 0.8989999890327454, 0.8999999761581421, 0.8999999761581421, 0.8009999990463257, 0.0]","[0.25489333271980286, 0.2874063551425934, -0.1409178376197815, -0.06747577339410782, -1.1075489521026611, -0.20959724485874176, 0.12356153130531311, 0.2808116674423218, -0.4227813482284546, 0.29641422629356384, 0.23240554332733154, 0.4568215310573578, -0.16366742551326752, 0.1350734531879425, 0.30000001192092896, 0.30000001192092896, 0.30000001192092896, 0.20000000298023224, 0.10000000149011612, 0.0, 0.8999999761581421, 0.8999999761581421, 0.8999999761581421, 0.8999999761581421, 0.800000011920929, 0.0]"
7,7,7,0.01215662600043288,0.08050251300119271,True,"[0.2752057611942291, 0.165777787566185, -0.0024567660875618458, 1.0001914501190186, 0.04199272394180298, 0.09075653553009033, -0.033915355801582336, 0.29055753350257874, -0.16531039774417877, 0.02702442742884159, 1.010677695274353, -0.10419085621833801, 0.08206797391176224, 0.036192361265420914]","[336.0, 2.0, 1.0, 5.0, 10.0, 935.0]","[2.0, 2.0, 0.0, 8.0, 0.0, 503.0]","[-0.0026134438812732697, 0.1771916002035141, 0.09732396900653839, 0.9904230833053589, -1.038594126701355, -0.2754925489425659, -0.00882422924041748, -0.007635831832885742, -0.49803054332733154, -0.020861148834228516, 0.05179858207702637, 0.30117830634117126, -0.29708749055862427, -0.29464760422706604, 0.30000030994415283, 0.30000028014183044, 0.29999998211860657, 0.19999977946281433, 0.10000032931566238, 0.0, 0.8744229674339294, 0.8740110397338867, 0.8739893436431885, 0.8697311878204346, 0.7696004509925842, 0.0]","[0.2652057707309723, 0.17577779293060303, 0.007543233688920736, 0.9904230833053589, 0.031992726027965546, 0.0807565376162529, -0.023915356025099754, 0.2805575430393219, -0.1753104031085968, 0.01702442765235901, 1.0006777048110962, -0.09419085830450058, 0.0720679759979248, 0.02619236148893833]","[286.0, 0.30000030994415283, 0.2999999523162842, 0.19999980926513672, 0.10000038146972656, 885.0]","[0.8744230270385742, 0.8740110397338867, 0.8739893436431885, 0.8697309494018555, 0.7696004509925842, 453.0]","[0.3686946928501129, 0.21254023909568787, -0.19609788060188293, 0.13893312215805054, -1.1988779306411743, -0.09080447256565094, 0.2874176800251007, 0.34809380769729614, -0.4016273319721222, 0.262550413608551, 0.2602134943008423, 0.4351711869239807, -0.09515474736690521, 0.08778444677591324, 0.30000001192092896, 0.29899999499320984, 0.29899999499320984, 0.19900000095367432, 1.0, 0.0, 0.8980000019073486, 0.8989999890327454, 0.8999999761581421, 0.8999999761581421, 0.8009999990463257, 0.0]","[0.25315022468566895, 0.2873590886592865, -0.14541850984096527, -0.06472344696521759, -1.104962706565857, -0.21491335332393646, 0.12630820274353027, 0.27968114614486694, -0.4240519106388092, 0.2986530065536499, 0.23073317110538483, 0.45636704564094543, -0.16286036372184753, 0.1347084641456604, 0.30000001192092896, 0.30000001192092896, 0.30000001192092896, 0.20000000298023224, 0.10000000149011612, 0.0, 0.8999999761581421, 0.8999999761581421, 0.8999999761581421, 0.8999999761581421, 0.800000011920929, 0.0]"
8,8,8,0.007151775000238558,0.08979418899980374,True,"[0.2713707983493805, 0.16596953570842743, 0.003103914437815547, 1.0001914501190186, 0.03801396116614342, 0.09075653553009033, -0.03185407072305679, 0.28798094391822815, -0.16529841721057892, 0.02683268114924431, 1.0106656551361084, -0.10398712009191513, 0.08126503229141235, 0.035173699259757996]","[336.0, 2.0, 1.0, 5.0, 10.0, 935.0]","[2.0, 2.0, 0.0, 8.0, 0.0, 503.0]","[0.0011197440326213837, 0.17592738568782806, 0.09251430630683899, 0.9739542007446289, -1.0419076681137085, -0.27759790420532227, -0.011987835168838501, -0.009874194860458374, -0.5036882758140564, -0.02122679352760315, 0.02952718734741211, 0.2949120104312897, -0.3045257329940796, -0.30135759711265564, 0.30000030994415283, 0.30000025033950806, 0.30000001192092896, 0.19999979436397552, 0.10000032186508179, 0.0, 0.8723785877227783, 0.8720099329948425, 0.8719921708106995, 0.8673924207687378, 0.7672710418701172, 0.0]","[0.26137080788612366, 0.17592738568782806, 0.013103914447128773, 0.9901914596557617, 0.028013961389660835, 0.0807565376162529, -0.02185407094657421, 0.2779809534549713, -0.17529842257499695, 0.016832681372761726, 1.0006656646728516, -0.0939871221780777, 0.07126503437757492, 0.025173699483275414]","[286.0, 0.3000001907348633, 0.30000001192092896, 0.19999980926513672, 0.10000038146972656, 885.0]","[0.8723785877227783, 0.8720099925994873, 0.8719921708106995, 0.8673925399780273, 0.7672710418701172, 453.0]","[0.3686946928501129, 0.21256420016288757, -0.19633756577968597, 0.13895709812641144, -1.1988779306411743, -0.090864397585392, 0.28740569949150085, 0.3479020595550537, -0.40392830967903137, 0.263005793094635, 0.26020148396492004, 0.4349434971809387, -0.09499895572662354, 0.09199091047048569, 0.30000001192092896, 0.29899999499320984, 0.29899999499320984, 0.19900000095367432, 1.0, 0.0, 0.8980000019073486, 0.8989999890327454, 0.8999999761581421, 0.8999999761581421, 0.8009999990463257, 0.0]","[0.25268545746803284, 0.28890952467918396, -0.14564628899097443, -0.06276678293943405, -1.1094121932983398, -0.21706220507621765, 0.12585130333900452, 0.2802010178565979, -0.427080899477005, 0.29866084456443787, 0.22760653495788574, 0.45402583479881287, -0.16312015056610107, 0.13579297065734863, 0.30000001192092896, 0.30000001192092896, 0.30000001192092896, 0.20000000298023224, 0.10000000149011612, 0.0, 0.8999999761581421, 0.8999999761581421, 0.8999999761581421, 0.8999999761581421, 0.800000011920929, 0.0]"
9,9,9,0.007056395999825327,0.07590669599994726,True,"[0.26850655674934387, 0.16624517738819122, 0.006531402934342623, 1.0001795291900635, 0.03452655300498009, 0.09073256701231003, -0.02611362747848034, 0.2860035300254822, -0.16528643667697906, 0.0267847441136837, 1.010617733001709, -0.103819340467453, 0.08023438602685928, 0.03389138728380203]","[336.0, 2.0, 1.0, 5.0, 10.0, 935.0]","[2.0, 2.0, 0.0, 8.0, 0.0, 503.0]","[0.0003058426082134247, 0.17710626125335693, 0.0924312025308609, 0.9534813165664673, -1.0443631410598755, -0.2816089987754822, -0.008189499378204346, -0.0005623102188110352, -0.4969310164451599, -0.012028306722640991, 0.050737619400024414, 0.288290411233902, -0.29964202642440796, -0.29576951265335083, 0.30000030994415283, 0.30000025033950806, 0.30000001192092896, 0.1999998241662979, 0.10000026971101761, 0.0, 0.8778228759765625, 0.8775351047515869, 0.8775233030319214, 0.8738237619400024, 0.7737265229225159, 0.0]","[0.25850656628608704, 0.17624518275260925, 0.016531402245163918, 0.9901795387268066, 0.024526553228497505, 0.0807325690984726, -0.016113627701997757, 0.27600353956222534, -0.1752864420413971, 0.01678474433720112, 1.0006177425384521, -0.09381934255361557, 0.07023438811302185, 0.02389138750731945]","[286.0, 0.3000001907348633, 0.30000001192092896, 0.19999980926513672, 0.10000038146972656, 885.0]","[0.8778228759765625, 0.8775351047515869, 0.8775233030319214, 0.8738236427307129, 0.7737265229225159, 453.0]","[0.3686946928501129, 0.21257618069648743, -0.19662518799304962, 0.1389690786600113, -1.1988779306411743, -0.090864397585392, 0.28740569949150085, 0.3477103114128113, -0.4057978391647339, 0.2632574737071991, 0.2601895034313202, 0.4349434971809387, -0.09499895572662354, 0.09417204558849335, 0.30000001192092896, 0.29899999499320984, 0.29899999499320984, 0.19900000095367432, 1.0, 0.0, 0.8980000019073486, 0.8989999890327454, 0.8999999761581421, 0.8999999761581421, 0.8009999990463257, 0.0]","[0.252299964427948, 0.28918129205703735, -0.14630362391471863, -0.06224444508552551, -1.1108037233352661, -0.21874727308750153, 0.12717337906360626, 0.2800115942955017, -0.42830541729927063, 0.29901713132858276, 0.22527562081813812, 0.45009419322013855, -0.16269159317016602, 0.13778527081012726, 0.30000001192092896, 0.30000001192092896, 0.30000001192092896, 0.20000000298023224, 0.10000000149011612, 0.0, 0.8999999761581421, 0.8999999761581421, 0.8999999761581421, 0.8999999761581421, 0.800000011920929, 0.0]"
10,10,10,0.006812865000028978,0.08286471899918979,True,"[0.266325443983078, 0.16649684309959412, 0.011061440221965313, 1.0001914501190186, 0.030715569853782654, 0.09072058647871017, -0.02129596844315529, 0.2840261459350586, -0.16531039774417877, 0.02665291726589203, 1.010617733001709, -0.10362759232521057, 0.07923969626426697, 0.03245328366756439]","[336.0, 2.0, 1.0, 4.0, 10.0, 935.0]","[2.0, 2.0, 0.0, 8.0, 0.0, 503.0]","[0.00021133944392204285, 0.17401762306690216, 0.09518022835254669, 0.9755698442459106, -1.044651985168457, -0.2784534692764282, -0.00408172607421875, -0.00792914628982544, -0.5003118515014648, -0.018111377954483032, 0.03696417808532715, 0.30564334988594055, -0.2949885129928589, -0.29148170351982117, 0.30000030994415283, 0.30000025033950806, 0.30000001192092896, 0.19999980926513672, 0.10000031441450119, 0.0, 0.8777837157249451, 0.8774200677871704, 0.8774111866950989, 0.8737107515335083, 0.7735797762870789, 0.0]","[0.25632545351982117, 0.17401762306690216, 0.02106143906712532, 0.9901914596557617, 0.02071557007730007, 0.08072058856487274, -0.011295968666672707, 0.27402615547180176, -0.1753104031085968, 0.016652917489409447, 1.0006177425384521, -0.09362759441137314, 0.06923969835042953, 0.02245328389108181]","[286.0, 0.3000001907348633, 0.30000001192092896, 0.19999980926513672, 0.10000038146972656, 885.0]","[0.8777837753295898, 0.8774200677871704, 0.8774111866950989, 0.8737106323242188, 0.7735797762870789, 453.0]","[0.3686946928501129, 0.21260015666484833, -0.19734424352645874, 0.13895709812641144, -1.1988658905029297, -0.09087637811899185, 0.2874176800251007, 0.3476863503456116, -0.4099084436893463, 0.26331740617752075, 0.2601895034313202, 0.43473976850509644, -0.09499895572662354, 0.09741976857185364, 0.30000001192092896, 0.29899999499320984, 0.29899999499320984, 0.19900000095367432, 1.0, 0.0, 0.8980000019073486, 0.8989999890327454, 0.8999999761581421, 0.8999999761581421, 0.8009999990463257, 0.0]","[0.25082939863204956, 0.28751885890960693, -0.1458432972431183, -0.0598161406815052, -1.109033226966858, -0.21911953389644623, 0.1271352916955948, 0.27719858288764954, -0.42869555950164795, 0.2998352348804474, 0.22691300511360168, 0.4493473470211029, -0.16358830034732819, 0.13994048535823822, 0.30000001192092896, 0.30000001192092896, 0.30000001192092896, 0.20000000298023224, 0.10000000149011612, 0.0, 0.8999999761581421, 0.8999999761581421, 0.8999999761581421, 0.8999999761581421, 0.800000011920929, 0.0]"
11,11,11,0.007233815000290633,0.08638271800009534,True,"[0.2640843987464905, 0.1666766107082367, 0.013434316031634808, 1.0001914501190186, 0.026880616322159767, 0.09072058647871017, -0.019414445385336876, 0.28019118309020996, -0.16526246070861816, 0.02660498023033142, 1.0106056928634644, -0.1034718006849289, 0.07865247130393982, 0.030403979122638702]","[336.0, 2.0, 1.0, 4.0, 10.0, 935.0]","[2.0, 2.0, 0.0, 8.0, 0.0, 503.0]","[0.0101902075111866, 0.17121213674545288, 0.10556064546108246, 0.9994810819625854, -1.0390225648880005, -0.27822625637054443, -0.0011659860610961914, 0.012536287307739258, -0.5001945495605469, -0.03291696310043335, 0.04300147294998169, 0.3154328465461731, -0.28412023186683655, -0.2741764187812805, 0.30000030994415283, 0.30000028014183044, 0.30000001192092896, 0.19999979436397552, 0.10000031441450119, 0.0, 0.8806077837944031, 0.8802318572998047, 0.8802235722541809, 0.8769950866699219, 0.7768580913543701, 0.0]","[0.25408440828323364, 0.17121213674545288, 0.023434314876794815, 0.9994810819625854, 0.016880616545677185, 0.08072058856487274, -0.009414445608854294, 0.2701911926269531, -0.1752624660730362, 0.01660498045384884, 1.0006057024002075, -0.09347180277109146, 0.06865247339010239, 0.02040397934615612]","[286.0, 0.30000030994415283, 0.30000001192092896, 0.19999980926513672, 0.10000038146972656, 885.0]","[0.8806078433990479, 0.8802318572998047, 0.8802235722541809, 0.8769950866699219, 0.7768580913543701, 453.0]","[0.36868271231651306, 0.21261213719844818, -0.19811122119426727, 0.1390170156955719, -1.1988658905029297, -0.09087637811899185, 0.2874176800251007, 0.3476743698120117, -0.4147021174430847, 0.2636289894580841, 0.26020148396492004, 0.434631884098053, -0.09498696774244308, 0.10029598325490952, 0.30000001192092896, 0.29899999499320984, 0.29899999499320984, 0.19900000095367432, 1.0, 0.0, 0.8980000019073486, 0.8989999890327454, 0.8999999761581421, 0.8999999761581421, 0.8009999990463257, 0.0]","[0.2499750852584839, 0.2862946391105652, -0.1455591470003128, -0.06044862046837807, -1.1060444116592407, -0.21826070547103882, 0.13016201555728912, 0.276179701089859, -0.42830049991607666, 0.3010003864765167, 0.22661350667476654, 0.4477982819080353, -0.16427814960479736, 0.14191170036792755, 0.30000001192092896, 0.30000001192092896, 0.30000001192092896, 0.20000000298023224, 0.10000000149011612, 0.0, 0.8999999761581421, 0.8999999761581421, 0.8999999761581421, 0.8999999761581421, 0.800000011920929, 0.0]"
12,12,12,0.009648496999943745,0.08336064399918541,True,"[0.2599138915538788, 0.16626913845539093, 0.018144117668271065, 1.001725435256958, 0.02274606004357338, 0.09061272442340851, -0.018323879688978195, 0.27705132961273193, -0.16532239317893982, 0.02653307467699051, 1.0105937719345093, -0.10313624143600464, 0.0770106315612793, 0.028019119054079056]","[336.0, 2.0, 1.0, 4.0, 10.0, 935.0]","[3.0, 2.0, 0.0, 8.0, 0.0, 503.0]","[0.006024301052093506, 0.17236647009849548, 0.09972864389419556, 0.9739992618560791, -1.0430614948272705, -0.2772154211997986, 0.00489470362663269, 0.009928971529006958, -0.4950069785118103, -0.02450612187385559, 0.05091390013694763, 0.32884642481803894, -0.27962350845336914, -0.26947855949401855, 0.30000030994415283, 0.30000028014183044, 0.29999998211860657, 0.19999977946281433, 0.10000033676624298, 0.0, 0.8793531656265259, 0.8788876533508301, 0.8788784742355347, 0.8754409551620483, 0.7752813696861267, 0.0]","[0.24991388618946075, 0.17236647009849548, 0.028144117444753647, 0.9917254447937012, 0.012746060267090797, 0.08061272650957108, -0.008323879912495613, 0.2670513391494751, -0.17532239854335785, 0.016533074900507927, 1.0005937814712524, -0.0931362435221672, 0.06701063364744186, 0.018019119277596474]","[286.0, 0.30000030994415283, 0.2999999523162842, 0.19999980926513672, 0.10000038146972656, 885.0]","[0.8793530464172363, 0.8788876533508301, 0.8788784742355347, 0.8754410743713379, 0.7752813696861267, 453.0]","[0.3686707317829132, 0.2126840502023697, -0.19878233969211578, 0.13905297219753265, -1.198830008506775, -0.0908883661031723, 0.28740569949150085, 0.3476863503456116, -0.4220125079154968, 0.26431208848953247, 0.2601895034313202, 0.4342483878135681, -0.09498696774244308, 0.105341337621212, 0.30000001192092896, 0.29899999499320984, 0.29899999499320984, 0.19900000095367432, 1.0, 0.0, 0.8980000019073486, 0.8989999890327454, 0.8999999761581421, 0.8999999761581421, 0.8009999990463257, 0.0]","[0.2491384744644165, 0.28690165281295776, -0.14469189941883087, -0.058852922171354294, -1.1055412292480469, -0.21729536354541779, 0.12956728041172028, 0.27553752064704895, -0.42823877930641174, 0.3018815517425537, 0.22851675748825073, 0.4470301568508148, -0.16587397456169128, 0.1425362378358841, 0.30000001192092896, 0.30000001192092896, 0.30000001192092896, 0.20000000298023224, 0.10000000149011612, 0.0, 0.8999999761581421, 0.8999999761581421, 0.8999999761581421, 0.8999999761581421, 0.800000011920929, 0.0]"
13,13,13,0.009182151999993948,0.07710140299968771,True,"[0.25633057951927185, 0.16628111898899078, 0.02269812300801277, 1.0012221336364746, 0.018863171339035034, 0.09061272442340851, -0.017616810277104378, 0.275816947221756, -0.16526246070861816, 0.026521090418100357, 1.0105458498001099, -0.10194980353116989, 0.07528490573167801, 0.02539457380771637]","[336.0, 2.0, 1.0, 4.0, 10.0, 935.0]","[2.0, 2.0, 0.0, 8.0, 0.0, 503.0]","[0.008320391178131104, 0.17468231916427612, 0.10106620192527771, 0.9624537229537964, -1.048005223274231, -0.2791435420513153, -0.004689246416091919, 0.026580810546875, -0.49722325801849365, -0.02297636866569519, 0.04242020845413208, 0.31755131483078003, -0.2814640402793884, -0.2611355483531952, 0.30000030994415283, 0.30000028014183044, 0.29999998211860657, 0.19999977946281433, 0.10000032931566238, 0.0, 0.8788473010063171, 0.878408670425415, 0.878393828868866, 0.8748837113380432, 0.7747229933738708, 0.0]","[0.24633057415485382, 0.17468231916427612, 0.0326981246471405, 0.9912221431732178, 0.008863171562552452, 0.08061272650957108, -0.007616810500621796, 0.26581695675849915, -0.1752624660730362, 0.016521090641617775, 1.000545859336853, -0.09194980561733246, 0.06528490781784058, 0.015394574031233788]","[286.0, 0.30000030994415283, 0.2999999523162842, 0.19999980926513672, 0.10000038146972656, 885.0]","[0.8788473606109619, 0.878408670425415, 0.878393828868866, 0.8748836517333984, 0.7747229933738708, 453.0]","[0.36868271231651306, 0.21274396777153015, -0.1989501267671585, 0.1390649527311325, -1.19884192943573, -0.0908883661031723, 0.2874176800251007, 0.3476743698120117, -0.4250684976577759, 0.26488733291625977, 0.2601655423641205, 0.43418848514556885, -0.09499895572662354, 0.10644388943910599, 0.30000001192092896, 0.29899999499320984, 0.29899999499320984, 0.19900000095367432, 1.0, 0.0, 0.8980000019073486, 0.8989999890327454, 0.8999999761581421, 0.8999999761581421, 0.8009999990463257, 0.0]","[0.24855397641658783, 0.28726768493652344, -0.14488840103149414, -0.056716468185186386, -1.1043035984039307, -0.21797728538513184, 0.12885341048240662, 0.27492791414260864, -0.428251177072525, 0.30280178785324097, 0.2304433137178421, 0.44608911871910095, -0.167300745844841, 0.1419447958469391, 0.30000001192092896, 0.30000001192092896, 0.30000001192092896, 0.20000000298023224, 0.10000000149011612, 0.0, 0.8999999761581421, 0.8999999761581421, 0.8999999761581421, 0.8999999761581421, 0.800000011920929, 0.0]"
14,14,14,0.007187888000771636,0.0907154710002942,True,"[0.2532266676425934, 0.16652080416679382, 0.02767157554626465, 1.0009105205535889, 0.016634104773402214, 0.09062471240758896, -0.016957677900791168, 0.27548137307167053, -0.16529841721057892, 0.026521090418100357, 1.010557770729065, -0.10106296837329865, 0.0743141770362854, 0.023513050749897957]","[336.0, 2.0, 1.0, 4.0, 10.0, 935.0]","[2.0, 2.0, 0.0, 8.0, 0.0, 503.0]","[0.009118743240833282, 0.17340824007987976, 0.09779159724712372, 0.9655102491378784, -1.0453554391860962, -0.27882012724876404, -0.0003097653388977051, 0.01990184187889099, -0.4976533055305481, -0.025042027235031128, 0.03643631935119629, 0.3211868703365326, -0.2852035164833069, -0.2730841338634491, 0.30000030994415283, 0.30000028014183044, 0.29999998211860657, 0.19999974966049194, 0.10000035911798477, 0.0, 0.878325879573822, 0.8778209686279297, 0.8778032660484314, 0.8742029666900635, 0.7740358114242554, 0.0]","[0.24322666227817535, 0.17340824007987976, 0.03767157346010208, 0.990910530090332, 0.006634104996919632, 0.08062471449375153, -0.006957678124308586, 0.2654813826084137, -0.17529842257499695, 0.016521090641617775, 1.000557780265808, -0.09106297045946121, 0.06431417912244797, 0.013513050973415375]","[286.0, 0.30000030994415283, 0.2999999523162842, 0.19999980926513672, 0.10000038146972656, 885.0]","[0.8783259391784668, 0.8778209686279297, 0.8778032660484314, 0.8742027282714844, 0.7740358114242554, 453.0]","[0.36868271231651306, 0.21281586587429047, -0.19897408783435822, 0.13911288976669312, -1.198830008506775, -0.0908883661031723, 0.28740569949150085, 0.34774625301361084, -0.4293108880519867, 0.2655104994773865, 0.2602134943008423, 0.4340686500072479, -0.09499895572662354, 0.10698317736387253, 0.30000001192092896, 0.29899999499320984, 0.29899999499320984, 0.19900000095367432, 1.0, 0.0, 0.8980000019073486, 0.8989999890327454, 0.8999999761581421, 0.8999999761581421, 0.8009999990463257, 0.0]","[0.24735702574253082, 0.2865605056285858, -0.14575673639774323, -0.054714053869247437, -1.1022804975509644, -0.21803990006446838, 0.12891247868537903, 0.2736210227012634, -0.42803335189819336, 0.3042966425418854, 0.23235781490802765, 0.4452287554740906, -0.16945780813694, 0.14082524180412292, 0.30000001192092896, 0.30000001192092896, 0.30000001192092896, 0.20000000298023224, 0.10000000149011612, 0.0, 0.8999999761581421, 0.8999999761581421, 0.8999999761581421, 0.8999999761581421, 0.800000011920929, 0.0]"
15,15,15,0.00908068700118747,0.13879361499857623,True,"[0.2497512549161911, 0.16664065420627594, 0.030643664300441742, 1.0007067918777466, 0.014249243773519993, 0.09060074388980865, -0.016262592747807503, 0.27518177032470703, -0.16528643667697906, 0.026449184864759445, 1.0105338096618652, -0.10004431009292603, 0.07173757255077362, 0.0201694518327713]","[336.0, 2.0, 1.0, 4.0, 10.0, 935.0]","[3.0, 2.0, 0.0, 8.0, 0.0, 503.0]","[0.018703367561101913, 0.1708088368177414, 0.1132805198431015, 0.9972894191741943, -1.039242148399353, -0.2835577130317688, 0.0016205012798309326, 0.04077523946762085, -0.49883365631103516, -0.03770849108695984, 0.022288918495178223, 0.33083227276802063, -0.28285759687423706, -0.25569915771484375, 0.30000030994415283, 0.30000025033950806, 0.30000001192092896, 0.19999979436397552, 0.10000032931566238, 0.0, 0.8793939352035522, 0.8790008425712585, 0.8789957761764526, 0.8755700588226318, 0.7754165530204773, 0.0]","[0.23975124955177307, 0.1708088368177414, 0.040643662214279175, 0.9972894191741943, 0.004249243997037411, 0.08060074597597122, -0.006262592971324921, 0.2651817798614502, -0.1752864420413971, 0.016449185088276863, 1.0005338191986084, -0.09004431217908859, 0.06173757463693619, 0.01016945205628872]","[286.0, 0.3000001907348633, 0.30000001192092896, 0.19999980926513672, 0.10000038146972656, 885.0]","[0.8793940544128418, 0.8790009021759033, 0.8789957761764526, 0.8755702972412109, 0.7754165530204773, 453.0]","[0.3686946928501129, 0.21286380290985107, -0.19910591840744019, 0.13923272490501404, -1.19884192943573, -0.0908883661031723, 0.28740569949150085, 0.3476983308792114, -0.43169575929641724, 0.26569026708602905, 0.26020148396492004, 0.4339008629322052, -0.09499895572662354, 0.10699516534805298, 0.30000001192092896, 0.29899999499320984, 0.29899999499320984, 0.19900000095367432, 1.0, 0.0, 0.8980000019073486, 0.8989999890327454, 0.8999999761581421, 0.8999999761581421, 0.8009999990463257, 0.0]","[0.24637237191200256, 0.28585565090179443, -0.1454000324010849, -0.054658032953739166, -1.1008025407791138, -0.2161467969417572, 0.12908940017223358, 0.27248266339302063, -0.4279784858226776, 0.30493438243865967, 0.23247240483760834, 0.44536468386650085, -0.17082545161247253, 0.14122359454631805, 0.30000001192092896, 0.30000001192092896, 0.30000001192092896, 0.20000000298023224, 0.10000000149011612, 0.0, 0.8999999761581421, 0.8999999761581421, 0.8999999761581421, 0.8999999761581421, 0.800000011920929, 0.0]"
16,16,16,0.008873114000380156,0.11614104299951578,True,"[0.2464555948972702, 0.166376993060112, 0.03332813084125519, 1.00121009349823, 0.008832373656332493, 0.09055280685424805, -0.015675365924835205, 0.2749421000480652, -0.16533437371253967, 0.02630537375807762, 1.0105338096618652, -0.09855826944112778, 0.06664427369832993, 0.01589108258485794]","[336.0, 2.0, 1.0, 4.0, 10.0, 935.0]","[2.0, 2.0, 0.0, 8.0, 0.0, 503.0]","[0.013106849044561386, 0.1680053472518921, 0.10579368472099304, 0.9907571077346802, -1.04106605052948, -0.28390586376190186, 0.00445970892906189, 0.01935860514640808, -0.5022932291030884, -0.0342864990234375, 0.02428838610649109, 0.3362339735031128, -0.27886366844177246, -0.2568698227405548, 0.30000030994415283, 0.30000022053718567, 0.30000001192092896, 0.1999998390674591, 0.1000002920627594, 0.0, 0.8817626237869263, 0.8814488649368286, 0.8814584016799927, 0.8784208297729492, 0.7782796621322632, 0.0]","[0.23645558953285217, 0.1680053472518921, 0.04332812875509262, 0.9912101030349731, -0.0011676261201500893, 0.08055280894041061, -0.005675366148352623, 0.26494210958480835, -0.1753343790769577, 0.01630537398159504, 1.0005338191986084, -0.08855827152729034, 0.05664427578449249, 0.005891082808375359]","[286.0, 0.3000001907348633, 0.30000001192092896, 0.19999980926513672, 0.10000038146972656, 885.0]","[0.8817626237869263, 0.8814488649368286, 0.8814584016799927, 0.8784208297729492, 0.7782796621322632, 453.0]","[0.3686946928501129, 0.21287579834461212, -0.1995253711938858, 0.13923272490501404, -1.1988060474395752, -0.0908883661031723, 0.2874176800251007, 0.3476503789424896, -0.4324747323989868, 0.2660258412361145, 0.2601895034313202, 0.433804988861084, -0.09501093626022339, 0.10698317736387253, 0.30000001192092896, 0.29899999499320984, 0.29899999499320984, 0.19900000095367432, 1.0, 0.0, 0.8980000019073486, 0.8989999890327454, 0.8999999761581421, 0.8999999761581421, 0.8009999990463257, 0.0]","[0.24674375355243683, 0.2856728434562683, -0.145380899310112, -0.05598191171884537, -1.0989303588867188, -0.21495096385478973, 0.13138623535633087, 0.2723100483417511, -0.4281614422798157, 0.3055116534233093, 0.23066066205501556, 0.44632935523986816, -0.169511079788208, 0.13948003947734833, 0.30000001192092896, 0.30000001192092896, 0.30000001192092896, 0.20000000298023224, 0.10000000149011612, 0.0, 0.8999999761581421, 0.8999999761581421, 0.8999999761581421, 0.8999999761581421, 0.800000011920929, 0.0]"
17,17,17,0.010037014000772615,0.0772321849999571,True,"[0.24564066529273987, 0.16594555974006653, 0.034598458558321, 1.0008745193481445, 0.0035353463608771563, 0.09055280685424805, -0.015531555749475956, 0.2746424973011017, -0.16529841721057892, 0.026341326534748077, 1.0105098485946655, -0.09817477315664291, 0.06391187012195587, 0.014524880796670914]","[336.0, 2.0, 1.0, 4.0, 10.0, 935.0]","[2.0, 2.0, 0.0, 8.0, 0.0, 503.0]","[0.008486513048410416, 0.1744183897972107, 0.10453711450099945, 0.9769760370254517, -1.0407400131225586, -0.2745271325111389, 0.00808638334274292, 0.03227004408836365, -0.5002793073654175, -0.0396653413772583, 0.027094542980194092, 0.34654244780540466, -0.27381080389022827, -0.24988222122192383, 0.30000030994415283, 0.30000030994415283, 0.29999998211860657, 0.19999973475933075, 0.10000039637088776, 0.0, 0.8841102719306946, 0.8835307359695435, 0.8835192918777466, 0.8808885216712952, 0.7806819677352905, 0.0]","[0.23564065992832184, 0.1744183897972107, 0.04459846019744873, 0.9908745288848877, -0.0064646536484360695, 0.08055280894041061, -0.005531555972993374, 0.26464250683784485, -0.17529842257499695, 0.016341326758265495, 1.0005098581314087, -0.08817477524280548, 0.05391187220811844, 0.004524881020188332]","[286.0, 0.30000030994415283, 0.2999999523162842, 0.19999980926513672, 0.10000038146972656, 885.0]","[0.8841102123260498, 0.8835307359695435, 0.8835192918777466, 0.8808884620666504, 0.7806819677352905, 453.0]","[0.36870667338371277, 0.21286380290985107, -0.19994480907917023, 0.13924472033977509, -1.1987221240997314, -0.09087637811899185, 0.2874176800251007, 0.3476863503456116, -0.4325226843357086, 0.2668287754058838, 0.2602134943008423, 0.4336491823196411, -0.09499895572662354, 0.10699516534805298, 0.30000001192092896, 0.29899999499320984, 0.29899999499320984, 0.19900000095367432, 1.0, 0.0, 0.8980000019073486, 0.8989999890327454, 0.8999999761581421, 0.8999999761581421, 0.8009999990463257, 0.0]","[0.24793070554733276, 0.2854789197444916, -0.1462482064962387, -0.056893087923526764, -1.098655104637146, -0.2151414304971695, 0.13273178040981293, 0.2728598713874817, -0.4277365803718567, 0.30680051445961, 0.22997498512268066, 0.4450470209121704, -0.16894324123859406, 0.13757272064685822, 0.30000001192092896, 0.30000001192092896, 0.30000001192092896, 0.20000000298023224, 0.10000000149011612, 0.0, 0.8999999761581421, 0.8999999761581421, 0.8999999761581421, 0.8999999761581421, 0.800000011920929, 0.0]"
18,18,18,0.009120493999944301,0.08527333900019585,True,"[0.24444223940372467, 0.16586168110370636, 0.03790610283613205, 1.0006707906723022, -0.0008149273344315588, 0.09055280685424805, -0.015423697419464588, 0.27452266216278076, -0.16529841721057892, 0.02630537375807762, 1.0105098485946655, -0.09797104448080063, 0.061898522078990936, 0.012487562373280525]","[336.0, 2.0, 1.0, 4.0, 10.0, 935.0]","[2.0, 2.0, 0.0, 8.0, 0.0, 503.0]","[0.023184511810541153, 0.17201271653175354, 0.11583408713340759, 0.9820832014083862, -1.0390269756317139, -0.28443512320518494, 0.00034865736961364746, 0.057035863399505615, -0.5025132894515991, -0.04331347346305847, 0.013089120388031006, 0.33629217743873596, -0.27840906381607056, -0.23618395626544952, 0.30000030994415283, 0.30000025033950806, 0.30000001192092896, 0.19999979436397552, 0.10000032186508179, 0.0, 0.8806146383285522, 0.880225658416748, 0.880224347114563, 0.8770051002502441, 0.7768431305885315, 0.0]","[0.23444223403930664, 0.17201271653175354, 0.04790610074996948, 0.9906708002090454, -0.010814927518367767, 0.08055280894041061, -0.005423697642982006, 0.2645226716995239, -0.17529842257499695, 0.01630537398159504, 1.0005098581314087, -0.0879710465669632, 0.0518985241651535, 0.002487562596797943]","[286.0, 0.3000001907348633, 0.30000001192092896, 0.19999980926513672, 0.10000038146972656, 885.0]","[0.8806146383285522, 0.880225658416748, 0.880224347114563, 0.8770051002502441, 0.7768431305885315, 453.0]","[0.36868271231651306, 0.21287579834461212, -0.20049609243869781, 0.13920876383781433, -1.198686122894287, -0.0908883661031723, 0.2874176800251007, 0.3476623594760895, -0.4324986934661865, 0.2676796615123749, 0.2601895034313202, 0.4335533082485199, -0.09499895572662354, 0.10698317736387253, 0.30000001192092896, 0.29899999499320984, 0.29899999499320984, 0.19900000095367432, 1.0, 0.0, 0.8980000019073486, 0.8989999890327454, 0.8999999761581421, 0.8999999761581421, 0.8009999990463257, 0.0]","[0.2496410459280014, 0.2856175899505615, -0.14708510041236877, -0.05775830149650574, -1.0987924337387085, -0.21559378504753113, 0.13357216119766235, 0.27350687980651855, -0.42771536111831665, 0.30792292952537537, 0.22880946099758148, 0.4425937831401825, -0.16821904480457306, 0.13788965344429016, 0.30000001192092896, 0.30000001192092896, 0.30000001192092896, 0.20000000298023224, 0.10000000149011612, 0.0, 0.8999999761581421, 0.8999999761581421, 0.8999999761581421, 0.8999999761581421, 0.800000011920929, 0.0]"
19,19,19,0.0072825279985409,0.07396349199916585,True,"[0.2421892136335373, 0.16641294956207275, 0.04084223881363869, 1.0006588697433472, -0.0028522456996142864, 0.09055280685424805, -0.01474059745669365, 0.2743428945541382, -0.16532239317893982, 0.026281405240297318, 1.0104858875274658, -0.0978032648563385, 0.05971739441156387, 0.010162622667849064]","[336.0, 2.0, 1.0, 5.0, 10.0, 935.0]","[2.0, 2.0, 0.0, 8.0, 0.0, 503.0]","[0.01473638042807579, 0.17527222633361816, 0.1046404242515564, 0.9578039646148682, -1.0424691438674927, -0.2787216305732727, -0.0007351934909820557, 0.040885210037231445, -0.5066316723823547, -0.03525903820991516, 0.007991671562194824, 0.32920384407043457, -0.28271451592445374, -0.24717918038368225, 0.30000030994415283, 0.30000028014183044, 0.30000001192092896, 0.19999976456165314, 0.10000035911798477, 0.0, 0.878550112247467, 0.8780916929244995, 0.8780810236930847, 0.8745223879814148, 0.7743489146232605, 0.0]","[0.23218920826911926, 0.17527222633361816, 0.05084224045276642, 0.9906588792800903, -0.012852245941758156, 0.08055280894041061, -0.004740597680211067, 0.26434290409088135, -0.17532239854335785, 0.016281405463814735, 1.000485897064209, -0.08780326694250107, 0.04971739649772644, 0.00016262289136648178]","[286.0, 0.30000030994415283, 0.30000001192092896, 0.19999980926513672, 0.10000038146972656, 885.0]","[0.8785500526428223, 0.8780916929244995, 0.8780810236930847, 0.8745222091674805, 0.7743489146232605, 453.0]","[0.36870667338371277, 0.21294769644737244, -0.2018742710351944, 0.13920876383781433, -1.1984584331512451, -0.09090034663677216, 0.2874176800251007, 0.3476863503456116, -0.4325226843357086, 0.2694173753261566, 0.26017752289772034, 0.4324507713317871, -0.09502292424440384, 0.10698317736387253, 0.30000001192092896, 0.29899999499320984, 0.29899999499320984, 0.19900000095367432, 1.0, 0.0, 0.8980000019073486, 0.8989999890327454, 0.8999999761581421, 0.8999999761581421, 0.8009999990463257, 0.0]","[0.2522291839122772, 0.28537362813949585, -0.1475476175546646, -0.05973705276846886, -1.0964072942733765, -0.21562545001506805, 0.13453291356563568, 0.27535003423690796, -0.42779844999313354, 0.30940353870391846, 0.22515060007572174, 0.43091464042663574, -0.16948916018009186, 0.1409388780593872, 0.30000001192092896, 0.30000001192092896, 0.30000001192092896, 0.20000000298023224, 0.10000000149011612, 0.0, 0.8999999761581421, 0.8999999761581421, 0.8999999761581421, 0.8999999761581421, 0.800000011920929, 0.0]"
20,20,20,0.0069375919993035495,0.08965107000040007,True,"[0.23952871561050415, 0.1664489060640335, 0.04237622022628784, 1.0005989074707031, -0.00447011599317193, 0.09055280685424805, -0.014153369702398777, 0.27407923340797424, -0.1652744561433792, 0.026281405240297318, 1.0105098485946655, -0.09740778058767319, 0.05730856582522392, 0.008412926457822323]","[336.0, 2.0, 1.0, 4.0, 10.0, 935.0]","[2.0, 2.0, 0.0, 8.0, 0.0, 503.0]","[0.01242753490805626, 0.17199453711509705, 0.10488191246986389, 0.9626357555389404, -1.043461799621582, -0.2784152626991272, 0.0033488869667053223, 0.034432023763656616, -0.5028421878814697, -0.03784051537513733, 0.01115947961807251, 0.336387038230896, -0.2767913341522217, -0.2561447024345398, 0.30000030994415283, 0.30000028014183044, 0.30000001192092896, 0.19999976456165314, 0.10000037401914597, 0.0, 0.880054771900177, 0.8795380592346191, 0.8795270323753357, 0.8762240409851074, 0.776031494140625, 0.0]","[0.22952871024608612, 0.17199453711509705, 0.052376218140125275, 0.9905989170074463, -0.014470115303993225, 0.08055280894041061, -0.004153369925916195, 0.2640792429447174, -0.17527446150779724, 0.016281405463814735, 1.0005098581314087, -0.08740778267383575, 0.04730856418609619, -0.0015870733186602592]","[286.0, 0.30000030994415283, 0.30000001192092896, 0.19999980926513672, 0.10000038146972656, 885.0]","[0.8800547122955322, 0.8795380592346191, 0.8795270323753357, 0.8762240409851074, 0.776031494140625, 453.0]","[0.3687186539173126, 0.2130076140165329, -0.2025453895330429, 0.13923272490501404, -1.1976076364517212, -0.0909123346209526, 0.2874176800251007, 0.34772229194641113, -0.43253466486930847, 0.2710232436656952, 0.26015356183052063, 0.43188750743865967, -0.09501093626022339, 0.10700714588165283, 0.30000001192092896, 0.29899999499320984, 0.29899999499320984, 0.19900000095367432, 1.0, 0.0, 0.8980000019073486, 0.8989999890327454, 0.8999999761581421, 0.8999999761581421, 0.8009999990463257, 0.0]","[0.25537216663360596, 0.2854381799697876, -0.14580973982810974, -0.0632423385977745, -1.0961565971374512, -0.21434271335601807, 0.13511966168880463, 0.2777915894985199, -0.4296104609966278, 0.3083878457546234, 0.22066162526607513, 0.4206000566482544, -0.17053291201591492, 0.14633610844612122, 0.30000001192092896, 0.30000001192092896, 0.30000001192092896, 0.20000000298023224, 0.10000000149011612, 0.0, 0.8999999761581421, 0.8999999761581421, 0.8999999761581421, 0.8999999761581421, 0.800000011920929, 0.0]"
21,21,21,0.009683661999588367,0.06875966299958236,True,"[0.23598137497901917, 0.16618524491786957, 0.04571982100605965, 1.0005629062652588, -0.005632585845887661, 0.09055280685424805, -0.013482253067195415, 0.27352795004844666, -0.16533437371253967, 0.026269420981407166, 1.0104858875274658, -0.09623333066701889, 0.055451009422540665, 0.006147907581180334]","[336.0, 2.0, 1.0, 4.0, 10.0, 935.0]","[2.0, 2.0, 0.0, 8.0, 0.0, 503.0]","[0.022665079683065414, 0.17049235105514526, 0.1141304075717926, 0.9734230041503906, -1.0396407842636108, -0.2834852933883667, 0.010353446006774902, 0.06695902347564697, -0.50118488073349, -0.04508417844772339, 0.004374593496322632, 0.3598032295703888, -0.26863613724708557, -0.22365115582942963, 0.30000030994415283, 0.30000028014183044, 0.30000001192092896, 0.19999976456165314, 0.10000035911798477, 0.0, 0.8782454133033752, 0.8777550458908081, 0.8777501583099365, 0.8741447925567627, 0.7739518880844116, 0.0]","[0.22598136961460114, 0.17049235105514526, 0.05571982264518738, 0.990562915802002, -0.01563258469104767, 0.08055280894041061, -0.0034822532907128334, 0.2635279595851898, -0.1753343790769577, 0.016269421204924583, 1.000485897064209, -0.08623333275318146, 0.04545100778341293, -0.003852092195302248]","[286.0, 0.30000030994415283, 0.30000001192092896, 0.19999980926513672, 0.10000038146972656, 885.0]","[0.8782453536987305, 0.8777550458908081, 0.8777501583099365, 0.8741445541381836, 0.7739518880844116, 453.0]","[0.368802547454834, 0.2130076140165329, -0.20321650803089142, 0.13922074437141418, -1.1953545808792114, -0.0908883661031723, 0.2874176800251007, 0.3476863503456116, -0.43253466486930847, 0.2726171612739563, 0.2601415812969208, 0.42914313077926636, -0.09501093626022339, 0.1074385792016983, 0.30000001192092896, 0.29899999499320984, 0.29899999499320984, 0.19900000095367432, 1.0, 0.0, 0.8980000019073486, 0.8989999890327454, 0.8999999761581421, 0.8999999761581421, 0.8009999990463257, 0.0]","[0.25542905926704407, 0.2870965301990509, -0.14516137540340424, -0.06493117660284042, -1.0961320400238037, -0.21327124536037445, 0.13717694580554962, 0.2770364582538605, -0.43209612369537354, 0.30878493189811707, 0.2168765813112259, 0.40761056542396545, -0.17177802324295044, 0.15143783390522003, 0.30000001192092896, 0.30000001192092896, 0.30000001192092896, 0.20000000298023224, 0.10000000149011612, 0.0, 0.8999999761581421, 0.8999999761581421, 0.8999999761581421, 0.8999999761581421, 0.800000011920929, 0.0]"
22,22,22,0.012461154999982682,0.10021705899998778,True,"[0.23457922041416168, 0.16613730788230896, 0.04933905601501465, 1.0005149841308594, -0.00618386035785079, 0.09055280685424805, -0.012595420703291893, 0.27313247323036194, -0.16532239317893982, 0.026281405240297318, 1.0105338096618652, -0.0960056260228157, 0.05348559841513634, 0.00512924836948514]","[336.0, 2.0, 1.0, 4.0, 10.0, 935.0]","[2.0, 2.0, 0.0, 8.0, 0.0, 503.0]","[0.019399117678403854, 0.17361269891262054, 0.10919725894927979, 0.9575107097625732, -1.0432989597320557, -0.280813992023468, 0.004087716341018677, 0.05650871992111206, -0.5030262470245361, -0.042261749505996704, 0.009919822216033936, 0.3524628281593323, -0.27001017332077026, -0.22162553668022156, 0.30000030994415283, 0.30000025033950806, 0.30000001192092896, 0.19999977946281433, 0.10000035166740417, 0.0, 0.8811534643173218, 0.8807010650634766, 0.8807008266448975, 0.8775724768638611, 0.7773885726928711, 0.0]","[0.22457921504974365, 0.17361269891262054, 0.05933905392885208, 0.9905149936676025, -0.01618386059999466, 0.08055280894041061, -0.002595420926809311, 0.2631324827671051, -0.17532239854335785, 0.016281405463814735, 1.0005338191986084, -0.08600562810897827, 0.043485596776008606, -0.004870751406997442]","[286.0, 0.3000001907348633, 0.30000001192092896, 0.19999980926513672, 0.10000038146972656, 885.0]","[0.8811534643173218, 0.8807010650634766, 0.8807008266448975, 0.8775725364685059, 0.7773885726928711, 453.0]","[0.36881452798843384, 0.2130076140165329, -0.203623965382576, 0.13920876383781433, -1.19507896900177, -0.09090034663677216, 0.2874176800251007, 0.3476623594760895, -0.4325226843357086, 0.273012638092041, 0.26011762022972107, 0.4264107048511505, -0.09503490477800369, 0.10778611898422241, 0.30000001192092896, 0.29899999499320984, 0.29899999499320984, 0.19900000095367432, 1.0, 0.0, 0.8980000019073486, 0.8989999890327454, 0.8999999761581421, 0.8999999761581421, 0.8009999990463257, 0.0]","[0.2562963664531708, 0.287356436252594, -0.14446742832660675, -0.06444334238767624, -1.096207857131958, -0.2130190134048462, 0.13666509091854095, 0.27733102440834045, -0.43512162566185, 0.30909013748168945, 0.211900532245636, 0.401600182056427, -0.17250843346118927, 0.15673644840717316, 0.30000001192092896, 0.30000001192092896, 0.30000001192092896, 0.20000000298023224, 0.10000000149011612, 0.0, 0.8999999761581421, 0.8999999761581421, 0.8999999761581421, 0.8999999761581421, 0.800000011920929, 0.0]"
23,23,23,0.011473383998236386,0.1490286410007684,True,"[0.23339278995990753, 0.16620922088623047, 0.05104081705212593, 1.0003352165222168, -0.007729825098067522, 0.09055280685424805, -0.009024121798574924, 0.2694413363933563, -0.16535833477973938, 0.026281405240297318, 1.0105098485946655, -0.09582586586475372, 0.05149621516466141, 0.0037510625552386045]","[336.0, 2.0, 1.0, 5.0, 10.0, 935.0]","[2.0, 2.0, 0.0, 8.0, 0.0, 503.0]","[0.01690366491675377, 0.1721535474061966, 0.1112036257982254, 0.968095064163208, -1.0431150197982788, -0.28356844186782837, 0.013239532709121704, 0.05697324872016907, -0.5002045631408691, -0.04527640342712402, 0.006201505661010742, 0.37888532876968384, -0.2636955678462982, -0.21460244059562683, 0.30000030994415283, 0.30000028014183044, 0.30000001192092896, 0.19999977946281433, 0.10000036656856537, 0.0, 0.8785284757614136, 0.8780369758605957, 0.8780369162559509, 0.8744745850563049, 0.7742782831192017, 0.0]","[0.2233927845954895, 0.1721535474061966, 0.06104081869125366, 0.99033522605896, -0.017729824408888817, 0.08055280894041061, 0.0009758779779076576, 0.2594413459300995, -0.1753583401441574, 0.016281405463814735, 1.0005098581314087, -0.08582586795091629, 0.041496217250823975, -0.006248936988413334]","[286.0, 0.30000030994415283, 0.30000001192092896, 0.19999980926513672, 0.10000038146972656, 885.0]","[0.8785284757614136, 0.8780369758605957, 0.8780369162559509, 0.8744745254516602, 0.7742782831192017, 453.0]","[0.3688504695892334, 0.21299563348293304, -0.20409135520458221, 0.13920876383781433, -1.1948871612548828, -0.09090034663677216, 0.28740569949150085, 0.3475305438041687, -0.4329301416873932, 0.27345603704452515, 0.25997379422187805, 0.4170750081539154, -0.09501093626022339, 0.11009907722473145, 0.30000001192092896, 0.29899999499320984, 0.29899999499320984, 0.19900000095367432, 1.0, 0.0, 0.8980000019073486, 0.8989999890327454, 0.8999999761581421, 0.8999999761581421, 0.8009999990463257, 0.0]","[0.25643524527549744, 0.2886839210987091, -0.1433415561914444, -0.06583522260189056, -1.0969393253326416, -0.2113111913204193, 0.13865292072296143, 0.27664831280708313, -0.4410325288772583, 0.3104521632194519, 0.19979724287986755, 0.39532366394996643, -0.17866481840610504, 0.17146676778793335, 0.30000001192092896, 0.30000001192092896, 0.30000001192092896, 0.20000000298023224, 0.10000000149011612, 0.0, 0.8999999761581421, 0.8999999761581421, 0.8999999761581421, 0.8999999761581421, 0.800000011920929, 0.0]"
24,24,24,0.009554311000101734,0.0919786380000005,True,"[0.23297333717346191, 0.16624517738819122, 0.054000917822122574, 1.000311255455017, -0.011217234656214714, 0.09055280685424805, -0.0005752427969127893, 0.26589399576187134, -0.1654302477836609, 0.026269420981407166, 1.0105098485946655, -0.09564609825611115, 0.0484522208571434, 0.0029001825023442507]","[336.0, 2.0, 1.0, 4.0, 10.0, 935.0]","[2.0, 2.0, 0.0, 8.0, 0.0, 503.0]","[0.0173218734562397, 0.17205558717250824, 0.1158665269613266, 0.9717625379562378, -1.0411864519119263, -0.28449833393096924, 0.012693405151367188, 0.054345548152923584, -0.5020188689231873, -0.05506005883216858, -0.018926262855529785, 0.38250356912612915, -0.2637421488761902, -0.21442370116710663, 0.30000030994415283, 0.30000025033950806, 0.30000001192092896, 0.19999980926513672, 0.10000035166740417, 0.0, 0.8811367750167847, 0.880693793296814, 0.8807058334350586, 0.8775752186775208, 0.7773772478103638, 0.0]","[0.22297333180904388, 0.17205558717250824, 0.0640009194612503, 0.9903112649917603, -0.021217234432697296, 0.08055280894041061, 0.009424757212400436, 0.2558940052986145, -0.17543025314807892, 0.016269421204924583, 1.0005098581314087, -0.08564610034227371, 0.03845222294330597, -0.007099817506968975]","[286.0, 0.3000001907348633, 0.30000001192092896, 0.19999980926513672, 0.10000038146972656, 885.0]","[0.8811367750167847, 0.880693793296814, 0.8807058334350586, 0.8775753974914551, 0.7773772478103638, 453.0]","[0.36893436312675476, 0.21299563348293304, -0.2042950838804245, 0.13922074437141418, -1.1945515871047974, -0.09087637811899185, 0.28742966055870056, 0.34744665026664734, -0.4355067312717438, 0.2739593982696533, 0.25939854979515076, 0.41224536299705505, -0.09503490477800369, 0.1173735037446022, 0.30000001192092896, 0.29899999499320984, 0.29899999499320984, 0.19900000095367432, 1.0, 0.0, 0.8980000019073486, 0.8989999890327454, 0.8999999761581421, 0.8999999761581421, 0.8009999990463257, 0.0]","[0.25474411249160767, 0.29137325286865234, -0.14343592524528503, -0.0692114382982254, -1.0993103981018066, -0.20886261761188507, 0.14271201193332672, 0.2730638384819031, -0.4477461576461792, 0.3140983283519745, 0.18444325029850006, 0.38699766993522644, -0.18378792703151703, 0.18100762367248535, 0.30000001192092896, 0.30000001192092896, 0.30000001192092896, 0.20000000298023224, 0.10000000149011612, 0.0, 0.8999999761581421, 0.8999999761581421, 0.8999999761581421, 0.8999999761581421, 0.800000011920929, 0.0]"
25,25,25,0.00753334600085509,0.06339291999938723,True,"[0.23274563252925873, 0.16596953570842743, 0.05631387606263161, 1.000311255455017, -0.01661013625562191, 0.09055280685424805, 0.001797633827663958, 0.26368892192840576, -0.16539429128170013, 0.026269420981407166, 1.0104979276657104, -0.09556221216917038, 0.04675046354532242, 0.0027563718613237143]","[336.0, 2.0, 1.0, 4.0, 10.0, 935.0]","[3.0, 2.0, 0.0, 8.0, 0.0, 503.0]","[0.016822699457406998, 0.1753489077091217, 0.11206565797328949, 0.9410061836242676, -1.0479774475097656, -0.2801554799079895, 0.014906108379364014, 0.06040924787521362, -0.4994937479496002, -0.04947394132614136, -0.002529323101043701, 0.3853498697280884, -0.26166200637817383, -0.21458971500396729, 0.30000028014183044, 0.30000030994415283, 0.30000001192092896, 0.19999974966049194, 0.10000041872262955, 0.0, 0.8796937465667725, 0.8790920972824097, 0.879086971282959, 0.875724732875824, 0.775496244430542, 0.0]","[0.2227456271648407, 0.1753489077091217, 0.06631387770175934, 0.9903112649917603, -0.026610136032104492, 0.08055280894041061, 0.011797633953392506, 0.2536889314651489, -0.17539429664611816, 0.016269421204924583, 1.0004979372024536, -0.08556221425533295, 0.036750465631484985, -0.007243627682328224]","[286.0, 0.30000030994415283, 0.30000001192092896, 0.19999980926513672, 0.10000038146972656, 885.0]","[0.8796937465667725, 0.8790920972824097, 0.879086971282959, 0.8757247924804688, 0.775496244430542, 453.0]","[0.3689942955970764, 0.21304357051849365, -0.20433104038238525, 0.13920876383781433, -1.194503664970398, -0.0908883661031723, 0.28742966055870056, 0.3474107086658478, -0.43989297747612, 0.2748701870441437, 0.25692981481552124, 0.4092133641242981, -0.09503490477800369, 0.12826716899871826, 0.30000001192092896, 0.29899999499320984, 0.29899999499320984, 0.19900000095367432, 1.0, 0.0, 0.8980000019073486, 0.8989999890327454, 0.8999999761581421, 0.8999999761581421, 0.8009999990463257, 0.0]","[0.25306999683380127, 0.2938031256198883, -0.14466597139835358, -0.0710282251238823, -1.1016950607299805, -0.20783229172229767, 0.1453450620174408, 0.26878318190574646, -0.4530826210975647, 0.318289577960968, 0.17322060465812683, 0.3728616237640381, -0.19114838540554047, 0.1838170737028122, 0.30000001192092896, 0.30000001192092896, 0.30000001192092896, 0.20000000298023224, 0.10000000149011612, 0.0, 0.8999999761581421, 0.8999999761581421, 0.8999999761581421, 0.8999999761581421, 0.800000011920929, 0.0]"
26,26,26,0.009794916999453562,0.08493463100057852,True,"[0.2326497584581375, 0.16618524491786957, 0.060807958245277405, 1.000299334526062, -0.020744694396853447, 0.09055280685424805, 0.002996056340634823, 0.2610403895378113, -0.1654062718153, 0.026269420981407166, 1.0104858875274658, -0.09549030661582947, 0.04542021453380585, 0.0023848607670515776]","[336.0, 2.0, 1.0, 4.0, 10.0, 935.0]","[2.0, 2.0, 0.0, 8.0, 0.0, 503.0]","[0.014539510011672974, 0.1738152801990509, 0.1129070371389389, 0.9428787231445312, -1.0524027347564697, -0.28268370032310486, 0.016029566526412964, 0.0624103844165802, -0.5007673501968384, -0.05105271935462952, -0.01714286208152771, 0.38280215859413147, -0.2669159770011902, -0.2196284979581833, 0.30000028014183044, 0.30000030994415283, 0.29999998211860657, 0.19999971985816956, 0.10000043362379074, 0.0, 0.8758813142776489, 0.8752355575561523, 0.875227689743042, 0.8712351322174072, 0.7709953784942627, 0.0]","[0.22264975309371948, 0.1738152801990509, 0.07080795615911484, 0.9902993440628052, -0.03074469417333603, 0.08055280894041061, 0.012996056117117405, 0.25104039907455444, -0.17540627717971802, 0.016269421204924583, 1.000485897064209, -0.08549030870199203, 0.035420216619968414, -0.007615138776600361]","[286.0, 0.30000030994415283, 0.2999999523162842, 0.19999980926513672, 0.10000038146972656, 885.0]","[0.8758813142776489, 0.8752355575561523, 0.875227689743042, 0.8712348937988281, 0.7709953784942627, 453.0]","[0.3689942955970764, 0.21304357051849365, -0.20437897741794586, 0.13920876383781433, -1.1945276260375977, -0.0908883661031723, 0.2874416410923004, 0.346907377243042, -0.44252949953079224, 0.2766318619251251, 0.2544251084327698, 0.40295758843421936, -0.09513077884912491, 0.13156282901763916, 0.30000001192092896, 0.29899999499320984, 0.29899999499320984, 0.19900000095367432, 1.0, 0.0, 0.8980000019073486, 0.8989999890327454, 0.8999999761581421, 0.8999999761581421, 0.8009999990463257, 0.0]","[0.2523694336414337, 0.29450875520706177, -0.14321045577526093, -0.06948627531528473, -1.1017658710479736, -0.20699599385261536, 0.14358405768871307, 0.26376593112945557, -0.46075716614723206, 0.3203946352005005, 0.15932263433933258, 0.3656252324581146, -0.19348782300949097, 0.18789009749889374, 0.30000001192092896, 0.30000001192092896, 0.30000001192092896, 0.20000000298023224, 0.10000000149011612, 0.0, 0.8999999761581421, 0.8999999761581421, 0.8999999761581421, 0.8999999761581421, 0.800000011920929, 0.0]"
27,27,27,0.009515294999800972,0.08115309799904935,True,"[0.23196665942668915, 0.16659271717071533, 0.06570950895547867, 1.000299334526062, -0.023501066491007805, 0.09055280685424805, 0.0041824947111308575, 0.25790053606033325, -0.16535833477973938, 0.026269420981407166, 1.0105098485946655, -0.09531054645776749, 0.043346941471099854, 0.0020133499056100845]","[336.0, 2.0, 1.0, 4.0, 10.0, 935.0]","[2.0, 2.0, 0.0, 8.0, 0.0, 503.0]","[0.012896038591861725, 0.1745036095380783, 0.11412152647972107, 0.9461255073547363, -1.0497287511825562, -0.28394046425819397, 0.030165255069732666, 0.06767439842224121, -0.48833101987838745, -0.05372306704521179, 0.014712601900100708, 0.4065473675727844, -0.255228728055954, -0.2135390192270279, 0.30000028014183044, 0.3000003397464752, 0.29999998211860657, 0.19999970495700836, 0.10000045597553253, 0.0, 0.8820724487304688, 0.8813483119010925, 0.8813456892967224, 0.8783823847770691, 0.7781136631965637, 0.0]","[0.22196665406227112, 0.1745036095380783, 0.0757095068693161, 0.9902993440628052, -0.03350106626749039, 0.08055280894041061, 0.014182494953274727, 0.24790053069591522, -0.1753583401441574, 0.016269421204924583, 1.0005098581314087, -0.08531054854393005, 0.03334694355726242, -0.007986649870872498]","[286.0, 0.30000030994415283, 0.2999999523162842, 0.19999980926513672, 0.10000038146972656, 885.0]","[0.8820724487304688, 0.8813483715057373, 0.8813456892967224, 0.8783822059631348, 0.7781136631965637, 453.0]","[0.3689463436603546, 0.21306754648685455, -0.20451080799102783, 0.13916082680225372, -1.1945276260375977, -0.0908883661031723, 0.28742966055870056, 0.3439113199710846, -0.4624113440513611, 0.29003024101257324, 0.236496701836586, 0.3821290135383606, -0.09501093626022339, 0.13842979073524475, 0.30000001192092896, 0.29899999499320984, 0.29899999499320984, 0.19900000095367432, 1.0, 0.0, 0.8980000019073486, 0.8989999890327454, 0.8999999761581421, 0.8999999761581421, 0.8009999990463257, 0.0]","[0.24853846430778503, 0.29801735281944275, -0.14233694970607758, -0.07444348931312561, -1.1020479202270508, -0.2026599496603012, 0.149842768907547, 0.24956659972667694, -0.47641924023628235, 0.3257269859313965, 0.11613180488348007, 0.3664149343967438, -0.1900414526462555, 0.18980996310710907, 0.30000001192092896, 0.30000001192092896, 0.30000001192092896, 0.20000000298023224, 0.10000000149011612, 0.0, 0.8999999761581421, 0.8999999761581421, 0.8999999761581421, 0.8999999761581421, 0.800000011920929, 0.0]"
28,28,28,0.004702771000665962,0.0867569750007533,True,"[0.23176293075084686, 0.16661667823791504, 0.06954445689916611, 1.000299334526062, -0.025430526584386826, 0.09055280685424805, 0.004877579864114523, 0.2561148703098297, -0.16538231074810028, 0.026281405240297318, 1.0104979276657104, -0.09527458995580673, 0.04266384243965149, 0.0017137442482635379]","[336.0, 2.0, 1.0, 4.0, 10.0, 935.0]","[2.0, 2.0, 0.0, 8.0, 0.0, 503.0]","[0.01790931448340416, 0.17281299829483032, 0.11636437475681305, 0.9493874311447144, -1.0493335723876953, -0.28801989555358887, 0.022202789783477783, 0.0748615562915802, -0.4991927444934845, -0.053859204053878784, -0.022513538599014282, 0.40523746609687805, -0.25734850764274597, -0.20044289529323578, 0.30000028014183044, 0.30000028014183044, 0.30000001192092896, 0.19999976456165314, 0.10000040382146835, 0.0, 0.8743005394935608, 0.8737474679946899, 0.8737539052963257, 0.8694937229156494, 0.7692641019821167, 0.0]","[0.22176292538642883, 0.17281299829483032, 0.07954445481300354, 0.9902993440628052, -0.03543052822351456, 0.08055280894041061, 0.014877580106258392, 0.24611486494541168, -0.1753823161125183, 0.016281405463814735, 1.0004979372024536, -0.0852745920419693, 0.032663844525814056, -0.008286255411803722]","[286.0, 0.30000030994415283, 0.30000001192092896, 0.19999980926513672, 0.10000038146972656, 885.0]","[0.874300479888916, 0.8737474679946899, 0.8737539052963257, 0.8694934844970703, 0.7692641019821167, 453.0]","[0.36898231506347656, 0.21316342055797577, -0.20460668206214905, 0.13916082680225372, -1.1945276260375977, -0.09087637811899185, 0.28742966055870056, 0.3443547189235687, -0.4803517162799835, 0.2989345192909241, 0.2132832556962967, 0.37340450286865234, -0.09503490477800369, 0.14695057272911072, 0.30000001192092896, 0.29899999499320984, 0.29899999499320984, 0.19900000095367432, 1.0, 0.0, 0.8980000019073486, 0.8989999890327454, 0.8999999761581421, 0.8999999761581421, 0.8009999990463257, 0.0]","[0.2450847178697586, 0.30282846093177795, -0.14240482449531555, -0.08087607473134995, -1.1039408445358276, -0.19864723086357117, 0.15725891292095184, 0.23377540707588196, -0.49168074131011963, 0.3279549777507782, 0.0708700567483902, 0.3722994923591614, -0.1852293461561203, 0.18778236210346222, 0.30000001192092896, 0.30000001192092896, 0.30000001192092896, 0.20000000298023224, 0.10000000149011612, 0.0, 0.8999999761581421, 0.8999999761581421, 0.8999999761581421, 0.8999999761581421, 0.800000011920929, 0.0]"
29,29,29,0.006363150001561735,0.07343088800007536,True,"[0.2316790372133255, 0.16649684309959412, 0.07112637907266617, 1.0002872943878174, -0.02725212834775448, 0.09055280685424805, 0.005440838169306517, 0.2550962269306183, -0.16534635424613953, 0.026269420981407166, 1.0104858875274658, -0.09513077884912491, 0.04236423596739769, 0.0014860439114272594]","[336.0, 2.0, 1.0, 4.0, 10.0, 935.0]","[2.0, 2.0, 0.0, 8.0, 0.0, 503.0]","[0.012707732617855072, 0.1715211123228073, 0.11133073270320892, 0.952233076095581, -1.0548689365386963, -0.2869313955307007, 0.02594846487045288, 0.06732937693595886, -0.49585315585136414, -0.052352845668792725, 0.006660819053649902, 0.4133261442184448, -0.25630438327789307, -0.2066858559846878, 0.30000028014183044, 0.30000030994415283, 0.29999998211860657, 0.19999971985816956, 0.10000044107437134, 0.0, 0.8747020363807678, 0.8740377426147461, 0.87403804063797, 0.8698425889015198, 0.7695953845977783, 0.0]","[0.22167903184890747, 0.1715211123228073, 0.0811263769865036, 0.9902873039245605, -0.03725212812423706, 0.08055280894041061, 0.015440838411450386, 0.24509622156620026, -0.17534635961055756, 0.016269421204924583, 1.000485897064209, -0.08513078093528748, 0.03236423432826996, -0.008513955399394035]","[286.0, 0.30000030994415283, 0.2999999523162842, 0.19999980926513672, 0.10000038146972656, 885.0]","[0.874701976776123, 0.8740377426147461, 0.87403804063797, 0.869842529296875, 0.7695953845977783, 453.0]","[0.36893436312675476, 0.2140023112297058, -0.2046186625957489, 0.13911288976669312, -1.1945276260375977, -0.0908404290676117, 0.28745362162590027, 0.3435637652873993, -0.4897952973842621, 0.30056437849998474, 0.19178356230258942, 0.3733445703983307, -0.09462743997573853, 0.15447665750980377, 0.30000001192092896, 0.29899999499320984, 0.29899999499320984, 0.19900000095367432, 1.0, 0.0, 0.8980000019073486, 0.8989999890327454, 0.8999999761581421, 0.8999999761581421, 0.8009999990463257, 0.0]","[0.24290435016155243, 0.30435675382614136, -0.14265860617160797, -0.08382982015609741, -1.1042401790618896, -0.19627657532691956, 0.1614980697631836, 0.2244250327348709, -0.5010159611701965, 0.3277832865715027, 0.03903043270111084, 0.3731313943862915, -0.18858012557029724, 0.18825401365756989, 0.30000001192092896, 0.30000001192092896, 0.30000001192092896, 0.20000000298023224, 0.10000000149011612, 0.0, 0.8999999761581421, 0.8999999761581421, 0.8999999761581421, 0.8999999761581421, 0.800000011920929, 0.0]"
30,30,30,0.009053363999555586,0.09023512000021583,True,"[0.23136745393276215, 0.16648486256599426, 0.07240869104862213, 1.000299334526062, -0.02853444032371044, 0.09055280685424805, 0.005716475658118725, 0.2546168565750122, -0.16538231074810028, 0.026281405240297318, 1.0104979276657104, -0.095058873295784, 0.042328283190727234, 0.001270327833481133]","[336.0, 2.0, 1.0, 4.0, 10.0, 935.0]","[2.0, 2.0, 0.0, 8.0, 0.0, 503.0]","[0.008724454790353775, 0.1741938591003418, 0.11004745960235596, 0.9388382434844971, -1.0507527589797974, -0.28365808725357056, 0.027873635292053223, 0.062293678522109985, -0.4971288740634918, -0.05492353439331055, -0.008359074592590332, 0.42408448457717896, -0.2540525794029236, -0.20795580744743347, 0.30000028014183044, 0.30000030994415283, 0.29999998211860657, 0.19999973475933075, 0.10000045597553253, 0.0, 0.871238648891449, 0.8705525398254395, 0.8705554008483887, 0.8657853603363037, 0.7655252814292908, 0.0]","[0.22136744856834412, 0.1741938591003418, 0.08240868896245956, 0.9902993440628052, -0.038534440100193024, 0.08055280894041061, 0.015716474503278732, 0.24461685121059418, -0.1753823161125183, 0.016281405463814735, 1.0004979372024536, -0.08505887538194656, 0.0323282852768898, -0.008729672059416771]","[286.0, 0.30000030994415283, 0.2999999523162842, 0.19999980926513672, 0.10000038146972656, 885.0]","[0.8712387084960938, 0.8705525398254395, 0.8705554008483887, 0.8657855987548828, 0.7655252814292908, 453.0]","[0.3689703345298767, 0.21408620476722717, -0.2048943042755127, 0.13913685083389282, -1.1945276260375977, -0.09076852351427078, 0.2875494956970215, 0.34339597821235657, -0.5053628087043762, 0.30275747179985046, 0.15113306045532227, 0.37338051199913025, -0.09449561685323715, 0.15544737875461578, 0.30000001192092896, 0.29899999499320984, 0.29899999499320984, 0.19900000095367432, 1.0, 0.0, 0.8980000019073486, 0.8989999890327454, 0.8999999761581421, 0.8999999761581421, 0.8009999990463257, 0.0]","[0.24011269211769104, 0.3047749400138855, -0.14241288602352142, -0.084497831761837, -1.1037813425064087, -0.19422706961631775, 0.16382768750190735, 0.21507519483566284, -0.5113738179206848, 0.3253043591976166, 0.007636566646397114, 0.3817562162876129, -0.19003239274024963, 0.1891138106584549, 0.30000001192092896, 0.30000001192092896, 0.30000001192092896, 0.20000000298023224, 0.10000000149011612, 0.0, 0.8999999761581421, 0.8999999761581421, 0.8999999761581421, 0.8999999761581421, 0.800000011920929, 0.0]"
31,31,31,0.00845966899942141,0.08021403299972008,True,"[0.2311037927865982, 0.16647286713123322, 0.07310377061367035, 1.000311255455017, -0.033304162323474884, 0.09057677537202835, 0.005920207127928734, 0.25443708896636963, -0.16537033021450043, 0.026269420981407166, 1.0105098485946655, -0.0947832390666008, 0.04230431467294693, 0.0009587380336597562]","[336.0, 2.0, 1.0, 4.0, 10.0, 935.0]","[2.0, 2.0, 0.0, 8.0, 0.0, 503.0]","[0.009852088987827301, 0.17405442893505096, 0.11020945012569427, 0.9241517186164856, -1.061720848083496, -0.285616397857666, 0.03450953960418701, 0.07654476165771484, -0.4890304207801819, -0.05709165334701538, 0.001297086477279663, 0.4373300075531006, -0.24770843982696533, -0.20897486805915833, 0.30000025033950806, 0.3000003695487976, 0.2999999523162842, 0.19999966025352478, 0.1000005230307579, 0.0, 0.8700327277183533, 0.869164228439331, 0.8691548109054565, 0.8641918897628784, 0.7638905048370361, 0.0]","[0.22110378742218018, 0.17405442893505096, 0.08310376852750778, 0.9903112649917603, -0.04330416023731232, 0.08057677745819092, 0.015920206904411316, 0.2444370836019516, -0.17537033557891846, 0.016269421204924583, 1.0005098581314087, -0.08478324115276337, 0.0323043167591095, -0.009041261859238148]","[286.0, 0.3000004291534424, 0.2999999523162842, 0.19999957084655762, 0.10000038146972656, 885.0]","[0.870032787322998, 0.869164228439331, 0.8691548109054565, 0.864192008972168, 0.7638905048370361, 453.0]","[0.3689223825931549, 0.21411016583442688, -0.2049901783466339, 0.1390409767627716, -1.1945276260375977, -0.09079249203205109, 0.28753751516342163, 0.3417421579360962, -0.5186532735824585, 0.3025777041912079, 0.10701913386583328, 0.3737400472164154, -0.09460347145795822, 0.15547135472297668, 0.30000001192092896, 0.29899999499320984, 0.29899999499320984, 0.19900000095367432, 1.0, 0.0, 0.8980000019073486, 0.8989999890327454, 0.8999999761581421, 0.8999999761581421, 0.8009999990463257, 0.0]","[0.2375427633523941, 0.30498409271240234, -0.14159269630908966, -0.08433442562818527, -1.1027891635894775, -0.19239671528339386, 0.16622653603553772, 0.20364326238632202, -0.5254572629928589, 0.3143369257450104, -0.029083028435707092, 0.3961579501628876, -0.18862232565879822, 0.19832491874694824, 0.30000001192092896, 0.30000001192092896, 0.30000001192092896, 0.20000000298023224, 0.10000000149011612, 0.0, 0.8999999761581421, 0.8999999761581421, 0.8999999761581421, 0.8999999761581421, 0.800000011920929, 0.0]"
32,32,32,0.008835204000206431,0.08673239200106764,True,"[0.23095998167991638, 0.16649684309959412, 0.07472164183855057, 1.0003232955932617, -0.04037485644221306, 0.09055280685424805, 0.006052033975720406, 0.25435319542884827, -0.16537033021450043, 0.02629338949918747, 1.0104858875274658, -0.09359680116176605, 0.04229233041405678, 0.0003115898580290377]","[336.0, 2.0, 1.0, 4.0, 10.0, 935.0]","[3.0, 2.0, 0.0, 8.0, 0.0, 503.0]","[0.009867802262306213, 0.17377105355262756, 0.11576369404792786, 0.9446563720703125, -1.0492849349975586, -0.2860841155052185, 0.03960099816322327, 0.05864071846008301, -0.4955006241798401, -0.060225099325180054, -0.02802354097366333, 0.43157583475112915, -0.2512366473674774, -0.20768028497695923, 0.30000028014183044, 0.30000028014183044, 0.30000001192092896, 0.19999977946281433, 0.10000042617321014, 0.0, 0.8784310817718506, 0.8778162002563477, 0.8778368234634399, 0.8742597103118896, 0.7739967703819275, 0.0]","[0.22095997631549835, 0.17377105355262756, 0.084721639752388, 0.9903233051300049, -0.05037485808134079, 0.08055280894041061, 0.016052033752202988, 0.24435319006443024, -0.17537033557891846, 0.016293389722704887, 1.000485897064209, -0.08359680324792862, 0.03229232877492905, -0.009688409976661205]","[286.0, 0.30000030994415283, 0.30000001192092896, 0.19999980926513672, 0.10000038146972656, 885.0]","[0.8784310817718506, 0.8778162002563477, 0.8778368234634399, 0.8742599487304688, 0.7739967703819275, 453.0]","[0.3689223825931549, 0.21461351215839386, -0.20497818291187286, 0.13905297219753265, -1.1945276260375977, -0.09079249203205109, 0.2875974476337433, 0.3349471092224121, -0.5279290676116943, 0.3017508089542389, 0.07088669389486313, 0.37453100085258484, -0.09461545944213867, 0.15702930092811584, 0.30000001192092896, 0.29899999499320984, 0.29899999499320984, 0.19900000095367432, 1.0, 0.0, 0.8980000019073486, 0.8989999890327454, 0.8999999761581421, 0.8999999761581421, 0.8009999990463257, 0.0]","[0.23487502336502075, 0.3046906292438507, -0.1425829827785492, -0.08724818378686905, -1.100848913192749, -0.19072943925857544, 0.1714242696762085, 0.1907428801059723, -0.5392971038818359, 0.3018544912338257, -0.06826136261224747, 0.42730429768562317, -0.18920041620731354, 0.21040387451648712, 0.30000001192092896, 0.30000001192092896, 0.30000001192092896, 0.20000000298023224, 0.10000000149011612, 0.0, 0.8999999761581421, 0.8999999761581421, 0.8999999761581421, 0.8999999761581421, 0.800000011920929, 0.0]"
33,33,33,0.007593112999529694,0.09587584499968216,True,"[0.23063641786575317, 0.16649684309959412, 0.07757388800382614, 1.0002872943878174, -0.04289154335856438, 0.09055280685424805, 0.006195844616740942, 0.2541973888874054, -0.16535833477973938, 0.026269420981407166, 1.0104979276657104, -0.09291369467973709, 0.04229233041405678, -0.001270327833481133]","[336.0, 2.0, 1.0, 4.0, 10.0, 935.0]","[2.0, 2.0, 0.0, 8.0, 0.0, 503.0]","[0.009269896894693375, 0.17698152363300323, 0.10901495814323425, 0.9329512119293213, -1.050173044204712, -0.28351351618766785, 0.03918996453285217, 0.06885948777198792, -0.4974656105041504, -0.05368220806121826, -0.007410258054733276, 0.44185638427734375, -0.2518484592437744, -0.19655194878578186, 0.30000028014183044, 0.30000030994415283, 0.30000001192092896, 0.19999973475933075, 0.10000045597553253, 0.0, 0.8719314336776733, 0.8712502717971802, 0.8712607622146606, 0.8665995001792908, 0.7663356065750122, 0.0]","[0.22063641250133514, 0.17649684846401215, 0.08757388591766357, 0.9902873039245605, -0.05289154499769211, 0.08055280894041061, 0.01619584485888481, 0.24419738352298737, -0.1753583401441574, 0.016269421204924583, 1.0004979372024536, -0.08291369676589966, 0.03229232877492905, -0.011270327493548393]","[286.0, 0.30000030994415283, 0.30000001192092896, 0.19999980926513672, 0.10000038146972656, 885.0]","[0.8719314336776733, 0.8712502717971802, 0.8712607622146606, 0.8665995597839355, 0.7663356065750122, 453.0]","[0.36888644099235535, 0.21467342972755432, -0.20513398945331573, 0.1390409767627716, -1.1945396661758423, -0.09073256701231003, 0.2876933217048645, 0.3235620856285095, -0.5405844449996948, 0.3014032542705536, 0.03627625107765198, 0.3754657804965973, -0.09435180574655533, 0.16371649503707886, 0.30000001192092896, 0.29899999499320984, 0.29899999499320984, 0.19900000095367432, 1.0, 0.0, 0.8980000019073486, 0.8989999890327454, 0.8999999761581421, 0.8999999761581421, 0.8009999990463257, 0.0]","[0.23355719447135925, 0.30475500226020813, -0.14249210059642792, -0.0896063894033432, -1.1001214981079102, -0.18838155269622803, 0.17508754134178162, 0.1836235374212265, -0.5473169684410095, 0.29303979873657227, -0.09515056014060974, 0.44298285245895386, -0.19790011644363403, 0.21704962849617004, 0.30000001192092896, 0.30000001192092896, 0.30000001192092896, 0.20000000298023224, 0.10000000149011612, 0.0, 0.8999999761581421, 0.8999999761581421, 0.8999999761581421, 0.8999999761581421, 0.800000011920929, 0.0]"
34,34,34,0.0064523510009166785,0.08001221300037287,True,"[0.23016902804374695, 0.16656874120235443, 0.0806298702955246, 1.0002872943878174, -0.04601942375302315, 0.0905408188700676, 0.0062797339633107185, 0.2540895342826843, -0.16533437371253967, 0.026269420981407166, 1.0105098485946655, -0.09165535122156143, 0.042268361896276474, -0.003523362334817648]","[336.0, 2.0, 1.0, 4.0, 10.0, 935.0]","[2.0, 2.0, 0.0, 8.0, 0.0, 503.0]","[0.01273365318775177, 0.17473487555980682, 0.11253157258033752, 0.9348984956741333, -1.0533448457717896, -0.2851722836494446, 0.044078320264816284, 0.07953616976737976, -0.49249982833862305, -0.05826273560523987, 0.003918707370758057, 0.4489401578903198, -0.2448352426290512, -0.19880780577659607, 0.30000028014183044, 0.3000003397464752, 0.29999998211860657, 0.19999970495700836, 0.10000047832727432, 0.0, 0.8707972764968872, 0.8700417876243591, 0.8700459599494934, 0.8651990294456482, 0.7649217247962952, 0.0]","[0.22016902267932892, 0.17473487555980682, 0.09062986820936203, 0.9902873039245605, -0.05601942539215088, 0.08054082095623016, 0.016279734671115875, 0.2440895289182663, -0.1753343790769577, 0.016269421204924583, 1.0005098581314087, -0.081655353307724, 0.03226836025714874, -0.013523362576961517]","[286.0, 0.30000030994415283, 0.2999999523162842, 0.19999980926513672, 0.10000038146972656, 885.0]","[0.8707972764968872, 0.8700418472290039, 0.8700459599494934, 0.865199089050293, 0.7649217247962952, 453.0]","[0.3688265085220337, 0.21468541026115417, -0.20612867176532745, 0.13900503516197205, -1.194443702697754, -0.09072058647871017, 0.2876933217048645, 0.31363916397094727, -0.5538989305496216, 0.2979997396469116, 0.0008868326549418271, 0.38041526079177856, -0.094507597386837, 0.17238110303878784, 0.30000001192092896, 0.29899999499320984, 0.29899999499320984, 0.19900000095367432, 1.0, 0.0, 0.8980000019073486, 0.8989999890327454, 0.8999999761581421, 0.8999999761581421, 0.8009999990463257, 0.0]","[0.23221546411514282, 0.3038790822029114, -0.14082063734531403, -0.08907045423984528, -1.1000398397445679, -0.18591274321079254, 0.17592453956604004, 0.17443270981311798, -0.5545076727867126, 0.28049957752227783, -0.12022583931684494, 0.46416234970092773, -0.20043040812015533, 0.22787050902843475, 0.30000001192092896, 0.30000001192092896, 0.30000001192092896, 0.20000000298023224, 0.10000000149011612, 0.0, 0.8999999761581421, 0.8999999761581421, 0.8999999761581421, 0.8999999761581421, 0.800000011920929, 0.0]"
35,35,35,0.007439043998601846,0.075066749999678,True,"[0.22946196794509888, 0.1666286736726761, 0.08290687203407288, 1.0003232955932617, -0.04689427465200424, 0.09055280685424805, 0.006507434416562319, 0.2539936602115631, -0.16537033021450043, 0.026257436722517014, 1.0104858875274658, -0.09099622070789337, 0.042268361896276474, -0.005021390505135059]","[336.0, 2.0, 1.0, 4.0, 10.0, 935.0]","[2.0, 2.0, 0.0, 8.0, 0.0, 503.0]","[0.011655334383249283, 0.17783531546592712, 0.11127091944217682, 0.9070540070533752, -1.0567728281021118, -0.2861226499080658, 0.04062908887863159, 0.08425277471542358, -0.4900049865245819, -0.06545379757881165, -0.008828818798065186, 0.45962196588516235, -0.24497497081756592, -0.20109133422374725, 0.30000028014183044, 0.30000030994415283, 0.29999998211860657, 0.19999973475933075, 0.10000046342611313, 0.0, 0.8676196336746216, 0.8669229745864868, 0.8669360876083374, 0.8615588545799255, 0.7612846493721008, 0.0]","[0.21946196258068085, 0.17662867903709412, 0.09290686994791031, 0.9903233051300049, -0.056894272565841675, 0.08055280894041061, 0.016507433727383614, 0.24399365484714508, -0.17537033557891846, 0.01625743694603443, 1.000485897064209, -0.08099622279405594, 0.03226836025714874, -0.015021390281617641]","[286.0, 0.30000030994415283, 0.2999999523162842, 0.19999980926513672, 0.10000038146972656, 885.0]","[0.8676196336746216, 0.8669229745864868, 0.8669360876083374, 0.8615589141845703, 0.7612846493721008, 453.0]","[0.36886247992515564, 0.2150808870792389, -0.2061166912317276, 0.13905297219753265, -1.194048285484314, -0.09073256701231003, 0.2879449725151062, 0.30063626170158386, -0.5606340169906616, 0.28846031427383423, -0.037714358419179916, 0.39861929416656494, -0.09577792882919312, 0.18337063491344452, 0.30000001192092896, 0.29899999499320984, 0.29899999499320984, 0.19900000095367432, 1.0, 0.0, 0.8980000019073486, 0.8989999890327454, 0.8999999761581421, 0.8999999761581421, 0.8009999990463257, 0.0]","[0.22944939136505127, 0.30220919847488403, -0.1405228227376938, -0.08330253511667252, -1.097985863685608, -0.18670348823070526, 0.17602486908435822, 0.16295260190963745, -0.5609265565872192, 0.2630552351474762, -0.1559779942035675, 0.4870436191558838, -0.21158896386623383, 0.23751318454742432, 0.30000001192092896, 0.30000001192092896, 0.30000001192092896, 0.20000000298023224, 0.10000000149011612, 0.0, 0.8999999761581421, 0.8999999761581421, 0.8999999761581421, 0.8999999761581421, 0.800000011920929, 0.0]"
36,36,36,0.007864719998906367,0.09125201099959668,True,"[0.2286110818386078, 0.16666461527347565, 0.08700547367334366, 1.0003232955932617, -0.048763811588287354, 0.09055280685424805, 0.006555370986461639, 0.25395771861076355, -0.16537033021450043, 0.026269420981407166, 1.0105098485946655, -0.0902651846408844, 0.042268361896276474, -0.005668538622558117]","[336.0, 2.0, 1.0, 4.0, 10.0, 935.0]","[2.0, 2.0, 0.0, 8.0, 0.0, 503.0]","[0.004305701702833176, 0.17944368720054626, 0.10016071796417236, 0.8934416770935059, -1.0648505687713623, -0.28083816170692444, 0.042458951473236084, 0.07501280307769775, -0.49322476983070374, -0.05284354090690613, 0.019403666257858276, 0.45758283138275146, -0.24495506286621094, -0.20977668464183807, 0.30000028014183044, 0.3000003695487976, 0.29999998211860657, 0.1999996453523636, 0.1000005379319191, 0.0, 0.8613770008087158, 0.8604943156242371, 0.8604894876480103, 0.8540747165679932, 0.7537740468978882, 0.0]","[0.21861107647418976, 0.17666462063789368, 0.09700547158718109, 0.9903233051300049, -0.058763809502124786, 0.08055280894041061, 0.01655537076294422, 0.24395771324634552, -0.17537033557891846, 0.016269421204924583, 1.0005098581314087, -0.08026518672704697, 0.03226836025714874, -0.015668537467718124]","[286.0, 0.3000004291534424, 0.2999999523162842, 0.19999957084655762, 0.10000038146972656, 885.0]","[0.8613770008087158, 0.8604943752288818, 0.8604894876480103, 0.8540744781494141, 0.7537740468978882, 453.0]","[0.3688744604587555, 0.2154044657945633, -0.20612867176532745, 0.1390649527311325, -1.1939404010772705, -0.09069661796092987, 0.28802886605262756, 0.29237914085388184, -0.5624077320098877, 0.28488901257514954, -0.05372528359293938, 0.4049709439277649, -0.09608951956033707, 0.18780478835105896, 0.30000001192092896, 0.29899999499320984, 0.29899999499320984, 0.19900000095367432, 1.0, 0.0, 0.8980000019073486, 0.8989999890327454, 0.8999999761581421, 0.8999999761581421, 0.8009999990463257, 0.0]","[0.2282264083623886, 0.3019157946109772, -0.13986501097679138, -0.08193427324295044, -1.097455620765686, -0.1863139569759369, 0.17638307809829712, 0.15965938568115234, -0.5630112886428833, 0.25798970460891724, -0.16667988896369934, 0.4934913218021393, -0.22426776587963104, 0.23837363719940186, 0.30000001192092896, 0.30000001192092896, 0.30000001192092896, 0.20000000298023224, 0.10000000149011612, 0.0, 0.8999999761581421, 0.8999999761581421, 0.8999999761581421, 0.8999999761581421, 0.800000011920929, 0.0]"
37,37,37,0.008486819000609103,0.07738051300111692,True,"[0.2278321087360382, 0.16679644584655762, 0.09111606329679489, 1.000311255455017, -0.04971056804060936, 0.09055280685424805, 0.006699182093143463, 0.253921777009964, -0.16538231074810028, 0.026269420981407166, 1.0104979276657104, -0.08973787724971771, 0.042268361896276474, -0.006423544604331255]","[336.0, 2.0, 1.0, 4.0, 10.0, 935.0]","[2.0, 2.0, 0.0, 8.0, 0.0, 503.0]","[0.0007898434996604919, 0.18554595112800598, 0.09956032037734985, 0.8794234395027161, -1.0564632415771484, -0.2778688073158264, 0.0441533625125885, 0.06552031636238098, -0.4973222017288208, -0.054940223693847656, 0.0009116232395172119, 0.4517193138599396, -0.2510061264038086, -0.21716263890266418, 0.30000025033950806, 0.3000003695487976, 0.2999999523162842, 0.19999966025352478, 0.1000005379319191, 0.0, 0.8666501045227051, 0.8657839894294739, 0.8657808899879456, 0.8602426648139954, 0.7599444389343262, 0.0]","[0.21783210337162018, 0.17679645121097565, 0.09956032037734985, 0.9903112649917603, -0.05971056967973709, 0.08055280894041061, 0.016699181869626045, 0.24392177164554596, -0.1753823161125183, 0.016269421204924583, 1.0004979372024536, -0.07973787933588028, 0.03226836025714874, -0.01642354391515255]","[286.0, 0.3000004291534424, 0.2999999523162842, 0.19999957084655762, 0.10000038146972656, 885.0]","[0.8666501045227051, 0.8657839298248291, 0.8657808899879456, 0.8602428436279297, 0.7599444389343262, 453.0]","[0.3687666058540344, 0.21563217043876648, -0.20618858933448792, 0.1390409767627716, -1.1935689449310303, -0.09068462997674942, 0.2880648076534271, 0.2781059443950653, -0.5639656782150269, 0.27735093235969543, -0.08462061733007431, 0.4234865605831146, -0.09785120189189911, 0.19748805463314056, 0.30000001192092896, 0.29899999499320984, 0.29899999499320984, 0.19900000095367432, 1.0, 0.0, 0.8980000019073486, 0.8989999890327454, 0.8999999761581421, 0.8999999761581421, 0.8009999990463257, 0.0]","[0.22714726626873016, 0.30093997716903687, -0.13759970664978027, -0.08127183467149734, -1.097434163093567, -0.18337172269821167, 0.17686735093593597, 0.15254922211170197, -0.564424991607666, 0.24523738026618958, -0.1853889524936676, 0.5104750394821167, -0.2303231656551361, 0.24177849292755127, 0.30000001192092896, 0.30000001192092896, 0.30000001192092896, 0.20000000298023224, 0.10000000149011612, 0.0, 0.8999999761581421, 0.8999999761581421, 0.8999999761581421, 0.8999999761581421, 0.800000011920929, 0.0]"
38,38,38,0.004608900000675931,0.08336488299937628,True,"[0.2275085300207138, 0.16678446531295776, 0.09255417436361313, 1.000299334526062, -0.05608617514371872, 0.09055280685424805, 0.006795055698603392, 0.25390976667404175, -0.16537033021450043, 0.026281405240297318, 1.0104858875274658, -0.08887501806020737, 0.04224439337849617, -0.007250456139445305]","[336.0, 2.0, 1.0, 4.0, 10.0, 935.0]","[2.0, 2.0, 0.0, 8.0, 0.0, 503.0]","[-0.002035330981016159, 0.18491949141025543, 0.09023700654506683, 0.874342679977417, -1.063969612121582, -0.28030699491500854, 0.048649877309799194, 0.06109103560447693, -0.48939552903175354, -0.04996088147163391, 0.03426840901374817, 0.46881628036499023, -0.2422424554824829, -0.21900475025177002, 0.30000025033950806, 0.3000003397464752, 0.2999999523162842, 0.19999966025352478, 0.1000005230307579, 0.0, 0.8635029792785645, 0.8626442551612854, 0.8626473546028137, 0.8565762639045715, 0.7562831044197083, 0.0]","[0.21750852465629578, 0.1767844706773758, 0.09023700654506683, 0.9902993440628052, -0.06608617305755615, 0.08055280894041061, 0.01679505594074726, 0.24390976130962372, -0.17537033557891846, 0.016281405463814735, 1.000485897064209, -0.07887502014636993, 0.03224439173936844, -0.017250455915927887]","[286.0, 0.30000030994415283, 0.2999999523162842, 0.19999957084655762, 0.10000038146972656, 885.0]","[0.8635029792785645, 0.8626441955566406, 0.8626473546028137, 0.8565764427185059, 0.7562831044197083, 453.0]","[0.3687785863876343, 0.21566811203956604, -0.2061406522989273, 0.13900503516197205, -1.1927180290222168, -0.09069661796092987, 0.2880648076534271, 0.27095136046409607, -0.5636061429977417, 0.2697888910770416, -0.11247195303440094, 0.4381432831287384, -0.10402307659387589, 0.20091553032398224, 0.30000001192092896, 0.29899999499320984, 0.29899999499320984, 0.19900000095367432, 1.0, 0.0, 0.8980000019073486, 0.8989999890327454, 0.8999999761581421, 0.8999999761581421, 0.8009999990463257, 0.0]","[0.22485393285751343, 0.298979789018631, -0.13206128776073456, -0.07822123914957047, -1.0980162620544434, -0.1764623522758484, 0.17682954668998718, 0.14234134554862976, -0.5677737593650818, 0.22256246209144592, -0.21032394468784332, 0.5347662568092346, -0.24441160261631012, 0.24538418650627136, 0.30000001192092896, 0.30000001192092896, 0.30000001192092896, 0.20000000298023224, 0.10000000149011612, 0.0, 0.8999999761581421, 0.8999999761581421, 0.8999999761581421, 0.8999999761581421, 0.800000011920929, 0.0]"
39,39,39,0.006873641001220676,0.08115759599968442,True,"[0.2268134504556656, 0.16698819398880005, 0.09128384292125702, 1.0003232955932617, -0.06241384521126747, 0.0905647873878479, 0.007166566792875528, 0.25388580560684204, -0.16539429128170013, 0.026257436722517014, 1.0105098485946655, -0.08832374215126038, 0.042268361896276474, -0.008257131092250347]","[336.0, 2.0, 1.0, 4.0, 10.0, 935.0]","[2.0, 2.0, 0.0, 8.0, 0.0, 503.0]","[-0.01041392982006073, 0.1877637654542923, 0.09704343974590302, 0.8899247646331787, -1.0530626773834229, -0.28037214279174805, 0.05385643243789673, 0.05046790838241577, -0.4957044720649719, -0.0541362464427948, -0.0015465915203094482, 0.4694007933139801, -0.24370543658733368, -0.22163526713848114, 0.30000025033950806, 0.3000003397464752, 0.2999999523162842, 0.19999967515468597, 0.1000005304813385, 0.0, 0.8638137578964233, 0.8629692792892456, 0.862980842590332, 0.8569675087928772, 0.7566573619842529, 0.0]","[0.21681344509124756, 0.17698819935321808, 0.09704343974590302, 0.9903233051300049, -0.0724138468503952, 0.08056478947401047, 0.017166566103696823, 0.243885800242424, -0.17539429664611816, 0.01625743694603443, 1.0005098581314087, -0.07832374423742294, 0.03226836025714874, -0.018257129937410355]","[286.0, 0.30000030994415283, 0.2999999523162842, 0.19999957084655762, 0.10000038146972656, 885.0]","[0.8638137578964233, 0.8629692792892456, 0.862980842590332, 0.8569674491882324, 0.7566573619842529, 453.0]","[0.368802547454834, 0.21617145836353302, -0.20546954870224, 0.13907693326473236, -1.1925742626190186, -0.0902412161231041, 0.28823259472846985, 0.2630537450313568, -0.563438355922699, 0.2587634027004242, -0.14035925269126892, 0.4511941075325012, -0.10868494212627411, 0.20822592079639435, 0.30000001192092896, 0.29899999499320984, 0.29899999499320984, 0.19900000095367432, 1.0, 0.0, 0.8980000019073486, 0.8989999890327454, 0.8999999761581421, 0.8999999761581421, 0.8009999990463257, 0.0]","[0.2220872938632965, 0.29599806666374207, -0.12804341316223145, -0.07188238948583603, -1.0963863134384155, -0.17326486110687256, 0.17540772259235382, 0.13556906580924988, -0.5656095147132874, 0.206601083278656, -0.22471129894256592, 0.5452398061752319, -0.26228269934654236, 0.24550557136535645, 0.30000001192092896, 0.30000001192092896, 0.30000001192092896, 0.20000000298023224, 0.10000000149011612, 0.0, 0.8999999761581421, 0.8999999761581421, 0.8999999761581421, 0.8999999761581421, 0.800000011920929, 0.0]"
40,40,40,0.007813551999788615,0.09333736899861833,True,"[0.22523152828216553, 0.16684438288211823, 0.09140368551015854, 1.000311255455017, -0.06594919413328171, 0.09055280685424805, 0.007190535310655832, 0.25381389260292053, -0.16534635424613953, 0.026281405240297318, 1.0104979276657104, -0.08801215142011642, 0.042268361896276474, -0.009155947715044022]","[336.0, 2.0, 1.0, 4.0, 10.0, 935.0]","[2.0, 2.0, 0.0, 8.0, 0.0, 503.0]","[-0.010063186287879944, 0.18831998109817505, 0.0911753922700882, 0.8806244730949402, -1.0535778999328613, -0.28480660915374756, 0.06198129057884216, 0.056046515703201294, -0.4927619695663452, -0.04799625277519226, 0.009270340204238892, 0.4681084156036377, -0.24166356027126312, -0.22983787953853607, 0.30000025033950806, 0.3000003397464752, 0.2999999523162842, 0.19999969005584717, 0.1000005230307579, 0.0, 0.8646597862243652, 0.8638205528259277, 0.863831639289856, 0.8579597473144531, 0.7576518058776855, 0.0]","[0.2152315229177475, 0.17684438824653625, 0.0911753922700882, 0.9903112649917603, -0.07594919204711914, 0.08055280894041061, 0.017190534621477127, 0.2438138872385025, -0.17534635961055756, 0.016281405463814735, 1.0004979372024536, -0.07801215350627899, 0.03226836025714874, -0.019155947491526604]","[286.0, 0.30000030994415283, 0.2999999523162842, 0.19999980926513672, 0.10000038146972656, 885.0]","[0.8646597862243652, 0.8638205528259277, 0.863831639289856, 0.8579597473144531, 0.7576518058776855, 453.0]","[0.36879056692123413, 0.21619541943073273, -0.20417524874210358, 0.13910090923309326, -1.1924303770065308, -0.08806008845567703, 0.2884722948074341, 0.2513810992240906, -0.5632825493812561, 0.24416659772396088, -0.16129568219184875, 0.4728615880012512, -0.12389291822910309, 0.21994648873806, 0.30000001192092896, 0.29899999499320984, 0.29899999499320984, 0.19900000095367432, 1.0, 0.0, 0.8980000019073486, 0.8989999890327454, 0.8999999761581421, 0.8999999761581421, 0.8009999990463257, 0.0]","[0.22282305359840393, 0.29306870698928833, -0.12003851681947708, -0.07226594537496567, -1.0953898429870605, -0.16436026990413666, 0.1750577688217163, 0.1321675330400467, -0.5630221962928772, 0.1805824488401413, -0.2527225613594055, 0.5533004999160767, -0.27601954340934753, 0.23577843606472015, 0.30000001192092896, 0.30000001192092896, 0.30000001192092896, 0.20000000298023224, 0.10000000149011612, 0.0, 0.8999999761581421, 0.8999999761581421, 0.8999999761581421, 0.8999999761581421, 0.800000011920929, 0.0]"
41,41,41,0.008301039999423665,0.07259047200022906,True,"[0.22332604229450226, 0.16694025695323944, 0.09094828367233276, 1.000311255455017, -0.06900516897439957, 0.09055280685424805, 0.007370298728346825, 0.2537420094013214, -0.1654062718153, 0.026269420981407166, 1.0105098485946655, -0.08785635232925415, 0.04225637763738632, -0.012068115174770355]","[336.0, 2.0, 1.0, 4.0, 10.0, 935.0]","[2.0, 2.0, 0.0, 8.0, 0.0, 503.0]","[0.008467156440019608, 0.18063151836395264, 0.1057024747133255, 0.88892662525177, -1.059909701347351, -0.2883245348930359, 0.05931413173675537, 0.08757364749908447, -0.48541826009750366, -0.06241866946220398, 0.025096386671066284, 0.4848460555076599, -0.22870765626430511, -0.20935890078544617, 0.30000025033950806, 0.3000003397464752, 0.29999998211860657, 0.19999971985816956, 0.10000047832727432, 0.0, 0.8620916604995728, 0.8613325953483582, 0.8613501191139221, 0.8550416827201843, 0.7547598481178284, 0.0]","[0.21332603693008423, 0.17694026231765747, 0.1009482815861702, 0.9903112649917603, -0.079005166888237, 0.08055280894041061, 0.017370298504829407, 0.24374200403690338, -0.17540627717971802, 0.016269421204924583, 1.0005098581314087, -0.07785635441541672, 0.03225637972354889, -0.022068114951252937]","[286.0, 0.30000030994415283, 0.2999999523162842, 0.19999980926513672, 0.10000038146972656, 885.0]","[0.8620916604995728, 0.8613326549530029, 0.8613501191139221, 0.85504150390625, 0.7547598481178284, 453.0]","[0.36874261498451233, 0.21619541943073273, -0.20315659046173096, 0.13908891379833221, -1.192046880722046, -0.08677777647972107, 0.28846031427383423, 0.2467791587114334, -0.5632585883140564, 0.23943284153938293, -0.16751550137996674, 0.4760853350162506, -0.1282072365283966, 0.22035394608974457, 0.30000001192092896, 0.29899999499320984, 0.29899999499320984, 0.19900000095367432, 1.0, 0.0, 0.8980000019073486, 0.8989999890327454, 0.8999999761581421, 0.8999999761581421, 0.8009999990463257, 0.0]","[0.22382791340351105, 0.2923801839351654, -0.11785844713449478, -0.07309707999229431, -1.095289945602417, -0.16199250519275665, 0.17508772015571594, 0.1322133094072342, -0.5617595911026001, 0.1745285540819168, -0.25863081216812134, 0.5530502200126648, -0.2800059914588928, 0.2319107949733734, 0.30000001192092896, 0.30000001192092896, 0.30000001192092896, 0.20000000298023224, 0.10000000149011612, 0.0, 0.8999999761581421, 0.8999999761581421, 0.8999999761581421, 0.8999999761581421, 0.800000011920929, 0.0]"
42,42,42,0.006841390999397845,0.07441757200103893,True,"[0.2217680811882019, 0.16683240234851837, 0.09273393452167511, 1.000311255455017, -0.07361909747123718, 0.09055280685424805, 0.007382282521575689, 0.2537420094013214, -0.16537033021450043, 0.026269420981407166, 1.0105098485946655, -0.08771254122257233, 0.04225637763738632, -0.01423725951462984]","[336.0, 2.0, 1.0, 4.0, 10.0, 935.0]","[2.0, 2.0, 0.0, 8.0, 0.0, 503.0]","[0.0013326965272426605, 0.18607844412326813, 0.09948718547821045, 0.8688445091247559, -1.059887409210205, -0.2837821841239929, 0.06326693296432495, 0.08270606398582458, -0.4810018539428711, -0.05847960710525513, 0.041165322065353394, 0.48744919896125793, -0.22606733441352844, -0.21285805106163025, 0.30000025033950806, 0.3000003695487976, 0.2999999523162842, 0.19999966025352478, 0.1000005379319191, 0.0, 0.8685855865478516, 0.8676680326461792, 0.8676744699478149, 0.8624579906463623, 0.7621334195137024, 0.0]","[0.21176807582378387, 0.1768324077129364, 0.09948718547821045, 0.9903112649917603, -0.08361909538507462, 0.08055280894041061, 0.01738228276371956, 0.24374200403690338, -0.17537033557891846, 0.016269421204924583, 1.0005098581314087, -0.0777125433087349, 0.03225637972354889, -0.024237260222434998]","[286.0, 0.3000004291534424, 0.2999999523162842, 0.19999957084655762, 0.10000038146972656, 885.0]","[0.8685855865478516, 0.8676680326461792, 0.8676744699478149, 0.8624582290649414, 0.7621334195137024, 453.0]","[0.3682512640953064, 0.21611154079437256, -0.2016226053237915, 0.13900503516197205, -1.1916154623031616, -0.08318250626325607, 0.288448303937912, 0.24414263665676117, -0.5621200799942017, 0.22428476810455322, -0.1829991191625595, 0.483599454164505, -0.1366441398859024, 0.2210969775915146, 0.30000001192092896, 0.29899999499320984, 0.29899999499320984, 0.19900000095367432, 1.0, 0.0, 0.8980000019073486, 0.8989999890327454, 0.8999999761581421, 0.8999999761581421, 0.8009999990463257, 0.0]","[0.22600314021110535, 0.2897275388240814, -0.11303184181451797, -0.0714099258184433, -1.0935957431793213, -0.15884867310523987, 0.17204643785953522, 0.1321992725133896, -0.5590304136276245, 0.15875551104545593, -0.2718571126461029, 0.5486587882041931, -0.29110613465309143, 0.22129926085472107, 0.30000001192092896, 0.30000001192092896, 0.30000001192092896, 0.20000000298023224, 0.10000000149011612, 0.0, 0.8999999761581421, 0.8999999761581421, 0.8999999761581421, 0.8999999761581421, 0.800000011920929, 0.0]"
43,43,43,0.008432861000983394,0.07115759400039678,True,"[0.21947909891605377, 0.1669282764196396, 0.09503490477800369, 1.000311255455017, -0.08148074895143509, 0.09055280685424805, 0.007514109369367361, 0.25373002886772156, -0.1655021458864212, 0.026257436722517014, 1.0104858875274658, -0.08762865513563156, 0.042268361896276474, -0.017005614936351776]","[336.0, 2.0, 1.0, 4.0, 10.0, 935.0]","[2.0, 2.0, 0.0, 8.0, 0.0, 503.0]","[-0.018713558092713356, 0.1926376074552536, 0.08447471261024475, 0.8710755109786987, -1.0553873777389526, -0.27898627519607544, 0.0677761435508728, 0.036567747592926025, -0.4888615012168884, -0.04718935489654541, 0.04000517725944519, 0.4957669973373413, -0.23270729184150696, -0.23138415813446045, 0.30000025033950806, 0.3000003695487976, 0.2999999523162842, 0.19999966025352478, 0.10000055283308029, 0.0, 0.8622642159461975, 0.8613725900650024, 0.8613868355751038, 0.8550978899002075, 0.7547945976257324, 0.0]","[0.20947909355163574, 0.17692828178405762, 0.08503490686416626, 0.9903112649917603, -0.09148074686527252, 0.08055280894041061, 0.01751410961151123, 0.24373002350330353, -0.17550215125083923, 0.01625743694603443, 1.000485897064209, -0.07762865722179413, 0.03226836025714874, -0.027005614712834358]","[286.0, 0.3000004291534424, 0.2999999523162842, 0.19999957084655762, 0.10000038146972656, 885.0]","[0.8622641563415527, 0.8613725900650024, 0.8613868355751038, 0.855097770690918, 0.7547945976257324, 453.0]","[0.36826324462890625, 0.21590779721736908, -0.19688883423805237, 0.1390409767627716, -1.1895781755447388, -0.07512910664081573, 0.28846031427383423, 0.24362730979919434, -0.5606819987297058, 0.20681177079677582, -0.19477961957454681, 0.48381516337394714, -0.14729811251163483, 0.2208452969789505, 0.30000001192092896, 0.29899999499320984, 0.29899999499320984, 0.19900000095367432, 1.0, 0.0, 0.8980000019073486, 0.8989999890327454, 0.8999999761581421, 0.8999999761581421, 0.8009999990463257, 0.0]","[0.2294059842824936, 0.2872258424758911, -0.10938026010990143, -0.07216264307498932, -1.0915638208389282, -0.15679948031902313, 0.17071503400802612, 0.13496020436286926, -0.5559458136558533, 0.14348173141479492, -0.28536397218704224, 0.5454563498497009, -0.29344460368156433, 0.21232707798480988, 0.30000001192092896, 0.30000001192092896, 0.30000001192092896, 0.20000000298023224, 0.10000000149011612, 0.0, 0.8999999761581421, 0.8999999761581421, 0.8999999761581421, 0.8999999761581421, 0.800000011920929, 0.0]"
44,44,44,0.005695709000065108,0.08702626999911445,True,"[0.21715416014194489, 0.16750352084636688, 0.09000153094530106, 1.000311255455017, -0.08563927561044693, 0.09055280685424805, 0.008364989422261715, 0.2536940574645996, -0.16549016535282135, 0.026257436722517014, 1.0105098485946655, -0.08746087551116943, 0.042220424860715866, -0.018383800983428955]","[336.0, 2.0, 1.0, 4.0, 10.0, 935.0]","[2.0, 2.0, 0.0, 8.0, 0.0, 503.0]","[-0.02425180934369564, 0.19423511624336243, 0.08074955642223358, 0.8644067049026489, -1.0584051609039307, -0.2853476405143738, 0.08329123258590698, 0.02756980061531067, -0.478429913520813, -0.038798391819000244, 0.07092291116714478, 0.5003748536109924, -0.21582715213298798, -0.23658904433250427, 0.30000022053718567, 0.30000030994415283, 0.2999999523162842, 0.19999970495700836, 0.1000005230307579, 0.0, 0.8675057291984558, 0.8666825890541077, 0.8667113780975342, 0.8612936735153198, 0.7609869837760925, 0.0]","[0.20715415477752686, 0.1775035262107849, 0.08074955642223358, 0.9903112649917603, -0.09563927352428436, 0.08055280894041061, 0.018364988267421722, 0.24369405210018158, -0.17549017071723938, 0.01625743694603443, 1.0005098581314087, -0.077460877597332, 0.032220423221588135, -0.028383800759911537]","[286.0, 0.30000030994415283, 0.2999999523162842, 0.19999980926513672, 0.10000038146972656, 885.0]","[0.8675057888031006, 0.8666825294494629, 0.8667113780975342, 0.8612937927246094, 0.7609869837760925, 453.0]","[0.36835911870002747, 0.21566811203956604, -0.1891949623823166, 0.13902899622917175, -1.1864622831344604, -0.06608101725578308, 0.288448303937912, 0.2437831163406372, -0.5604302883148193, 0.18588732182979584, -0.20847758650779724, 0.48374325037002563, -0.15456055104732513, 0.22065354883670807, 0.30000001192092896, 0.29899999499320984, 0.29899999499320984, 0.19900000095367432, 1.0, 0.0, 0.8980000019073486, 0.8989999890327454, 0.8999999761581421, 0.8999999761581421, 0.8009999990463257, 0.0]","[0.23320825397968292, 0.28539103269577026, -0.10237674415111542, -0.07695821672677994, -1.0915874242782593, -0.15035560727119446, 0.1710509955883026, 0.1400640606880188, -0.5517220497131348, 0.121794693171978, -0.29990601539611816, 0.5362876057624817, -0.29944348335266113, 0.19255337119102478, 0.30000001192092896, 0.30000001192092896, 0.30000001192092896, 0.20000000298023224, 0.10000000149011612, 0.0, 0.8999999761581421, 0.8999999761581421, 0.8999999761581421, 0.8999999761581421, 0.800000011920929, 0.0]"
45,45,45,0.008481855998979881,0.08424053799899411,True,"[0.21444572508335114, 0.16739565134048462, 0.08569919317960739, 1.000299334526062, -0.08852747082710266, 0.0905408188700676, 0.008568720892071724, 0.2535262703895569, -0.1654542088508606, 0.026269420981407166, 1.0104979276657104, -0.08738896995782852, 0.042220424860715866, -0.019366508349776268]","[336.0, 2.0, 1.0, 4.0, 10.0, 935.0]","[2.0, 2.0, 0.0, 8.0, 0.0, 503.0]","[-0.016402674838900566, 0.1944567710161209, 0.08520260453224182, 0.8522511720657349, -1.0582265853881836, -0.2840682566165924, 0.0702371597290039, 0.052609771490097046, -0.4825502038002014, -0.050496816635131836, 0.05311128497123718, 0.4990501403808594, -0.22943587601184845, -0.2381294220685959, 0.30000025033950806, 0.3000003397464752, 0.2999999523162842, 0.19999970495700836, 0.10000050812959671, 0.0, 0.8648017644882202, 0.8639944195747375, 0.8640130758285522, 0.8581539392471313, 0.7578589916229248, 0.0]","[0.2044457197189331, 0.17739565670490265, 0.08520260453224182, 0.9902993440628052, -0.0985274687409401, 0.08054082095623016, 0.018568720668554306, 0.24352626502513885, -0.17545421421527863, 0.016269421204924583, 1.0004979372024536, -0.07738897204399109, 0.032220423221588135, -0.02936650812625885]","[286.0, 0.30000030994415283, 0.2999999523162842, 0.19999980926513672, 0.10000038146972656, 885.0]","[0.8648017644882202, 0.8639943599700928, 0.8640130758285522, 0.8581538200378418, 0.7578589916229248, 453.0]","[0.3683711290359497, 0.21546438336372375, -0.18226808309555054, 0.13900503516197205, -1.1852997541427612, -0.05989715829491615, 0.288448303937912, 0.24389097094535828, -0.5575301051139832, 0.16449548304080963, -0.22005434334278107, 0.4833837151527405, -0.16357268393039703, 0.21825671195983887, 0.30000001192092896, 0.29899999499320984, 0.29899999499320984, 0.19900000095367432, 1.0, 0.0, 0.8980000019073486, 0.8989999890327454, 0.8999999761581421, 0.8999999761581421, 0.8009999990463257, 0.0]","[0.23750269412994385, 0.2842710614204407, -0.09574860334396362, -0.0815010517835617, -1.0909806489944458, -0.14526885747909546, 0.17092667520046234, 0.14685764908790588, -0.5480362176895142, 0.10522222518920898, -0.3091367483139038, 0.5255296230316162, -0.3103882670402527, 0.17699098587036133, 0.30000001192092896, 0.30000001192092896, 0.30000001192092896, 0.20000000298023224, 0.10000000149011612, 0.0, 0.8999999761581421, 0.8999999761581421, 0.8999999761581421, 0.8999999761581421, 0.800000011920929, 0.0]"
46,46,46,0.007923491999463295,0.08036229700155673,True,"[0.21347500383853912, 0.16735970973968506, 0.08382965624332428, 1.000299334526062, -0.09147559106349945, 0.0905408188700676, 0.008640626445412636, 0.253550261259079, -0.1654542088508606, 0.026269420981407166, 1.0105098485946655, -0.0872930958867073, 0.042220424860715866, -0.02081659995019436]","[336.0, 2.0, 1.0, 4.0, 10.0, 935.0]","[2.0, 2.0, 0.0, 8.0, 0.0, 503.0]","[-0.024064162746071815, 0.19403059780597687, 0.07619541883468628, 0.8626199960708618, -1.057335615158081, -0.2857552170753479, 0.0855875313282013, 0.03318917751312256, -0.4797193109989166, -0.03432375192642212, 0.08122974634170532, 0.5071288347244263, -0.21141138672828674, -0.2380906045436859, 0.30000022053718567, 0.3000003695487976, 0.2999999523162842, 0.1999996453523636, 0.10000056028366089, 0.0, 0.8629695177078247, 0.8620240092277527, 0.8620405197143555, 0.8558644652366638, 0.7555525898933411, 0.0]","[0.2034749984741211, 0.1773597151041031, 0.07619541883468628, 0.9902993440628052, -0.10147558897733688, 0.08054082095623016, 0.018640626221895218, 0.24355025589466095, -0.17545421421527863, 0.016269421204924583, 1.0005098581314087, -0.07729309797286987, 0.032220423221588135, -0.03081659972667694]","[286.0, 0.3000004291534424, 0.2999999523162842, 0.19999957084655762, 0.10000038146972656, 885.0]","[0.8629695177078247, 0.8620240688323975, 0.8620405197143555, 0.8558645248413086, 0.7555525898933411, 453.0]","[0.36838310956954956, 0.21554827690124512, -0.17855297029018402, 0.1390409767627716, -1.1850001811981201, -0.054312508553266525, 0.28846031427383423, 0.24390295147895813, -0.5540666580200195, 0.14741794764995575, -0.2271370142698288, 0.4833238124847412, -0.17150624096393585, 0.21082648634910583, 0.30000001192092896, 0.29899999499320984, 0.29899999499320984, 0.19900000095367432, 1.0, 0.0, 0.8980000019073486, 0.8989999890327454, 0.8999999761581421, 0.8999999761581421, 0.8009999990463257, 0.0]","[0.24090833961963654, 0.2829367518424988, -0.09157738834619522, -0.08407565951347351, -1.090039610862732, -0.1433749794960022, 0.17066185176372528, 0.1532699167728424, -0.544643759727478, 0.09049042314291, -0.3179476261138916, 0.5181829929351807, -0.32492005825042725, 0.1593417525291443, 0.30000001192092896, 0.30000001192092896, 0.30000001192092896, 0.20000000298023224, 0.10000000149011612, 0.0, 0.8999999761581421, 0.8999999761581421, 0.8999999761581421, 0.8999999761581421, 0.800000011920929, 0.0]"
47,47,47,0.010603294998873025,0.089138486999218,True,"[0.21267205476760864, 0.1675274819135666, 0.0818762257695198, 1.000311255455017, -0.09794707596302032, 0.09055280685424805, 0.009287774562835693, 0.25363415479660034, -0.16546620428562164, 0.026269420981407166, 1.0105098485946655, -0.08723317831754684, 0.042220424860715866, -0.023021696135401726]","[336.0, 2.0, 1.0, 4.0, 10.0, 935.0]","[2.0, 2.0, 0.0, 8.0, 0.0, 503.0]","[-0.02135014906525612, 0.19242613017559052, 0.07421134412288666, 0.8417801856994629, -1.0601698160171509, -0.2864256203174591, 0.07552540302276611, 0.041961342096328735, -0.47953253984451294, -0.03386828303337097, 0.06478554010391235, 0.503058135509491, -0.22059796750545502, -0.25013789534568787, 0.30000022053718567, 0.3000003397464752, 0.2999999523162842, 0.19999967515468597, 0.1000005304813385, 0.0, 0.8546570539474487, 0.853783905506134, 0.8537992835044861, 0.8462456464767456, 0.7459508776664734, 0.0]","[0.2026720494031906, 0.17752748727798462, 0.07421134412288666, 0.9903112649917603, -0.10794707387685776, 0.08055280894041061, 0.019287774339318275, 0.2436341494321823, -0.17546620965003967, 0.016269421204924583, 1.0005098581314087, -0.07723318040370941, 0.032220423221588135, -0.03302169591188431]","[286.0, 0.30000030994415283, 0.2999999523162842, 0.19999957084655762, 0.10000038146972656, 885.0]","[0.8546570539474487, 0.8537838459014893, 0.8537992835044861, 0.8462457656860352, 0.7459508776664734, 453.0]","[0.36844301223754883, 0.2154763638973236, -0.1777859777212143, 0.13902899622917175, -1.1839455366134644, -0.050645336508750916, 0.2884722948074341, 0.24392692744731903, -0.5511904954910278, 0.126960888504982, -0.22772425413131714, 0.48316800594329834, -0.18681010603904724, 0.19896210730075836, 0.30000001192092896, 0.29899999499320984, 0.29899999499320984, 0.19900000095367432, 1.0, 0.0, 0.8980000019073486, 0.8989999890327454, 0.8999999761581421, 0.8999999761581421, 0.8009999990463257, 0.0]","[0.24555429816246033, 0.2800007164478302, -0.08262990415096283, -0.09052975475788116, -1.0877110958099365, -0.13769052922725677, 0.17321494221687317, 0.16317707300186157, -0.5356988310813904, 0.06246507912874222, -0.3360622525215149, 0.5137578845024109, -0.33383506536483765, 0.14426660537719727, 0.30000001192092896, 0.30000001192092896, 0.30000001192092896, 0.20000000298023224, 0.10000000149011612, 0.0, 0.8999999761581421, 0.8999999761581421, 0.8999999761581421, 0.8999999761581421, 0.800000011920929, 0.0]"
48,48,48,0.012288067999179475,0.09200556900032097,True,"[0.21214476227760315, 0.16744358837604523, 0.07786151021718979, 1.0002872943878174, -0.10479006916284561, 0.09055280685424805, 0.009886985644698143, 0.25351428985595703, -0.16546620428562164, 0.026269420981407166, 1.0104858875274658, -0.08717325329780579, 0.042220424860715866, -0.02618553303182125]","[336.0, 2.0, 1.0, 4.0, 10.0, 935.0]","[2.0, 2.0, 0.0, 8.0, 0.0, 503.0]","[-0.029100028797984123, 0.19498777389526367, 0.07031416893005371, 0.8542032837867737, -1.0571826696395874, -0.2849835753440857, 0.08125913143157959, 0.025304198265075684, -0.48025742173194885, -0.03091004490852356, 0.08128610253334045, 0.5143305063247681, -0.2111552357673645, -0.23997768759727478, 0.30000022053718567, 0.30000030994415283, 0.2999999523162842, 0.19999969005584717, 0.10000051558017731, 0.0, 0.8589374423027039, 0.8581225275993347, 0.8581522703170776, 0.8513006567955017, 0.751009464263916, 0.0]","[0.20214475691318512, 0.17744359374046326, 0.07031416893005371, 0.9902873039245605, -0.11479006707668304, 0.08055280894041061, 0.019886985421180725, 0.243514284491539, -0.17546620965003967, 0.016269421204924583, 1.000485897064209, -0.07717325538396835, 0.032220423221588135, -0.03618553280830383]","[286.0, 0.30000030994415283, 0.2999999523162842, 0.19999980926513672, 0.10000038146972656, 885.0]","[0.8589375019073486, 0.8581225872039795, 0.8581522703170776, 0.8513007164001465, 0.751009464263916, 453.0]","[0.3684549927711487, 0.21511684358119965, -0.17652763426303864, 0.1389690786600113, -1.183609962463379, -0.04850015789270401, 0.28850823640823364, 0.24425049126148224, -0.5495007038116455, 0.11299926042556763, -0.2289106845855713, 0.4829762578010559, -0.19090871512889862, 0.18761304020881653, 0.30000001192092896, 0.29899999499320984, 0.29899999499320984, 0.19900000095367432, 1.0, 0.0, 0.8980000019073486, 0.8989999890327454, 0.8999999761581421, 0.8999999761581421, 0.8009999990463257, 0.0]","[0.24639856815338135, 0.27850142121315, -0.07951848953962326, -0.08935654908418655, -1.0867583751678467, -0.13707846403121948, 0.1722085028886795, 0.1660079061985016, -0.5316401124000549, 0.050861816853284836, -0.3404647707939148, 0.5083190202713013, -0.3392258286476135, 0.13405610620975494, 0.30000001192092896, 0.30000001192092896, 0.30000001192092896, 0.20000000298023224, 0.10000000149011612, 0.0, 0.8999999761581421, 0.8999999761581421, 0.8999999761581421, 0.8999999761581421, 0.800000011920929, 0.0]"
49,49,49,0.008970566999778384,0.0754109490007977,True,"[0.21191705763339996, 0.16746756434440613, 0.07517704367637634, 1.000299334526062, -0.10837335139513016, 0.09055280685424805, 0.010905644856393337, 0.25343039631843567, -0.1654542088508606, 0.026281405240297318, 1.0104858875274658, -0.08704143017530441, 0.042220424860715866, -0.027491813525557518]","[336.0, 2.0, 1.0, 5.0, 10.0, 935.0]","[2.0, 2.0, 0.0, 8.0, 0.0, 503.0]","[-0.020616378635168076, 0.19750936329364777, 0.07881136238574982, 0.8403422832489014, -1.049107313156128, -0.2798551321029663, 0.07905825972557068, 0.04757887125015259, -0.47696828842163086, -0.044487714767456055, 0.0736091136932373, 0.5105339288711548, -0.21991592645645142, -0.2489667534828186, 0.30000022053718567, 0.3000003397464752, 0.2999999523162842, 0.19999970495700836, 0.10000051558017731, 0.0, 0.8631730675697327, 0.8623261451721191, 0.862346351146698, 0.8562144637107849, 0.7559126615524292, 0.0]","[0.20191705226898193, 0.17746756970882416, 0.07881136238574982, 0.9902993440628052, -0.11837334930896759, 0.08055280894041061, 0.020905643701553345, 0.24343039095401764, -0.17545421421527863, 0.016281405463814735, 1.000485897064209, -0.07704143226146698, 0.032220423221588135, -0.0374918133020401]","[286.0, 0.30000030994415283, 0.2999999523162842, 0.19999980926513672, 0.10000038146972656, 885.0]","[0.8631730079650879, 0.8623261451721191, 0.862346351146698, 0.8562145233154297, 0.7559126615524292, 453.0]","[0.368431031703949, 0.2151048630475998, -0.17502960562705994, 0.138993039727211, -1.1833943128585815, -0.046426888555288315, 0.28846031427383423, 0.24452613294124603, -0.5480386018753052, 0.10034392029047012, -0.2289346605539322, 0.482856422662735, -0.19572636485099792, 0.1785050332546234, 0.30000001192092896, 0.29899999499320984, 0.29899999499320984, 0.19900000095367432, 1.0, 0.0, 0.8980000019073486, 0.8989999890327454, 0.8999999761581421, 0.8999999761581421, 0.8009999990463257, 0.0]","[0.24670594930648804, 0.27731528878211975, -0.07758939266204834, -0.09020887315273285, -1.086196780204773, -0.13632607460021973, 0.17339107394218445, 0.16795837879180908, -0.5285378098487854, 0.04009021446108818, -0.34530389308929443, 0.5057535171508789, -0.3426981568336487, 0.12441803514957428, 0.30000001192092896, 0.30000001192092896, 0.30000001192092896, 0.20000000298023224, 0.10000000149011612, 0.0, 0.8999999761581421, 0.8999999761581421, 0.8999999761581421, 0.8999999761581421, 0.800000011920929, 0.0]"
50,50,50,0.007198814999355818,0.08825120499932382,True,"[0.21164141595363617, 0.16733573377132416, 0.07218098640441895, 1.0002872943878174, -0.11333481967449188, 0.09055280685424805, 0.011732556857168674, 0.25345438718795776, -0.1654542088508606, 0.02624545246362686, 1.0105218887329102, -0.08701746165752411, 0.042208440601825714, -0.028246818110346794]","[336.0, 2.0, 1.0, 4.0, 10.0, 935.0]","[2.0, 2.0, 0.0, 8.0, 0.0, 503.0]","[-0.02885737270116806, 0.19993393123149872, 0.07189793884754181, 0.842797040939331, -1.0550202131271362, -0.27456945180892944, 0.07870575785636902, 0.02358725666999817, -0.4803370237350464, -0.04212424159049988, 0.09046241641044617, 0.5212923884391785, -0.21546438336372375, -0.24492181837558746, 0.30000022053718567, 0.30000039935112, 0.2999999225139618, 0.1999996155500412, 0.10000059008598328, 0.0, 0.86214679479599, 0.8611634969711304, 0.8611759543418884, 0.8548542857170105, 0.7545468211174011, 0.0]","[0.20164141058921814, 0.1773357391357422, 0.07189793884754181, 0.9902873039245605, -0.12333481758832932, 0.08055280894041061, 0.02173255756497383, 0.24345438182353973, -0.17545421421527863, 0.01624545268714428, 1.0005218982696533, -0.07701746374368668, 0.03220844268798828, -0.038246817886829376]","[286.0, 0.3000004291534424, 0.2999999523162842, 0.19999957084655762, 0.10000038146972656, 885.0]","[0.8621468544006348, 0.8611634969711304, 0.8611759543418884, 0.8548541069030762, 0.7545468211174011, 453.0]","[0.3684549927711487, 0.21504493057727814, -0.17380721867084503, 0.138993039727211, -1.1833103895187378, -0.045108623802661896, 0.2884722948074341, 0.2446100264787674, -0.5466604232788086, 0.08991764485836029, -0.22892266511917114, 0.4827845096588135, -0.2012990266084671, 0.16539429128170013, 0.30000001192092896, 0.29899999499320984, 0.29899999499320984, 0.19900000095367432, 1.0, 0.0, 0.8980000019073486, 0.8989999890327454, 0.8999999761581421, 0.8999999761581421, 0.8009999990463257, 0.0]","[0.2472183257341385, 0.2772909104824066, -0.0773056223988533, -0.0908101424574852, -1.086419701576233, -0.13654069602489471, 0.17471471428871155, 0.169129878282547, -0.5270655155181885, 0.03318076580762863, -0.3474506735801697, 0.5032573342323303, -0.3445891737937927, 0.11446128785610199, 0.30000001192092896, 0.30000001192092896, 0.30000001192092896, 0.20000000298023224, 0.10000000149011612, 0.0, 0.8999999761581421, 0.8999999761581421, 0.8999999761581421, 0.8999999761581421, 0.800000011920929, 0.0]"
51,51,51,0.006864932000098634,0.08006457299961767,True,"[0.21131783723831177, 0.16743160784244537, 0.0713420957326889, 1.000299334526062, -0.12022574990987778, 0.09052883833646774, 0.01278716791421175, 0.2534663677215576, -0.16553810238838196, 0.026209499686956406, 1.0105098485946655, -0.08690959960222244, 0.042220424860715866, -0.02949317917227745]","[336.0, 2.0, 1.0, 4.0, 10.0, 935.0]","[2.0, 2.0, 0.0, 8.0, 0.0, 503.0]","[-0.03421974554657936, 0.1978384256362915, 0.05987250804901123, 0.8290828466415405, -1.0638821125030518, -0.27368608117103577, 0.07887807488441467, 0.008517563343048096, -0.4731614887714386, -0.02671605348587036, 0.12208172678947449, 0.5311391353607178, -0.2068968415260315, -0.2523616552352905, 0.30000022053718567, 0.3000003397464752, 0.2999999523162842, 0.19999967515468597, 0.1000005304813385, 0.0, 0.8544728755950928, 0.8536062240600586, 0.8536309599876404, 0.8460223078727722, 0.7457452416419983, 0.0]","[0.20131783187389374, 0.1774316132068634, 0.06134209781885147, 0.9902993440628052, -0.1302257478237152, 0.08052884042263031, 0.022787168622016907, 0.2434663623571396, -0.1755381077528, 0.016209499910473824, 1.0005098581314087, -0.07690960168838501, 0.032220423221588135, -0.03949318081140518]","[286.0, 0.30000030994415283, 0.2999999523162842, 0.19999957084655762, 0.10000038146972656, 885.0]","[0.8544728755950928, 0.8536062240600586, 0.8536309599876404, 0.8460221290588379, 0.7457452416419983, 453.0]","[0.3684549927711487, 0.21506890654563904, -0.17351959645748138, 0.13898105919361115, -1.183286428451538, -0.04468917474150658, 0.28848427534103394, 0.24466994404792786, -0.5447549223899841, 0.08042613416910172, -0.22927021980285645, 0.4827006161212921, -0.20748288929462433, 0.15181615948677063, 0.30000001192092896, 0.29899999499320984, 0.29899999499320984, 0.19900000095367432, 1.0, 0.0, 0.8980000019073486, 0.8989999890327454, 0.8999999761581421, 0.8999999761581421, 0.8009999990463257, 0.0]","[0.24702095985412598, 0.27753952145576477, -0.07615935057401657, -0.08875900506973267, -1.087781310081482, -0.13743005692958832, 0.17494697868824005, 0.16948671638965607, -0.5254801511764526, 0.02493775635957718, -0.3446311950683594, 0.49533453583717346, -0.3547252118587494, 0.09697332233190536, 0.30000001192092896, 0.30000001192092896, 0.30000001192092896, 0.20000000298023224, 0.10000000149011612, 0.0, 0.8999999761581421, 0.8999999761581421, 0.8999999761581421, 0.8999999761581421, 0.800000011920929, 0.0]"
52,52,52,0.00772885900005349,0.09983563199966738,True,"[0.21075458824634552, 0.16739565134048462, 0.0679745227098465, 1.000299334526062, -0.12558269500732422, 0.09055280685424805, 0.01960619166493416, 0.2534424066543579, -0.1654781848192215, 0.026209499686956406, 1.0104858875274658, -0.08687365055084229, 0.042208440601825714, -0.029744846746325493]","[336.0, 2.0, 1.0, 4.0, 10.0, 935.0]","[2.0, 2.0, 0.0, 8.0, 0.0, 503.0]","[-0.02291725017130375, 0.19860374927520752, 0.06849628686904907, 0.8082512617111206, -1.0627549886703491, -0.27710169553756714, 0.07678064703941345, 0.049008727073669434, -0.4641202688217163, -0.03516650199890137, 0.13475891947746277, 0.534713864326477, -0.1993987113237381, -0.24810706079006195, 0.30000022053718567, 0.30000030994415283, 0.2999999523162842, 0.19999971985816956, 0.10000049322843552, 0.0, 0.8622162342071533, 0.861383318901062, 0.8614042401313782, 0.8551082611083984, 0.7548177242279053, 0.0]","[0.2007545828819275, 0.17739565670490265, 0.06849628686904907, 0.9902993440628052, -0.13558270037174225, 0.08055280894041061, 0.02960619144141674, 0.24344240128993988, -0.17547819018363953, 0.016209499910473824, 1.000485897064209, -0.07687365263700485, 0.03220844268798828, -0.039744846522808075]","[286.0, 0.30000030994415283, 0.2999999523162842, 0.19999980926513672, 0.10000038146972656, 885.0]","[0.8622162342071533, 0.861383318901062, 0.8614042401313782, 0.8551082611083984, 0.7548177242279053, 453.0]","[0.36844301223754883, 0.21498501300811768, -0.173567533493042, 0.13898105919361115, -1.1831187009811401, -0.04447345808148384, 0.28846031427383423, 0.24472986161708832, -0.5422981977462769, 0.07147391885519028, -0.22946196794509888, 0.48208943009376526, -0.21082648634910583, 0.1405390053987503, 0.30000001192092896, 0.29899999499320984, 0.29899999499320984, 0.19900000095367432, 1.0, 0.0, 0.8980000019073486, 0.8989999890327454, 0.8999999761581421, 0.8999999761581421, 0.8009999990463257, 0.0]","[0.2459937185049057, 0.27786147594451904, -0.07333694398403168, -0.08568882197141647, -1.0898741483688354, -0.13731829822063446, 0.17263303697109222, 0.1684720367193222, -0.5260511636734009, 0.01774284616112709, -0.3429515063762665, 0.49389052391052246, -0.3582056164741516, 0.08064387738704681, 0.30000001192092896, 0.30000001192092896, 0.30000001192092896, 0.20000000298023224, 0.10000000149011612, 0.0, 0.8999999761581421, 0.8999999761581421, 0.8999999761581421, 0.8999999761581421, 0.800000011920929, 0.0]"
53,53,53,0.0067282750005688285,0.07887152999865066,True,"[0.2103351354598999, 0.1673237532377243, 0.06773483753204346, 1.000311255455017, -0.1293337643146515, 0.09055280685424805, 0.02250637486577034, 0.25340643525123596, -0.1654781848192215, 0.026221483945846558, 1.0105098485946655, -0.08682571351528168, 0.042220424860715866, -0.03051183745265007]","[336.0, 2.0, 1.0, 4.0, 10.0, 935.0]","[2.0, 2.0, 0.0, 8.0, 0.0, 503.0]","[-0.04586566612124443, 0.19488805532455444, 0.05227600038051605, 0.8381416201591492, -1.0698010921478271, -0.27910566329956055, 0.09705674648284912, -0.030385315418243408, -0.46936026215553284, -0.01467403769493103, 0.12892073392868042, 0.532598078250885, -0.19463634490966797, -0.2823375463485718, 0.30000022053718567, 0.3000003397464752, 0.2999999523162842, 0.19999969005584717, 0.1000005304813385, 0.0, 0.8536959290504456, 0.852846622467041, 0.8528772592544556, 0.8451368808746338, 0.7448610067367554, 0.0]","[0.20033513009548187, 0.17732375860214233, 0.057734839618206024, 0.9903112649917603, -0.13933376967906952, 0.08055280894041061, 0.03250637650489807, 0.24340642988681793, -0.17547819018363953, 0.016221484169363976, 1.0005098581314087, -0.07682571560144424, 0.032220423221588135, -0.0405118390917778]","[286.0, 0.30000030994415283, 0.2999999523162842, 0.19999980926513672, 0.10000038146972656, 885.0]","[0.8536958694458008, 0.852846622467041, 0.8528772592544556, 0.8451366424560547, 0.7448610067367554, 453.0]","[0.36851492524147034, 0.21502096951007843, -0.1733398288488388, 0.13902899622917175, -1.1830108165740967, -0.043778374791145325, 0.2884962558746338, 0.2448616921901703, -0.5417109727859497, 0.06741126626729965, -0.22947394847869873, 0.4819576144218445, -0.21444572508335114, 0.12681707739830017, 0.30000001192092896, 0.29899999499320984, 0.29899999499320984, 0.19900000095367432, 1.0, 0.0, 0.8980000019073486, 0.8989999890327454, 0.8999999761581421, 0.8999999761581421, 0.8009999990463257, 0.0]","[0.24506667256355286, 0.2793106734752655, -0.0719337984919548, -0.08637414127588272, -1.0923010110855103, -0.13689441978931427, 0.17341072857379913, 0.168106809258461, -0.5260350108146667, 0.01167403906583786, -0.3416288495063782, 0.4919717013835907, -0.3649872839450836, 0.05903930962085724, 0.30000001192092896, 0.30000001192092896, 0.30000001192092896, 0.20000000298023224, 0.10000000149011612, 0.0, 0.8999999761581421, 0.8999999761581421, 0.8999999761581421, 0.8999999761581421, 0.800000011920929, 0.0]"
54,54,54,0.008909992000553757,0.08547010599977511,True,"[0.2100355327129364, 0.16750352084636688, 0.06599713116884232, 1.000311255455017, -0.13368403911590576, 0.09052883833646774, 0.025178857147693634, 0.25345438718795776, -0.16551414132118225, 0.026209499686956406, 1.0105098485946655, -0.08677777647972107, 0.042220424860715866, -0.031158985570073128]","[336.0, 2.0, 1.0, 4.0, 10.0, 935.0]","[2.0, 2.0, 0.0, 8.0, 0.0, 503.0]","[-0.03368818014860153, 0.19827714562416077, 0.05767640471458435, 0.8124415874481201, -1.0704511404037476, -0.27427732944488525, 0.07963484525680542, 0.009453386068344116, -0.4716286063194275, -0.02624782919883728, 0.13233980536460876, 0.5401073694229126, -0.19924971461296082, -0.2594759166240692, 0.30000022053718567, 0.3000003695487976, 0.2999999225139618, 0.1999996453523636, 0.1000005453824997, 0.0, 0.8526073694229126, 0.8516823053359985, 0.8517019748687744, 0.843782365322113, 0.7434996366500854, 0.0]","[0.20003552734851837, 0.1775035262107849, 0.05767640471458435, 0.9903112649917603, -0.1436840444803238, 0.08052884042263031, 0.03517885506153107, 0.24345438182353973, -0.17551414668560028, 0.016209499910473824, 1.0005098581314087, -0.07677777856588364, 0.032220423221588135, -0.04115898534655571]","[286.0, 0.3000004291534424, 0.2999999523162842, 0.19999957084655762, 0.10000038146972656, 885.0]","[0.8526073694229126, 0.8516823053359985, 0.8517019748687744, 0.8437824249267578, 0.7434996366500854, 453.0]","[0.36849096417427063, 0.21502096951007843, -0.17332784831523895, 0.138993039727211, -1.182986855506897, -0.04302337020635605, 0.288448303937912, 0.2449096292257309, -0.5416510105133057, 0.06464291363954544, -0.22948592901229858, 0.4817298948764801, -0.21834060549736023, 0.11152520030736923, 0.30000001192092896, 0.29899999499320984, 0.29899999499320984, 0.19900000095367432, 1.0, 0.0, 0.8980000019073486, 0.8989999890327454, 0.8999999761581421, 0.8999999761581421, 0.8009999990463257, 0.0]","[0.24637295305728912, 0.27996063232421875, -0.072252057492733, -0.08784202486276627, -1.0930222272872925, -0.13783496618270874, 0.17528729140758514, 0.16967935860157013, -0.5247282385826111, 0.005279610864818096, -0.3408224880695343, 0.4900335967540741, -0.3731163442134857, 0.03234778344631195, 0.30000001192092896, 0.30000001192092896, 0.30000001192092896, 0.20000000298023224, 0.10000000149011612, 0.0, 0.8999999761581421, 0.8999999761581421, 0.8999999761581421, 0.8999999761581421, 0.800000011920929, 0.0]"
55,55,55,0.009779594000065117,0.07952228999965882,True,"[0.20984378457069397, 0.16743160784244537, 0.06150304526090622, 1.0002872943878174, -0.1390170156955719, 0.09055280685424805, 0.026257436722517014, 0.25343039631843567, -0.1654542088508606, 0.02623346820473671, 1.0104979276657104, -0.08659800887107849, 0.042208440601825714, -0.031554464250802994]","[336.0, 2.0, 1.0, 4.0, 10.0, 935.0]","[2.0, 2.0, 0.0, 8.0, 0.0, 503.0]","[-0.048709578812122345, 0.20177406072616577, 0.04556715488433838, 0.8025375604629517, -1.0616390705108643, -0.27011632919311523, 0.07590153813362122, -0.020998448133468628, -0.46651899814605713, -0.02424323558807373, 0.12655451893806458, 0.534860372543335, -0.20817795395851135, -0.29594382643699646, 0.30000022053718567, 0.30000028014183044, 0.2999999523162842, 0.19999977946281433, 0.10000044852495193, 0.0, 0.859619677066803, 0.8589478135108948, 0.8589888215065002, 0.8522324562072754, 0.7519938945770264, 0.0]","[0.19984377920627594, 0.1774316132068634, 0.05150304734706879, 0.9902873039245605, -0.14901702105998993, 0.08055280894041061, 0.036257438361644745, 0.24343039095401764, -0.17545421421527863, 0.016233468428254128, 1.0004979372024536, -0.07659801095724106, 0.03220844268798828, -0.041554465889930725]","[286.0, 0.30000030994415283, 0.2999999523162842, 0.19999980926513672, 0.10000038146972656, 885.0]","[0.8596196174621582, 0.85894775390625, 0.8589888215065002, 0.8522324562072754, 0.7519938945770264, 453.0]","[0.36851492524147034, 0.21502096951007843, -0.17330388724803925, 0.1389690786600113, -1.1829748153686523, -0.04279566928744316, 0.2884722948074341, 0.24507740139961243, -0.541315495967865, 0.063480444252491, -0.22947394847869873, 0.48091498017311096, -0.22433270514011383, 0.09323727339506149, 0.30000001192092896, 0.29899999499320984, 0.29899999499320984, 0.19900000095367432, 1.0, 0.0, 0.8980000019073486, 0.8989999890327454, 0.8999999761581421, 0.8999999761581421, 0.8009999990463257, 0.0]","[0.24906499683856964, 0.2791875898838043, -0.07273036241531372, -0.0873745009303093, -1.0926735401153564, -0.14109839498996735, 0.17474548518657684, 0.17268942296504974, -0.5205096006393433, -0.0021488736383616924, -0.33876726031303406, 0.48660528659820557, -0.3836822509765625, 0.008843007497489452, 0.30000001192092896, 0.30000001192092896, 0.30000001192092896, 0.20000000298023224, 0.10000000149011612, 0.0, 0.8999999761581421, 0.8999999761581421, 0.8999999761581421, 0.8999999761581421, 0.800000011920929, 0.0]"
56,56,56,0.011829760000182432,0.08810702600021614,True,"[0.20964005589485168, 0.16749152541160583, 0.057919759303331375, 1.000311255455017, -0.14522483944892883, 0.09055280685424805, 0.0276835598051548, 0.25343039631843567, -0.1655261218547821, 0.026209499686956406, 1.0104858875274658, -0.08646618574857712, 0.042208440601825714, -0.03289669752120972]","[336.0, 2.0, 1.0, 4.0, 10.0, 935.0]","[2.0, 2.0, 0.0, 8.0, 0.0, 503.0]","[-0.03886120021343231, 0.2022651731967926, 0.057139575481414795, 0.7907859086990356, -1.0653647184371948, -0.2712860703468323, 0.08590254187583923, 0.013440072536468506, -0.4621281325817108, -0.030869215726852417, 0.1424151360988617, 0.5368152260780334, -0.1990690380334854, -0.28150832653045654, 0.30000022053718567, 0.30000039935112, 0.2999999225139618, 0.1999996304512024, 0.10000058263540268, 0.0, 0.8615450859069824, 0.8605214357376099, 0.8605255484580994, 0.8541151881217957, 0.7538018822669983, 0.0]","[0.19964005053043365, 0.17749153077602386, 0.057139575481414795, 0.9903112649917603, -0.15522484481334686, 0.08055280894041061, 0.03768356144428253, 0.24343039095401764, -0.17552612721920013, 0.016209499910473824, 1.000485897064209, -0.07646618783473969, 0.03220844268798828, -0.04289669543504715]","[286.0, 0.3000004291534424, 0.2999999523162842, 0.19999957084655762, 0.10000038146972656, 885.0]","[0.8615450859069824, 0.8605214357376099, 0.8605255484580994, 0.8541150093078613, 0.7538018822669983, 453.0]","[0.36883848905563354, 0.21500898897647858, -0.17330388724803925, 0.1390170156955719, -1.1829748153686523, -0.04279566928744316, 0.28848427534103394, 0.24547287821769714, -0.5395058393478394, 0.06227003410458565, -0.22952188551425934, 0.4806992709636688, -0.23122364282608032, 0.07001184672117233, 0.30000001192092896, 0.29899999499320984, 0.29899999499320984, 0.19900000095367432, 1.0, 0.0, 0.8980000019073486, 0.8989999890327454, 0.8999999761581421, 0.8999999761581421, 0.8009999990463257, 0.0]","[0.2511994242668152, 0.2791382074356079, -0.07227016240358353, -0.08805664628744125, -1.0928832292556763, -0.1421654224395752, 0.1746201515197754, 0.17559711635112762, -0.5156075358390808, -0.007474066223949194, -0.33622366189956665, 0.4730004370212555, -0.3908662497997284, -0.016839535906910896, 0.30000001192092896, 0.30000001192092896, 0.30000001192092896, 0.20000000298023224, 0.10000000149011612, 0.0, 0.8999999761581421, 0.8999999761581421, 0.8999999761581421, 0.8999999761581421, 0.800000011920929, 0.0]"
57,57,57,0.007510718998673838,0.06663601800028118,True,"[0.20925655961036682, 0.16740764677524567, 0.05451624095439911, 1.0002753734588623, -0.1504978984594345, 0.09055280685424805, 0.028150945901870728, 0.25340643525123596, -0.1654781848192215, 0.026209499686956406, 1.0105098485946655, -0.08627443760633469, 0.042208440601825714, -0.03345995768904686]","[336.0, 2.0, 1.0, 4.0, 10.0, 935.0]","[3.0, 2.0, 0.0, 8.0, 0.0, 503.0]","[-0.04099402576684952, 0.20114675164222717, 0.051139816641807556, 0.7944351434707642, -1.0692095756530762, -0.2723546028137207, 0.0840887725353241, -0.005621582269668579, -0.46177273988723755, -0.0248967707157135, 0.15389296412467957, 0.5505808591842651, -0.19470779597759247, -0.2761250138282776, 0.30000022053718567, 0.30000030994415283, 0.2999999523162842, 0.19999973475933075, 0.10000047832727432, 0.0, 0.8591256737709045, 0.8583502769470215, 0.8583863377571106, 0.8515421152114868, 0.7512879371643066, 0.0]","[0.1992565542459488, 0.1774076521396637, 0.051139816641807556, 0.9902753829956055, -0.16049790382385254, 0.08055280894041061, 0.03815094381570816, 0.24340642988681793, -0.17547819018363953, 0.016209499910473824, 1.0005098581314087, -0.07627443969249725, 0.03220844268798828, -0.04345995932817459]","[286.0, 0.30000030994415283, 0.2999999523162842, 0.19999980926513672, 0.10000038146972656, 885.0]","[0.8591256141662598, 0.8583502769470215, 0.8583863377571106, 0.8515419960021973, 0.7512879371643066, 453.0]","[0.36925795674324036, 0.21500898897647858, -0.1732918918132782, 0.13900503516197205, -1.1829628944396973, -0.042819637805223465, 0.28846031427383423, 0.2458084374666214, -0.5365936756134033, 0.05886651575565338, -0.22950990498065948, 0.4798124134540558, -0.23533423244953156, 0.054132744669914246, 0.30000001192092896, 0.29899999499320984, 0.29899999499320984, 0.19900000095367432, 1.0, 0.0, 0.8980000019073486, 0.8989999890327454, 0.8999999761581421, 0.8999999761581421, 0.8009999990463257, 0.0]","[0.25375837087631226, 0.27915605902671814, -0.07168670743703842, -0.08900110423564911, -1.0932327508926392, -0.1428242027759552, 0.17480304837226868, 0.17946814000606537, -0.5092563629150391, -0.014394555240869522, -0.3327949345111847, 0.4362027645111084, -0.40378350019454956, -0.058264777064323425, 0.30000001192092896, 0.30000001192092896, 0.30000001192092896, 0.20000000298023224, 0.10000000149011612, 0.0, 0.8999999761581421, 0.8999999761581421, 0.8999999761581421, 0.8999999761581421, 0.800000011920929, 0.0]"
58,58,58,0.010320671000954462,0.08668996199958201,True,"[0.20899289846420288, 0.16751550137996674, 0.052874401211738586, 1.000299334526062, -0.15517175197601318, 0.09055280685424805, 0.029049761593341827, 0.25340643525123596, -0.16553810238838196, 0.026221483945846558, 1.0105098485946655, -0.08595086634159088, 0.042220424860715866, -0.03465837985277176]","[336.0, 2.0, 1.0, 4.0, 10.0, 935.0]","[2.0, 2.0, 0.0, 8.0, 0.0, 503.0]","[-0.05356352776288986, 0.20148807764053345, 0.04262430965900421, 0.814853310585022, -1.0668421983718872, -0.2704680860042572, 0.0938602089881897, -0.04026177525520325, -0.4677002429962158, -0.018557608127593994, 0.14887964725494385, 0.5516656637191772, -0.19481688737869263, -0.2922518849372864, 0.30000022053718567, 0.3000003397464752, 0.2999999523162842, 0.19999967515468597, 0.1000005379319191, 0.0, 0.8541456460952759, 0.853274405002594, 0.85330730676651, 0.8456288576126099, 0.7453597784042358, 0.0]","[0.19899289309978485, 0.17751550674438477, 0.042874403297901154, 0.9902993440628052, -0.1651717573404312, 0.08055280894041061, 0.03904975950717926, 0.24340642988681793, -0.1755381077528, 0.016221484169363976, 1.0005098581314087, -0.07595086842775345, 0.032220423221588135, -0.04465837776660919]","[286.0, 0.30000030994415283, 0.2999999523162842, 0.19999957084655762, 0.10000038146972656, 885.0]","[0.8541456460952759, 0.8532743453979492, 0.85330730676651, 0.8456287384033203, 0.7453597784042358, 453.0]","[0.3692699372768402, 0.2147812843322754, -0.17330388724803925, 0.138993039727211, -1.1829748153686523, -0.04277170076966286, 0.2884722948074341, 0.24863672256469727, -0.5266827344894409, 0.05289836972951889, -0.22947394847869873, 0.4574618339538574, -0.2509257197380066, 0.013458284549415112, 0.30000001192092896, 0.29899999499320984, 0.29899999499320984, 0.19900000095367432, 1.0, 0.0, 0.8980000019073486, 0.8989999890327454, 0.8999999761581421, 0.8999999761581421, 0.8009999990463257, 0.0]","[0.25727418065071106, 0.27919599413871765, -0.07235114276409149, -0.0920179933309555, -1.093913197517395, -0.14470021426677704, 0.17711463570594788, 0.18527564406394958, -0.5070282220840454, -0.023696675896644592, -0.3329261541366577, 0.40798312425613403, -0.40893784165382385, -0.09826185554265976, 0.30000001192092896, 0.30000001192092896, 0.30000001192092896, 0.20000000298023224, 0.10000000149011612, 0.0, 0.8999999761581421, 0.8999999761581421, 0.8999999761581421, 0.8999999761581421, 0.800000011920929, 0.0]"
59,59,59,0.00955089800118003,0.07234885099933308,True,"[0.20864535868167877, 0.1675754189491272, 0.04794888570904732, 1.0002872943878174, -0.15885090827941895, 0.0905408188700676, 0.031003190204501152, 0.2534184157848358, -0.1654781848192215, 0.02624545246362686, 1.0105098485946655, -0.08347012847661972, 0.042208440601825714, -0.03546132147312164]","[336.0, 2.0, 1.0, 4.0, 10.0, 935.0]","[2.0, 2.0, 0.0, 8.0, 0.0, 503.0]","[-0.05843302607536316, 0.20214137434959412, 0.04176707565784454, 0.7930449843406677, -1.0664656162261963, -0.26437681913375854, 0.09592849016189575, -0.03854125738143921, -0.45643240213394165, -0.01569691300392151, 0.16895824670791626, 0.544238269329071, -0.1917186677455902, -0.30363929271698, 0.30000022053718567, 0.3000003397464752, 0.2999999225139618, 0.19999970495700836, 0.1000005304813385, 0.0, 0.8607575297355652, 0.8598527312278748, 0.8598731756210327, 0.8533186316490173, 0.7530311346054077, 0.0]","[0.19864535331726074, 0.17757542431354523, 0.04176707565784454, 0.9902873039245605, -0.16885091364383698, 0.08054082095623016, 0.041003189980983734, 0.24341841042041779, -0.17547819018363953, 0.01624545268714428, 1.0005098581314087, -0.07347013056278229, 0.03220844268798828, -0.045461319386959076]","[286.0, 0.30000030994415283, 0.2999999523162842, 0.19999980926513672, 0.10000038146972656, 885.0]","[0.86075758934021, 0.8598527908325195, 0.8598731756210327, 0.8533186912536621, 0.7530311346054077, 453.0]","[0.3692938983440399, 0.2143258899450302, -0.17339976131916046, 0.13900503516197205, -1.1829748153686523, -0.042699795216321945, 0.28848427534103394, 0.24897228181362152, -0.5159688591957092, 0.0457557737827301, -0.2295338660478592, 0.4400967061519623, -0.25867950916290283, -0.016598151996731758, 0.30000001192092896, 0.29899999499320984, 0.29899999499320984, 0.19900000095367432, 1.0, 0.0, 0.8980000019073486, 0.8989999890327454, 0.8999999761581421, 0.8999999761581421, 0.8009999990463257, 0.0]","[0.2583187520503998, 0.2806284427642822, -0.0714777484536171, -0.09557224810123444, -1.09749174118042, -0.1455836445093155, 0.18336857855319977, 0.19140806794166565, -0.5071431398391724, -0.03362756222486496, -0.33360639214515686, 0.3933123052120209, -0.4227616786956787, -0.13425470888614655, 0.30000001192092896, 0.30000001192092896, 0.30000001192092896, 0.20000000298023224, 0.10000000149011612, 0.0, 0.8999999761581421, 0.8999999761581421, 0.8999999761581421, 0.8999999761581421, 0.800000011920929, 0.0]"
60,60,60,0.0078738969987171,0.08331669299877831,True,"[0.20839369297027588, 0.1675274819135666, 0.04531235620379448, 1.000311255455017, -0.16290158033370972, 0.09052883833646774, 0.03245328366756439, 0.25343039631843567, -0.1654781848192215, 0.026209499686956406, 1.0104979276657104, -0.08243948221206665, 0.042220424860715866, -0.03597664460539818]","[336.0, 2.0, 1.0, 4.0, 10.0, 935.0]","[2.0, 2.0, 0.0, 8.0, 0.0, 503.0]","[-0.05604926496744156, 0.20373763144016266, 0.03866003453731537, 0.8082194924354553, -1.0650827884674072, -0.26476871967315674, 0.09409692883491516, -0.04735344648361206, -0.4660221040248871, -0.01853126287460327, 0.16171759366989136, 0.5568597316741943, -0.18732213973999023, -0.2937653064727783, 0.30000022053718567, 0.30000030994415283, 0.2999999523162842, 0.19999970495700836, 0.10000051558017731, 0.0, 0.8577349781990051, 0.8569117784500122, 0.8569498062133789, 0.8498628735542297, 0.7496052980422974, 0.0]","[0.19839368760585785, 0.17752748727798462, 0.03866003453731537, 0.9903112649917603, -0.17290158569812775, 0.08052884042263031, 0.042453281581401825, 0.24343039095401764, -0.17547819018363953, 0.016209499910473824, 1.0004979372024536, -0.07243948429822922, 0.032220423221588135, -0.04597664624452591]","[286.0, 0.30000030994415283, 0.2999999523162842, 0.19999980926513672, 0.10000038146972656, 885.0]","[0.8577349185943604, 0.8569117784500122, 0.8569498062133789, 0.8498630523681641, 0.7496052980422974, 453.0]","[0.3692459762096405, 0.21364277601242065, -0.17344769835472107, 0.13898105919361115, -1.1830227375030518, -0.04242415726184845, 0.28850823640823364, 0.24982315301895142, -0.509413480758667, 0.03844539448618889, -0.22970163822174072, 0.4253081679344177, -0.2664572596549988, -0.050825100392103195, 0.30000001192092896, 0.29899999499320984, 0.29899999499320984, 0.19900000095367432, 1.0, 0.0, 0.8980000019073486, 0.8989999890327454, 0.8999999761581421, 0.8999999761581421, 0.8009999990463257, 0.0]","[0.26277387142181396, 0.2829584777355194, -0.06862162053585052, -0.09973647445440292, -1.09938383102417, -0.14602994918823242, 0.18542039394378662, 0.19890950620174408, -0.5069786310195923, -0.04444081708788872, -0.3374822735786438, 0.3922162353992462, -0.43249639868736267, -0.16188618540763855, 0.30000001192092896, 0.30000001192092896, 0.30000001192092896, 0.20000000298023224, 0.10000000149011612, 0.0, 0.8999999761581421, 0.8999999761581421, 0.8999999761581421, 0.8999999761581421, 0.800000011920929, 0.0]"
61,61,61,0.008903412999643479,0.07360315600089962,True,"[0.20817798376083374, 0.16753946244716644, 0.04206462949514389, 1.0002872943878174, -0.1669522374868393, 0.09055280685424805, 0.03615640848875046, 0.25343039631843567, -0.1654781848192215, 0.026221483945846558, 1.0104979276657104, -0.0809294730424881, 0.042220424860715866, -0.03647998347878456]","[336.0, 2.0, 1.0, 4.0, 10.0, 935.0]","[2.0, 2.0, 0.0, 8.0, 0.0, 503.0]","[-0.06453727185726166, 0.20423352718353271, 0.034122467041015625, 0.7880544662475586, -1.0688115358352661, -0.2585223317146301, 0.0887528657913208, -0.06477391719818115, -0.45490723848342896, -0.013621896505355835, 0.20245055854320526, 0.5641654133796692, -0.18274465203285217, -0.30407512187957764, 0.30000022053718567, 0.30000028014183044, 0.2999999523162842, 0.19999974966049194, 0.10000046342611313, 0.0, 0.8588703870773315, 0.8581488132476807, 0.858191967010498, 0.8512872457504272, 0.7510578632354736, 0.0]","[0.1981779783964157, 0.17753946781158447, 0.034122467041015625, 0.9902873039245605, -0.17695224285125732, 0.08055280894041061, 0.04615640640258789, 0.24343039095401764, -0.17547819018363953, 0.016221484169363976, 1.0004979372024536, -0.07092947512865067, 0.032220423221588135, -0.04647998511791229]","[286.0, 0.30000030994415283, 0.2999999523162842, 0.19999980926513672, 0.10000038146972656, 885.0]","[0.8588703870773315, 0.8581488132476807, 0.858191967010498, 0.8512873649597168, 0.7510578632354736, 453.0]","[0.36925795674324036, 0.21329523622989655, -0.17350761592388153, 0.13858558237552643, -1.1830227375030518, -0.0412137508392334, 0.28850823640823364, 0.2538738250732422, -0.5089340806007385, 0.027575701475143433, -0.22997727990150452, 0.4130602777004242, -0.27806997299194336, -0.08688563108444214, 0.30000001192092896, 0.29899999499320984, 0.29899999499320984, 0.19900000095367432, 1.0, 0.0, 0.8980000019073486, 0.8989999890327454, 0.8999999761581421, 0.8999999761581421, 0.8009999990463257, 0.0]","[0.2668752074241638, 0.28331854939460754, -0.06547841429710388, -0.09853600710630417, -1.1020740270614624, -0.14685600996017456, 0.1816524714231491, 0.20546050369739532, -0.5030819177627563, -0.056055888533592224, -0.33876076340675354, 0.3882148563861847, -0.44162997603416443, -0.18465809524059296, 0.30000001192092896, 0.30000001192092896, 0.30000001192092896, 0.20000000298023224, 0.10000000149011612, 0.0, 0.8999999761581421, 0.8999999761581421, 0.8999999761581421, 0.8999999761581421, 0.800000011920929, 0.0]"
62,62,62,0.00670120799986762,0.09634723400085932,True,"[0.2079143226146698, 0.16750352084636688, 0.038792937994003296, 1.000299334526062, -0.17133846879005432, 0.09055280685424805, 0.04286757484078407, 0.25343039631843567, -0.1654781848192215, 0.02623346820473671, 1.0105098485946655, -0.07666309177875519, 0.042208440601825714, -0.036683712154626846]","[336.0, 2.0, 1.0, 4.0, 10.0, 935.0]","[2.0, 2.0, 0.0, 8.0, 0.0, 503.0]","[-0.056808777153491974, 0.20143696665763855, 0.03830401599407196, 0.7838034629821777, -1.0696183443069458, -0.2647753357887268, 0.08392864465713501, -0.037742435932159424, -0.4582595229148865, -0.019273072481155396, 0.15041589736938477, 0.5488442778587341, -0.19581414759159088, -0.31006354093551636, 0.30000022053718567, 0.3000003397464752, 0.2999999523162842, 0.19999971985816956, 0.10000050812959671, 0.0, 0.8565114736557007, 0.8556773662567139, 0.8557052612304688, 0.8484328985214233, 0.7481690645217896, 0.0]","[0.19791431725025177, 0.1775035262107849, 0.03830401599407196, 0.9902993440628052, -0.18133847415447235, 0.08055280894041061, 0.052867576479911804, 0.24343039095401764, -0.17547819018363953, 0.016233468428254128, 1.0005098581314087, -0.06666309386491776, 0.03220844268798828, -0.04668371379375458]","[286.0, 0.30000030994415283, 0.2999999523162842, 0.19999980926513672, 0.10000038146972656, 885.0]","[0.8565114736557007, 0.8556773662567139, 0.8557052612304688, 0.8484330177307129, 0.7481690645217896, 453.0]","[0.3694497048854828, 0.21331921219825745, -0.17349563539028168, 0.13860954344272614, -1.183058738708496, -0.039500005543231964, 0.2885202169418335, 0.2589071989059448, -0.5070165991783142, 0.013110741972923279, -0.23006117343902588, 0.4126048982143402, -0.28935912251472473, -0.11455720663070679, 0.30000001192092896, 0.29899999499320984, 0.29899999499320984, 0.19900000095367432, 1.0, 0.0, 0.8980000019073486, 0.8989999890327454, 0.8999999761581421, 0.8999999761581421, 0.8009999990463257, 0.0]","[0.26815998554229736, 0.2832534611225128, -0.06550311297178268, -0.09410462528467178, -1.1040444374084473, -0.15038499236106873, 0.17800027132034302, 0.20769348740577698, -0.4993443191051483, -0.06366746127605438, -0.3354877531528473, 0.3736433982849121, -0.452772855758667, -0.2040279507637024, 0.30000001192092896, 0.30000001192092896, 0.30000001192092896, 0.20000000298023224, 0.10000000149011612, 0.0, 0.8999999761581421, 0.8999999761581421, 0.8999999761581421, 0.8999999761581421, 0.800000011920929, 0.0]"
63,63,63,0.013626059999296558,0.08297265600049286,True,"[0.20769861340522766, 0.16745558381080627, 0.03784618154168129, 1.000299334526062, -0.17627596855163574, 0.09055280685424805, 0.04533632472157478, 0.2533944547176361, -0.16546620428562164, 0.026221483945846558, 1.0105098485946655, -0.07342734932899475, 0.042208440601825714, -0.03733086213469505]","[336.0, 2.0, 1.0, 4.0, 10.0, 935.0]","[2.0, 2.0, 0.0, 8.0, 0.0, 503.0]","[-0.045706965029239655, 0.20366773009300232, 0.04371464252471924, 0.7758734822273254, -1.0727721452713013, -0.2633506655693054, 0.09539797902107239, -0.020417839288711548, -0.448615700006485, -0.024924367666244507, 0.20499756932258606, 0.5686401724815369, -0.17709089815616608, -0.2867463529109955, 0.30000022053718567, 0.3000003397464752, 0.2999999225139618, 0.19999970495700836, 0.10000051558017731, 0.0, 0.8610538840293884, 0.8601926565170288, 0.8602182865142822, 0.853693962097168, 0.7534313201904297, 0.0]","[0.19769860804080963, 0.1774555891752243, 0.04371464252471924, 0.9902993440628052, -0.18627597391605377, 0.08055280894041061, 0.055336326360702515, 0.24339444935321808, -0.17546620965003967, 0.016221484169363976, 1.0005098581314087, -0.06342735141515732, 0.03220844268798828, -0.047330863773822784]","[286.0, 0.30000030994415283, 0.2999999523162842, 0.19999980926513672, 0.10000038146972656, 885.0]","[0.8610539436340332, 0.8601926565170288, 0.8602182865142822, 0.853693962097168, 0.7534313201904297, 453.0]","[0.3704443871974945, 0.21331921219825745, -0.17344769835472107, 0.1386454999446869, -1.1830947399139404, -0.036551885306835175, 0.28850823640823364, 0.26156771183013916, -0.5031097531318665, -0.004350273869931698, -0.22998926043510437, 0.4113345742225647, -0.29749640822410583, -0.14389459788799286, 0.30000001192092896, 0.29899999499320984, 0.29899999499320984, 0.19900000095367432, 1.0, 0.0, 0.8980000019073486, 0.8989999890327454, 0.8999999761581421, 0.8999999761581421, 0.8009999990463257, 0.0]","[0.27040693163871765, 0.28387120366096497, -0.06508489698171616, -0.08970081061124802, -1.1076734066009521, -0.15435954928398132, 0.17429713904857635, 0.21173879504203796, -0.49809762835502625, -0.07139813899993896, -0.3337063789367676, 0.35361334681510925, -0.4622366726398468, -0.2259410172700882, 0.30000001192092896, 0.30000001192092896, 0.30000001192092896, 0.20000000298023224, 0.10000000149011612, 0.0, 0.8999999761581421, 0.8999999761581421, 0.8999999761581421, 0.8999999761581421, 0.800000011920929, 0.0]"
64,64,64,0.013684913999895798,0.08548590100144793,True,"[0.20753082633018494, 0.16750352084636688, 0.039500005543231964, 1.000299334526062, -0.17902036011219025, 0.09055280685424805, 0.04683435335755348, 0.25343039631843567, -0.16546620428562164, 0.026221483945846558, 1.0104979276657104, -0.07178550958633423, 0.04219645634293556, -0.037762295454740524]","[336.0, 2.0, 1.0, 4.0, 10.0, 935.0]","[2.0, 2.0, 0.0, 8.0, 0.0, 503.0]","[-0.06692741811275482, 0.21088406443595886, 0.028476938605308533, 0.7533746957778931, -1.0627214908599854, -0.2520202398300171, 0.08242741227149963, -0.05387654900550842, -0.4536127746105194, -0.016909509897232056, 0.17963135242462158, 0.5668606758117676, -0.19648469984531403, -0.3162766695022583, 0.30000022053718567, 0.3000003695487976, 0.2999999225139618, 0.19999966025352478, 0.10000056773424149, 0.0, 0.8627264499664307, 0.8617522716522217, 0.8617711067199707, 0.8555402755737305, 0.7552403211593628, 0.0]","[0.1975308209657669, 0.1775035262107849, 0.029500005766749382, 0.9902993440628052, -0.18902036547660828, 0.08055280894041061, 0.05683435499668121, 0.24343039095401764, -0.17546620965003967, 0.016221484169363976, 1.0004979372024536, -0.061785511672496796, 0.03219645470380783, -0.047762297093868256]","[286.0, 0.3000004291534424, 0.2999999523162842, 0.19999957084655762, 0.10000038146972656, 885.0]","[0.8627264499664307, 0.8617522716522217, 0.8617711067199707, 0.8555402755737305, 0.7552403211593628, 453.0]","[0.3710196316242218, 0.21331921219825745, -0.17344769835472107, 0.13868145644664764, -1.1831306219100952, -0.035113781690597534, 0.2884962558746338, 0.2617594599723816, -0.5016716718673706, -0.012403673492372036, -0.22997727990150452, 0.40887778997421265, -0.2998572885990143, -0.15815581381320953, 0.30000001192092896, 0.29899999499320984, 0.29899999499320984, 0.19900000095367432, 1.0, 0.0, 0.8980000019073486, 0.8989999890327454, 0.8999999761581421, 0.8999999761581421, 0.8009999990463257, 0.0]","[0.27164068818092346, 0.2840522229671478, -0.06551618129014969, -0.0903785303235054, -1.1090033054351807, -0.15575948357582092, 0.1753413826227188, 0.2140507996082306, -0.4988582134246826, -0.07476046681404114, -0.3330923914909363, 0.3508078157901764, -0.4669650197029114, -0.23105424642562866, 0.30000001192092896, 0.30000001192092896, 0.30000001192092896, 0.20000000298023224, 0.10000000149011612, 0.0, 0.8999999761581421, 0.8999999761581421, 0.8999999761581421, 0.8999999761581421, 0.800000011920929, 0.0]"
65,65,65,0.008087771000646171,0.08070481200047652,True,"[0.20732709765434265, 0.16791097819805145, 0.03689942881464958, 1.0002872943878174, -0.18154902756214142, 0.0905408188700676, 0.04828444495797157, 0.25343039631843567, -0.16549016535282135, 0.026197517290711403, 1.0105098485946655, -0.07022756338119507, 0.042220424860715866, -0.038001976907253265]","[336.0, 2.0, 1.0, 4.0, 10.0, 935.0]","[2.0, 2.0, 0.0, 8.0, 0.0, 503.0]","[-0.07259491831064224, 0.2054022252559662, 0.027402371168136597, 0.7813732028007507, -1.0695044994354248, -0.25419020652770996, 0.08477458357810974, -0.07986843585968018, -0.4537350833415985, -0.013011783361434937, 0.18232497572898865, 0.5678651332855225, -0.1897629052400589, -0.32318785786628723, 0.30000022053718567, 0.30000030994415283, 0.2999999523162842, 0.19999973475933075, 0.10000050067901611, 0.0, 0.858485996723175, 0.8576750159263611, 0.8577051758766174, 0.8507442474365234, 0.7505068778991699, 0.0]","[0.19732709228992462, 0.17791098356246948, 0.027402371168136597, 0.9902873039245605, -0.19154903292655945, 0.08054082095623016, 0.058284446597099304, 0.24343039095401764, -0.17549017071723938, 0.01619751751422882, 1.0005098581314087, -0.060227565467357635, 0.032220423221588135, -0.0480019748210907]","[286.0, 0.30000030994415283, 0.2999999523162842, 0.19999980926513672, 0.10000038146972656, 885.0]","[0.8584859371185303, 0.8576750755310059, 0.8577051758766174, 0.8507442474365234, 0.7505068778991699, 453.0]","[0.3741954565048218, 0.21291173994541168, -0.17349563539028168, 0.13865748047828674, -1.1831905841827393, -0.0339992456138134, 0.2884962558746338, 0.2629339098930359, -0.5003174543380737, -0.029157619923353195, -0.2299533188343048, 0.3911411464214325, -0.3136031925678253, -0.19337746500968933, 0.30000001192092896, 0.29899999499320984, 0.29899999499320984, 0.19900000095367432, 1.0, 0.0, 0.8980000019073486, 0.8989999890327454, 0.8999999761581421, 0.8999999761581421, 0.8009999990463257, 0.0]","[0.274670273065567, 0.28579509258270264, -0.06652858108282089, -0.09435022622346878, -1.1145150661468506, -0.15776421129703522, 0.18017883598804474, 0.22229716181755066, -0.5010986924171448, -0.08711965382099152, -0.3367154896259308, 0.35210609436035156, -0.47917020320892334, -0.25675323605537415, 0.30000001192092896, 0.30000001192092896, 0.30000001192092896, 0.20000000298023224, 0.10000000149011612, 0.0, 0.8999999761581421, 0.8999999761581421, 0.8999999761581421, 0.8999999761581421, 0.800000011920929, 0.0]"
66,66,66,0.00757077200069034,0.07922237899947504,True,"[0.20727916061878204, 0.16779114305973053, 0.02972087822854519, 1.0002872943878174, -0.18522818386554718, 0.09055280685424805, 0.048703890293836594, 0.25340643525123596, -0.16546620428562164, 0.026221483945846558, 1.0105098485946655, -0.06877747178077698, 0.042208440601825714, -0.03809785097837448]","[336.0, 2.0, 1.0, 4.0, 10.0, 935.0]","[2.0, 2.0, 0.0, 8.0, 0.0, 503.0]","[-0.08650725334882736, 0.20933473110198975, 0.01615913212299347, 0.777680516242981, -1.0682591199874878, -0.25553709268569946, 0.09287825226783752, -0.10957035422325134, -0.4582896828651428, -0.008763700723648071, 0.18071070313453674, 0.5522133111953735, -0.200994610786438, -0.352958083152771, 0.30000022053718567, 0.30000030994415283, 0.2999999523162842, 0.19999970495700836, 0.1000005379319191, 0.0, 0.8599400520324707, 0.8591083288192749, 0.8591384291648865, 0.8524256944656372, 0.7521722912788391, 0.0]","[0.197279155254364, 0.17779114842414856, 0.019720878452062607, 0.9902873039245605, -0.1952281892299652, 0.08055280894041061, 0.058703891932964325, 0.24340642988681793, -0.17546620965003967, 0.016221484169363976, 1.0005098581314087, -0.058777473866939545, 0.03220844268798828, -0.048097848892211914]","[286.0, 0.30000030994415283, 0.2999999523162842, 0.19999980926513672, 0.10000038146972656, 885.0]","[0.8599400520324707, 0.8591083288192749, 0.8591384291648865, 0.8524255752563477, 0.7521722912788391, 453.0]","[0.3750343322753906, 0.21291173994541168, -0.17350761592388153, 0.1386454999446869, -1.183214545249939, -0.033975277096033096, 0.2884962558746338, 0.2643001079559326, -0.5003294348716736, -0.032417330890893936, -0.23000125586986542, 0.39087748527526855, -0.320865660905838, -0.20250943303108215, 0.30000001192092896, 0.29899999499320984, 0.29899999499320984, 0.19900000095367432, 1.0, 0.0, 0.8980000019073486, 0.8989999890327454, 0.8999999761581421, 0.8999999761581421, 0.8009999990463257, 0.0]","[0.2751763164997101, 0.28636881709098816, -0.06669757515192032, -0.0954304113984108, -1.114741563796997, -0.15753087401390076, 0.18089747428894043, 0.22422796487808228, -0.5014911890029907, -0.09000178426504135, -0.3382894694805145, 0.35487765073776245, -0.48505139350891113, -0.2664143145084381, 0.30000001192092896, 0.30000001192092896, 0.30000001192092896, 0.20000000298023224, 0.10000000149011612, 0.0, 0.8999999761581421, 0.8999999761581421, 0.8999999761581421, 0.8999999761581421, 0.800000011920929, 0.0]"
67,67,67,0.010710353000831674,0.08768722400054685,True,"[0.2070874124765396, 0.1678270846605301, 0.02672482281923294, 1.0002633333206177, -0.19030949473381042, 0.0905408188700676, 0.04927913472056389, 0.25340643525123596, -0.16551414132118225, 0.0261735487729311, 1.0105338096618652, -0.06755507737398148, 0.042208440601825714, -0.03864912688732147]","[336.0, 2.0, 1.0, 4.0, 10.0, 935.0]","[2.0, 2.0, 0.0, 8.0, 0.0, 503.0]","[-0.08601480722427368, 0.20938993990421295, 0.013143554329872131, 0.7558951377868652, -1.0744997262954712, -0.24612879753112793, 0.08963963389396667, -0.1169922798871994, -0.4531380534172058, -0.007492482662200928, 0.206890270113945, 0.567033052444458, -0.18744362890720367, -0.3400183916091919, 0.3000001907348633, 0.30000039935112, 0.2999998927116394, 0.1999996155500412, 0.10000060498714447, 0.0, 0.8591989874839783, 0.8581727743148804, 0.8581820726394653, 0.8513486385345459, 0.7510713934898376, 0.0]","[0.19708740711212158, 0.17782709002494812, 0.01672482304275036, 0.9902633428573608, -0.20030950009822845, 0.08054082095623016, 0.05927913635969162, 0.24340642988681793, -0.17551414668560028, 0.016173548996448517, 1.0005338191986084, -0.05755507946014404, 0.03220844268798828, -0.048649124801158905]","[286.0, 0.3000004291534424, 0.2999998927116394, 0.19999957084655762, 0.10000038146972656, 885.0]","[0.859199047088623, 0.8581727743148804, 0.8581820726394653, 0.851348876953125, 0.7510713934898376, 453.0]","[0.3757414221763611, 0.21287579834461212, -0.17355555295944214, 0.13862153887748718, -1.1833343505859375, -0.03386741876602173, 0.2884962558746338, 0.2694413363933563, -0.500293493270874, -0.04224439337849617, -0.23081618547439575, 0.3909134566783905, -0.3359657824039459, -0.22267888486385345, 0.30000001192092896, 0.29899999499320984, 0.29899999499320984, 0.19900000095367432, 1.0, 0.0, 0.8980000019073486, 0.8989999890327454, 0.8999999761581421, 0.8999999761581421, 0.8009999990463257, 0.0]","[0.2769054174423218, 0.28704142570495605, -0.06555062532424927, -0.09024187177419662, -1.116578221321106, -0.15947578847408295, 0.17623268067836761, 0.22578540444374084, -0.49927574396133423, -0.09911005198955536, -0.3362467288970947, 0.3643256425857544, -0.49475374817848206, -0.2678593099117279, 0.30000001192092896, 0.30000001192092896, 0.30000001192092896, 0.20000000298023224, 0.10000000149011612, 0.0, 0.8999999761581421, 0.8999999761581421, 0.8999999761581421, 0.8999999761581421, 0.800000011920929, 0.0]"
68,68,68,0.013630987999931676,0.09324547799951688,True,"[0.2069436013698578, 0.16783908009529114, 0.022350579500198364, 1.0002872943878174, -0.1955106556415558, 0.09055280685424805, 0.049626678228378296, 0.25340643525123596, -0.16546620428562164, 0.026197517290711403, 1.0105098485946655, -0.06624879688024521, 0.04219645634293556, -0.039140477776527405]","[336.0, 2.0, 1.0, 4.0, 10.0, 935.0]","[2.0, 2.0, 0.0, 8.0, 0.0, 503.0]","[-0.099354088306427, 0.210903137922287, 0.002073124051094055, 0.7544462084770203, -1.0665631294250488, -0.2444199174642563, 0.08739244937896729, -0.14780086278915405, -0.4572073221206665, -0.0008214414119720459, 0.18783707916736603, 0.5633624196052551, -0.1927068531513214, -0.3588341772556305, 0.3000001907348633, 0.3000003397464752, 0.2999999225139618, 0.19999969005584717, 0.10000056028366089, 0.0, 0.8589756488800049, 0.8580465912818909, 0.858069896697998, 0.8511960506439209, 0.7509302496910095, 0.0]","[0.19694359600543976, 0.17783908545970917, 0.012350579723715782, 0.9902873039245605, -0.20551066100597382, 0.08055280894041061, 0.05962667614221573, 0.24340642988681793, -0.17546620965003967, 0.01619751751422882, 1.0005098581314087, -0.056248798966407776, 0.03219645470380783, -0.04914047569036484]","[286.0, 0.30000030994415283, 0.2999999523162842, 0.19999980926513672, 0.10000038146972656, 885.0]","[0.8589756488800049, 0.8580465316772461, 0.858069896697998, 0.8511962890625, 0.7509302496910095, 453.0]","[0.375717431306839, 0.21287579834461212, -0.17355555295944214, 0.1386694759130478, -1.183382272720337, -0.03383146598935127, 0.2884962558746338, 0.27419906854629517, -0.5001856088638306, -0.05065732076764107, -0.23442342877388, 0.39124900102615356, -0.34277281165122986, -0.23900140821933746, 0.30000001192092896, 0.29899999499320984, 0.29899999499320984, 0.19900000095367432, 1.0, 0.0, 0.8980000019073486, 0.8989999890327454, 0.8999999761581421, 0.8999999761581421, 0.8009999990463257, 0.0]","[0.27697664499282837, 0.2878720164299011, -0.06606508046388626, -0.08746496587991714, -1.1185393333435059, -0.1611771285533905, 0.1743558645248413, 0.22632282972335815, -0.49804940819740295, -0.1044655293226242, -0.33372762799263, 0.36991482973098755, -0.5038496851921082, -0.26720839738845825, 0.30000001192092896, 0.30000001192092896, 0.30000001192092896, 0.20000000298023224, 0.10000000149011612, 0.0, 0.8999999761581421, 0.8999999761581421, 0.8999999761581421, 0.8999999761581421, 0.800000011920929, 0.0]"
69,69,69,0.007151674000851926,0.06695490800120751,True,"[0.20682376623153687, 0.1678270846605301, 0.017892448231577873, 1.0002633333206177, -0.19842281937599182, 0.0905647873878479, 0.04984239116311073, 0.25333455204963684, -0.16549016535282135, 0.026197517290711403, 1.0104979276657104, -0.06503839045763016, 0.042208440601825714, -0.03946405276656151]","[336.0, 2.0, 1.0, 4.0, 10.0, 935.0]","[2.0, 2.0, 0.0, 8.0, 0.0, 503.0]","[-0.08506214618682861, 0.21001365780830383, 0.007323279976844788, 0.7376339435577393, -1.0776559114456177, -0.24675942957401276, 0.07859715819358826, -0.10224749147891998, -0.4537903666496277, -0.010928362607955933, 0.1961413472890854, 0.5649914741516113, -0.19444146752357483, -0.3478030562400818, 0.30000022053718567, 0.3000003695487976, 0.2999999225139618, 0.19999966025352478, 0.10000056773424149, 0.0, 0.8587936162948608, 0.8578375577926636, 0.8578578233718872, 0.8509576320648193, 0.75068199634552, 0.0]","[0.19682376086711884, 0.17782709002494812, 0.007892448455095291, 0.9902633428573608, -0.20842282474040985, 0.08056478947401047, 0.059842392802238464, 0.2433345466852188, -0.17549017071723938, 0.01619751751422882, 1.0004979372024536, -0.055038392543792725, 0.03220844268798828, -0.04946405440568924]","[286.0, 0.3000004291534424, 0.2999999523162842, 0.19999957084655762, 0.10000038146972656, 885.0]","[0.8587936162948608, 0.8578375577926636, 0.8578578233718872, 0.8509578704833984, 0.75068199634552, 453.0]","[0.375861257314682, 0.21234849095344543, -0.17392705380916595, 0.13863351941108704, -1.1835860013961792, -0.033843450248241425, 0.28846031427383423, 0.27999943494796753, -0.49974218010902405, -0.059909142553806305, -0.23480692505836487, 0.391812264919281, -0.3547450602054596, -0.2446100264787674, 0.30000001192092896, 0.29899999499320984, 0.29899999499320984, 0.19900000095367432, 1.0, 0.0, 0.8980000019073486, 0.8989999890327454, 0.8999999761581421, 0.8999999761581421, 0.8009999990463257, 0.0]","[0.2769334614276886, 0.28930842876434326, -0.06647418439388275, -0.08872657269239426, -1.1225531101226807, -0.16096729040145874, 0.17595341801643372, 0.22617563605308533, -0.4972046911716461, -0.1096155196428299, -0.33224743604660034, 0.3745397627353668, -0.5132437944412231, -0.2692967355251312, 0.30000001192092896, 0.30000001192092896, 0.30000001192092896, 0.20000000298023224, 0.10000000149011612, 0.0, 0.8999999761581421, 0.8999999761581421, 0.8999999761581421, 0.8999999761581421, 0.800000011920929, 0.0]"
70,70,70,0.0065176129992323695,0.09502451099979226,True,"[0.20677582919597626, 0.16799487173557281, 0.013458284549415112, 1.0002753734588623, -0.19960924983024597, 0.09055280685424805, 0.05007009208202362, 0.2533465325832367, -0.1654542088508606, 0.026221483945846558, 1.0104858875274658, -0.06441520899534225, 0.042208440601825714, -0.03978762775659561]","[336.0, 2.0, 1.0, 4.0, 10.0, 935.0]","[2.0, 2.0, 0.0, 8.0, 0.0, 503.0]","[-0.09352084249258041, 0.20811817049980164, 0.00461791455745697, 0.7345840930938721, -1.0763148069381714, -0.2432936728000641, 0.0819132924079895, -0.1372322142124176, -0.4471302628517151, -0.0015221834182739258, 0.20143061876296997, 0.5755033493041992, -0.18350304663181305, -0.35727518796920776, 0.3000001907348633, 0.3000003397464752, 0.2999999225139618, 0.19999970495700836, 0.1000005453824997, 0.0, 0.8589032292366028, 0.8580083250999451, 0.8580320477485657, 0.8511458039283752, 0.7508900761604309, 0.0]","[0.19677582383155823, 0.17799487709999084, 0.00461791455745697, 0.9902753829956055, -0.209609255194664, 0.08055280894041061, 0.06007008999586105, 0.24334652721881866, -0.17545421421527863, 0.016221484169363976, 1.000485897064209, -0.05441521108150482, 0.03220844268798828, -0.049787625670433044]","[286.0, 0.30000030994415283, 0.2999999523162842, 0.19999980926513672, 0.10000038146972656, 885.0]","[0.858903169631958, 0.8580083847045898, 0.8580320477485657, 0.8511457443237305, 0.7508900761604309, 453.0]","[0.3769158720970154, 0.21258817613124847, -0.17375928163528442, 0.13865748047828674, -1.1838496923446655, -0.033843450248241425, 0.2884962558746338, 0.28301945328712463, -0.49979013204574585, -0.06364822387695312, -0.23514248430728912, 0.3928668797016144, -0.365770548582077, -0.2505781650543213, 0.30000001192092896, 0.29899999499320984, 0.29899999499320984, 0.19900000095367432, 1.0, 0.0, 0.8980000019073486, 0.8989999890327454, 0.8999999761581421, 0.8999999761581421, 0.8009999990463257, 0.0]","[0.27610889077186584, 0.28965315222740173, -0.06754671037197113, -0.08951424062252045, -1.123652458190918, -0.1607598215341568, 0.17761409282684326, 0.2240445911884308, -0.4973904490470886, -0.11097489297389984, -0.3300516903400421, 0.3735421299934387, -0.5190878510475159, -0.27719569206237793, 0.30000001192092896, 0.30000001192092896, 0.30000001192092896, 0.20000000298023224, 0.10000000149011612, 0.0, 0.8999999761581421, 0.8999999761581421, 0.8999999761581421, 0.8999999761581421, 0.800000011920929, 0.0]"
71,71,71,0.009476108998569543,0.07565391999924032,True,"[0.20670391619205475, 0.16798289120197296, 0.008329036645591259, 1.0002872943878174, -0.20140689611434937, 0.09055280685424805, 0.05010604485869408, 0.2533465325832367, -0.16546620428562164, 0.026221483945846558, 1.0104858875274658, -0.06221011281013489, 0.042208440601825714, -0.039871517568826675]","[336.0, 2.0, 1.0, 4.0, 10.0, 935.0]","[2.0, 2.0, 0.0, 8.0, 0.0, 503.0]","[-0.08954845368862152, 0.20879657566547394, 0.008043944835662842, 0.7413651943206787, -1.0753223896026611, -0.2381596714258194, 0.07529258728027344, -0.12223239243030548, -0.4494991898536682, -0.010227084159851074, 0.21844284236431122, 0.5686848163604736, -0.1858082413673401, -0.35436880588531494, 0.30000022053718567, 0.3000003397464752, 0.2999999225139618, 0.19999970495700836, 0.1000005379319191, 0.0, 0.8590757250785828, 0.8581739664077759, 0.8581898212432861, 0.8513328433036804, 0.7510848045349121, 0.0]","[0.19670391082763672, 0.177982896566391, 0.008043944835662842, 0.9902873039245605, -0.2114069014787674, 0.08055280894041061, 0.06010604649782181, 0.24334652721881866, -0.17546620965003967, 0.016221484169363976, 1.000485897064209, -0.052210114896297455, 0.03220844268798828, -0.04987151920795441]","[286.0, 0.30000030994415283, 0.2999999523162842, 0.19999980926513672, 0.10000038146972656, 885.0]","[0.8590757846832275, 0.8581739664077759, 0.8581898212432861, 0.8513326644897461, 0.7510848045349121, 453.0]","[0.3772154748439789, 0.21257618069648743, -0.17410682141780853, 0.13865748047828674, -1.1839934587478638, -0.0336996428668499, 0.2884962558746338, 0.2855960726737976, -0.4997541904449463, -0.06358829885721207, -0.23539415001869202, 0.39299869537353516, -0.3756095767021179, -0.2575889229774475, 0.30000001192092896, 0.29899999499320984, 0.29899999499320984, 0.19900000095367432, 1.0, 0.0, 0.8980000019073486, 0.8989999890327454, 0.8999999761581421, 0.8999999761581421, 0.8009999990463257, 0.0]","[0.2745516896247864, 0.2894913852214813, -0.06893263757228851, -0.08950561285018921, -1.1232450008392334, -0.16077767312526703, 0.17888346314430237, 0.22043682634830475, -0.49699869751930237, -0.11188778281211853, -0.3273765444755554, 0.37163862586021423, -0.5247621536254883, -0.2859303653240204, 0.30000001192092896, 0.30000001192092896, 0.30000001192092896, 0.20000000298023224, 0.10000000149011612, 0.0, 0.8999999761581421, 0.8999999761581421, 0.8999999761581421, 0.8999999761581421, 0.800000011920929, 0.0]"
72,72,72,0.009025504999954137,0.07941537100123242,True,"[0.2066439986228943, 0.16798289120197296, 0.0076219672337174416, 1.0002753734588623, -0.20206601917743683, 0.09055280685424805, 0.05010604485869408, 0.25340643525123596, -0.1655261218547821, 0.026209499686956406, 1.0105098485946655, -0.06133526563644409, 0.042208440601825714, -0.04012318700551987]","[336.0, 2.0, 1.0, 4.0, 10.0, 935.0]","[2.0, 2.0, 0.0, 8.0, 0.0, 503.0]","[-0.12126734852790833, 0.2118033468723297, -0.015989460051059723, 0.7214046716690063, -1.0733758211135864, -0.22626450657844543, 0.08027723431587219, -0.2034343034029007, -0.4506097733974457, 0.008789211511611938, 0.20420512557029724, 0.5705562829971313, -0.18574687838554382, -0.40965718030929565, 0.3000001907348633, 0.30000039935112, 0.2999998927116394, 0.1999996304512024, 0.10000063478946686, 0.0, 0.8556310534477234, 0.8545116782188416, 0.8545094728469849, 0.8470942974090576, 0.7467955350875854, 0.0]","[0.19664399325847626, 0.177982896566391, -0.0023780325427651405, 0.9902753829956055, -0.21206602454185486, 0.08055280894041061, 0.06010604649782181, 0.24340642988681793, -0.17552612721920013, 0.016209499910473824, 1.0005098581314087, -0.05133526772260666, 0.03220844268798828, -0.0501231849193573]","[286.0, 0.3000004291534424, 0.2999998927116394, 0.19999957084655762, 0.10000038146972656, 885.0]","[0.8556311130523682, 0.8545117378234863, 0.8545094728469849, 0.8470945358276367, 0.7467955350875854, 453.0]","[0.3771675229072571, 0.2119050770998001, -0.17447833716869354, 0.13862153887748718, -1.184029459953308, -0.03363972157239914, 0.28848427534103394, 0.287393718957901, -0.4996583163738251, -0.06354036182165146, -0.23568177223205566, 0.39299869537353516, -0.3835551142692566, -0.2662535309791565, 0.30000001192092896, 0.29899999499320984, 0.29899999499320984, 0.19900000095367432, 1.0, 0.0, 0.8980000019073486, 0.8989999890327454, 0.8999999761581421, 0.8999999761581421, 0.8009999990463257, 0.0]","[0.2726227641105652, 0.2906031906604767, -0.07265791296958923, -0.08939601480960846, -1.1240220069885254, -0.16347895562648773, 0.18112844228744507, 0.21570615470409393, -0.4974564015865326, -0.11354628205299377, -0.32607021927833557, 0.3644792139530182, -0.5328804850578308, -0.30228713154792786, 0.30000001192092896, 0.30000001192092896, 0.30000001192092896, 0.20000000298023224, 0.10000000149011612, 0.0, 0.8999999761581421, 0.8999999761581421, 0.8999999761581421, 0.8999999761581421, 0.800000011920929, 0.0]"
73,73,73,0.006255918999158894,0.0781107869988773,True,"[0.206440269947052, 0.16848622262477875, 0.004841627087444067, 1.0002753734588623, -0.203024759888649, 0.09055280685424805, 0.05044160410761833, 0.25340643525123596, -0.16553810238838196, 0.026197517290711403, 1.0105098485946655, -0.06089184805750847, 0.042220424860715866, -0.04014715552330017]","[336.0, 2.0, 1.0, 5.0, 10.0, 935.0]","[2.0, 2.0, 0.0, 8.0, 0.0, 503.0]","[-0.10023318231105804, 0.21068745851516724, -0.0068863630294799805, 0.7054517269134521, -1.087398648262024, -0.22964522242546082, 0.06578376889228821, -0.15021900832653046, -0.44352343678474426, 0.0014009475708007812, 0.23541784286499023, 0.5837146043777466, -0.1823892593383789, -0.3720976412296295, 0.3000001907348633, 0.3000004291534424, 0.2999998927116394, 0.19999960064888, 0.10000064224004745, 0.0, 0.8555174469947815, 0.8543744087219238, 0.8543664216995239, 0.846933901309967, 0.7466343641281128, 0.0]","[0.19644026458263397, 0.17848622798919678, -0.005158372689038515, 0.9902753829956055, -0.21302476525306702, 0.08055280894041061, 0.06044160574674606, 0.24340642988681793, -0.1755381077528, 0.01619751751422882, 1.0005098581314087, -0.05089184641838074, 0.032220423221588135, -0.050147153437137604]","[286.0, 0.3000004291534424, 0.2999998927116394, 0.19999980926513672, 0.10000038146972656, 885.0]","[0.8555173873901367, 0.8543744087219238, 0.8543664216995239, 0.8469338417053223, 0.7466343641281128, 453.0]","[0.3772154748439789, 0.2119050770998001, -0.17450229823589325, 0.13863351941108704, -1.1840054988861084, -0.03362773731350899, 0.2884962558746338, 0.287393718957901, -0.4996822774410248, -0.06355234980583191, -0.23631693422794342, 0.3929148018360138, -0.3879653215408325, -0.274810254573822, 0.30000001192092896, 0.29899999499320984, 0.29899999499320984, 0.19900000095367432, 1.0, 0.0, 0.8980000019073486, 0.8989999890327454, 0.8999999761581421, 0.8999999761581421, 0.8009999990463257, 0.0]","[0.271525502204895, 0.29130324721336365, -0.07353439182043076, -0.08888746052980423, -1.1253187656402588, -0.16434095799922943, 0.18241481482982635, 0.21427136659622192, -0.49792081117630005, -0.11410412192344666, -0.3248752951622009, 0.35666221380233765, -0.5360636115074158, -0.31333237886428833, 0.30000001192092896, 0.30000001192092896, 0.30000001192092896, 0.20000000298023224, 0.10000000149011612, 0.0, 0.8999999761581421, 0.8999999761581421, 0.8999999761581421, 0.8999999761581421, 0.800000011920929, 0.0]"
74,74,74,0.007373148999249679,0.0792095340002561,True,"[0.20638033747673035, 0.16858209669589996, -0.0002636529679875821, 1.0002633333206177, -0.2039715200662613, 0.09055280685424805, 0.050453588366508484, 0.2533465325832367, -0.16546620428562164, 0.026209499686956406, 1.0104858875274658, -0.060628194361925125, 0.042208440601825714, -0.04019509255886078]","[336.0, 2.0, 1.0, 4.0, 10.0, 935.0]","[2.0, 2.0, 0.0, 8.0, 0.0, 503.0]","[-0.110372394323349, 0.20584405958652496, -0.006307713687419891, 0.7343699932098389, -1.0841408967971802, -0.2409648895263672, 0.08585035800933838, -0.16912342607975006, -0.4461243748664856, -0.00215911865234375, 0.18558360636234283, 0.5658431053161621, -0.19475656747817993, -0.4100261926651001, 0.3000001907348633, 0.30000039935112, 0.2999998927116394, 0.1999996304512024, 0.10000064969062805, 0.0, 0.860587477684021, 0.8594861626625061, 0.8594881892204285, 0.8529027700424194, 0.7525997757911682, 0.0]","[0.19638033211231232, 0.178582102060318, -0.006307713687419891, 0.9902633428573608, -0.21397152543067932, 0.08055280894041061, 0.06045358628034592, 0.24334652721881866, -0.17546620965003967, 0.016209499910473824, 1.000485897064209, -0.050628192722797394, 0.03220844268798828, -0.05019509047269821]","[286.0, 0.3000004291534424, 0.2999998927116394, 0.19999957084655762, 0.10000038146972656, 885.0]","[0.860587477684021, 0.8594861030578613, 0.8594881892204285, 0.852902889251709, 0.7525997757911682, 453.0]","[0.3772154748439789, 0.2119050770998001, -0.17450229823589325, 0.13862153887748718, -1.184029459953308, -0.03365170583128929, 0.2884962558746338, 0.287393718957901, -0.4996223449707031, -0.0635044127702713, -0.2364247888326645, 0.39239948987960815, -0.39559927582740784, -0.2839781939983368, 0.30000001192092896, 0.29899999499320984, 0.29899999499320984, 0.19900000095367432, 1.0, 0.0, 0.8980000019073486, 0.8989999890327454, 0.8999999761581421, 0.8999999761581421, 0.8009999990463257, 0.0]","[0.2691032290458679, 0.2918832004070282, -0.0738949403166771, -0.08525891602039337, -1.1259692907333374, -0.16566097736358643, 0.18154573440551758, 0.21242885291576385, -0.500022828578949, -0.11834240704774857, -0.3207745850086212, 0.3481275737285614, -0.5432442426681519, -0.33486559987068176, 0.30000001192092896, 0.30000001192092896, 0.30000001192092896, 0.20000000298023224, 0.10000000149011612, 0.0, 0.8999999761581421, 0.8999999761581421, 0.8999999761581421, 0.8999999761581421, 0.800000011920929, 0.0]"
75,75,75,0.007719836001342628,0.08057851299963659,True,"[0.20632041990756989, 0.16858209669589996, -0.002037318190559745, 1.0002633333206177, -0.2051939070224762, 0.0905408188700676, 0.05044160410761833, 0.25333455204963684, -0.1655261218547821, 0.026209499686956406, 1.0105218887329102, -0.0604843832552433, 0.042208440601825714, -0.04025501385331154]","[336.0, 2.0, 1.0, 4.0, 10.0, 935.0]","[2.0, 2.0, 0.0, 8.0, 0.0, 503.0]","[-0.12796682119369507, 0.21512898802757263, -0.02703259140253067, 0.6999090313911438, -1.080240249633789, -0.22342362999916077, 0.0713869035243988, -0.22049126029014587, -0.4443117380142212, 0.0023114383220672607, 0.2216106653213501, 0.5854756832122803, -0.18814310431480408, -0.43104660511016846, 0.3000001907348633, 0.30000039935112, 0.2999998927116394, 0.1999996304512024, 0.10000064969062805, 0.0, 0.8617090582847595, 0.8606064319610596, 0.8606035113334656, 0.8541984558105469, 0.7539072632789612, 0.0]","[0.19632041454315186, 0.178582102060318, -0.01203731819987297, 0.9902633428573608, -0.21519391238689423, 0.08054082095623016, 0.06044160574674606, 0.2433345466852188, -0.17552612721920013, 0.016209499910473824, 1.0005218982696533, -0.05048438161611557, 0.03220844268798828, -0.05025501549243927]","[286.0, 0.3000004291534424, 0.2999998927116394, 0.19999957084655762, 0.10000038146972656, 885.0]","[0.8617091178894043, 0.8606064319610596, 0.8606035113334656, 0.8541984558105469, 0.7539072632789612, 453.0]","[0.3772394359111786, 0.21191705763339996, -0.17447833716869354, 0.13865748047828674, -1.1840773820877075, -0.03365170583128929, 0.2884962558746338, 0.287393718957901, -0.49961036443710327, -0.06355234980583191, -0.23648472130298615, 0.39175233244895935, -0.40300554037094116, -0.2918398678302765, 0.30000001192092896, 0.29899999499320984, 0.29899999499320984, 0.19900000095367432, 1.0, 0.0, 0.8980000019073486, 0.8989999890327454, 0.8999999761581421, 0.8999999761581421, 0.8009999990463257, 0.0]","[0.268466591835022, 0.2921649217605591, -0.07503760606050491, -0.08461270481348038, -1.125604271888733, -0.16677723824977875, 0.18249809741973877, 0.21151864528656006, -0.5003556609153748, -0.1208045706152916, -0.32043707370758057, 0.3433845043182373, -0.5452638268470764, -0.3508014976978302, 0.30000001192092896, 0.30000001192092896, 0.30000001192092896, 0.20000000298023224, 0.10000000149011612, 0.0, 0.8999999761581421, 0.8999999761581421, 0.8999999761581421, 0.8999999761581421, 0.800000011920929, 0.0]"
76,76,76,0.006445205999625614,0.09012049999910232,True,"[0.20620058476924896, 0.16889367997646332, -0.005656554363667965, 1.0002633333206177, -0.20799821615219116, 0.09055280685424805, 0.050585415214300156, 0.2533704936504364, -0.1654781848192215, 0.026209499686956406, 1.0105098485946655, -0.059969063848257065, 0.042208440601825714, -0.040290966629981995]","[336.0, 2.0, 1.0, 4.0, 10.0, 935.0]","[2.0, 2.0, 0.0, 8.0, 0.0, 503.0]","[-0.12056310474872589, 0.21131423115730286, -0.012345008552074432, 0.7175616025924683, -1.0776361227035522, -0.22949157655239105, 0.08464077115058899, -0.198123037815094, -0.4501841962337494, -0.0010665953159332275, 0.1977880448102951, 0.5695628523826599, -0.1854841411113739, -0.42298978567123413, 0.3000001907348633, 0.30000039935112, 0.2999998927116394, 0.1999996155500412, 0.10000065714120865, 0.0, 0.8614171743392944, 0.8602933287620544, 0.8602914810180664, 0.8538396954536438, 0.7535386681556702, 0.0]","[0.19620057940483093, 0.17889368534088135, -0.012345008552074432, 0.9902633428573608, -0.2179982215166092, 0.08055280894041061, 0.06058541685342789, 0.24337048828601837, -0.17547819018363953, 0.016209499910473824, 1.0005098581314087, -0.049969062209129333, 0.03220844268798828, -0.05029096454381943]","[286.0, 0.3000004291534424, 0.2999998927116394, 0.19999957084655762, 0.10000038146972656, 885.0]","[0.8614171743392944, 0.8602933883666992, 0.8602914810180664, 0.8538398742675781, 0.7535386681556702, 453.0]","[0.37722745537757874, 0.21192903816699982, -0.1744903177022934, 0.13863351941108704, -1.1840894222259521, -0.03365170583128929, 0.2884722948074341, 0.287393718957901, -0.49956244230270386, -0.06351639330387115, -0.23904934525489807, 0.3906617760658264, -0.4073677957057953, -0.30498653650283813, 0.30000001192092896, 0.29899999499320984, 0.29899999499320984, 0.19900000095367432, 1.0, 0.0, 0.8980000019073486, 0.8989999890327454, 0.8999999761581421, 0.8999999761581421, 0.8009999990463257, 0.0]","[0.2676410973072052, 0.2909912168979645, -0.07604657113552094, -0.08236227184534073, -1.1249769926071167, -0.16830547153949738, 0.18222405016422272, 0.2093224972486496, -0.49736103415489197, -0.12425906211137772, -0.31611305475234985, 0.33625897765159607, -0.5519797801971436, -0.3722206950187683, 0.30000001192092896, 0.30000001192092896, 0.30000001192092896, 0.20000000298023224, 0.10000000149011612, 0.0, 0.8999999761581421, 0.8999999761581421, 0.8999999761581421, 0.8999999761581421, 0.800000011920929, 0.0]"
77,77,77,0.008145042000251124,0.06999531899964495,True,"[0.2061646282672882, 0.1687978059053421, -0.008928247727453709, 1.0002872943878174, -0.2131034880876541, 0.09055280685424805, 0.050573430955410004, 0.2533225417137146, -0.16549016535282135, 0.026221483945846558, 1.0104858875274658, -0.05879461020231247, 0.042208440601825714, -0.04030295088887215]","[336.0, 2.0, 1.0, 4.0, 10.0, 935.0]","[2.0, 2.0, 0.0, 8.0, 0.0, 503.0]","[-0.103757843375206, 0.21044793725013733, -0.005778484046459198, 0.7190736532211304, -1.0846505165100098, -0.22407177090644836, 0.07921949028968811, -0.1712164282798767, -0.4421154260635376, -0.009349405765533447, 0.22594553232192993, 0.5908238887786865, -0.1788325309753418, -0.40236395597457886, 0.3000001907348633, 0.3000003695487976, 0.2999998927116394, 0.19999967515468597, 0.10000061243772507, 0.0, 0.8607326745986938, 0.8596984148025513, 0.8596972823143005, 0.8531197905540466, 0.7528586387634277, 0.0]","[0.19616462290287018, 0.17879781126976013, -0.005778484046459198, 0.9902873039245605, -0.22310349345207214, 0.08055280894041061, 0.060573428869247437, 0.24332253634929657, -0.17549017071723938, 0.016221484169363976, 1.000485897064209, -0.04879461228847504, 0.03220844268798828, -0.05030295252799988]","[286.0, 0.3000004291534424, 0.2999998927116394, 0.19999957084655762, 0.10000038146972656, 885.0]","[0.8607326745986938, 0.8596984148025513, 0.8596972823143005, 0.8531198501586914, 0.7528586387634277, 453.0]","[0.3772394359111786, 0.21191705763339996, -0.17457421123981476, 0.1386694759130478, -1.1841133832931519, -0.03362773731350899, 0.28848427534103394, 0.28733378648757935, -0.4995744228363037, -0.06355234980583191, -0.24135030806064606, 0.39025431871414185, -0.41309624910354614, -0.32147684693336487, 0.30000001192092896, 0.29899999499320984, 0.29899999499320984, 0.19900000095367432, 1.0, 0.0, 0.8980000019073486, 0.8989999890327454, 0.8999999761581421, 0.8999999761581421, 0.8009999990463257, 0.0]","[0.26715198159217834, 0.2907361388206482, -0.07687121629714966, -0.08212468028068542, -1.1241965293884277, -0.1698119044303894, 0.1832406371831894, 0.20873749256134033, -0.4964516758918762, -0.12721732258796692, -0.3158872723579407, 0.33638671040534973, -0.5534981489181519, -0.3824785649776459, 0.30000001192092896, 0.30000001192092896, 0.30000001192092896, 0.20000000298023224, 0.10000000149011612, 0.0, 0.8999999761581421, 0.8999999761581421, 0.8999999761581421, 0.8999999761581421, 0.800000011920929, 0.0]"
78,78,78,0.006143451999378158,0.0783917280004971,True,"[0.2061646282672882, 0.16883376240730286, -0.008472846820950508, 1.0002514123916626, -0.2169264554977417, 0.09055280685424805, 0.050573430955410004, 0.2533704936504364, -0.16551414132118225, 0.026197517290711403, 1.0105098485946655, -0.05850698798894882, 0.042220424860715866, -0.040362872183322906]","[336.0, 2.0, 1.0, 4.0, 10.0, 935.0]","[2.0, 2.0, 0.0, 8.0, 0.0, 503.0]","[-0.13712269067764282, 0.2150275856256485, -0.03291841596364975, 0.6888850927352905, -1.0902791023254395, -0.21734943985939026, 0.0656292736530304, -0.23543699085712433, -0.4351004660129547, 0.003173321485519409, 0.2521558403968811, 0.5957371592521667, -0.18329089879989624, -0.44768351316452026, 0.3000001907348633, 0.3000003695487976, 0.2999998927116394, 0.19999966025352478, 0.10000062733888626, 0.0, 0.864524245262146, 0.8634674549102783, 0.8634581565856934, 0.8575265407562256, 0.7572580575942993, 0.0]","[0.19616462290287018, 0.1788337677717209, -0.01847284659743309, 0.9902514219284058, -0.22692646086215973, 0.08055280894041061, 0.060573428869247437, 0.24337048828601837, -0.17551414668560028, 0.01619751751422882, 1.0005098581314087, -0.04850699007511139, 0.032220423221588135, -0.05036287009716034]","[286.0, 0.3000004291534424, 0.2999998927116394, 0.19999957084655762, 0.10000038146972656, 885.0]","[0.864524245262146, 0.8634674549102783, 0.8634581565856934, 0.8575267791748047, 0.7572580575942993, 453.0]","[0.37725141644477844, 0.21192903816699982, -0.1745861917734146, 0.13862153887748718, -1.1841133832931519, -0.03366369009017944, 0.2884962558746338, 0.28730982542037964, -0.4994545578956604, -0.06362425535917282, -0.24162594974040985, 0.38912779092788696, -0.41950780153274536, -0.33543846011161804, 0.30000001192092896, 0.29899999499320984, 0.29899999499320984, 0.19900000095367432, 1.0, 0.0, 0.8980000019073486, 0.8989999890327454, 0.8999999761581421, 0.8999999761581421, 0.8009999990463257, 0.0]","[0.26755696535110474, 0.29066815972328186, -0.07735075056552887, -0.08150733262300491, -1.1240736246109009, -0.17069853842258453, 0.18299630284309387, 0.2093602567911148, -0.49563226103782654, -0.1295340359210968, -0.31638920307159424, 0.3388011157512665, -0.552242636680603, -0.3845309615135193, 0.30000001192092896, 0.30000001192092896, 0.30000001192092896, 0.20000000298023224, 0.10000000149011612, 0.0, 0.8999999761581421, 0.8999999761581421, 0.8999999761581421, 0.8999999761581421, 0.800000011920929, 0.0]"
79,79,79,0.005914527999266284,0.08581717899869545,True,"[0.20598486065864563, 0.16906146705150604, -0.010126669891178608, 1.0002633333206177, -0.2191195785999298, 0.09055280685424805, 0.05074121057987213, 0.2533704936504364, -0.1655021458864212, 0.026209499686956406, 1.0105098485946655, -0.05832722410559654, 0.042208440601825714, -0.04037485644221306]","[336.0, 2.0, 1.0, 4.0, 10.0, 935.0]","[2.0, 2.0, 0.0, 8.0, 0.0, 503.0]","[-0.13819722831249237, 0.21099334955215454, -0.036687515676021576, 0.6990374326705933, -1.0851305723190308, -0.2178439199924469, 0.06625330448150635, -0.254642128944397, -0.4386867582798004, 0.005407840013504028, 0.23694483935832977, 0.6025817394256592, -0.18016843497753143, -0.450844407081604, 0.3000001907348633, 0.30000039935112, 0.2999998927116394, 0.19999969005584717, 0.10000063478946686, 0.0, 0.8601680994033813, 0.8591005206108093, 0.859096348285675, 0.8524389266967773, 0.7521586418151855, 0.0]","[0.1959848552942276, 0.17906147241592407, -0.020126670598983765, 0.9902633428573608, -0.22911958396434784, 0.08055280894041061, 0.060741208493709564, 0.24337048828601837, -0.17550215125083923, 0.016209499910473824, 1.0005098581314087, -0.04832722246646881, 0.03220844268798828, -0.05037485808134079]","[286.0, 0.3000004291534424, 0.2999998927116394, 0.19999980926513672, 0.10000038146972656, 885.0]","[0.8601680994033813, 0.8591005802154541, 0.859096348285675, 0.8524389266967773, 0.7521586418151855, 453.0]","[0.37729936838150024, 0.21191705763339996, -0.17457421123981476, 0.13865748047828674, -1.1841013431549072, -0.03366369009017944, 0.2884962558746338, 0.2873218059539795, -0.499406635761261, -0.06362425535917282, -0.24247683584690094, 0.38760578632354736, -0.4242415726184845, -0.3492083251476288, 0.30000001192092896, 0.29899999499320984, 0.29899999499320984, 0.19900000095367432, 1.0, 0.0, 0.8980000019073486, 0.8989999890327454, 0.8999999761581421, 0.8999999761581421, 0.8009999990463257, 0.0]","[0.26809796690940857, 0.29190847277641296, -0.0781378224492073, -0.07855156809091568, -1.1263020038604736, -0.17217786610126495, 0.18110498785972595, 0.21027550101280212, -0.4962446689605713, -0.13165950775146484, -0.3142065107822418, 0.3421300947666168, -0.5484698414802551, -0.3818235695362091, 0.30000001192092896, 0.30000001192092896, 0.30000001192092896, 0.20000000298023224, 0.10000000149011612, 0.0, 0.8999999761581421, 0.8999999761581421, 0.8999999761581421, 0.8999999761581421, 0.800000011920929, 0.0]"
80,80,80,0.010478092999619548,0.10819794300005015,True,"[0.20596089959144592, 0.1690255105495453, -0.012930979020893574, 1.0002753734588623, -0.22115689516067505, 0.0905408188700676, 0.05075319483876228, 0.25331056118011475, -0.16549016535282135, 0.0261735487729311, 1.0105098485946655, -0.058099523186683655, 0.042220424860715866, -0.04038684070110321]","[336.0, 2.0, 1.0, 4.0, 10.0, 935.0]","[2.0, 2.0, 0.0, 8.0, 0.0, 503.0]","[-0.14208656549453735, 0.21297459304332733, -0.04667777568101883, 0.6873360872268677, -1.0958431959152222, -0.21891987323760986, 0.05986979603767395, -0.27247002720832825, -0.44168761372566223, 0.004320025444030762, 0.233182892203331, 0.5937139987945557, -0.18699856102466583, -0.4674798846244812, 0.3000001907348633, 0.30000039935112, 0.2999998927116394, 0.1999996155500412, 0.10000067204236984, 0.0, 0.8558616042137146, 0.854744553565979, 0.8547276258468628, 0.8473445177078247, 0.7470837831497192, 0.0]","[0.1959608942270279, 0.17902551591396332, -0.02293097972869873, 0.9902753829956055, -0.23115690052509308, 0.08054082095623016, 0.05986979603767395, 0.24331055581569672, -0.17549017071723938, 0.016173548996448517, 1.0005098581314087, -0.04809952527284622, 0.032220423221588135, -0.05038683861494064]","[286.0, 0.3000004291534424, 0.2999998927116394, 0.19999957084655762, 0.10000038146972656, 885.0]","[0.8558616638183594, 0.854744553565979, 0.8547276258468628, 0.8473443984985352, 0.7470837831497192, 453.0]","[0.37739524245262146, 0.21192903816699982, -0.17457421123981476, 0.1386454999446869, -1.184125304222107, -0.033675674349069595, 0.2884962558746338, 0.2873218059539795, -0.49941861629486084, -0.06369615346193314, -0.24295619130134583, 0.3858680725097656, -0.4258594512939453, -0.35683029890060425, 0.30000001192092896, 0.29899999499320984, 0.29899999499320984, 0.19900000095367432, 1.0, 0.0, 0.8980000019073486, 0.8989999890327454, 0.8999999761581421, 0.8999999761581421, 0.8009999990463257, 0.0]","[0.2679482400417328, 0.292235404253006, -0.07873627543449402, -0.07496990263462067, -1.1273273229599, -0.17393620312213898, 0.1785089522600174, 0.21019382774829865, -0.4945339262485504, -0.12970031797885895, -0.30865907669067383, 0.34177371859550476, -0.5468493700027466, -0.37761378288269043, 0.30000001192092896, 0.30000001192092896, 0.30000001192092896, 0.20000000298023224, 0.10000000149011612, 0.0, 0.8999999761581421, 0.8999999761581421, 0.8999999761581421, 0.8999999761581421, 0.800000011920929, 0.0]"
81,81,81,0.007389129999864963,0.06479194199891936,True,"[0.20591296255588531, 0.16908542811870575, -0.017173394560813904, 1.0002753734588623, -0.22297848761081696, 0.09055280685424805, 0.05074121057987213, 0.2533465325832367, -0.1655021458864212, 0.026197517290711403, 1.0105098485946655, -0.05771602690219879, 0.042220424860715866, -0.040470726788043976]","[336.0, 2.0, 1.0, 4.0, 10.0, 935.0]","[2.0, 2.0, 0.0, 8.0, 0.0, 503.0]","[-0.1400475800037384, 0.21443325281143188, -0.03643400967121124, 0.6778407096862793, -1.0832080841064453, -0.21568238735198975, 0.06773331761360168, -0.2538962662220001, -0.43427953124046326, 0.0011822283267974854, 0.24222934246063232, 0.6041854619979858, -0.17268922924995422, -0.4511798322200775, 0.3000001907348633, 0.3000004291534424, 0.299999862909317, 0.1999996304512024, 0.10000067204236984, 0.0, 0.8633096218109131, 0.8621066212654114, 0.8620854616165161, 0.8559617400169373, 0.7556589841842651, 0.0]","[0.19591295719146729, 0.17908543348312378, -0.027173394337296486, 0.9902753829956055, -0.23297849297523499, 0.08055280894041061, 0.060741208493709564, 0.24334652721881866, -0.17550215125083923, 0.01619751751422882, 1.0005098581314087, -0.04771602898836136, 0.032220423221588135, -0.05047072470188141]","[286.0, 0.3000004291534424, 0.29999983310699463, 0.19999957084655762, 0.10000038146972656, 885.0]","[0.8633096218109131, 0.8621065616607666, 0.8620854616165161, 0.855961799621582, 0.7556589841842651, 453.0]","[0.378030389547348, 0.21195301413536072, -0.1745622307062149, 0.1386694759130478, -1.1842811107635498, -0.033675674349069595, 0.28848427534103394, 0.2873218059539795, -0.4989991784095764, -0.06373210996389389, -0.24290825426578522, 0.3851729929447174, -0.4262069761753082, -0.3600061237812042, 0.30000001192092896, 0.29899999499320984, 0.29899999499320984, 0.19900000095367432, 1.0, 0.0, 0.8980000019073486, 0.8989999890327454, 0.8999999761581421, 0.8999999761581421, 0.8009999990463257, 0.0]","[0.26870858669281006, 0.29227563738822937, -0.07945035398006439, -0.0727768987417221, -1.1270941495895386, -0.17516036331653595, 0.17722322046756744, 0.2104555070400238, -0.49268436431884766, -0.127603217959404, -0.3045777976512909, 0.3437207043170929, -0.5428647994995117, -0.36997249722480774, 0.30000001192092896, 0.30000001192092896, 0.30000001192092896, 0.20000000298023224, 0.10000000149011612, 0.0, 0.8999999761581421, 0.8999999761581421, 0.8999999761581421, 0.8999999761581421, 0.800000011920929, 0.0]"
82,82,82,0.00976035300118383,0.08402810999905341,True,"[0.20582906901836395, 0.16908542811870575, -0.019845876842737198, 1.0002514123916626, -0.22410501539707184, 0.09055280685424805, 0.050765179097652435, 0.25333455204963684, -0.1654781848192215, 0.026209499686956406, 1.0105218887329102, -0.057140786200761795, 0.042208440601825714, -0.040470726788043976]","[336.0, 2.0, 1.0, 4.0, 10.0, 935.0]","[2.0, 2.0, 0.0, 8.0, 0.0, 503.0]","[-0.14978204667568207, 0.218163400888443, -0.04815196245908737, 0.6807108521461487, -1.0835012197494507, -0.20802727341651917, 0.06079384684562683, -0.27817797660827637, -0.44196996092796326, 0.0028945505619049072, 0.2270868867635727, 0.5923888683319092, -0.18614546954631805, -0.48910337686538696, 0.3000001907348633, 0.3000004291534424, 0.299999862909317, 0.19999960064888, 0.10000071674585342, 0.0, 0.8621594905853271, 0.8609148263931274, 0.860884964466095, 0.8545734882354736, 0.7542666792869568, 0.0]","[0.19582906365394592, 0.17908543348312378, -0.02984587661921978, 0.9902514219284058, -0.23410502076148987, 0.08055280894041061, 0.06076517701148987, 0.2433345466852188, -0.17547819018363953, 0.016209499910473824, 1.0005218982696533, -0.047140784561634064, 0.03220844268798828, -0.05047072470188141]","[286.0, 0.3000004291534424, 0.29999983310699463, 0.19999957084655762, 0.10000038146972656, 885.0]","[0.8621594905853271, 0.8609148263931274, 0.860884964466095, 0.8545732498168945, 0.7542666792869568, 453.0]","[0.37856969237327576, 0.21192903816699982, -0.1745622307062149, 0.1386694759130478, -1.1842691898345947, -0.0336996428668499, 0.28848427534103394, 0.2873697280883789, -0.49582335352897644, -0.06370814144611359, -0.24292024970054626, 0.3835311532020569, -0.4262189567089081, -0.360137939453125, 0.30000001192092896, 0.29899999499320984, 0.29899999499320984, 0.19900000095367432, 1.0, 0.0, 0.8980000019073486, 0.8989999890327454, 0.8999999761581421, 0.8999999761581421, 0.8009999990463257, 0.0]","[0.2700003385543823, 0.29339417815208435, -0.0801408439874649, -0.07202589511871338, -1.1290342807769775, -0.17504368722438812, 0.17743611335754395, 0.2136930376291275, -0.4935051500797272, -0.12299992144107819, -0.2998694181442261, 0.34781545400619507, -0.5368853807449341, -0.35992738604545593, 0.30000001192092896, 0.30000001192092896, 0.30000001192092896, 0.20000000298023224, 0.10000000149011612, 0.0, 0.8999999761581421, 0.8999999761581421, 0.8999999761581421, 0.8999999761581421, 0.800000011920929, 0.0]"
83,83,83,0.00701336999918567,0.07651822899970284,True,"[0.2058170884847641, 0.1691213846206665, -0.023728765547275543, 1.0002633333206177, -0.2274366319179535, 0.09055280685424805, 0.05078914761543274, 0.2533465325832367, -0.16551414132118225, 0.026209499686956406, 1.0105098485946655, -0.05692506954073906, 0.042208440601825714, -0.04050667956471443]","[336.0, 2.0, 1.0, 4.0, 10.0, 935.0]","[2.0, 2.0, 0.0, 8.0, 0.0, 503.0]","[-0.15460604429244995, 0.21720609068870544, -0.052574530243873596, 0.6631868481636047, -1.0929704904556274, -0.20936192572116852, 0.05979230999946594, -0.2926716208457947, -0.4332404136657715, 0.008839845657348633, 0.24767372012138367, 0.6094704866409302, -0.17633819580078125, -0.48187023401260376, 0.3000001907348633, 0.30000039935112, 0.2999998927116394, 0.19999969005584717, 0.10000064224004745, 0.0, 0.8634856343269348, 0.8624197244644165, 0.8624032735824585, 0.8562945127487183, 0.7560375928878784, 0.0]","[0.19581708312034607, 0.17912138998508453, -0.033728763461112976, 0.9902633428573608, -0.23743663728237152, 0.08055280894041061, 0.05979230999946594, 0.24334652721881866, -0.17551414668560028, 0.016209499910473824, 1.0005098581314087, -0.04692506790161133, 0.03220844268798828, -0.05050668120384216]","[286.0, 0.3000004291534424, 0.2999998927116394, 0.19999980926513672, 0.10000038146972656, 885.0]","[0.86348557472229, 0.8624197244644165, 0.8624032735824585, 0.8562946319580078, 0.7560375928878784, 453.0]","[0.37884533405303955, 0.21192903816699982, -0.17459817230701447, 0.1386694759130478, -1.1842811107635498, -0.033675674349069595, 0.28848427534103394, 0.2877172827720642, -0.4898671805858612, -0.06368417292833328, -0.24287231266498566, 0.3834712505340576, -0.4261949956417084, -0.35987430810928345, 0.30000001192092896, 0.29899999499320984, 0.29899999499320984, 0.19900000095367432, 1.0, 0.0, 0.8980000019073486, 0.8989999890327454, 0.8999999761581421, 0.8999999761581421, 0.8009999990463257, 0.0]","[0.27102917432785034, 0.29386401176452637, -0.07858407497406006, -0.07524941116571426, -1.129884123802185, -0.1723961979150772, 0.17981967329978943, 0.21626070141792297, -0.49454981088638306, -0.12187561392784119, -0.3013814687728882, 0.3516019582748413, -0.5303195118904114, -0.3540171682834625, 0.30000001192092896, 0.30000001192092896, 0.30000001192092896, 0.20000000298023224, 0.10000000149011612, 0.0, 0.8999999761581421, 0.8999999761581421, 0.8999999761581421, 0.8999999761581421, 0.800000011920929, 0.0]"
84,84,84,0.009600927000064985,0.08318824900015898,True,"[0.20580509305000305, 0.16913336515426636, -0.029337383806705475, 1.0002514123916626, -0.2338002473115921, 0.09055280685424805, 0.05075319483876228, 0.25333455204963684, -0.1654542088508606, 0.026209499686956406, 1.0105098485946655, -0.0568651482462883, 0.042220424860715866, -0.040518663823604584]","[336.0, 2.0, 1.0, 4.0, 10.0, 935.0]","[2.0, 2.0, 0.0, 8.0, 0.0, 503.0]","[-0.1424291431903839, 0.2185375988483429, -0.04203987121582031, 0.664385974407196, -1.0860694646835327, -0.20221611857414246, 0.05758541822433472, -0.26160353422164917, -0.43353548645973206, 0.0025129318237304688, 0.22333316504955292, 0.611625075340271, -0.18192115426063538, -0.4781017303466797, 0.3000001907348633, 0.3000004291534424, 0.299999862909317, 0.1999996304512024, 0.10000069439411163, 0.0, 0.8657705187797546, 0.8645872473716736, 0.8645632863044739, 0.85883629322052, 0.7585588693618774, 0.0]","[0.19580508768558502, 0.1791333705186844, -0.03933738172054291, 0.9902514219284058, -0.24380025267601013, 0.08055280894041061, 0.05758541822433472, 0.2433345466852188, -0.17545421421527863, 0.016209499910473824, 1.0005098581314087, -0.04686515033245087, 0.032220423221588135, -0.05051866173744202]","[286.0, 0.3000004291534424, 0.29999983310699463, 0.19999957084655762, 0.10000038146972656, 885.0]","[0.8657705783843994, 0.8645873069763184, 0.8645632863044739, 0.8588361740112305, 0.7585588693618774, 453.0]","[0.3788812756538391, 0.21194101870059967, -0.17459817230701447, 0.13865748047828674, -1.1842931509017944, -0.03368765860795975, 0.28850823640823364, 0.2880408465862274, -0.48708686232566833, -0.06368417292833328, -0.24289627373218536, 0.38348323106765747, -0.4260871410369873, -0.3594069182872772, 0.30000001192092896, 0.29899999499320984, 0.29899999499320984, 0.19900000095367432, 1.0, 0.0, 0.8980000019073486, 0.8989999890327454, 0.8999999761581421, 0.8999999761581421, 0.8009999990463257, 0.0]","[0.2732742726802826, 0.29401251673698425, -0.07781011611223221, -0.07939475774765015, -1.1300544738769531, -0.16939090192317963, 0.1828700304031372, 0.22069381177425385, -0.49527472257614136, -0.11675112694501877, -0.3019157946109772, 0.3559912145137787, -0.5197917222976685, -0.3448944091796875, 0.30000001192092896, 0.30000001192092896, 0.30000001192092896, 0.20000000298023224, 0.10000000149011612, 0.0, 0.8999999761581421, 0.8999999761581421, 0.8999999761581421, 0.8999999761581421, 0.800000011920929, 0.0]"
85,85,85,0.012837636000767816,0.0786527299987938,True,"[0.20573319494724274, 0.16922923922538757, -0.032465267926454544, 1.0002633333206177, -0.23765917122364044, 0.09055280685424805, 0.050633352249860764, 0.2533465325832367, -0.1655500829219818, 0.02618553303182125, 1.0104979276657104, -0.05667340010404587, 0.042208440601825714, -0.04055461660027504]","[336.0, 2.0, 1.0, 4.0, 10.0, 935.0]","[2.0, 2.0, 0.0, 8.0, 0.0, 503.0]","[-0.1699851155281067, 0.21683290600776672, -0.05485961586236954, 0.684853732585907, -1.0821982622146606, -0.19829127192497253, 0.056708574295043945, -0.3249160647392273, -0.43348562717437744, 0.008894264698028564, 0.25975415110588074, 0.6197372674942017, -0.17788317799568176, -0.49630147218704224, 0.3000001907348633, 0.3000003695487976, 0.2999998927116394, 0.19999970495700836, 0.10000061988830566, 0.0, 0.8660316467285156, 0.8650122880935669, 0.8650124669075012, 0.8593174815177917, 0.7590611577033997, 0.0]","[0.1957331895828247, 0.1792292445898056, -0.042465269565582275, 0.9902633428573608, -0.24765917658805847, 0.08055280894041061, 0.056708574295043945, 0.24334652721881866, -0.17555008828639984, 0.01618553325533867, 1.0004979372024536, -0.046673402190208435, 0.03220844268798828, -0.05055461823940277]","[286.0, 0.3000004291534424, 0.2999998927116394, 0.19999980926513672, 0.10000038146972656, 885.0]","[0.8660316467285156, 0.8650122880935669, 0.8650124669075012, 0.8593173027038574, 0.7590611577033997, 453.0]","[0.3791808784008026, 0.21204888820648193, -0.1745861917734146, 0.13862153887748718, -1.1843050718307495, -0.033675674349069595, 0.2884962558746338, 0.2885681688785553, -0.4862000048160553, -0.06363623589277267, -0.24289627373218536, 0.38363900780677795, -0.4259073734283447, -0.35775309801101685, 0.30000001192092896, 0.29899999499320984, 0.29899999499320984, 0.19900000095367432, 1.0, 0.0, 0.8980000019073486, 0.8989999890327454, 0.8999999761581421, 0.8999999761581421, 0.8009999990463257, 0.0]","[0.2742531895637512, 0.29365041851997375, -0.07888992130756378, -0.08153798431158066, -1.129508137702942, -0.16896575689315796, 0.18523114919662476, 0.2244185507297516, -0.49430161714553833, -0.10795387625694275, -0.2981530725955963, 0.35797131061553955, -0.5166168808937073, -0.338253915309906, 0.30000001192092896, 0.30000001192092896, 0.30000001192092896, 0.20000000298023224, 0.10000000149011612, 0.0, 0.8999999761581421, 0.8999999761581421, 0.8999999761581421, 0.8999999761581421, 0.800000011920929, 0.0]"
86,86,86,0.009594508999725804,0.08977194100043562,True,"[0.20564930140972137, 0.16925321519374847, -0.03748665750026703, 1.0002753734588623, -0.24047546088695526, 0.09055280685424805, 0.05035771429538727, 0.2533465325832367, -0.16546620428562164, 0.026209499686956406, 1.0105098485946655, -0.05655355751514435, 0.042220424860715866, -0.04060255363583565]","[336.0, 2.0, 1.0, 5.0, 10.0, 935.0]","[2.0, 2.0, 0.0, 8.0, 0.0, 503.0]","[-0.16867540776729584, 0.22408413887023926, -0.06242182105779648, 0.6396725177764893, -1.087715744972229, -0.1994788944721222, 0.045879900455474854, -0.3398876190185547, -0.42884141206741333, 0.019249022006988525, 0.2502000033855438, 0.6347706913948059, -0.17325036227703094, -0.497173547744751, 0.3000001609325409, 0.3000004291534424, 0.299999862909317, 0.19999967515468597, 0.10000067949295044, 0.0, 0.8612333536148071, 0.8600624203681946, 0.8600464463233948, 0.8535681962966919, 0.7532808780670166, 0.0]","[0.19564929604530334, 0.1792532205581665, -0.04748665541410446, 0.9902753829956055, -0.2504754662513733, 0.08055280894041061, 0.045879900455474854, 0.24334652721881866, -0.17546620965003967, 0.019249022006988525, 1.0005098581314087, -0.046553559601306915, 0.032220423221588135, -0.05060255527496338]","[286.0, 0.3000004291534424, 0.29999983310699463, 0.19999980926513672, 0.10000038146972656, 885.0]","[0.8612333536148071, 0.8600623607635498, 0.8600464463233948, 0.8535680770874023, 0.7532808780670166, 453.0]","[0.3798519968986511, 0.21202491223812103, -0.1746101677417755, 0.1386454999446869, -1.1843171119689941, -0.03368765860795975, 0.28850823640823364, 0.2889396846294403, -0.4848457872867584, -0.06324075907468796, -0.2427884191274643, 0.3836509883403778, -0.42584747076034546, -0.35585957765579224, 0.30000001192092896, 0.29899999499320984, 0.29899999499320984, 0.19900000095367432, 1.0, 0.0, 0.8980000019073486, 0.8989999890327454, 0.8999999761581421, 0.8999999761581421, 0.8009999990463257, 0.0]","[0.2757587730884552, 0.29412269592285156, -0.08243848383426666, -0.08377113193273544, -1.1302556991577148, -0.17245836555957794, 0.18763116002082825, 0.22719718515872955, -0.49391528964042664, -0.09687350690364838, -0.291502982378006, 0.3612220883369446, -0.518491804599762, -0.33412009477615356, 0.30000001192092896, 0.30000001192092896, 0.30000001192092896, 0.20000000298023224, 0.10000000149011612, 0.0, 0.8999999761581421, 0.8999999761581421, 0.8999999761581421, 0.8999999761581421, 0.800000011920929, 0.0]"
87,87,87,0.007535402000939939,0.07522229499954847,True,"[0.20532573759555817, 0.16948091983795166, -0.040518663823604584, 1.0002753734588623, -0.24173380434513092, 0.09055280685424805, 0.04719387739896774, 0.25331056118011475, -0.16551414132118225, 0.026389263570308685, 1.0105338096618652, -0.05637379735708237, 0.042208440601825714, -0.04060255363583565]","[336.0, 2.0, 1.0, 5.0, 10.0, 935.0]","[2.0, 2.0, 0.0, 8.0, 0.0, 503.0]","[-0.14523808658123016, 0.2218766212463379, -0.04728914052248001, 0.6304262280464172, -1.0941365957260132, -0.19830776751041412, 0.05851671099662781, -0.2572568655014038, -0.423178493976593, -0.004912376403808594, 0.24267388880252838, 0.6244779825210571, -0.1722174882888794, -0.48760372400283813, 0.3000001907348633, 0.30000039935112, 0.299999862909317, 0.19999966025352478, 0.10000069439411163, 0.0, 0.8752690553665161, 0.8740898370742798, 0.8740748167037964, 0.8699359893798828, 0.7696322202682495, 0.0]","[0.19532573223114014, 0.1794809252023697, -0.04728914052248001, 0.9902753829956055, -0.25173380970954895, 0.08055280894041061, 0.057193875312805176, 0.24331055581569672, -0.17551414668560028, 0.016389263793826103, 1.0005338191986084, -0.046373799443244934, 0.03220844268798828, -0.05060255527496338]","[286.0, 0.3000004291534424, 0.29999983310699463, 0.19999980926513672, 0.10000038146972656, 885.0]","[0.8752690553665161, 0.8740898370742798, 0.8740748167037964, 0.8699359893798828, 0.7696322202682495, 453.0]","[0.38217693567276, 0.2120608687400818, -0.17493373155593872, 0.1386694759130478, -1.1842931509017944, -0.03371162712574005, 0.2885202169418335, 0.2898384928703308, -0.48186174035072327, -0.059238024055957794, -0.24242889881134033, 0.38375887274742126, -0.42582347989082336, -0.35445743799209595, 0.30000001192092896, 0.29899999499320984, 0.29899999499320984, 0.19900000095367432, 1.0, 0.0, 0.8980000019073486, 0.8989999890327454, 0.8999999761581421, 0.8999999761581421, 0.8009999990463257, 0.0]","[0.2753541171550751, 0.29646947979927063, -0.08873230963945389, -0.08337845653295517, -1.1329609155654907, -0.17974257469177246, 0.18916767835617065, 0.2265876978635788, -0.495939701795578, -0.0854741632938385, -0.2836078703403473, 0.3644247055053711, -0.5198730826377869, -0.332956463098526, 0.30000001192092896, 0.30000001192092896, 0.30000001192092896, 0.20000000298023224, 0.10000000149011612, 0.0, 0.8999999761581421, 0.8999999761581421, 0.8999999761581421, 0.8999999761581421, 0.800000011920929, 0.0]"
88,88,88,0.00748268399911467,0.09224842799994803,True,"[0.2051699310541153, 0.16942098736763, -0.0427117794752121, 1.0002633333206177, -0.2427404820919037, 0.0905408188700676, 0.047685232013463974, 0.25331056118011475, -0.16546620428562164, 0.02636529505252838, 1.0105098485946655, -0.05614609643816948, 0.042208440601825714, -0.04069842770695686]","[336.0, 2.0, 1.0, 5.0, 10.0, 935.0]","[2.0, 2.0, 0.0, 8.0, 0.0, 503.0]","[-0.1571446657180786, 0.22053107619285583, -0.054504767060279846, 0.6588336825370789, -1.0820882320404053, -0.2000311315059662, 0.05379238724708557, -0.3075368404388428, -0.43751436471939087, 0.005608886480331421, 0.22382201254367828, 0.6328279972076416, -0.17222726345062256, -0.4920549988746643, 0.3000001907348633, 0.30000039935112, 0.2999998927116394, 0.19999971985816956, 0.10000064224004745, 0.0, 0.8664665222167969, 0.8654346466064453, 0.865430474281311, 0.8598117232322693, 0.7595587968826294, 0.0]","[0.19516992568969727, 0.17942099273204803, -0.05271177738904953, 0.9902633428573608, -0.2527404725551605, 0.08054082095623016, 0.05379238724708557, 0.24331055581569672, -0.17546620965003967, 0.0163652952760458, 1.0005098581314087, -0.04614609479904175, 0.03220844268798828, -0.050698429346084595]","[286.0, 0.3000004291534424, 0.2999998927116394, 0.19999980926513672, 0.10000038146972656, 885.0]","[0.8664665222167969, 0.8654346466064453, 0.865430474281311, 0.8598117828369141, 0.7595587968826294, 453.0]","[0.3838787078857422, 0.21222864091396332, -0.17530524730682373, 0.1386694759130478, -1.1842931509017944, -0.0337236113846302, 0.28855618834495544, 0.29100096225738525, -0.481849730014801, -0.05801563337445259, -0.2419854700565338, 0.383746862411499, -0.4257396161556244, -0.35153329372406006, 0.30000001192092896, 0.29899999499320984, 0.29899999499320984, 0.19900000095367432, 1.0, 0.0, 0.8980000019073486, 0.8989999890327454, 0.8999999761581421, 0.8999999761581421, 0.8009999990463257, 0.0]","[0.2701456844806671, 0.2984669506549835, -0.09786025434732437, -0.08192835003137589, -1.1328790187835693, -0.18880781531333923, 0.19329990446567535, 0.22041161358356476, -0.4948648512363434, -0.06846309453248978, -0.2717979848384857, 0.35208484530448914, -0.5240761637687683, -0.34342774748802185, 0.30000001192092896, 0.30000001192092896, 0.30000001192092896, 0.20000000298023224, 0.10000000149011612, 0.0, 0.8999999761581421, 0.8999999761581421, 0.8999999761581421, 0.8999999761581421, 0.800000011920929, 0.0]"
89,89,89,0.00698491900038789,0.06936203700024635,True,"[0.20469056069850922, 0.17012806236743927, -0.04640292003750801, 1.0002872943878174, -0.24335168302059174, 0.09055280685424805, 0.04885968565940857, 0.25333455204963684, -0.16556207835674286, 0.0261735487729311, 1.0105098485946655, -0.0559663325548172, 0.04219645634293556, -0.04074636474251747]","[336.0, 2.0, 1.0, 5.0, 10.0, 935.0]","[2.0, 2.0, 0.0, 8.0, 0.0, 503.0]","[-0.1702151894569397, 0.23083212971687317, -0.06827065348625183, 0.6334018707275391, -1.0876868963241577, -0.19960838556289673, 0.042029350996017456, -0.34870246052742004, -0.4287607967853546, 0.005337268114089966, 0.2536681890487671, 0.6564682722091675, -0.1757269650697708, -0.513577401638031, 0.3000001609325409, 0.30000039935112, 0.29999983310699463, 0.19999967515468597, 0.10000070184469223, 0.0, 0.8657992482185364, 0.8645849227905273, 0.8645586371421814, 0.858850359916687, 0.7585568428039551, 0.0]","[0.1946905553340912, 0.1801280677318573, -0.05640292167663574, 0.9902873039245605, -0.25335168838500977, 0.08055280894041061, 0.042029350996017456, 0.2433345466852188, -0.1755620837211609, 0.016173548996448517, 1.0005098581314087, -0.04596633464097977, 0.03219645470380783, -0.0507463663816452]","[286.0, 0.3000004291534424, 0.29999983310699463, 0.19999980926513672, 0.10000038146972656, 885.0]","[0.8657991886138916, 0.8645849227905273, 0.8645586371421814, 0.8588504791259766, 0.7585568428039551, 453.0]","[0.3846217393875122, 0.21226459741592407, -0.1754370778799057, 0.13865748047828674, -1.1842691898345947, -0.03381948545575142, 0.2885681688785553, 0.2914204001426697, -0.4818257689476013, -0.05766809359192848, -0.24169784784317017, 0.383746862411499, -0.42575159668922424, -0.35116177797317505, 0.30000001192092896, 0.29899999499320984, 0.29899999499320984, 0.19900000095367432, 1.0, 0.0, 0.8980000019073486, 0.8989999890327454, 0.8999999761581421, 0.8999999761581421, 0.8009999990463257, 0.0]","[0.2691797614097595, 0.2988181412220001, -0.09870432317256927, -0.0818973258137703, -1.1331684589385986, -0.18989813327789307, 0.19392403960227966, 0.21886089444160461, -0.49478623270988464, -0.06607647240161896, -0.2702378034591675, 0.3486577868461609, -0.5252267122268677, -0.3468996584415436, 0.30000001192092896, 0.30000001192092896, 0.30000001192092896, 0.20000000298023224, 0.10000000149011612, 0.0, 0.8999999761581421, 0.8999999761581421, 0.8999999761581421, 0.8999999761581421, 0.800000011920929, 0.0]"
90,90,90,0.008854235000399058,0.09717644900047162,True,"[0.20446287095546722, 0.17014004290103912, -0.049554772675037384, 1.0002633333206177, -0.2449335902929306, 0.09055280685424805, 0.04442552477121353, 0.25331056118011475, -0.16549016535282135, 0.026209499686956406, 1.0105218887329102, -0.055762600153684616, 0.042208440601825714, -0.04073438048362732]","[336.0, 2.0, 1.0, 5.0, 10.0, 935.0]","[2.0, 2.0, 0.0, 8.0, 0.0, 503.0]","[-0.16683275997638702, 0.22294467687606812, -0.06862540543079376, 0.6314555406570435, -1.0844922065734863, -0.19625279307365417, 0.04899480938911438, -0.3300500512123108, -0.4211037755012512, 0.011154741048812866, 0.2503669857978821, 0.65090411901474, -0.16010014712810516, -0.5114467740058899, 0.3000001907348633, 0.30000039935112, 0.299999862909317, 0.19999970495700836, 0.10000067949295044, 0.0, 0.8720616102218628, 0.8709179162979126, 0.8708900213241577, 0.8662230372428894, 0.7659505009651184, 0.0]","[0.1944628655910492, 0.18014004826545715, -0.05955477058887482, 0.9902633428573608, -0.25493359565734863, 0.08055280894041061, 0.04899480938911438, 0.24331055581569672, -0.17549017071723938, 0.016209499910473824, 1.0005218982696533, -0.045762598514556885, 0.03220844268798828, -0.05073437839746475]","[286.0, 0.3000004291534424, 0.29999983310699463, 0.19999980926513672, 0.10000038146972656, 885.0]","[0.8720616102218628, 0.8709179162979126, 0.8708900213241577, 0.8662228584289551, 0.7659505009651184, 453.0]","[0.3854007124900818, 0.21403826773166656, -0.17650367319583893, 0.1386694759130478, -1.1842931509017944, -0.03413107246160507, 0.2886880040168762, 0.2913365066051483, -0.48166999220848083, -0.05415671318769455, -0.2404155433177948, 0.3835311532020569, -0.42584747076034546, -0.3515452742576599, 0.30000001192092896, 0.29899999499320984, 0.29899999499320984, 0.19900000095367432, 1.0, 0.0, 0.8980000019073486, 0.8989999890327454, 0.8999999761581421, 0.8999999761581421, 0.8009999990463257, 0.0]","[0.2620110809803009, 0.29952579736709595, -0.1054694652557373, -0.08258292824029922, -1.1329773664474487, -0.19598117470741272, 0.20031899213790894, 0.20902788639068604, -0.49492570757865906, -0.0499441884458065, -0.2582435607910156, 0.3357480466365814, -0.5251302123069763, -0.36074298620224, 0.30000001192092896, 0.30000001192092896, 0.30000001192092896, 0.20000000298023224, 0.10000000149011612, 0.0, 0.8999999761581421, 0.8999999761581421, 0.8999999761581421, 0.8999999761581421, 0.800000011920929, 0.0]"
91,91,91,0.008799908999208128,0.06654274500033353,True,"[0.20391158759593964, 0.17005614936351776, -0.05175986886024475, 1.0002514123916626, -0.24614399671554565, 0.09055280685424805, 0.044988781213760376, 0.25331056118011475, -0.16558603942394257, 0.02618553303182125, 1.0105098485946655, -0.05535513535141945, 0.04223240911960602, -0.04072239622473717]","[336.0, 2.0, 1.0, 5.0, 10.0, 935.0]","[2.0, 2.0, 0.0, 8.0, 0.0, 503.0]","[-0.1746188998222351, 0.21858245134353638, -0.06797673553228378, 0.6327512264251709, -1.0921142101287842, -0.1947825849056244, 0.04077818989753723, -0.33788520097732544, -0.41914528608322144, 0.014758139848709106, 0.26504889130592346, 0.6365687847137451, -0.16008572280406952, -0.5161402225494385, 0.3000001907348633, 0.3000004291534424, 0.299999862909317, 0.19999967515468597, 0.10000067204236984, 0.0, 0.86214280128479, 0.8609803915023804, 0.8609519004821777, 0.8546396493911743, 0.7543548345565796, 0.0]","[0.1939115822315216, 0.1800561547279358, -0.061759866774082184, 0.9902514219284058, -0.2561439871788025, 0.08055280894041061, 0.04077818989753723, 0.24331055581569672, -0.1755860447883606, 0.01618553325533867, 1.0005098581314087, -0.04535513371229172, 0.032232411205768585, -0.0507223978638649]","[286.0, 0.3000004291534424, 0.29999983310699463, 0.19999980926513672, 0.10000038146972656, 885.0]","[0.86214280128479, 0.8609803915023804, 0.8609519004821777, 0.8546395301818848, 0.7543548345565796, 453.0]","[0.38573625683784485, 0.21406222879886627, -0.1765396147966385, 0.1386694759130478, -1.1842811107635498, -0.03443067893385887, 0.2889876067638397, 0.2911088168621063, -0.48169395327568054, -0.051484230905771255, -0.2395886331796646, 0.3827042579650879, -0.42587143182754517, -0.352252334356308, 0.30000001192092896, 0.29899999499320984, 0.29899999499320984, 0.19900000095367432, 1.0, 0.0, 0.8980000019073486, 0.8989999890327454, 0.8999999761581421, 0.8999999761581421, 0.8009999990463257, 0.0]","[0.26031821966171265, 0.30018067359924316, -0.10787703841924667, -0.08210213482379913, -1.1335593461990356, -0.19932705163955688, 0.20045968890190125, 0.20593227446079254, -0.4962751567363739, -0.0473022498190403, -0.25779199600219727, 0.3352714478969574, -0.5236586332321167, -0.36409792304039, 0.30000001192092896, 0.30000001192092896, 0.30000001192092896, 0.20000000298023224, 0.10000000149011612, 0.0, 0.8999999761581421, 0.8999999761581421, 0.8999999761581421, 0.8999999761581421, 0.800000011920929, 0.0]"
92,92,92,0.00938877900080115,0.11743111599935219,True,"[0.20357602834701538, 0.17028385400772095, -0.05438441410660744, 1.0002753734588623, -0.24812139570713043, 0.09055280685424805, 0.0436345636844635, 0.2533465325832367, -0.1655500829219818, 0.02618553303182125, 1.0105218887329102, -0.05428854003548622, 0.042220424860715866, -0.04080628603696823]","[336.0, 2.0, 1.0, 5.0, 10.0, 935.0]","[2.0, 2.0, 0.0, 8.0, 0.0, 503.0]","[-0.17256301641464233, 0.2326805591583252, -0.0713135376572609, 0.6187726259231567, -1.088349461555481, -0.1918451189994812, 0.036743372678756714, -0.3641512393951416, -0.4241839349269867, 0.01275143027305603, 0.23705752193927765, 0.6707620620727539, -0.1669800579547882, -0.5364845991134644, 0.3000001907348633, 0.3000004291534424, 0.299999862909317, 0.19999970495700836, 0.10000070184469223, 0.0, 0.8625546097755432, 0.8613601922988892, 0.8613289594650269, 0.8550751209259033, 0.7548015117645264, 0.0]","[0.19357602298259735, 0.18028385937213898, -0.06438441574573517, 0.9902753829956055, -0.25812140107154846, 0.08055280894041061, 0.036743372678756714, 0.24334652721881866, -0.17555008828639984, 0.01618553325533867, 1.0005218982696533, -0.04428853839635849, 0.032220423221588135, -0.050806283950805664]","[286.0, 0.3000004291534424, 0.29999983310699463, 0.19999980926513672, 0.10000038146972656, 885.0]","[0.8625545501708984, 0.8613601922988892, 0.8613289594650269, 0.8550748825073242, 0.7548015117645264, 453.0]","[0.385951966047287, 0.21407420933246613, -0.17675533890724182, 0.1386934369802475, -1.1842691898345947, -0.03476623818278313, 0.2899223864078522, 0.29097700119018555, -0.48171791434288025, -0.04441354051232338, -0.23715583980083466, 0.38176947832107544, -0.42584747076034546, -0.35318711400032043, 0.30000001192092896, 0.29899999499320984, 0.29899999499320984, 0.19900000095367432, 1.0, 0.0, 0.8980000019073486, 0.8989999890327454, 0.8999999761581421, 0.8999999761581421, 0.8009999990463257, 0.0]","[0.2526205778121948, 0.3034265339374542, -0.11509579420089722, -0.07806381583213806, -1.136673927307129, -0.20916983485221863, 0.20123018324375153, 0.19425079226493835, -0.5001639723777771, -0.03684438019990921, -0.2516760528087616, 0.329484224319458, -0.5204092860221863, -0.3793072998523712, 0.30000001192092896, 0.30000001192092896, 0.30000001192092896, 0.20000000298023224, 0.10000000149011612, 0.0, 0.8999999761581421, 0.8999999761581421, 0.8999999761581421, 0.8999999761581421, 0.800000011920929, 0.0]"
93,93,93,0.011272841000391054,0.13537719099986134,True,"[0.20303674042224884, 0.1702478975057602, -0.05962152034044266, 1.0002633333206177, -0.2562467157840729, 0.09055280685424805, 0.04176502674818039, 0.25331056118011475, -0.1655740588903427, 0.02618553303182125, 1.0105098485946655, -0.05332980304956436, 0.04219645634293556, -0.04080628603696823]","[336.0, 2.0, 1.0, 5.0, 10.0, 935.0]","[2.0, 2.0, 0.0, 8.0, 0.0, 503.0]","[-0.1790148913860321, 0.22705331444740295, -0.07118197530508041, 0.6299608945846558, -1.0881731510162354, -0.1910451352596283, 0.03879263997077942, -0.35687005519866943, -0.4274870753288269, 0.008001446723937988, 0.23706500232219696, 0.6488170623779297, -0.16805636882781982, -0.536536455154419, 0.3000001907348633, 0.30000039935112, 0.299999862909317, 0.19999973475933075, 0.10000066459178925, 0.0, 0.8681011199951172, 0.8670077323913574, 0.8669925332069397, 0.8616625070571899, 0.7613908648490906, 0.0]","[0.1930367350578308, 0.18024790287017822, -0.06962151825428009, 0.9902633428573608, -0.2662467062473297, 0.08055280894041061, 0.03879263997077942, 0.24331055581569672, -0.17557406425476074, 0.01618553325533867, 1.0005098581314087, -0.04332980513572693, 0.03219645470380783, -0.050806283950805664]","[286.0, 0.3000004291534424, 0.29999983310699463, 0.19999980926513672, 0.10000038146972656, 885.0]","[0.8681011199951172, 0.8670077323913574, 0.8669925332069397, 0.8616623878479004, 0.7613908648490906, 453.0]","[0.3857003152370453, 0.21613550186157227, -0.18047045171260834, 0.1386934369802475, -1.1843050718307495, -0.039679769426584244, 0.2905695140361786, 0.28816068172454834, -0.481885701417923, -0.02966095693409443, -0.23209848999977112, 0.37782666087150574, -0.42587143182754517, -0.3586638867855072, 0.30000001192092896, 0.29899999499320984, 0.29899999499320984, 0.19900000095367432, 1.0, 0.0, 0.8980000019073486, 0.8989999890327454, 0.8999999761581421, 0.8999999761581421, 0.8009999990463257, 0.0]","[0.237491175532341, 0.30779558420181274, -0.12475015968084335, -0.07288050651550293, -1.141983151435852, -0.22287459671497345, 0.20258565247058868, 0.17457754909992218, -0.5072252154350281, -0.023344768211245537, -0.23769782483577728, 0.32676470279693604, -0.518432080745697, -0.39915624260902405, 0.30000001192092896, 0.30000001192092896, 0.30000001192092896, 0.20000000298023224, 0.10000000149011612, 0.0, 0.8999999761581421, 0.8999999761581421, 0.8999999761581421, 0.8999999761581421, 0.800000011920929, 0.0]"
94,94,94,0.006888702000651392,0.08851818800030742,True,"[0.20255737006664276, 0.17033179104328156, -0.06765095144510269, 1.0002514123916626, -0.26099246740341187, 0.09055280685424805, 0.041836928576231, 0.2533225417137146, -0.1655500829219818, 0.026161564514040947, 1.0105098485946655, -0.05181979015469551, 0.042208440601825714, -0.0409141443669796]","[336.0, 2.0, 1.0, 5.0, 10.0, 935.0]","[2.0, 2.0, 0.0, 8.0, 0.0, 503.0]","[-0.18302838504314423, 0.2313247174024582, -0.08241355419158936, 0.6237517595291138, -1.0860586166381836, -0.19472578167915344, 0.032866090536117554, -0.37502428889274597, -0.4238162934780121, 0.024732142686843872, 0.24774868786334991, 0.6617649793624878, -0.16349010169506073, -0.5357362031936646, 0.3000001907348633, 0.30000039935112, 0.299999862909317, 0.19999973475933075, 0.10000064969062805, 0.0, 0.86693274974823, 0.8658444881439209, 0.8658181428909302, 0.8602912425994873, 0.7600437998771667, 0.0]","[0.19255736470222473, 0.18033179640769958, -0.07765094935894012, 0.9902514219284058, -0.2709924578666687, 0.08055280894041061, 0.032866090536117554, 0.24332253634929657, -0.17555008828639984, 0.024732142686843872, 1.0005098581314087, -0.04181978851556778, 0.03220844268798828, -0.05091414600610733]","[286.0, 0.3000004291534424, 0.29999983310699463, 0.19999980926513672, 0.10000038146972656, 885.0]","[0.86693274974823, 0.8658444881439209, 0.8658181428909302, 0.8602914810180664, 0.7600437998771667, 453.0]","[0.3838547468185425, 0.216902494430542, -0.18515628576278687, 0.13870541751384735, -1.184472918510437, -0.05065732076764107, 0.29055753350257874, 0.2811738848686218, -0.48246094584465027, -0.017844511196017265, -0.22170816361904144, 0.3713911473751068, -0.4266144633293152, -0.3640807569026947, 0.30000001192092896, 0.29899999499320984, 0.29899999499320984, 0.19900000095367432, 1.0, 0.0, 0.8980000019073486, 0.8989999890327454, 0.8999999761581421, 0.8999999761581421, 0.8009999990463257, 0.0]","[0.22712865471839905, 0.3096412420272827, -0.12945690751075745, -0.07134399563074112, -1.145487666130066, -0.22965501248836517, 0.2026354819536209, 0.16178064048290253, -0.5117043852806091, -0.01730935648083687, -0.23237048089504242, 0.33225610852241516, -0.5185578465461731, -0.40739864110946655, 0.30000001192092896, 0.30000001192092896, 0.30000001192092896, 0.20000000298023224, 0.10000000149011612, 0.0, 0.8999999761581421, 0.8999999761581421, 0.8999999761581421, 0.8999999761581421, 0.800000011920929, 0.0]"
95,95,95,0.007758206000289647,0.07421015100044315,True,"[0.20229372382164001, 0.17072726786136627, -0.07123423367738724, 1.0002753734588623, -0.26359304785728455, 0.0905408188700676, 0.040950097143650055, 0.25331056118011475, -0.1658257246017456, 0.027815386652946472, 1.0105098485946655, -0.05125652998685837, 0.042220424860715866, -0.041201766580343246]","[336.0, 2.0, 1.0, 5.0, 10.0, 935.0]","[2.0, 2.0, 0.0, 8.0, 0.0, 503.0]","[-0.17367836833000183, 0.2439301460981369, -0.07586550712585449, 0.5968140363693237, -1.0796940326690674, -0.18263739347457886, 0.029489755630493164, -0.36050739884376526, -0.43089061975479126, 0.0013873577117919922, 0.24316038191318512, 0.703876256942749, -0.1560450941324234, -0.5330129861831665, 0.3000001907348633, 0.30000039935112, 0.299999862909317, 0.19999974966049194, 0.10000067204236984, 0.0, 0.8677784204483032, 0.8666666746139526, 0.8666470646858215, 0.8612540364265442, 0.7609958648681641, 0.0]","[0.19229371845722198, 0.1807272732257843, -0.07586550712585449, 0.9902753829956055, -0.2735930383205414, 0.08054082095623016, 0.030950097367167473, 0.24331055581569672, -0.17582572996616364, 0.01781538687646389, 1.0005098581314087, -0.041256532073020935, 0.032220423221588135, -0.05120176821947098]","[286.0, 0.3000004291534424, 0.29999983310699463, 0.19999980926513672, 0.10000038146972656, 885.0]","[0.8677784204483032, 0.8666666746139526, 0.8666470646858215, 0.8612542152404785, 0.7609958648681641, 453.0]","[0.380607008934021, 0.2169264554977417, -0.18695391714572906, 0.13870541751384735, -1.1845927238464355, -0.054731957614421844, 0.29062944650650024, 0.27848944067955017, -0.4824729263782501, -0.013913685455918312, -0.217274010181427, 0.3714990019798279, -0.426482617855072, -0.3679037392139435, 0.30000001192092896, 0.29899999499320984, 0.29899999499320984, 0.19900000095367432, 1.0, 0.0, 0.8980000019073486, 0.8989999890327454, 0.8999999761581421, 0.8999999761581421, 0.8009999990463257, 0.0]","[0.22378772497177124, 0.31016528606414795, -0.13108666241168976, -0.07115979492664337, -1.1462645530700684, -0.23145999014377594, 0.20338174700737, 0.1579413115978241, -0.5124329924583435, -0.015491953119635582, -0.23107488453388214, 0.33255451917648315, -0.5182595252990723, -0.4092552661895752, 0.30000001192092896, 0.30000001192092896, 0.30000001192092896, 0.20000000298023224, 0.10000000149011612, 0.0, 0.8999999761581421, 0.8999999761581421, 0.8999999761581421, 0.8999999761581421, 0.800000011920929, 0.0]"
96,96,96,0.008866431999194901,0.08066134799992142,True,"[0.20225776731967926, 0.17053551971912384, -0.07307980209589005, 1.0002872943878174, -0.26613369584083557, 0.0905408188700676, 0.03935619443655014, 0.25331056118011475, -0.16558603942394257, 0.02755173295736313, 1.0104979276657104, -0.050345730036497116, 0.042220424860715866, -0.0412377193570137]","[336.0, 2.0, 1.0, 5.0, 10.0, 935.0]","[2.0, 2.0, 0.0, 8.0, 0.0, 503.0]","[-0.18804864585399628, 0.24302546679973602, -0.08149929344654083, 0.6066684722900391, -1.0776764154434204, -0.18446362018585205, 0.02168041467666626, -0.38760238885879517, -0.4263750910758972, 0.012520581483840942, 0.27075254917144775, 0.6966195106506348, -0.1586034595966339, -0.5506079196929932, 0.3000001907348633, 0.3000003695487976, 0.299999862909317, 0.19999977946281433, 0.10000063478946686, 0.0, 0.8673871755599976, 0.8663259148597717, 0.8663179874420166, 0.860861599445343, 0.7605916261672974, 0.0]","[0.19225776195526123, 0.18053552508354187, -0.08149929344654083, 0.9902873039245605, -0.2761336863040924, 0.08054082095623016, 0.02935619466006756, 0.24331055581569672, -0.1755860447883606, 0.017551733180880547, 1.0004979372024536, -0.040345728397369385, 0.032220423221588135, -0.051237717270851135]","[286.0, 0.3000004291534424, 0.29999983310699463, 0.19999980926513672, 0.10000038146972656, 885.0]","[0.8673871755599976, 0.866325855255127, 0.8663179874420166, 0.8608617782592773, 0.7605916261672974, 453.0]","[0.37255361676216125, 0.216902494430542, -0.19032147526741028, 0.13872939348220825, -1.1846287250518799, -0.05728459730744362, 0.29062944650650024, 0.2778303027153015, -0.48276054859161377, -0.009958891198039055, -0.2094123512506485, 0.3715469241142273, -0.4263388216495514, -0.3744830787181854, 0.30000001192092896, 0.29899999499320984, 0.29899999499320984, 0.19900000095367432, 1.0, 0.0, 0.8980000019073486, 0.8989999890327454, 0.8999999761581421, 0.8999999761581421, 0.8009999990463257, 0.0]","[0.21301324665546417, 0.3104414641857147, -0.1370854675769806, -0.06971423327922821, -1.1474133729934692, -0.23742486536502838, 0.20536410808563232, 0.14584635198116302, -0.5130082964897156, -0.008051130920648575, -0.2246418297290802, 0.33658289909362793, -0.517978847026825, -0.40990322828292847, 0.30000001192092896, 0.30000001192092896, 0.30000001192092896, 0.20000000298023224, 0.10000000149011612, 0.0, 0.8999999761581421, 0.8999999761581421, 0.8999999761581421, 0.8999999761581421, 0.800000011920929, 0.0]"
97,97,97,0.006150215000161552,0.07874196699958702,True,"[0.2018503099679947, 0.17101489007472992, -0.07546466588973999, 1.000239372253418, -0.2716464400291443, 0.09051685035228729, 0.03845737874507904, 0.2533225417137146, -0.1657538264989853, 0.026880616322159767, 1.0105098485946655, -0.04990231245756149, 0.042208440601825714, -0.04128565639257431]","[336.0, 2.0, 1.0, 5.0, 10.0, 935.0]","[2.0, 2.0, 0.0, 8.0, 0.0, 503.0]","[-0.18955098092556, 0.23661130666732788, -0.0815330445766449, 0.6123307943344116, -1.0844367742538452, -0.18736675381660461, 0.027977436780929565, -0.3871091604232788, -0.4256194531917572, 0.010813653469085693, 0.27060848474502563, 0.6899940967559814, -0.1591479778289795, -0.5449809432029724, 0.3000001907348633, 0.3000003695487976, 0.299999862909317, 0.19999974966049194, 0.10000064224004745, 0.0, 0.8670229911804199, 0.8659742474555969, 0.8659597635269165, 0.8604386448860168, 0.7601889967918396, 0.0]","[0.19185030460357666, 0.18101489543914795, -0.0815330445766449, 0.9902393817901611, -0.2816464304924011, 0.08051685243844986, 0.02845737896859646, 0.24332253634929657, -0.17575383186340332, 0.016880616545677185, 1.0005098581314087, -0.03990231454372406, 0.03220844268798828, -0.05128565430641174]","[286.0, 0.3000004291534424, 0.29999983310699463, 0.19999980926513672, 0.10000038146972656, 885.0]","[0.8670229911804199, 0.8659741878509521, 0.8659597635269165, 0.8604388236999512, 0.7601889967918396, 453.0]","[0.35655465722084045, 0.21689051389694214, -0.1962776482105255, 0.13905297219753265, -1.1848443746566772, -0.06334861367940903, 0.29095301032066345, 0.2722935676574707, -0.48316800594329834, -0.004458131734281778, -0.19471968710422516, 0.37303298711776733, -0.4261949956417084, -0.38508909940719604, 0.30000001192092896, 0.29899999499320984, 0.29899999499320984, 0.19900000095367432, 1.0, 0.0, 0.8980000019073486, 0.8989999890327454, 0.8999999761581421, 0.8999999761581421, 0.8009999990463257, 0.0]","[0.18737109005451202, 0.3095041811466217, -0.151245579123497, -0.06613925099372864, -1.1496658325195312, -0.25520098209381104, 0.20645061135292053, 0.11273107677698135, -0.5136516094207764, 0.010545535013079643, -0.20230332016944885, 0.3459014594554901, -0.5269168019294739, -0.4114682972431183, 0.30000001192092896, 0.30000001192092896, 0.30000001192092896, 0.20000000298023224, 0.10000000149011612, 0.0, 0.8999999761581421, 0.8999999761581421, 0.8999999761581421, 0.8999999761581421, 0.800000011920929, 0.0]"
98,98,98,0.006391147000613273,0.08207586000025913,True,"[0.20179037749767303, 0.1709429919719696, -0.07843675464391708, 1.0002514123916626, -0.27824974060058594, 0.09055280685424805, 0.0336996428668499, 0.25333455204963684, -0.16566993296146393, 0.026856649667024612, 1.0105218887329102, -0.0487518273293972, 0.04223240911960602, -0.041309624910354614]","[336.0, 2.0, 1.0, 5.0, 10.0, 935.0]","[2.0, 2.0, 0.0, 8.0, 0.0, 503.0]","[-0.18156665563583374, 0.24012552201747894, -0.08289536833763123, 0.6074181795120239, -1.0737580060958862, -0.18797045946121216, 0.021217674016952515, -0.3941306471824646, -0.4355400800704956, 0.009502381086349487, 0.25157275795936584, 0.6897281408309937, -0.15620851516723633, -0.5521811842918396, 0.3000001907348633, 0.30000030994415283, 0.299999862909317, 0.1999998390674591, 0.10000058263540268, 0.0, 0.8644581437110901, 0.8635344505310059, 0.8635436296463013, 0.8576026558876038, 0.7573473453521729, 0.0]","[0.191790372133255, 0.18094299733638763, -0.08289536833763123, 0.9902514219284058, -0.2882497310638428, 0.08055280894041061, 0.023699643090367317, 0.2433345466852188, -0.17566993832588196, 0.01685664989054203, 1.0005218982696533, -0.03875182569026947, 0.032232411205768585, -0.05130962282419205]","[286.0, 0.30000030994415283, 0.29999983310699463, 0.19999980926513672, 0.10000038146972656, 885.0]","[0.8644580841064453, 0.8635344505310059, 0.8635436296463013, 0.857602596282959, 0.7573473453521729, 453.0]","[0.35198867321014404, 0.2169264554977417, -0.1988542526960373, 0.13910090923309326, -1.1853597164154053, -0.06846588104963303, 0.2909889817237854, 0.2646716237068176, -0.483683317899704, 0.001306280493736267, -0.1875411421060562, 0.37375202775001526, -0.4262189567089081, -0.39013445377349854, 0.30000001192092896, 0.29899999499320984, 0.29899999499320984, 0.19900000095367432, 1.0, 0.0, 0.8980000019073486, 0.8989999890327454, 0.8999999761581421, 0.8999999761581421, 0.8009999990463257, 0.0]","[0.18514864146709442, 0.3094117045402527, -0.15180820226669312, -0.06613615900278091, -1.149754285812378, -0.25610822439193726, 0.2068508416414261, 0.10974191129207611, -0.5135461688041687, 0.011837968602776527, -0.20026138424873352, 0.3453100025653839, -0.5284138917922974, -0.4115990698337555, 0.30000001192092896, 0.30000001192092896, 0.30000001192092896, 0.20000000298023224, 0.10000000149011612, 0.0, 0.8999999761581421, 0.8999999761581421, 0.8999999761581421, 0.8999999761581421, 0.800000011920929, 0.0]"
99,99,99,0.0064093000000866596,0.08256385499953467,True,"[0.2015507072210312, 0.17095497250556946, -0.0791078731417656, 1.0002514123916626, -0.28108999133110046, 0.09055280685424805, 0.026041721925139427, 0.25331056118011475, -0.1657298505306244, 0.02665291726589203, 1.0105098485946655, -0.04770920053124428, 0.042208440601825714, -0.04133359342813492]","[336.0, 2.0, 1.0, 5.0, 10.0, 935.0]","[2.0, 2.0, 0.0, 8.0, 0.0, 503.0]","[-0.1771443635225296, 0.2439730167388916, -0.08211012184619904, 0.5868818163871765, -1.075829267501831, -0.176673024892807, 0.016674131155014038, -0.3701878786087036, -0.42824864387512207, 0.0042310357093811035, 0.2454681247472763, 0.7013661861419678, -0.15186423063278198, -0.5537764430046082, 0.30000022053718567, 0.3000003695487976, 0.299999862909317, 0.1999998241662979, 0.10000063478946686, 0.0, 0.8710349798202515, 0.8699945211410522, 0.8699849843978882, 0.8651412725448608, 0.7648731470108032, 0.0]","[0.19155070185661316, 0.1809549778699875, -0.08211012184619904, 0.9902514219284058, -0.2910899817943573, 0.08055280894041061, 0.016674131155014038, 0.24331055581569672, -0.17572985589504242, 0.016652917489409447, 1.0005098581314087, -0.03770919889211655, 0.03220844268798828, -0.05133359134197235]","[286.0, 0.3000004291534424, 0.29999983310699463, 0.19999980926513672, 0.10000038146972656, 885.0]","[0.8710349798202515, 0.8699945211410522, 0.8699849843978882, 0.8651413917541504, 0.7648731470108032, 453.0]","[0.3386502265930176, 0.21713019907474518, -0.20546954870224, 0.13907693326473236, -1.1858031749725342, -0.07854460924863815, 0.2909889817237854, 0.24030768871307373, -0.48496565222740173, 0.014848454855382442, -0.1649269014596939, 0.3738838732242584, -0.4261949956417084, -0.3967497646808624, 0.30000001192092896, 0.29899999499320984, 0.29899999499320984, 0.19900000095367432, 1.0, 0.0, 0.8980000019073486, 0.8989999890327454, 0.8999999761581421, 0.8999999761581421, 0.8009999990463257, 0.0]","[0.1739622950553894, 0.3092566728591919, -0.16001084446907043, -0.06750715523958206, -1.1512235403060913, -0.26524996757507324, 0.21074867248535156, 0.09373585134744644, -0.5118273496627808, 0.022159205749630928, -0.19236809015274048, 0.3434571325778961, -0.5315588712692261, -0.4119322597980499, 0.30000001192092896, 0.30000001192092896, 0.30000001192092896, 0.20000000298023224, 0.10000000149011612, 0.0, 0.8999999761581421, 0.8999999761581421, 0.8999999761581421, 0.8999999761581421, 0.800000011920929, 0.0]"
100,100,100,1.6392388849999406,1.7544711000009556,True,"[0.20145483314990997, 0.17095497250556946, -0.0800066888332367, 1.0002753734588623, -0.28364264965057373, 0.09055280685424805, 0.02160755731165409, 0.25333455204963684, -0.16568191349506378, 0.026676885783672333, 1.0105098485946655, -0.046918243169784546, 0.042220424860715866, -0.04133359342813492]","[336.0, 2.0, 1.0, 5.0, 10.0, 935.0]","[2.0, 2.0, 0.0, 8.0, 0.0, 503.0]","[0.0019321627914905548, 0.16394129395484924, 0.06895481050014496, 0.9975223541259766, -1.1320931911468506, -0.3106185793876648, 0.05331584811210632, -0.01177111268043518, -0.4755348265171051, 0.02217966318130493, 0.12469270825386047, 0.3751509487628937, -0.3231793940067291, -0.3446815609931946, 0.30000025033950806, 0.30000030994415283, 0.2999999225139618, 0.19999979436397552, 0.10000033676624298, 0.0, 0.9012503623962402, 0.900860071182251, 0.900837779045105, 0.901064395904541, 0.8009028434753418, 0.0]","[0.19145482778549194, 0.16394129395484924, -0.07000669091939926, 0.9975223541259766, -0.29364264011383057, 0.08055280894041061, 0.03160755708813667, 0.2433345466852188, -0.1756819188594818, 0.02217966318130493, 1.0005098581314087, -0.03691824525594711, 0.032220423221588135, -0.05133359134197235]","[286.0, 0.30000030994415283, 0.2999999523162842, 0.19999980926513672, 0.10000038146972656, 885.0]","[0.9012503623962402, 0.900860071182251, 0.900837779045105, 0.901064395904541, 0.8009028434753418, 453.0]","[0.3158082962036133, 0.21753765642642975, -0.21873608231544495, 0.14025138318538666, -1.1873011589050293, -0.08567522466182709, 0.29173198342323303, 0.22405707836151123, -0.4853491485118866, 0.020085562020540237, -0.14731009304523468, 0.3739677369594574, -0.42614707350730896, -0.39804404973983765, 0.30000001192092896, 0.29899999499320984, 0.29899999499320984, 0.19900000095367432, 1.0, 0.0, 0.8980000019073486, 0.8989999890327454, 0.8999999761581421, 0.8999999761581421, 0.8009999990463257, 0.0]","[0.16621094942092896, 0.30974987149238586, -0.16640804708003998, -0.06802209466695786, -1.151157259941101, -0.27131617069244385, 0.21368113160133362, 0.08173199743032455, -0.512064516544342, 0.031536657363176346, -0.18793942034244537, 0.3391687273979187, -0.5331586599349976, -0.4160104990005493, 0.30000001192092896, 0.30000001192092896, 0.30000001192092896, 0.20000000298023224, 0.10000000149011612, 0.0, 0.8999999761581421, 0.8999999761581421, 0.8999999761581421, 0.8999999761581421, 0.800000011920929, 0.0]"
101,101,101,0.007994077001058031,0.14029533800021454,True,"[0.20050807297229767, 0.16598151624202728, -0.07481751590967178, 1.0008865594863892, -0.2863990068435669, 0.09055280685424805, 0.02726411260664463, 0.25331056118011475, -0.16576580703258514, 0.02761165425181389, 1.0105098485946655, -0.03870904818177223, 0.042220424860715866, -0.04146542027592659]","[336.0, 2.0, 1.0, 5.0, 10.0, 935.0]","[2.0, 1.0, 0.0, 8.0, 0.0, 503.0]","[0.004670027643442154, 0.15758423507213593, 0.07775795459747314, 1.003523826599121, -1.1423351764678955, -0.3153865337371826, 0.05716457962989807, 0.00011274218559265137, -0.4727895259857178, 0.00677606463432312, 0.11957964301109314, 0.37245234847068787, -0.3296535611152649, -0.36918526887893677, 0.30000025033950806, 0.30000030994415283, 0.2999999225139618, 0.1999998390674591, 0.10000029951334, 0.0, 0.9015788435935974, 0.9013077616691589, 0.9013076424598694, 0.9015636444091797, 0.801433265209198, 0.0]","[0.19050806760787964, 0.15758423507213593, -0.06481751799583435, 1.003523826599121, -0.29639899730682373, 0.08055280894041061, 0.03726411238312721, 0.24331055581569672, -0.17576581239700317, 0.017611654475331306, 1.0005098581314087, -0.02870904840528965, 0.032220423221588135, -0.05146542191505432]","[286.0, 0.30000030994415283, 0.2999999523162842, 0.19999980926513672, 0.10000038146972656, 885.0]","[0.9015789031982422, 0.9013077616691589, 0.9013076424598694, 0.9015636444091797, 0.801433265209198, 453.0]","[0.3019784986972809, 0.21576398611068726, -0.22777219116687775, 0.14015550911426544, -1.1874449253082275, -0.09490308165550232, 0.29167208075523376, 0.2070154994726181, -0.4854809641838074, 0.02955309860408306, -0.1300048828125, 0.37400370836257935, -0.42584747076034546, -0.39861929416656494, 0.30000001192092896, 0.29899999499320984, 0.29899999499320984, 0.19900000095367432, 1.0, 0.0, 0.8980000019073486, 0.8989999890327454, 0.8999999761581421, 0.8999999761581421, 0.8009999990463257, 0.0]","[0.15893618762493134, 0.31086474657058716, -0.17166289687156677, -0.0688209980726242, -1.1506093740463257, -0.275981068611145, 0.2157806158065796, 0.07039611786603928, -0.5131433010101318, 0.04031729698181152, -0.18339766561985016, 0.33595791459083557, -0.5349553227424622, -0.42194151878356934, 0.30000001192092896, 0.30000001192092896, 0.30000001192092896, 0.20000000298023224, 0.10000000149011612, 0.0, 0.8999999761581421, 0.8999999761581421, 0.8999999761581421, 0.8999999761581421, 0.800000011920929, 0.0]"
102,102,102,0.011418752999816206,0.15931559199998446,True,"[0.19983695447444916, 0.16261395812034607, -0.06900516897439957, 1.0032833814620972, -0.29025793075561523, 0.09052883833646774, 0.030643664300441742, 0.25328660011291504, -0.16578976809978485, 0.026856649667024612, 1.0104979276657104, -0.034394726157188416, 0.04219645634293556, -0.04152534157037735]","[336.0, 2.0, 1.0, 5.0, 10.0, 935.0]","[2.0, 1.0, 0.0, 8.0, 0.0, 503.0]","[0.01730945333838463, 0.16023056209087372, 0.07688561081886292, 0.9699863195419312, -1.1358107328414917, -0.31784960627555847, 0.05470681190490723, 0.005492568016052246, -0.4828104078769684, 0.001529306173324585, 0.05282071232795715, 0.36737948656082153, -0.34625953435897827, -0.37936675548553467, 0.30000025033950806, 0.30000028014183044, 0.2999999523162842, 0.1999998539686203, 0.1000002920627594, 0.0, 0.9005229473114014, 0.900276243686676, 0.9002770185470581, 0.9003650546073914, 0.8002307415008545, 0.0]","[0.18983694911003113, 0.16023056209087372, -0.059005171060562134, 0.9932833909988403, -0.30025792121887207, 0.08052884042263031, 0.040643662214279175, 0.243286594748497, -0.17578977346420288, 0.01685664989054203, 1.0004979372024536, -0.024394726380705833, 0.03219645470380783, -0.05152533948421478]","[286.0, 0.30000030994415283, 0.2999999523162842, 0.19999980926513672, 0.10000038146972656, 885.0]","[0.9005229473114014, 0.900276243686676, 0.9002770185470581, 0.900364875793457, 0.8002307415008545, 453.0]","[0.29120469093322754, 0.21442176401615143, -0.23279356956481934, 0.1402154415845871, -1.1874090433120728, -0.09702428430318832, 0.2917200028896332, 0.197907492518425, -0.48556485772132874, 0.039739690721035004, -0.12104067206382751, 0.3740396499633789, -0.4251164197921753, -0.39993757009506226, 0.30000001192092896, 0.29899999499320984, 0.29899999499320984, 0.19900000095367432, 1.0, 0.0, 0.8980000019073486, 0.8989999890327454, 0.8999999761581421, 0.8999999761581421, 0.8009999990463257, 0.0]","[0.14829105138778687, 0.31184980273246765, -0.1800033301115036, -0.07078654319047928, -1.1491280794143677, -0.2820552587509155, 0.22133414447307587, 0.055300839245319366, -0.5130822062492371, 0.05139670893549919, -0.17606090009212494, 0.32999593019485474, -0.5391774773597717, -0.4320151209831238, 0.30000001192092896, 0.30000001192092896, 0.30000001192092896, 0.20000000298023224, 0.10000000149011612, 0.0, 0.8999999761581421, 0.8999999761581421, 0.8999999761581421, 0.8999999761581421, 0.800000011920929, 0.0]"
103,103,103,0.01928729399878648,0.12168228699920292,True,"[0.19983695447444916, 0.15915051102638245, -0.06554172933101654, 1.0027321577072144, -0.2985270619392395, 0.0905408188700676, 0.038780953735113144, 0.25331056118011475, -0.16576580703258514, 0.02671283856034279, 1.0104979276657104, -0.03105112724006176, 0.04219645634293556, -0.04152534157037735]","[336.0, 2.0, 1.0, 5.0, 10.0, 935.0]","[2.0, 1.0, 0.0, 8.0, 0.0, 503.0]","[0.01052466407418251, 0.15442660450935364, 0.07620130479335785, 0.9843336343765259, -1.148317813873291, -0.32108521461486816, 0.05700480937957764, -0.00496220588684082, -0.477275013923645, -0.0011049509048461914, 0.08046391606330872, 0.3583868443965912, -0.34739452600479126, -0.4028143286705017, 0.30000028014183044, 0.30000025033950806, 0.29999998211860657, 0.1999998837709427, 0.10000026226043701, 0.0, 0.9008849859237671, 0.900727391242981, 0.9007426500320435, 0.9008735418319702, 0.8007670640945435, 0.0]","[0.18983694911003113, 0.15442660450935364, -0.05554173141717911, 0.9927321672439575, -0.30852705240249634, 0.08054082095623016, 0.048780955374240875, 0.24331055581569672, -0.17576581239700317, 0.016712838783860207, 1.0004979372024536, -0.021051127463579178, 0.03219645470380783, -0.05152533948421478]","[286.0, 0.3000001907348633, 0.2999999523162842, 0.19999980926513672, 0.10000038146972656, 885.0]","[0.9008849859237671, 0.900727391242981, 0.9007426500320435, 0.9008736610412598, 0.8007670640945435, 453.0]","[0.2788130044937134, 0.21533255279064178, -0.23703598976135254, 0.14010757207870483, -1.1873970031738281, -0.10256099700927734, 0.29189977049827576, 0.18667827546596527, -0.48596033453941345, 0.05300622805953026, -0.11999804526567459, 0.37368011474609375, -0.42540404200553894, -0.4036886394023895, 0.30000001192092896, 0.29899999499320984, 0.29899999499320984, 0.19900000095367432, 1.0, 0.0, 0.8980000019073486, 0.8989999890327454, 0.8999999761581421, 0.8999999761581421, 0.8009999990463257, 0.0]","[0.14356236159801483, 0.31139618158340454, -0.18452738225460052, -0.07158052921295166, -1.1477397680282593, -0.2853280305862427, 0.22358757257461548, 0.04824380204081535, -0.5110864043235779, 0.058328527957201004, -0.1714445799589157, 0.3235427439212799, -0.5421048998832703, -0.44066300988197327, 0.30000001192092896, 0.30000001192092896, 0.30000001192092896, 0.20000000298023224, 0.10000000149011612, 0.0, 0.8999999761581421, 0.8999999761581421, 0.8999999761581421, 0.8999999761581421, 0.800000011920929, 0.0]"
104,104,104,0.02031709199945908,0.14878072699866607,True,"[0.19959726929664612, 0.1576884388923645, -0.05872270464897156, 1.0023247003555298, -0.30291327834129333, 0.09055280685424805, 0.0451325923204422, 0.25331056118011475, -0.16574183106422424, 0.026640933007001877, 1.0105338096618652, -0.029229525476694107, 0.04219645634293556, -0.04158526286482811]","[336.0, 2.0, 1.0, 5.0, 10.0, 935.0]","[2.0, 1.0, 0.0, 8.0, 0.0, 503.0]","[0.02034274861216545, 0.15560263395309448, 0.07870011031627655, 0.9610458612442017, -1.146601915359497, -0.32452595233917236, 0.05492067337036133, 0.009888112545013428, -0.4805881381034851, -0.006731927394866943, 0.036948829889297485, 0.3574822247028351, -0.35558611154556274, -0.4063478708267212, 0.30000028014183044, 0.30000022053718567, 0.29999998211860657, 0.19999991357326508, 0.10000024735927582, 0.0, 0.9001655578613281, 0.9000533819198608, 0.9000737071037292, 0.9000895619392395, 0.7999828457832336, 0.0]","[0.1895972639322281, 0.15560263395309448, -0.048722706735134125, 0.992324709892273, -0.31291326880455017, 0.08055280894041061, 0.05492067337036133, 0.24331055581569672, -0.17574183642864227, 0.016640933230519295, 1.0005338191986084, -0.019229525700211525, 0.03219645470380783, -0.05158526450395584]","[286.0, 0.3000001907348633, 0.2999999523162842, 0.19999980926513672, 0.10000038146972656, 885.0]","[0.9001655578613281, 0.9000533819198608, 0.9000737071037292, 0.9000897407531738, 0.7999828457832336, 453.0]","[0.26271817088127136, 0.21576398611068726, -0.24300412833690643, 0.14013154804706573, -1.1876007318496704, -0.11243600398302078, 0.29240310192108154, 0.1687738448381424, -0.48588842153549194, 0.06753110885620117, -0.11516840755939484, 0.37330862879753113, -0.4254879355430603, -0.41159820556640625, 0.30000001192092896, 0.29899999499320984, 0.29899999499320984, 0.19900000095367432, 1.0, 0.0, 0.8980000019073486, 0.8989999890327454, 0.8999999761581421, 0.8999999761581421, 0.8009999990463257, 0.0]","[0.14114098250865936, 0.3107145130634308, -0.18798255920410156, -0.07228878140449524, -1.1457479000091553, -0.2872845232486725, 0.22498589754104614, 0.043701425194740295, -0.5085790753364563, 0.06399867683649063, -0.16729407012462616, 0.3158215880393982, -0.5450864434242249, -0.4501461386680603, 0.30000001192092896, 0.30000001192092896, 0.30000001192092896, 0.20000000298023224, 0.10000000149011612, 0.0, 0.8999999761581421, 0.8999999761581421, 0.8999999761581421, 0.8999999761581421, 0.800000011920929, 0.0]"
105,105,105,0.007465671998943435,0.11496672600151214,True,"[0.1995013952255249, 0.15595072507858276, -0.05332980304956436, 1.0020968914031982, -0.30777886509895325, 0.09055280685424805, 0.04706205427646637, 0.25326263904571533, -0.1657538264989853, 0.026569027453660965, 1.0105098485946655, -0.027156254276633263, 0.04219645634293556, -0.04158526286482811]","[336.0, 2.0, 1.0, 4.0, 10.0, 935.0]","[2.0, 1.0, 0.0, 8.0, 0.0, 503.0]","[0.015704315155744553, 0.1522819697856903, 0.08270379900932312, 0.9721856117248535, -1.1494686603546143, -0.3269449770450592, 0.05623146891593933, 0.0093747079372406, -0.4778936207294464, -0.013813167810440063, 0.04956933856010437, 0.3502204418182373, -0.35812652111053467, -0.41618043184280396, 0.30000028014183044, 0.30000022053718567, 0.29999998211860657, 0.19999992847442627, 0.10000021755695343, 0.0, 0.9007183313369751, 0.9006971120834351, 0.9007343053817749, 0.9008206725120544, 0.8007382154464722, 0.0]","[0.18950138986110687, 0.1522819697856903, -0.04332980513572693, 0.9920969009399414, -0.3177788555622101, 0.08055280894041061, 0.05623146891593933, 0.2432626336812973, -0.17575383186340332, 0.016569027677178383, 1.0005098581314087, -0.01715625450015068, 0.03219645470380783, -0.05158526450395584]","[286.0, 0.3000001907348633, 0.2999999523162842, 0.19999980926513672, 0.10000038146972656, 885.0]","[0.9007183313369751, 0.9006971120834351, 0.9007343053817749, 0.9008207321166992, 0.8007382154464722, 453.0]","[0.24786972999572754, 0.2157520055770874, -0.24923592805862427, 0.14038321375846863, -1.1875169277191162, -0.11616309732198715, 0.2929064631462097, 0.15859924256801605, -0.4858285188674927, 0.07504522055387497, -0.10914033651351929, 0.37294909358024597, -0.4254879355430603, -0.41920819878578186, 0.30000001192092896, 0.29899999499320984, 0.29899999499320984, 0.19900000095367432, 1.0, 0.0, 0.8980000019073486, 0.8989999890327454, 0.8999999761581421, 0.8999999761581421, 0.8009999990463257, 0.0]","[0.1378956437110901, 0.31061258912086487, -0.19343028962612152, -0.07151559740304947, -1.1440778970718384, -0.29247432947158813, 0.22350184619426727, 0.03720898553729057, -0.5077213644981384, 0.06967908889055252, -0.15863487124443054, 0.3033347427845001, -0.5529866218566895, -0.47168731689453125, 0.30000001192092896, 0.30000001192092896, 0.30000001192092896, 0.20000000298023224, 0.10000000149011612, 0.0, 0.8999999761581421, 0.8999999761581421, 0.8999999761581421, 0.8999999761581421, 0.800000011920929, 0.0]"
106,106,106,0.01657952099958493,0.1321111059987743,True,"[0.19918981194496155, 0.1558188945055008, -0.04754142090678215, 1.0020370483398438, -0.3148016333580017, 0.09055280685424805, 0.048895638436079025, 0.25331056118011475, -0.1657538264989853, 0.02647315338253975, 1.0104979276657104, -0.02479536272585392, 0.042208440601825714, -0.04165716841816902]","[336.0, 2.0, 1.0, 4.0, 10.0, 935.0]","[2.0, 1.0, 0.0, 8.0, 0.0, 503.0]","[0.022291798144578934, 0.15410016477108002, 0.07762230932712555, 0.9495701789855957, -1.1477551460266113, -0.3260968327522278, 0.05762395262718201, 0.016497492790222168, -0.4815213084220886, -0.008781909942626953, 0.030934065580368042, 0.3511098623275757, -0.35731369256973267, -0.414039671421051, 0.30000028014183044, 0.30000022053718567, 0.29999998211860657, 0.19999991357326508, 0.10000023990869522, 0.0, 0.8996647000312805, 0.8995897769927979, 0.8996173143386841, 0.8995406031608582, 0.7994449734687805, 0.0]","[0.18918980658054352, 0.15410016477108002, -0.03754141926765442, 0.9920370578765869, -0.32480162382125854, 0.08055280894041061, 0.05762395262718201, 0.24331055581569672, -0.17575383186340332, 0.016473153606057167, 1.0004979372024536, -0.014795362949371338, 0.03220844268798828, -0.05165717005729675]","[286.0, 0.3000001907348633, 0.2999999523162842, 0.19999980926513672, 0.10000038146972656, 885.0]","[0.8996646404266357, 0.8995897769927979, 0.8996173143386841, 0.8995404243469238, 0.7994449734687805, 453.0]","[0.2400440275669098, 0.21619541943073273, -0.2536221444606781, 0.14046710729599, -1.1864622831344604, -0.11845207959413528, 0.2932899296283722, 0.15481221675872803, -0.48584049940109253, 0.07983890920877457, -0.10241718590259552, 0.37158289551734924, -0.4255838096141815, -0.42552387714385986, 0.30000001192092896, 0.29899999499320984, 0.29899999499320984, 0.19900000095367432, 1.0, 0.0, 0.8980000019073486, 0.8989999890327454, 0.8999999761581421, 0.8999999761581421, 0.8009999990463257, 0.0]","[0.1355372667312622, 0.3104424476623535, -0.19675469398498535, -0.07027573138475418, -1.1429096460342407, -0.2951299846172333, 0.22237639129161835, 0.032926034182310104, -0.5069348216056824, 0.07198705524206161, -0.15377983450889587, 0.29541388154029846, -0.5542122721672058, -0.48600468039512634, 0.30000001192092896, 0.30000001192092896, 0.30000001192092896, 0.20000000298023224, 0.10000000149011612, 0.0, 0.8999999761581421, 0.8999999761581421, 0.8999999761581421, 0.8999999761581421, 0.800000011920929, 0.0]"
107,107,107,0.0098133899991808,0.089785923000818,True,"[0.19875837862491608, 0.15515977144241333, -0.04500076547265053, 1.0019770860671997, -0.32112929224967957, 0.0905408188700676, 0.0490274652838707, 0.2532386779785156, -0.165777787566185, 0.026449184864759445, 1.0105218887329102, -0.021871211007237434, 0.042208440601825714, -0.04165716841816902]","[336.0, 2.0, 1.0, 4.0, 10.0, 935.0]","[2.0, 1.0, 0.0, 8.0, 0.0, 503.0]","[0.01908285543322563, 0.15283530950546265, 0.08184605836868286, 0.9659138917922974, -1.1456412076950073, -0.32498037815093994, 0.05920270085334778, 0.0210207998752594, -0.4742744565010071, -0.012674421072006226, 0.055003821849823, 0.3573223650455475, -0.3494011163711548, -0.40366849303245544, 0.30000028014183044, 0.30000022053718567, 0.29999998211860657, 0.19999991357326508, 0.10000024735927582, 0.0, 0.9001256823539734, 0.9000177383422852, 0.9000457525253296, 0.9000409841537476, 0.799939751625061, 0.0]","[0.18875837326049805, 0.15283530950546265, -0.0350007638335228, 0.9919770956039429, -0.3311292827129364, 0.08054082095623016, 0.05902746319770813, 0.2432386726140976, -0.17577779293060303, 0.016449185088276863, 1.0005218982696533, -0.011871211230754852, 0.03220844268798828, -0.05165717005729675]","[286.0, 0.3000001907348633, 0.2999999523162842, 0.19999980926513672, 0.10000038146972656, 885.0]","[0.9001257419586182, 0.9000177383422852, 0.9000457525253296, 0.9000411033630371, 0.799939751625061, 453.0]","[0.2344713658094406, 0.21675868332386017, -0.25675004720687866, 0.14047908782958984, -1.1854196786880493, -0.12325775623321533, 0.2932659685611725, 0.14998257160186768, -0.485768586397171, 0.08496815711259842, -0.09492705017328262, 0.36833515763282776, -0.4256197512149811, -0.4379635155200958, 0.30000001192092896, 0.29899999499320984, 0.29899999499320984, 0.19900000095367432, 1.0, 0.0, 0.8980000019073486, 0.8989999890327454, 0.8999999761581421, 0.8999999761581421, 0.8009999990463257, 0.0]","[0.13180343806743622, 0.30950647592544556, -0.20140574872493744, -0.0673227459192276, -1.1420637369155884, -0.29956042766571045, 0.2186964601278305, 0.026547301560640335, -0.5049432516098022, 0.07313302904367447, -0.14562584459781647, 0.275992214679718, -0.5549799203872681, -0.5181392431259155, 0.30000001192092896, 0.30000001192092896, 0.30000001192092896, 0.20000000298023224, 0.10000000149011612, 0.0, 0.8999999761581421, 0.8999999761581421, 0.8999999761581421, 0.8999999761581421, 0.800000011920929, 0.0]"
108,108,108,0.011548680000487366,0.1274969219994091,True,"[0.19856663048267365, 0.15481221675872803, -0.03990747034549713, 1.0019891262054443, -0.3247605264186859, 0.09055280685424805, 0.04959072545170784, 0.25326263904571533, -0.16576580703258514, 0.02641323208808899, 1.0105218887329102, -0.019090870395302773, 0.042208440601825714, -0.04169312119483948]","[336.0, 2.0, 1.0, 4.0, 10.0, 935.0]","[2.0, 1.0, 0.0, 8.0, 0.0, 503.0]","[0.022595029324293137, 0.1520148664712906, 0.07638683915138245, 0.9486733675003052, -1.1479947566986084, -0.3271980583667755, 0.05914011597633362, 0.017656326293945312, -0.48058950901031494, -0.011832654476165771, 0.03171089291572571, 0.34794294834136963, -0.35741305351257324, -0.4203234612941742, 0.30000028014183044, 0.3000001907348633, 0.30000001192092896, 0.19999992847442627, 0.10000022500753403, 0.0, 0.8994262218475342, 0.8993856906890869, 0.899419903755188, 0.899296224117279, 0.7992099523544312, 0.0]","[0.18856662511825562, 0.1520148664712906, -0.02990747056901455, 0.9919891357421875, -0.33476051688194275, 0.08055280894041061, 0.05914011597633362, 0.2432626336812973, -0.17576581239700317, 0.016413232311606407, 1.0005218982696533, -0.00909087061882019, 0.03220844268798828, -0.05169311910867691]","[286.0, 0.3000001907348633, 0.30000001192092896, 0.19999980926513672, 0.10000038146972656, 885.0]","[0.8994262218475342, 0.8993856906890869, 0.899419903755188, 0.8992962837219238, 0.7992099523544312, 453.0]","[0.22567494213581085, 0.2203179895877838, -0.26292192935943604, 0.1404431313276291, -1.18537175655365, -0.13425926864147186, 0.2930862009525299, 0.14480538666248322, -0.48561277985572815, 0.08835969120264053, -0.08791627734899521, 0.34876492619514465, -0.426111102104187, -0.4663781225681305, 0.30000001192092896, 0.29899999499320984, 0.29899999499320984, 0.19900000095367432, 1.0, 0.0, 0.8980000019073486, 0.8989999890327454, 0.8999999761581421, 0.8999999761581421, 0.8009999990463257, 0.0]","[0.1262551248073578, 0.30771738290786743, -0.20926807820796967, -0.06376584619283676, -1.1389092206954956, -0.3070096969604492, 0.21591369807720184, 0.019735338166356087, -0.5013535618782043, 0.0688207671046257, -0.12559103965759277, 0.2353714108467102, -0.5455710291862488, -0.5957212448120117, 0.30000001192092896, 0.30000001192092896, 0.30000001192092896, 0.20000000298023224, 0.10000000149011612, 0.0, 0.8999999761581421, 0.8999999761581421, 0.8999999761581421, 0.8999999761581421, 0.800000011920929, 0.0]"
109,109,109,0.00756539899884956,0.09230804599974363,True,"[0.1980273425579071, 0.1546204686164856, -0.03576092794537544, 1.001941204071045, -0.3290029466152191, 0.09055280685424805, 0.050405651330947876, 0.2532386779785156, -0.1657298505306244, 0.02642521634697914, 1.0105338096618652, -0.01738911122083664, 0.04219645634293556, -0.04170510545372963]","[336.0, 2.0, 1.0, 4.0, 10.0, 935.0]","[2.0, 1.0, 0.0, 8.0, 0.0, 503.0]","[0.02037649229168892, 0.15123198926448822, 0.07504160702228546, 0.9341256618499756, -1.1577765941619873, -0.33295899629592896, 0.06262922286987305, 0.019030094146728516, -0.47622066736221313, -0.0051901936531066895, 0.046373218297958374, 0.3294691741466522, -0.3610943853855133, -0.4338916540145874, 0.30000028014183044, 0.3000001907348633, 0.30000001192092896, 0.19999994337558746, 0.10000019520521164, 0.0, 0.8995988368988037, 0.8996151089668274, 0.8996551632881165, 0.8995540738105774, 0.7994842529296875, 0.0]","[0.18802733719348907, 0.15123198926448822, -0.02576092816889286, 0.9919412136077881, -0.33900293707847595, 0.08055280894041061, 0.06040564924478531, 0.2432386726140976, -0.17572985589504242, 0.01642521657049656, 1.0005338191986084, -0.007389111444354057, 0.03219645470380783, -0.05170510709285736]","[286.0, 0.3000001907348633, 0.30000001192092896, 0.20000004768371582, 0.10000038146972656, 885.0]","[0.8995988368988037, 0.8996151089668274, 0.8996551632881165, 0.8995542526245117, 0.7994842529296875, 453.0]","[0.22267888486385345, 0.22035394608974457, -0.2629339098930359, 0.1404910683631897, -1.185443639755249, -0.13750700652599335, 0.29307422041893005, 0.14322347939014435, -0.48566073179244995, 0.08887501806020737, -0.08742492645978928, 0.34018421173095703, -0.4260871410369873, -0.48067528009414673, 0.30000001192092896, 0.29899999499320984, 0.29899999499320984, 0.19900000095367432, 1.0, 0.0, 0.8980000019073486, 0.8989999890327454, 0.8999999761581421, 0.8999999761581421, 0.8009999990463257, 0.0]","[0.12510380148887634, 0.30697113275527954, -0.21032117307186127, -0.06372147053480148, -1.1382821798324585, -0.30816081166267395, 0.21599364280700684, 0.018190717324614525, -0.5004163384437561, 0.06724587827920914, -0.12082675099372864, 0.2271086573600769, -0.5442337989807129, -0.6099302768707275, 0.30000001192092896, 0.30000001192092896, 0.30000001192092896, 0.20000000298023224, 0.10000000149011612, 0.0, 0.8999999761581421, 0.8999999761581421, 0.8999999761581421, 0.8999999761581421, 0.800000011920929, 0.0]"
110,110,110,0.0039547549986309605,0.12769287700029963,True,"[0.1979314684867859, 0.1541171371936798, -0.0300923902541399, 1.0019291639328003, -0.3342280685901642, 0.09055280685424805, 0.050633352249860764, 0.2532386779785156, -0.165777787566185, 0.02636529505252838, 1.0105218887329102, -0.016178704798221588, 0.04219645634293556, -0.04175304248929024]","[336.0, 2.0, 1.0, 4.0, 10.0, 935.0]","[2.0, 1.0, 0.0, 8.0, 0.0, 503.0]","[0.020933199673891068, 0.15223950147628784, 0.07277803122997284, 0.9345568418502808, -1.1520416736602783, -0.327859103679657, 0.06133967638015747, 0.020941048860549927, -0.4768770635128021, -0.006055861711502075, 0.043418705463409424, 0.34530022740364075, -0.35814163088798523, -0.4223487377166748, 0.30000028014183044, 0.30000022053718567, 0.30000001192092896, 0.19999992847442627, 0.10000023245811462, 0.0, 0.899248480796814, 0.8991856575012207, 0.899219274520874, 0.8990668058395386, 0.798973798751831, 0.0]","[0.18793146312236786, 0.15223950147628784, -0.020092390477657318, 0.9919291734695435, -0.344228059053421, 0.08055280894041061, 0.060633353888988495, 0.2432386726140976, -0.17577779293060303, 0.0163652952760458, 1.0005218982696533, -0.006178705021739006, 0.03219645470380783, -0.05175304412841797]","[286.0, 0.3000001907348633, 0.30000001192092896, 0.19999980926513672, 0.10000038146972656, 885.0]","[0.899248480796814, 0.8991856575012207, 0.899219274520874, 0.8990669250488281, 0.798973798751831, 453.0]","[0.2181248813867569, 0.2204977571964264, -0.2628380358219147, 0.14055100083351135, -1.185910940170288, -0.1434391885995865, 0.2931341528892517, 0.13902899622917175, -0.4839589595794678, 0.08976184576749802, -0.08191218227148056, 0.31257256865501404, -0.42607516050338745, -0.5202112197875977, 0.30000001192092896, 0.29899999499320984, 0.29899999499320984, 0.19900000095367432, 1.0, 0.0, 0.8980000019073486, 0.8989999890327454, 0.8999999761581421, 0.8999999761581421, 0.8009999990463257, 0.0]","[0.12050818651914597, 0.3048344850540161, -0.2145444005727768, -0.06643553823232651, -1.1364121437072754, -0.31151241064071655, 0.21841716766357422, 0.008582157082855701, -0.49688720703125, 0.061720360070466995, -0.10253996402025223, 0.19639405608177185, -0.5405471920967102, -0.6816014647483826, 0.30000001192092896, 0.30000001192092896, 0.30000001192092896, 0.20000000298023224, 0.10000000149011612, 0.0, 0.8999999761581421, 0.8999999761581421, 0.8999999761581421, 0.8999999761581421, 0.800000011920929, 0.0]"
111,111,111,0.020508290999714518,0.135548956999628,True,"[0.1976797878742218, 0.15405721962451935, -0.026209499686956406, 1.001893162727356, -0.3390696942806244, 0.0905408188700676, 0.05110073462128639, 0.2532506585121155, -0.1657298505306244, 0.026377279311418533, 1.0105218887329102, -0.014393054880201817, 0.04219645634293556, -0.04177701100707054]","[336.0, 2.0, 1.0, 4.0, 10.0, 935.0]","[2.0, 1.0, 0.0, 8.0, 0.0, 503.0]","[0.02242858335375786, 0.14941172301769257, 0.08057639002799988, 0.9623817205429077, -1.1514499187469482, -0.3295767307281494, 0.06272751092910767, 0.029580295085906982, -0.46951934695243835, -0.015621840953826904, 0.06292322278022766, 0.35291141271591187, -0.34961727261543274, -0.4157394468784332, 0.30000028014183044, 0.30000022053718567, 0.29999998211860657, 0.19999992847442627, 0.10000021755695343, 0.0, 0.8998218178749084, 0.899785041809082, 0.8998231291770935, 0.8997571468353271, 0.7996768951416016, 0.0]","[0.18767978250980377, 0.14941172301769257, -0.016209499910473824, 0.9918931722640991, -0.3490696847438812, 0.08054082095623016, 0.061100736260414124, 0.24325065314769745, -0.17572985589504242, 0.01637727953493595, 1.0005218982696533, -0.0043930551037192345, 0.03219645470380783, -0.05177701264619827]","[286.0, 0.3000001907348633, 0.2999999523162842, 0.19999980926513672, 0.10000038146972656, 885.0]","[0.8998217582702637, 0.899785041809082, 0.8998231291770935, 0.8997573852539062, 0.7996768951416016, 453.0]","[0.2118571400642395, 0.2206176072359085, -0.2628380358219147, 0.1405869424343109, -1.185910940170288, -0.1473820060491562, 0.2931341528892517, 0.12857875227928162, -0.48271259665489197, 0.09074455499649048, -0.06916096061468124, 0.28436169028282166, -0.4262669086456299, -0.5643491744995117, 0.30000001192092896, 0.29899999499320984, 0.29899999499320984, 0.19900000095367432, 1.0, 0.0, 0.8980000019073486, 0.8989999890327454, 0.8999999761581421, 0.8999999761581421, 0.8009999990463257, 0.0]","[0.12018037587404251, 0.3024252951145172, -0.218998521566391, -0.06771282106637955, -1.1335313320159912, -0.3157828450202942, 0.21865656971931458, 0.003679990768432617, -0.4911527931690216, 0.05774357169866562, -0.09714342653751373, 0.18141521513462067, -0.5401634573936462, -0.7098813652992249, 0.30000001192092896, 0.30000001192092896, 0.30000001192092896, 0.20000000298023224, 0.10000000149011612, 0.0, 0.8999999761581421, 0.8999999761581421, 0.8999999761581421, 0.8999999761581421, 0.800000011920929, 0.0]"
112,112,112,0.015166212999247364,0.12413255499996012,True,"[0.19754797220230103, 0.1525232344865799, -0.019690081477165222, 1.001893162727356, -0.34502583742141724, 0.09055280685424805, 0.05143629387021065, 0.25326263904571533, -0.16576580703258514, 0.02630537375807762, 1.0105338096618652, -0.01224787812680006, 0.042208440601825714, -0.041836928576231]","[336.0, 2.0, 1.0, 4.0, 10.0, 935.0]","[2.0, 1.0, 0.0, 8.0, 0.0, 503.0]","[0.015571687370538712, 0.14934644103050232, 0.07403615117073059, 0.9504945278167725, -1.1550794839859009, -0.32942941784858704, 0.06777828931808472, 0.02550351619720459, -0.464762806892395, -0.007843375205993652, 0.08024081587791443, 0.3553442060947418, -0.34814393520355225, -0.41643017530441284, 0.30000028014183044, 0.30000022053718567, 0.29999998211860657, 0.19999991357326508, 0.10000023245811462, 0.0, 0.8997758626937866, 0.8996996879577637, 0.899738609790802, 0.8996607065200806, 0.7995724081993103, 0.0]","[0.187547966837883, 0.14934644103050232, -0.00969008170068264, 0.9918931722640991, -0.3550258278846741, 0.08055280894041061, 0.06143629550933838, 0.2432626336812973, -0.17576581239700317, 0.01630537398159504, 1.0005338191986084, -0.002247878350317478, 0.03220844268798828, -0.051836930215358734]","[286.0, 0.3000001907348633, 0.2999999523162842, 0.19999980926513672, 0.10000038146972656, 885.0]","[0.8997758626937866, 0.8996996879577637, 0.899738609790802, 0.899660587310791, 0.7995724081993103, 453.0]","[0.20410333573818207, 0.2206176072359085, -0.26382073760032654, 0.14055100083351135, -1.1858271360397339, -0.147525817155838, 0.2931581139564514, 0.11785287410020828, -0.48005211353302, 0.09122392535209656, -0.060927800834178925, 0.2614598274230957, -0.4266384243965149, -0.6090143322944641, 0.30000001192092896, 0.29899999499320984, 0.29899999499320984, 0.19900000095367432, 1.0, 0.0, 0.8980000019073486, 0.8989999890327454, 0.8999999761581421, 0.8999999761581421, 0.8009999990463257, 0.0]","[0.11987000703811646, 0.300611287355423, -0.22317230701446533, -0.06803872436285019, -1.1312164068222046, -0.3200969696044922, 0.2192436307668686, 0.000252155790803954, -0.4865758419036865, 0.05535252392292023, -0.09413906931877136, 0.16669465601444244, -0.5401124954223633, -0.7353756427764893, 0.30000001192092896, 0.30000001192092896, 0.30000001192092896, 0.20000000298023224, 0.10000000149011612, 0.0, 0.8999999761581421, 0.8999999761581421, 0.8999999761581421, 0.8999999761581421, 0.800000011920929, 0.0]"
113,113,113,0.016370280000046478,0.11409990600077435,True,"[0.19734424352645874, 0.15206784009933472, -0.014189322479069233, 1.0018812417984009, -0.35026293992996216, 0.09055280685424805, 0.05164002627134323, 0.2532746195793152, -0.16574183106422424, 0.026329342275857925, 1.0105218887329102, -0.01065397635102272, 0.04219645634293556, -0.04186089709401131]","[336.0, 2.0, 1.0, 4.0, 10.0, 935.0]","[2.0, 1.0, 0.0, 8.0, 0.0, 503.0]","[0.02128700539469719, 0.1512824445962906, 0.07049666345119476, 0.9252192974090576, -1.1541954278945923, -0.33176523447036743, 0.06566125154495239, 0.03994828462600708, -0.46884676814079285, -0.0048475563526153564, 0.06695610284805298, 0.34120774269104004, -0.35266807675361633, -0.4192968010902405, 0.30000028014183044, 0.30000022053718567, 0.29999998211860657, 0.19999991357326508, 0.10000022500753403, 0.0, 0.8995733261108398, 0.8994948863983154, 0.8995298147201538, 0.8994282484054565, 0.7993322014808655, 0.0]","[0.1873442381620407, 0.1512824445962906, -0.004189322702586651, 0.991881251335144, -0.360262930393219, 0.08055280894041061, 0.061640024185180664, 0.24327461421489716, -0.17574183642864227, 0.016329342499375343, 1.0005218982696533, -0.0006539765745401382, 0.03219645470380783, -0.05186089873313904]","[286.0, 0.3000001907348633, 0.2999999523162842, 0.19999980926513672, 0.10000038146972656, 885.0]","[0.8995733261108398, 0.8994948863983154, 0.8995298147201538, 0.8994283676147461, 0.7993322014808655, 453.0]","[0.1974281221628189, 0.22064156830310822, -0.26412034034729004, 0.14052702486515045, -1.1857552528381348, -0.1486762911081314, 0.2931341528892517, 0.1043706163764, -0.4746951758861542, 0.09117598831653595, -0.05971739441156387, 0.24771393835544586, -0.4268062114715576, -0.6442359685897827, 0.30000001192092896, 0.29899999499320984, 0.29899999499320984, 0.19900000095367432, 1.0, 0.0, 0.8980000019073486, 0.8989999890327454, 0.8999999761581421, 0.8999999761581421, 0.8009999990463257, 0.0]","[0.11975903064012527, 0.3006085455417633, -0.2231893539428711, -0.0679856464266777, -1.1311709880828857, -0.3201669156551361, 0.21928419172763824, 0.00019237629021517932, -0.48642945289611816, 0.055605318397283554, -0.09426859021186829, 0.16583667695522308, -0.5399962067604065, -0.7362549304962158, 0.30000001192092896, 0.30000001192092896, 0.30000001192092896, 0.20000000298023224, 0.10000000149011612, 0.0, 0.8999999761581421, 0.8999999761581421, 0.8999999761581421, 0.8999999761581421, 0.800000011920929, 0.0]"
114,114,114,0.016746854000302847,0.12245832100052212,True,"[0.19723637402057648, 0.15207982063293457, -0.008976184763014317, 1.0018572807312012, -0.3546731472015381, 0.09055280685424805, 0.052083443850278854, 0.2532746195793152, -0.1657538264989853, 0.02630537375807762, 1.0105098485946655, -0.008412926457822323, 0.042220424860715866, -0.04193280264735222]","[336.0, 2.0, 1.0, 4.0, 10.0, 935.0]","[2.0, 1.0, 0.0, 8.0, 0.0, 503.0]","[0.02091456577181816, 0.15086546540260315, 0.0685884952545166, 0.9310691356658936, -1.1530896425247192, -0.33073675632476807, 0.06702882051467896, 0.030709415674209595, -0.4706178307533264, -0.007494539022445679, 0.05278825759887695, 0.3394734561443329, -0.3577978014945984, -0.42935046553611755, 0.30000028014183044, 0.30000022053718567, 0.29999998211860657, 0.19999991357326508, 0.10000023990869522, 0.0, 0.899535059928894, 0.8994340300559998, 0.8994681239128113, 0.8993582725524902, 0.7992618083953857, 0.0]","[0.18723636865615845, 0.15086546540260315, 0.0010238150134682655, 0.9918572902679443, -0.3646731376647949, 0.08055280894041061, 0.062083445489406586, 0.24327461421489716, -0.17575383186340332, 0.01630537398159504, 1.0005098581314087, 0.0015870733186602592, 0.032220423221588135, -0.05193280428647995]","[286.0, 0.3000001907348633, 0.2999999523162842, 0.19999980926513672, 0.10000038146972656, 885.0]","[0.899535059928894, 0.8994340300559998, 0.8994681239128113, 0.8993582725524902, 0.7992618083953857, 453.0]","[0.19352127611637115, 0.2206176072359085, -0.264384001493454, 0.14052702486515045, -1.1857792139053345, -0.1504739373922348, 0.29314613342285156, 0.0923384577035904, -0.4705486297607422, 0.09117598831653595, -0.05621800199151039, 0.2349507361650467, -0.42704588174819946, -0.6680606603622437, 0.30000001192092896, 0.29899999499320984, 0.29899999499320984, 0.19900000095367432, 1.0, 0.0, 0.8980000019073486, 0.8989999890327454, 0.8999999761581421, 0.8999999761581421, 0.8009999990463257, 0.0]","[0.12169268727302551, 0.2954750061035156, -0.23366455733776093, -0.07328397035598755, -1.126028299331665, -0.33142584562301636, 0.2225068360567093, -0.008620049804449081, -0.476982444524765, 0.047128479927778244, -0.09687347710132599, 0.1452723741531372, -0.5395250916481018, -0.7736225128173828, 0.30000001192092896, 0.30000001192092896, 0.30000001192092896, 0.20000000298023224, 0.10000000149011612, 0.0, 0.8999999761581421, 0.8999999761581421, 0.8999999761581421, 0.8999999761581421, 0.800000011920929, 0.0]"
115,115,115,0.00727947000086715,0.10911062500053959,True,"[0.1971285194158554, 0.15207982063293457, -0.00635163951665163, 1.0019171237945557, -0.3585440516471863, 0.09055280685424805, 0.05243098363280296, 0.25326263904571533, -0.1657538264989853, 0.02629338949918747, 1.0105098485946655, -0.004769721534103155, 0.04219645634293556, -0.04193280264735222]","[336.0, 2.0, 1.0, 5.0, 10.0, 935.0]","[3.0, 1.0, 0.0, 8.0, 0.0, 503.0]","[0.025529753416776657, 0.15150032937526703, 0.07513496279716492, 0.9344778060913086, -1.1508071422576904, -0.33276286721229553, 0.06849536299705505, 0.0412011444568634, -0.4700610041618347, -0.01445731520652771, 0.049246639013290405, 0.3479835093021393, -0.3561190962791443, -0.42336419224739075, 0.30000028014183044, 0.30000022053718567, 0.29999998211860657, 0.19999992847442627, 0.10000022500753403, 0.0, 0.899158239364624, 0.8991096615791321, 0.8991516828536987, 0.898975133895874, 0.7988858222961426, 0.0]","[0.18712851405143738, 0.15150032937526703, 0.0036483602598309517, 0.9919171333312988, -0.3685440421104431, 0.08055280894041061, 0.062430985271930695, 0.2432626336812973, -0.17575383186340332, 0.016293389722704887, 1.0005098581314087, 0.005230278242379427, 0.03219645470380783, -0.05193280428647995]","[286.0, 0.3000001907348633, 0.2999999523162842, 0.19999980926513672, 0.10000038146972656, 885.0]","[0.899158239364624, 0.8991096615791321, 0.8991516828536987, 0.8989753723144531, 0.7988858222961426, 453.0]","[0.18925487995147705, 0.22073744237422943, -0.2687702178955078, 0.14050306379795074, -1.1857792139053345, -0.15513579547405243, 0.2931581139564514, 0.083673857152462, -0.47014114260673523, 0.09070859849452972, -0.055882442742586136, 0.2249918431043625, -0.4270099401473999, -0.692700207233429, 0.30000001192092896, 0.29899999499320984, 0.29899999499320984, 0.19900000095367432, 1.0, 0.0, 0.8980000019073486, 0.8989999890327454, 0.8999999761581421, 0.8999999761581421, 0.8009999990463257, 0.0010000000474974513]","[0.12065750360488892, 0.2937800884246826, -0.24031655490398407, -0.07022766023874283, -1.1283154487609863, -0.3399134576320648, 0.21943852305412292, -0.017250671982765198, -0.47444525361061096, 0.041193343698978424, -0.09129329770803452, 0.1438995599746704, -0.5406357049942017, -0.7747082114219666, 0.30000001192092896, 0.30000001192092896, 0.30000001192092896, 0.20000000298023224, 0.10000000149011612, 0.0, 0.8999999761581421, 0.8999999761581421, 0.8999999761581421, 0.8999999761581421, 0.800000011920929, 0.0]"
116,116,116,0.00798121300067578,0.10289583300072991,True,"[0.19704462587833405, 0.15207982063293457, -0.001270327833481133, 1.0018812417984009, -0.36309805512428284, 0.09055280685424805, 0.052622731775045395, 0.2532746195793152, -0.1657538264989853, 0.026269420981407166, 1.0105218887329102, 0.00355931487865746, 0.042208440601825714, -0.04200470820069313]","[336.0, 2.0, 1.0, 4.0, 10.0, 935.0]","[2.0, 1.0, 0.0, 8.0, 0.0, 503.0]","[0.020782191306352615, 0.14893753826618195, 0.07256902754306793, 0.93718421459198, -1.158504843711853, -0.33875322341918945, 0.07022005319595337, 0.024584829807281494, -0.4727976620197296, -0.00804215669631958, 0.046904802322387695, 0.34336572885513306, -0.35551077127456665, -0.43134286999702454, 0.30000028014183044, 0.3000001609325409, 0.30000001192092896, 0.19999997317790985, 0.10000018030405045, 0.0, 0.8988270163536072, 0.8988820314407349, 0.8989379405975342, 0.8986983895301819, 0.7986300587654114, 0.0]","[0.18704462051391602, 0.14893753826618195, 0.008729672059416771, 0.991881251335144, -0.3730980455875397, 0.08055280894041061, 0.06262273341417313, 0.24327461421489716, -0.17575383186340332, 0.016269421204924583, 1.0005218982696533, 0.013559314422309399, 0.03220844268798828, -0.05200470983982086]","[286.0, 0.3000001907348633, 0.30000001192092896, 0.20000004768371582, 0.10000038146972656, 885.0]","[0.898827075958252, 0.8988820314407349, 0.8989379405975342, 0.8986983299255371, 0.7986300587654114, 453.0]","[0.18817630410194397, 0.2205696702003479, -0.27442678809165955, 0.1405150443315506, -1.1856952905654907, -0.16214656829833984, 0.293110191822052, 0.0782330259680748, -0.46978163719177246, 0.09068462997674942, -0.055822521448135376, 0.2162793129682541, -0.42722564935684204, -0.7149309515953064, 0.30000001192092896, 0.29899999499320984, 0.29899999499320984, 0.19900000095367432, 1.0, 0.0, 0.8980000019073486, 0.8989999890327454, 0.8999999761581421, 0.8999999761581421, 0.8009999990463257, 0.0010000000474974513]","[0.11983931809663773, 0.2927836775779724, -0.24147097766399384, -0.06873329728841782, -1.1294163465499878, -0.34081462025642395, 0.2183573991060257, -0.02132708579301834, -0.4739506244659424, 0.039719775319099426, -0.08634651452302933, 0.1466832011938095, -0.5395936965942383, -0.7659885883331299, 0.30000001192092896, 0.30000001192092896, 0.30000001192092896, 0.20000000298023224, 0.10000000149011612, 0.0, 0.8999999761581421, 0.8999999761581421, 0.8999999761581421, 0.8999999761581421, 0.800000011920929, 0.0]"
117,117,117,0.014098009998633643,0.1049864839988004,True,"[0.1968528777360916, 0.1519719660282135, 0.003882888937368989, 1.0018812417984009, -0.3675202429294586, 0.09055280685424805, 0.05464806780219078, 0.2532506585121155, -0.1657538264989853, 0.026257436722517014, 1.0105218887329102, 0.006902913562953472, 0.042208440601825714, -0.04206462949514389]","[336.0, 2.0, 1.0, 4.0, 10.0, 935.0]","[2.0, 1.0, 0.0, 8.0, 0.0, 503.0]","[0.013308040797710419, 0.1500093936920166, 0.06949494779109955, 0.9387370347976685, -1.1553212404251099, -0.33248066902160645, 0.07469716668128967, 0.030086904764175415, -0.46245408058166504, -0.009537190198898315, 0.07943585515022278, 0.3536807894706726, -0.35232120752334595, -0.42055559158325195, 0.30000028014183044, 0.30000025033950806, 0.29999998211860657, 0.19999989867210388, 0.10000026226043701, 0.0, 0.8995247483253479, 0.899377703666687, 0.8994136452674866, 0.8992977142333984, 0.7991902828216553, 0.0]","[0.18685287237167358, 0.1500093936920166, 0.013882888481020927, 0.991881251335144, -0.37752023339271545, 0.08055280894041061, 0.06464806944131851, 0.24325065314769745, -0.17575383186340332, 0.01625743694603443, 1.0005218982696533, 0.01690291240811348, 0.03220844268798828, -0.05206462740898132]","[286.0, 0.3000001907348633, 0.2999999523162842, 0.19999980926513672, 0.10000038146972656, 885.0]","[0.8995246887207031, 0.899377703666687, 0.8994136452674866, 0.8992977142333984, 0.7991902828216553, 453.0]","[0.18823622167110443, 0.22062958776950836, -0.27809393405914307, 0.14055100083351135, -1.1857192516326904, -0.1658736616373062, 0.2931341528892517, 0.07558450847864151, -0.4692783057689667, 0.09044494479894638, -0.05424060299992561, 0.21599169075489044, -0.4274653196334839, -0.7236195206642151, 0.30000001192092896, 0.29899999499320984, 0.29899999499320984, 0.19900000095367432, 1.0, 0.0, 0.8980000019073486, 0.8989999890327454, 0.8999999761581421, 0.8999999761581421, 0.8009999990463257, 0.0]","[0.11899013817310333, 0.2912965416908264, -0.24407492578029633, -0.06952456384897232, -1.1292959451675415, -0.34133782982826233, 0.21964673697948456, -0.028701048344373703, -0.4731994569301605, 0.04245857894420624, -0.0809905007481575, 0.14115118980407715, -0.5352829694747925, -0.7636111974716187, 0.30000001192092896, 0.30000001192092896, 0.30000001192092896, 0.20000000298023224, 0.10000000149011612, 0.0, 0.8999999761581421, 0.8999999761581421, 0.8999999761581421, 0.8999999761581421, 0.800000011920929, 0.0]"
118,118,118,0.004551321000690223,0.10400774600020668,True,"[0.19666112959384918, 0.15188807249069214, 0.008748484775424004, 1.0019052028656006, -0.3723379075527191, 0.09055280685424805, 0.05914214998483658, 0.2532506585121155, -0.16574183106422424, 0.026257436722517014, 1.0105218887329102, 0.010270480997860432, 0.042208440601825714, -0.0421125665307045]","[336.0, 2.0, 1.0, 5.0, 10.0, 935.0]","[2.0, 1.0, 0.0, 8.0, 0.0, 503.0]","[0.02688462659716606, 0.1514497846364975, 0.06838898360729218, 0.915804922580719, -1.1540391445159912, -0.33773308992385864, 0.06990852952003479, 0.04880589246749878, -0.46934473514556885, -0.007216423749923706, 0.06420990824699402, 0.3336670994758606, -0.359086811542511, -0.4304555654525757, 0.30000028014183044, 0.3000001907348633, 0.29999998211860657, 0.19999992847442627, 0.10000021010637283, 0.0, 0.8991808295249939, 0.8991566896438599, 0.8991998434066772, 0.8990291953086853, 0.7989426255226135, 0.0]","[0.18666112422943115, 0.1514497846364975, 0.018748484551906586, 0.9919052124023438, -0.38233789801597595, 0.08055280894041061, 0.06914214789867401, 0.24325065314769745, -0.17574183642864227, 0.01625743694603443, 1.0005218982696533, 0.02027048170566559, 0.03220844268798828, -0.05211256444454193]","[286.0, 0.3000001907348633, 0.2999999523162842, 0.19999980926513672, 0.10000038146972656, 885.0]","[0.8991808891296387, 0.8991566896438599, 0.8991998434066772, 0.8990292549133301, 0.7989426255226135, 453.0]","[0.18884742259979248, 0.22094117105007172, -0.28381043672561646, 0.14057496190071106, -1.1857432126998901, -0.17317205667495728, 0.29314613342285156, 0.06888532638549805, -0.46833154559135437, 0.09044494479894638, -0.04464123770594597, 0.21594375371932983, -0.4276091456413269, -0.7283293008804321, 0.30000001192092896, 0.29899999499320984, 0.29899999499320984, 0.19900000095367432, 1.0, 0.0, 0.8980000019073486, 0.8989999890327454, 0.8999999761581421, 0.8999999761581421, 0.8009999990463257, 0.0]","[0.11842173337936401, 0.29100045561790466, -0.245702862739563, -0.07283297181129456, -1.1290364265441895, -0.3402937650680542, 0.22201736271381378, -0.0325111486017704, -0.4733308255672455, 0.046216193586587906, -0.08032318204641342, 0.13228294253349304, -0.5307499170303345, -0.7680395245552063, 0.30000001192092896, 0.30000001192092896, 0.30000001192092896, 0.20000000298023224, 0.10000000149011612, 0.0, 0.8999999761581421, 0.8999999761581421, 0.8999999761581421, 0.8999999761581421, 0.800000011920929, 0.0]"
119,119,119,0.0211055479994684,0.1441104549994634,True,"[0.19649335741996765, 0.15198394656181335, 0.012691294774413109, 1.0018692016601562, -0.37485459446907043, 0.09055280685424805, 0.0668240413069725, 0.25328660011291504, -0.1657538264989853, 0.026257436722517014, 1.0105338096618652, 0.012918994762003422, 0.04219645634293556, -0.042220424860715866]","[336.0, 2.0, 1.0, 4.0, 10.0, 935.0]","[2.0, 1.0, 0.0, 8.0, 0.0, 503.0]","[0.023433644324541092, 0.15415984392166138, 0.0645144134759903, 0.901471734046936, -1.1502621173858643, -0.33308058977127075, 0.0711580216884613, 0.0387173593044281, -0.4714322090148926, -0.004601806402206421, 0.04462742805480957, 0.32985347509384155, -0.3646366000175476, -0.43372678756713867, 0.30000028014183044, 0.30000022053718567, 0.30000001192092896, 0.19999991357326508, 0.10000023990869522, 0.0, 0.8987622857093811, 0.8986696600914001, 0.8987063765525818, 0.8984708189964294, 0.7983680963516235, 0.0]","[0.18649335205554962, 0.15415984392166138, 0.02269129455089569, 0.9918692111968994, -0.38485458493232727, 0.08055280894041061, 0.0711580216884613, 0.243286594748497, -0.17575383186340332, 0.01625743694603443, 1.0005338191986084, 0.02291899546980858, 0.03219645470380783, -0.0522204264998436]","[286.0, 0.3000001907348633, 0.30000001192092896, 0.19999980926513672, 0.10000038146972656, 885.0]","[0.8987622261047363, 0.8986696600914001, 0.8987063765525818, 0.8984708786010742, 0.7983680963516235, 453.0]","[0.18767297267913818, 0.22094117105007172, -0.28895166516304016, 0.14050306379795074, -1.1857311725616455, -0.17737852036952972, 0.2931341528892517, 0.0643552914261818, -0.4673967659473419, 0.09045693278312683, -0.04080628603696823, 0.21583589911460876, -0.42757317423820496, -0.7321043610572815, 0.30000001192092896, 0.29899999499320984, 0.29899999499320984, 0.19900000095367432, 1.0, 0.0, 0.8980000019073486, 0.8989999890327454, 0.8999999761581421, 0.8999999761581421, 0.8009999990463257, 0.0]","[0.11825581640005112, 0.2917652726173401, -0.24865330755710602, -0.0787673145532608, -1.1292916536331177, -0.3409139811992645, 0.22501757740974426, -0.03704336658120155, -0.47517266869544983, 0.051111843436956406, -0.08589020371437073, 0.12270290404558182, -0.5184443593025208, -0.7731855511665344, 0.30000001192092896, 0.30000001192092896, 0.30000001192092896, 0.20000000298023224, 0.10000000149011612, 0.0, 0.8999999761581421, 0.8999999761581421, 0.8999999761581421, 0.8999999761581421, 0.800000011920929, 0.0]"
120,120,120,0.016623379999145982,0.11606923900035326,True,"[0.19637350738048553, 0.15203188359737396, 0.017904432490468025, 1.0018692016601562, -0.37707164883613586, 0.09055280685424805, 0.0673753172159195, 0.25326263904571533, -0.1657538264989853, 0.02624545246362686, 1.0105338096618652, 0.016945693641901016, 0.042208440601825714, -0.04224439337849617]","[336.0, 2.0, 1.0, 5.0, 10.0, 935.0]","[2.0, 1.0, 0.0, 8.0, 0.0, 503.0]","[0.02184101566672325, 0.1505565196275711, 0.06409868597984314, 0.911168098449707, -1.1549696922302246, -0.3381952941417694, 0.07274135947227478, 0.04010462760925293, -0.46532267332077026, -0.0061134397983551025, 0.06381675601005554, 0.33407747745513916, -0.3588106334209442, -0.439022958278656, 0.30000028014183044, 0.3000001907348633, 0.30000001192092896, 0.19999992847442627, 0.10000022500753403, 0.0, 0.8986972570419312, 0.8986496329307556, 0.8986955881118774, 0.8984435796737671, 0.7983490228652954, 0.0]","[0.1863735020160675, 0.1505565196275711, 0.027904432266950607, 0.9918692111968994, -0.3870716392993927, 0.08055280894041061, 0.07274135947227478, 0.2432626336812973, -0.17575383186340332, 0.01624545268714428, 1.0005338191986084, 0.0269456934183836, 0.03220844268798828, -0.0522443950176239]","[286.0, 0.3000001907348633, 0.30000001192092896, 0.19999980926513672, 0.10000038146972656, 885.0]","[0.8986972570419312, 0.8986496329307556, 0.8986955881118774, 0.8984436988830566, 0.7983490228652954, 453.0]","[0.18363428115844727, 0.22090522944927216, -0.2948358952999115, 0.14041917026042938, -1.1857311725616455, -0.18124942481517792, 0.29314613342285156, 0.058590877801179886, -0.46731287240982056, 0.09051685035228729, -0.04073438048362732, 0.21257618069648743, -0.427489310503006, -0.7380365133285522, 0.30000001192092896, 0.29899999499320984, 0.29899999499320984, 0.19900000095367432, 1.0, 0.0, 0.8980000019073486, 0.8989999890327454, 0.8999999761581421, 0.8999999761581421, 0.8009999990463257, 0.0]","[0.11616281419992447, 0.2920909821987152, -0.25031185150146484, -0.08070249855518341, -1.1291896104812622, -0.3413478434085846, 0.22487972676753998, -0.041055940091609955, -0.47661784291267395, 0.05115705356001854, -0.08347927778959274, 0.11581646651029587, -0.5139496326446533, -0.7785699963569641, 0.30000001192092896, 0.30000001192092896, 0.30000001192092896, 0.20000000298023224, 0.10000000149011612, 0.0, 0.8999999761581421, 0.8999999761581421, 0.8999999761581421, 0.8999999761581421, 0.800000011920929, 0.0]"
121,121,121,0.01622524800040992,0.10997979599960672,True,"[0.1961338371038437, 0.1519959270954132, 0.023848608136177063, 1.0018692016601562, -0.37967222929000854, 0.09055280685424805, 0.06828611344099045, 0.25326263904571533, -0.1657298505306244, 0.026257436722517014, 1.0105338096618652, 0.0201694518327713, 0.042208440601825714, -0.042508047074079514]","[336.0, 2.0, 1.0, 4.0, 10.0, 935.0]","[2.0, 1.0, 0.0, 8.0, 0.0, 503.0]","[0.02162693813443184, 0.15043705701828003, 0.06851011514663696, 0.9198052883148193, -1.155793309211731, -0.33908331394195557, 0.0741843581199646, 0.04284188151359558, -0.46355149149894714, -0.008020073175430298, 0.06878575682640076, 0.3422718048095703, -0.35753607749938965, -0.4305095672607422, 0.30000028014183044, 0.3000001907348633, 0.30000001192092896, 0.19999992847442627, 0.10000021010637283, 0.0, 0.8983225226402283, 0.8982937335968018, 0.8983428478240967, 0.8980199098587036, 0.7979364395141602, 0.0]","[0.18613383173942566, 0.15043705701828003, 0.033848606050014496, 0.9918692111968994, -0.3896722197532654, 0.08055280894041061, 0.0741843581199646, 0.2432626336812973, -0.17572985589504242, 0.01625743694603443, 1.0005338191986084, 0.030169451609253883, 0.03220844268798828, -0.052508048713207245]","[286.0, 0.3000001907348633, 0.30000001192092896, 0.19999980926513672, 0.10000038146972656, 885.0]","[0.898322582244873, 0.8982937335968018, 0.8983428478240967, 0.8980197906494141, 0.7979364395141602, 453.0]","[0.17834924161434174, 0.2207973599433899, -0.29971349239349365, 0.1404431313276291, -1.1857671737670898, -0.18223212659358978, 0.29314613342285156, 0.053881075233221054, -0.4673488438129425, 0.09048090130090714, -0.04048271104693413, 0.20264126360416412, -0.42734548449516296, -0.7458502650260925, 0.30000001192092896, 0.29899999499320984, 0.29899999499320984, 0.19900000095367432, 1.0, 0.0, 0.8980000019073486, 0.8989999890327454, 0.8999999761581421, 0.8999999761581421, 0.8009999990463257, 0.0]","[0.1135222464799881, 0.2910866141319275, -0.2514563798904419, -0.08053921908140182, -1.1284962892532349, -0.3419710397720337, 0.22508327662944794, -0.04458913207054138, -0.47595691680908203, 0.05092649161815643, -0.07926357537508011, 0.1137181743979454, -0.5096566677093506, -0.7810481190681458, 0.30000001192092896, 0.30000001192092896, 0.30000001192092896, 0.20000000298023224, 0.10000000149011612, 0.0, 0.8999999761581421, 0.8999999761581421, 0.8999999761581421, 0.8999999761581421, 0.800000011920929, 0.0]"
122,122,122,0.010578281999187311,0.11089608899965242,True,"[0.1958821564912796, 0.1519719660282135, 0.029205556958913803, 1.001893162727356, -0.38373488187789917, 0.09055280685424805, 0.06910104304552078, 0.2532506585121155, -0.16578976809978485, 0.026221483945846558, 1.0105098485946655, 0.022542327642440796, 0.04223240911960602, -0.04308329150080681]","[336.0, 2.0, 1.0, 4.0, 10.0, 935.0]","[2.0, 1.0, 0.0, 8.0, 0.0, 503.0]","[0.01964663341641426, 0.1522628664970398, 0.0586044043302536, 0.9000846743583679, -1.152248501777649, -0.3386443257331848, 0.07423102855682373, 0.0448327362537384, -0.4623115658760071, 0.0015290677547454834, 0.09007608890533447, 0.3367728888988495, -0.3560253977775574, -0.4258822798728943, 0.30000028014183044, 0.3000001907348633, 0.29999998211860657, 0.19999992847442627, 0.10000021755695343, 0.0, 0.8993330001831055, 0.8992894291877747, 0.8993364572525024, 0.8991895914077759, 0.7990925908088684, 0.0]","[0.18588215112686157, 0.1522628664970398, 0.039205558598041534, 0.9918931722640991, -0.393734872341156, 0.08055280894041061, 0.07423102855682373, 0.24325065314769745, -0.17578977346420288, 0.016221484169363976, 1.0005098581314087, 0.03254232555627823, 0.032232411205768585, -0.05308329313993454]","[286.0, 0.3000001907348633, 0.2999999523162842, 0.19999980926513672, 0.10000038146972656, 885.0]","[0.8993330001831055, 0.8992894291877747, 0.8993364572525024, 0.8991894721984863, 0.7990925908088684, 453.0]","[0.17190173268318176, 0.22042585909366608, -0.3028174042701721, 0.1404910683631897, -1.1858869791030884, -0.18224410712718964, 0.2931581139564514, 0.049315087497234344, -0.46731287240982056, 0.09048090130090714, -0.040422793477773666, 0.1941564381122589, -0.4273335039615631, -0.74903804063797, 0.30000001192092896, 0.29899999499320984, 0.29899999499320984, 0.19900000095367432, 1.0, 0.0, 0.8980000019073486, 0.8989999890327454, 0.8999999761581421, 0.8999999761581421, 0.8009999990463257, 0.0]","[0.11151216924190521, 0.29222702980041504, -0.2528025507926941, -0.0811392217874527, -1.130314588546753, -0.3444116413593292, 0.2248307466506958, -0.04794372245669365, -0.4766647517681122, 0.053425878286361694, -0.07496098428964615, 0.11451107263565063, -0.5058850646018982, -0.7857811450958252, 0.30000001192092896, 0.30000001192092896, 0.30000001192092896, 0.20000000298023224, 0.10000000149011612, 0.0, 0.8999999761581421, 0.8999999761581421, 0.8999999761581421, 0.8999999761581421, 0.800000011920929, 0.0]"
123,123,123,0.017218547000084072,0.10160618600093585,True,"[0.19566644728183746, 0.1519959270954132, 0.03148255869746208, 1.0018572807312012, -0.3891637325286865, 0.0905408188700676, 0.06929279118776321, 0.2532506585121155, -0.1657538264989853, 0.02623346820473671, 1.0105098485946655, 0.02594584785401821, 0.042208440601825714, -0.043958138674497604]","[336.0, 2.0, 1.0, 4.0, 10.0, 935.0]","[2.0, 1.0, 0.0, 8.0, 0.0, 503.0]","[0.015998896211385727, 0.15264029800891876, 0.056432291865348816, 0.8979229927062988, -1.154097318649292, -0.340335488319397, 0.0774030089378357, 0.03937956690788269, -0.45892515778541565, -0.00039139389991760254, 0.09187838435173035, 0.34365925192832947, -0.3580275774002075, -0.43080970644950867, 0.30000028014183044, 0.3000001907348633, 0.29999998211860657, 0.19999991357326508, 0.10000023245811462, 0.0, 0.8989306688308716, 0.8988430500030518, 0.8988862037658691, 0.8986709713935852, 0.7985701560974121, 0.0]","[0.18566644191741943, 0.15264029800891876, 0.04148256033658981, 0.9918572902679443, -0.39916372299194336, 0.08054082095623016, 0.0774030089378357, 0.24325065314769745, -0.17575383186340332, 0.016233468428254128, 1.0005098581314087, 0.03594584763050079, 0.03220844268798828, -0.053958140313625336]","[286.0, 0.3000001907348633, 0.2999999523162842, 0.19999980926513672, 0.10000038146972656, 885.0]","[0.8989306688308716, 0.8988430500030518, 0.8988862037658691, 0.8986711502075195, 0.7985701560974121, 453.0]","[0.16401611268520355, 0.21985061466693878, -0.3036443293094635, 0.14040718972682953, -1.185899019241333, -0.18224410712718964, 0.2931341528892517, 0.045048702508211136, -0.4672050178050995, 0.09260211139917374, -0.0378941185772419, 0.1937130093574524, -0.4267582595348358, -0.7493975758552551, 0.30000001192092896, 0.29899999499320984, 0.29899999499320984, 0.19900000095367432, 1.0, 0.0, 0.8980000019073486, 0.8989999890327454, 0.8999999761581421, 0.8999999761581421, 0.8009999990463257, 0.0]","[0.10814156383275986, 0.2911723554134369, -0.25289568305015564, -0.08029143512248993, -1.1305110454559326, -0.3457200825214386, 0.2224624752998352, -0.05044887587428093, -0.4747698903083801, 0.0558391772210598, -0.06617942452430725, 0.12153173238039017, -0.49546629190444946, -0.792997419834137, 0.30000001192092896, 0.30000001192092896, 0.30000001192092896, 0.20000000298023224, 0.10000000149011612, 0.0, 0.8999999761581421, 0.8999999761581421, 0.8999999761581421, 0.8999999761581421, 0.800000011920929, 0.0]"
124,124,124,0.01244730299913499,0.13580001999980595,True,"[0.19547469913959503, 0.15203188359737396, 0.03385543450713158, 1.0019052028656006, -0.3934900462627411, 0.09055280685424805, 0.07044327259063721, 0.2532506585121155, -0.16576580703258514, 0.026209499686956406, 1.0105338096618652, 0.027407923713326454, 0.04219645634293556, -0.04671451076865196]","[336.0, 2.0, 1.0, 4.0, 10.0, 935.0]","[2.0, 1.0, 0.0, 8.0, 0.0, 503.0]","[0.013097845017910004, 0.15098294615745544, 0.05895000696182251, 0.9097827672958374, -1.1583313941955566, -0.34487611055374146, 0.08259010314941406, 0.029932141304016113, -0.4606815576553345, -0.0038837194442749023, 0.08210635185241699, 0.3483302593231201, -0.35794374346733093, -0.4337714910507202, 0.30000028014183044, 0.3000001907348633, 0.29999998211860657, 0.19999992847442627, 0.10000023245811462, 0.0, 0.8983997702598572, 0.8983268737792969, 0.8983761668205261, 0.8980674743652344, 0.7979708909988403, 0.0]","[0.185474693775177, 0.15098294615745544, 0.04385543614625931, 0.9919052124023438, -0.4034900367259979, 0.08055280894041061, 0.08044327050447464, 0.24325065314769745, -0.17576581239700317, 0.016209499910473824, 1.0005338191986084, 0.037407923489809036, 0.03219645470380783, -0.056714512407779694]","[286.0, 0.3000001907348633, 0.2999999523162842, 0.19999980926513672, 0.10000038146972656, 885.0]","[0.898399829864502, 0.8983268737792969, 0.8983761668205261, 0.8980674743652344, 0.7979708909988403, 453.0]","[0.15880297124385834, 0.21985061466693878, -0.3036203384399414, 0.14046710729599, -1.1859469413757324, -0.18223212659358978, 0.2931581139564514, 0.040638506412506104, -0.46706122159957886, 0.09269798547029495, -0.03230947256088257, 0.19370102882385254, -0.4249366521835327, -0.7499608397483826, 0.30000001192092896, 0.29899999499320984, 0.29899999499320984, 0.19900000095367432, 1.0, 0.0, 0.8980000019073486, 0.8989999890327454, 0.8999999761581421, 0.8999999761581421, 0.8009999990463257, 0.0]","[0.10541021823883057, 0.29100900888442993, -0.253434419631958, -0.0795309990644455, -1.1298961639404297, -0.34565049409866333, 0.2210080474615097, -0.05301300436258316, -0.47115492820739746, 0.05912192165851593, -0.05734875425696373, 0.11949668079614639, -0.4920818507671356, -0.7987198829650879, 0.30000001192092896, 0.30000001192092896, 0.30000001192092896, 0.20000000298023224, 0.10000000149011612, 0.0, 0.8999999761581421, 0.8999999761581421, 0.8999999761581421, 0.8999999761581421, 0.800000011920929, 0.0]"
125,125,125,0.015991247000783915,0.11244515800171939,True,"[0.19512715935707092, 0.1519479900598526, 0.03804991394281387, 1.001893162727356, -0.3957550823688507, 0.09055280685424805, 0.07190535217523575, 0.25326263904571533, -0.1657538264989853, 0.026209499686956406, 1.0105338096618652, 0.029277462512254715, 0.042208440601825714, -0.048835717141628265]","[336.0, 2.0, 1.0, 4.0, 10.0, 935.0]","[3.0, 1.0, 0.0, 8.0, 0.0, 503.0]","[0.010606348514556885, 0.15482097864151, 0.05163300037384033, 0.8785638213157654, -1.1578590869903564, -0.3400965929031372, 0.08457005023956299, 0.031485795974731445, -0.45763152837753296, 0.00627407431602478, 0.09632933139801025, 0.342730849981308, -0.3589341640472412, -0.43322914838790894, 0.30000028014183044, 0.30000022053718567, 0.29999998211860657, 0.19999989867210388, 0.10000026971101761, 0.0, 0.8983932733535767, 0.8982170224189758, 0.8982536196708679, 0.8979513645172119, 0.7978332042694092, 0.0]","[0.1851271539926529, 0.15482097864151, 0.048049911856651306, 0.9918931722640991, -0.40575507283210754, 0.08055280894041061, 0.08190535008907318, 0.2432626336812973, -0.17575383186340332, 0.016209499910473824, 1.0005338191986084, 0.039277464151382446, 0.03220844268798828, -0.0588357150554657]","[286.0, 0.3000001907348633, 0.2999999523162842, 0.19999980926513672, 0.10000038146972656, 885.0]","[0.8983931541442871, 0.8982170224189758, 0.8982536196708679, 0.8979511260986328, 0.7978332042694092, 453.0]","[0.15650199353694916, 0.21985061466693878, -0.3036203384399414, 0.1404431313276291, -1.185958981513977, -0.18229204416275024, 0.29314613342285156, 0.036911413073539734, -0.4667975604534149, 0.09269798547029495, -0.02599378488957882, 0.19355721771717072, -0.4248647391796112, -0.7503323554992676, 0.30000001192092896, 0.29899999499320984, 0.29899999499320984, 0.19900000095367432, 1.0, 0.0, 0.8980000019073486, 0.8989999890327454, 0.8999999761581421, 0.8999999761581421, 0.8009999990463257, 0.0]","[0.10416219383478165, 0.29094982147216797, -0.2541124224662781, -0.07985000312328339, -1.1291298866271973, -0.34589189291000366, 0.22107188403606415, -0.054218411445617676, -0.469634085893631, 0.06114940717816353, -0.054096825420856476, 0.11646868288516998, -0.48983728885650635, -0.803898274898529, 0.30000001192092896, 0.30000001192092896, 0.30000001192092896, 0.20000000298023224, 0.10000000149011612, 0.0, 0.8999999761581421, 0.8999999761581421, 0.8999999761581421, 0.8999999761581421, 0.800000011920929, 0.0]"
126,126,126,0.010481559998879675,0.11711291699975845,True,"[0.19488747417926788, 0.15204386413097382, 0.04099803417921066, 1.0019052028656006, -0.396929532289505, 0.09055280685424805, 0.0734393298625946, 0.2532506585121155, -0.1657298505306244, 0.026209499686956406, 1.0105098485946655, 0.030895331874489784, 0.042208440601825714, -0.049854375422000885]","[336.0, 2.0, 1.0, 4.0, 10.0, 935.0]","[2.0, 1.0, 0.0, 8.0, 0.0, 503.0]","[0.009354624897241592, 0.15417861938476562, 0.04999810457229614, 0.877721905708313, -1.1609749794006348, -0.34395384788513184, 0.08670085668563843, 0.03418084979057312, -0.45273178815841675, 0.0028250813484191895, 0.10702794790267944, 0.3418372869491577, -0.36015084385871887, -0.44070321321487427, 0.30000025033950806, 0.30000022053718567, 0.29999998211860657, 0.1999998837709427, 0.1000002771615982, 0.0, 0.8979458808898926, 0.8977564573287964, 0.8977932929992676, 0.8974148035049438, 0.7972948551177979, 0.0]","[0.18488746881484985, 0.15417861938476562, 0.04999810457229614, 0.9919052124023438, -0.40692952275276184, 0.08055280894041061, 0.08343932777643204, 0.24325065314769745, -0.17572985589504242, 0.016209499910473824, 1.0005098581314087, 0.040895331650972366, 0.03220844268798828, -0.05985437333583832]","[286.0, 0.3000001907348633, 0.2999999523162842, 0.19999980926513672, 0.10000038146972656, 885.0]","[0.8979458808898926, 0.8977564573287964, 0.8977932929992676, 0.8974146842956543, 0.7972948551177979, 453.0]","[0.15086941421031952, 0.21982663869857788, -0.3036203384399414, 0.14046710729599, -1.1859350204467773, -0.18231602013111115, 0.2931581139564514, 0.02865428291261196, -0.46546730399131775, 0.09267401695251465, -0.008904279209673405, 0.19354523718357086, -0.4223121106624603, -0.7556653022766113, 0.30000001192092896, 0.29899999499320984, 0.29899999499320984, 0.19900000095367432, 1.0, 0.0, 0.8980000019073486, 0.8989999890327454, 0.8999999761581421, 0.8999999761581421, 0.8009999990463257, 0.0]","[0.10229216516017914, 0.29190465807914734, -0.2576247453689575, -0.0828619971871376, -1.127593994140625, -0.3478969633579254, 0.22216713428497314, -0.05676404759287834, -0.46588462591171265, 0.06440690904855728, -0.04706917703151703, 0.11176403611898422, -0.4787345826625824, -0.8137997984886169, 0.30000001192092896, 0.30000001192092896, 0.30000001192092896, 0.20000000298023224, 0.10000000149011612, 0.0, 0.8999999761581421, 0.8999999761581421, 0.8999999761581421, 0.8999999761581421, 0.800000011920929, 0.0]"
127,127,127,0.010959997998725157,0.1113607459992636,True,"[0.19469572603702545, 0.15213973820209503, 0.04265185818076134, 1.001893162727356, -0.3981519043445587, 0.09055280685424805, 0.07560847699642181, 0.2532386779785156, -0.1657538264989853, 0.026209499686956406, 1.0105338096618652, 0.03825364634394646, 0.04219645634293556, -0.05093295872211456]","[336.0, 2.0, 1.0, 4.0, 10.0, 935.0]","[2.0, 1.0, 0.0, 8.0, 0.0, 503.0]","[0.0008767098188400269, 0.15304598212242126, 0.04683306813240051, 0.8866711854934692, -1.1606417894363403, -0.34671834111213684, 0.09084689617156982, 0.02275747060775757, -0.4479272961616516, 0.0054427385330200195, 0.1377662718296051, 0.3531571626663208, -0.35220983624458313, -0.4364292621612549, 0.30000025033950806, 0.30000022053718567, 0.29999998211860657, 0.1999998837709427, 0.1000002771615982, 0.0, 0.8994243741035461, 0.8992322087287903, 0.8992764949798584, 0.8991387486457825, 0.7990143895149231, 0.0]","[0.18469572067260742, 0.15304598212242126, 0.04683306813240051, 0.9918931722640991, -0.40815189480781555, 0.08055280894041061, 0.08560847491025925, 0.2432386726140976, -0.17575383186340332, 0.016209499910473824, 1.0005338191986084, 0.04825364798307419, 0.03219645470380783, -0.060932956635951996]","[286.0, 0.3000001907348633, 0.2999999523162842, 0.19999980926513672, 0.10000038146972656, 885.0]","[0.8994243144989014, 0.8992322087287903, 0.8992764949798584, 0.8991389274597168, 0.7990143895149231, 453.0]","[0.14689065515995026, 0.21988657116889954, -0.3036203384399414, 0.1404431313276291, -1.1858869791030884, -0.18233998119831085, 0.29314613342285156, 0.023752734065055847, -0.4637056291103363, 0.0926859974861145, 0.005452822428196669, 0.1935092806816101, -0.41661959886550903, -0.7637906074523926, 0.30000001192092896, 0.29899999499320984, 0.29899999499320984, 0.19900000095367432, 1.0, 0.0, 0.8980000019073486, 0.8989999890327454, 0.8999999761581421, 0.8999999761581421, 0.8009999990463257, 0.0]","[0.10193947702646255, 0.2910999059677124, -0.2590605318546295, -0.08694060146808624, -1.12389075756073, -0.3480750024318695, 0.22376121580600739, -0.058437760919332504, -0.46267929673194885, 0.06851159036159515, -0.04082050919532776, 0.11386151611804962, -0.4822901487350464, -0.8123345375061035, 0.30000001192092896, 0.30000001192092896, 0.30000001192092896, 0.20000000298023224, 0.10000000149011612, 0.0, 0.8999999761581421, 0.8999999761581421, 0.8999999761581421, 0.8999999761581421, 0.800000011920929, 0.0]"
128,128,128,0.0108541099998547,0.1101189399996656,True,"[0.1943122297525406, 0.15209180116653442, 0.04289154335856438, 1.0018692016601562, -0.39901477098464966, 0.09055280685424805, 0.08231963962316513, 0.2532386779785156, -0.1657538264989853, 0.02623346820473671, 1.0105338096618652, 0.044988781213760376, 0.042220424860715866, -0.052442967891693115]","[336.0, 2.0, 1.0, 4.0, 10.0, 935.0]","[2.0, 1.0, 0.0, 8.0, 0.0, 503.0]","[0.003973189741373062, 0.15460935235023499, 0.04542236030101776, 0.8746642470359802, -1.1609838008880615, -0.3485572040081024, 0.09041592478752136, 0.024775326251983643, -0.4523169994354248, 0.007375150918960571, 0.11651033163070679, 0.3494161069393158, -0.3560779392719269, -0.44139784574508667, 0.30000025033950806, 0.3000001907348633, 0.29999998211860657, 0.19999991357326508, 0.10000026226043701, 0.0, 0.8967710137367249, 0.896633505821228, 0.8966796398162842, 0.8960983753204346, 0.7959910035133362, 0.0]","[0.18431222438812256, 0.15460935235023499, 0.04542236030101776, 0.9918692111968994, -0.4090147614479065, 0.08055280894041061, 0.09041592478752136, 0.2432386726140976, -0.17575383186340332, 0.016233468428254128, 1.0005338191986084, 0.05498877912759781, 0.032220423221588135, -0.06244296580553055]","[286.0, 0.3000001907348633, 0.2999999523162842, 0.19999980926513672, 0.10000038146972656, 885.0]","[0.8967709541320801, 0.896633505821228, 0.8966796398162842, 0.8960981369018555, 0.7959910035133362, 453.0]","[0.14487729966640472, 0.21988657116889954, -0.3036443293094635, 0.14040718972682953, -1.185839056968689, -0.18250776827335358, 0.29314613342285156, 0.01883920282125473, -0.4621836245059967, 0.0926859974861145, 0.01690974272787571, 0.1935092806816101, -0.4147500693798065, -0.7690157294273376, 0.30000001192092896, 0.29899999499320984, 0.29899999499320984, 0.19900000095367432, 1.0, 0.0, 0.8980000019073486, 0.8989999890327454, 0.8999999761581421, 0.8999999761581421, 0.8009999990463257, 0.0]","[0.097801573574543, 0.2920915186405182, -0.26234906911849976, -0.08965713530778885, -1.1226074695587158, -0.34974679350852966, 0.2261367291212082, -0.064647376537323, -0.4631465971469879, 0.07272858917713165, -0.03634825348854065, 0.11610400676727295, -0.48343780636787415, -0.8110625743865967, 0.30000001192092896, 0.30000001192092896, 0.30000001192092896, 0.20000000298023224, 0.10000000149011612, 0.0, 0.8999999761581421, 0.8999999761581421, 0.8999999761581421, 0.8999999761581421, 0.800000011920929, 0.0]"
129,129,129,0.010687358999348362,0.10042469900145079,True,"[0.19400063157081604, 0.15212775766849518, 0.04277170076966286, 1.0018812417984009, -0.4005247950553894, 0.09055280685424805, 0.08700547367334366, 0.2532506585121155, -0.16571786999702454, 0.026221483945846558, 1.0104858875274658, 0.04822452366352081, 0.04219645634293556, -0.05475592613220215]","[336.0, 2.0, 1.0, 4.0, 10.0, 935.0]","[2.0, 1.0, 0.0, 8.0, 0.0, 503.0]","[-0.0016384907066822052, 0.15348559617996216, 0.04373793303966522, 0.8809784650802612, -1.1624419689178467, -0.351315975189209, 0.09585314989089966, 0.015844672918319702, -0.45114031434059143, 0.008951753377914429, 0.1251775622367859, 0.3537028133869171, -0.3546367585659027, -0.44438666105270386, 0.30000025033950806, 0.30000022053718567, 0.29999998211860657, 0.19999989867210388, 0.10000026226043701, 0.0, 0.8975692391395569, 0.89742511510849, 0.8974771499633789, 0.8970229625701904, 0.7969132661819458, 0.0]","[0.184000626206398, 0.15348559617996216, 0.04373793303966522, 0.991881251335144, -0.41052478551864624, 0.08055280894041061, 0.09585314989089966, 0.24325065314769745, -0.17571787536144257, 0.016221484169363976, 1.000485897064209, 0.058224521577358246, 0.03219645470380783, -0.06475592404603958]","[286.0, 0.3000001907348633, 0.2999999523162842, 0.19999980926513672, 0.10000038146972656, 885.0]","[0.8975691795349121, 0.89742511510849, 0.8974771499633789, 0.8970232009887695, 0.7969132661819458, 453.0]","[0.14130599796772003, 0.21986259520053864, -0.30383604764938354, 0.14035925269126892, -1.1858031749725342, -0.1829032450914383, 0.2931581139564514, 0.013278521597385406, -0.461931973695755, 0.09269798547029495, 0.024519724771380424, 0.1935092806816101, -0.4133838713169098, -0.770993173122406, 0.30000001192092896, 0.29899999499320984, 0.29899999499320984, 0.19900000095367432, 1.0, 0.0, 0.8980000019073486, 0.8989999890327454, 0.8999999761581421, 0.8999999761581421, 0.8009999990463257, 0.0]","[0.09051939100027084, 0.29252108931541443, -0.26717281341552734, -0.08927662670612335, -1.1220909357070923, -0.35138657689094543, 0.22662121057510376, -0.07689645141363144, -0.46443745493888855, 0.07986921072006226, -0.029543206095695496, 0.11654680222272873, -0.4803313910961151, -0.8099233508110046, 0.30000001192092896, 0.30000001192092896, 0.30000001192092896, 0.20000000298023224, 0.10000000149011612, 0.0, 0.8999999761581421, 0.8999999761581421, 0.8999999761581421, 0.8999999761581421, 0.800000011920929, 0.0]"
130,130,130,0.006268623001233209,0.12962087800042355,True,"[0.19372500479221344, 0.15212775766849518, 0.042579952627420425, 1.001893162727356, -0.4024063050746918, 0.0905647873878479, 0.08941430598497391, 0.2532027065753937, -0.1657538264989853, 0.02618553303182125, 1.0105098485946655, 0.04987834393978119, 0.042208440601825714, -0.05700895935297012]","[336.0, 2.0, 1.0, 4.0, 10.0, 935.0]","[2.0, 1.0, 0.0, 8.0, 0.0, 503.0]","[-0.01044343039393425, 0.15292951464653015, 0.04141741991043091, 0.8821097612380981, -1.1639989614486694, -0.34921976923942566, 0.09596496820449829, 0.0032029449939727783, -0.44778013229370117, 0.008879661560058594, 0.1348397433757782, 0.36270299553871155, -0.3528456687927246, -0.4423390328884125, 0.30000025033950806, 0.30000022053718567, 0.29999998211860657, 0.1999998837709427, 0.1000002920627594, 0.0, 0.8959839344024658, 0.8957710266113281, 0.8958154916763306, 0.8950996994972229, 0.7949787974357605, 0.0]","[0.1837249994277954, 0.15292951464653015, 0.04141741991043091, 0.9918931722640991, -0.4124062955379486, 0.08056478947401047, 0.09596496820449829, 0.24320270121097565, -0.17575383186340332, 0.01618553325533867, 1.0005098581314087, 0.05987834185361862, 0.03220844268798828, -0.06700895726680756]","[286.0, 0.3000001907348633, 0.2999999523162842, 0.19999980926513672, 0.10000038146972656, 885.0]","[0.8959839344024658, 0.8957710266113281, 0.8958154916763306, 0.8950996398925781, 0.7949787974357605, 453.0]","[0.1380942314863205, 0.2198745757341385, -0.304171621799469, 0.14045512676239014, -1.1858750581741333, -0.18301109969615936, 0.2932060658931732, 0.010090718045830727, -0.4618840217590332, 0.0938604548573494, 0.0246755201369524, 0.19358119368553162, -0.4129764139652252, -0.7710291147232056, 0.30000001192092896, 0.29899999499320984, 0.29899999499320984, 0.19900000095367432, 1.0, 0.0, 0.8980000019073486, 0.8989999890327454, 0.8999999761581421, 0.8999999761581421, 0.8009999990463257, 0.0]","[0.08505956828594208, 0.29224973917007446, -0.27030301094055176, -0.08713573962450027, -1.12211012840271, -0.3523465096950531, 0.22674863040447235, -0.08723180741071701, -0.4658174216747284, 0.08395139127969742, -0.02394735813140869, 0.12145570665597916, -0.48075664043426514, -0.8024261593818665, 0.30000001192092896, 0.30000001192092896, 0.30000001192092896, 0.20000000298023224, 0.10000000149011612, 0.0, 0.8999999761581421, 0.8999999761581421, 0.8999999761581421, 0.8999999761581421, 0.800000011920929, 0.0]"
131,131,131,0.01722292599879438,0.12322252500052855,True,"[0.19349730014801025, 0.15211577713489532, 0.041968755424022675, 1.0019052028656006, -0.40702024102211, 0.09055280685424805, 0.08963002264499664, 0.2532266676425934, -0.165777787566185, 0.026221483945846558, 1.0105098485946655, 0.05198756977915764, 0.042208440601825714, -0.058590877801179886]","[336.0, 2.0, 1.0, 4.0, 10.0, 935.0]","[2.0, 1.0, 0.0, 8.0, 0.0, 503.0]","[-0.01508445292711258, 0.15346276760101318, 0.037330642342567444, 0.8709214329719543, -1.1659951210021973, -0.35011398792266846, 0.09901732206344604, 0.0019303560256958008, -0.44077786803245544, 0.011622041463851929, 0.1567767858505249, 0.36408132314682007, -0.35037750005722046, -0.44497644901275635, 0.30000025033950806, 0.30000025033950806, 0.2999999523162842, 0.1999998688697815, 0.10000031441450119, 0.0, 0.8970545530319214, 0.8968010544776917, 0.896843433380127, 0.8963005542755127, 0.7961781024932861, 0.0]","[0.18349729478359222, 0.15346276760101318, 0.037330642342567444, 0.9919052124023438, -0.4170202314853668, 0.08055280894041061, 0.09901732206344604, 0.24322666227817535, -0.17577779293060303, 0.016221484169363976, 1.0005098581314087, 0.06198757141828537, 0.03220844268798828, -0.06859087944030762]","[286.0, 0.3000001907348633, 0.2999999523162842, 0.19999980926513672, 0.10000038146972656, 885.0]","[0.8970545530319214, 0.8968010544776917, 0.896843433380127, 0.8963003158569336, 0.7961781024932861, 453.0]","[0.13496634364128113, 0.21985061466693878, -0.30535805225372314, 0.14041917026042938, -1.1858750581741333, -0.1829991191625595, 0.29321804642677307, 0.006195844616740942, -0.46187204122543335, 0.09634118527173996, 0.02502306178212166, 0.19356921315193176, -0.41182592511177063, -0.7709811329841614, 0.30000001192092896, 0.29899999499320984, 0.29899999499320984, 0.19900000095367432, 1.0, 0.0, 0.8980000019073486, 0.8989999890327454, 0.8999999761581421, 0.8999999761581421, 0.8009999990463257, 0.0]","[0.08124770224094391, 0.2921220064163208, -0.27124395966529846, -0.08570308983325958, -1.1226592063903809, -0.35185176134109497, 0.22661808133125305, -0.09567556530237198, -0.4673118591308594, 0.08632969856262207, -0.020376985892653465, 0.1295255869626999, -0.48060286045074463, -0.7915452122688293, 0.30000001192092896, 0.30000001192092896, 0.30000001192092896, 0.20000000298023224, 0.10000000149011612, 0.0, 0.8999999761581421, 0.8999999761581421, 0.8999999761581421, 0.8999999761581421, 0.800000011920929, 0.0]"
132,132,132,0.01357725100024254,0.11701260000154434,True,"[0.19337746500968933, 0.15213973820209503, 0.03988350182771683, 1.0019052028656006, -0.4126887917518616, 0.09055280685424805, 0.09087637811899185, 0.2532506585121155, -0.165777787566185, 0.026209499686956406, 1.0104979276657104, 0.054180681705474854, 0.042220424860715866, -0.060628194361925125]","[336.0, 2.0, 1.0, 4.0, 10.0, 935.0]","[2.0, 1.0, 0.0, 8.0, 0.0, 503.0]","[-0.014291975647211075, 0.15307705104351044, 0.03832988440990448, 0.8732222318649292, -1.1655888557434082, -0.3522801995277405, 0.10019409656524658, -0.010025650262832642, -0.44979172945022583, 0.011585712432861328, 0.12619835138320923, 0.35920870304107666, -0.3520863652229309, -0.4472816586494446, 0.30000025033950806, 0.30000022053718567, 0.29999998211860657, 0.19999991357326508, 0.1000002771615982, 0.0, 0.8974173665046692, 0.8972600698471069, 0.8973161578178406, 0.8968373537063599, 0.7967179417610168, 0.0]","[0.1833774596452713, 0.15307705104351044, 0.03832988440990448, 0.9919052124023438, -0.4226887822151184, 0.08055280894041061, 0.10019409656524658, 0.24325065314769745, -0.17577779293060303, 0.016209499910473824, 1.0004979372024536, 0.06418067961931229, 0.032220423221588135, -0.07062819600105286]","[286.0, 0.3000001907348633, 0.2999999523162842, 0.19999980926513672, 0.10000038146972656, 885.0]","[0.8974173069000244, 0.8972600698471069, 0.8973161578178406, 0.8968372344970703, 0.7967179417610168, 453.0]","[0.13158679008483887, 0.21983863413333893, -0.3066643476486206, 0.1404431313276291, -1.1858750581741333, -0.1829991191625595, 0.2932060658931732, -0.0011984225129708648, -0.4618840217590332, 0.09936121106147766, 0.027635622769594193, 0.19360515475273132, -0.4111548066139221, -0.7708972692489624, 0.30000001192092896, 0.29899999499320984, 0.29899999499320984, 0.19900000095367432, 1.0, 0.0, 0.8980000019073486, 0.8989999890327454, 0.8999999761581421, 0.8999999761581421, 0.8009999990463257, 0.0]","[0.07764361798763275, 0.29195094108581543, -0.2711459994316101, -0.08608724921941757, -1.1222566366195679, -0.3487328588962555, 0.22768622636795044, -0.10556597262620926, -0.4670692980289459, 0.08817793428897858, -0.01777074858546257, 0.13620267808437347, -0.47359415888786316, -0.7793892025947571, 0.30000001192092896, 0.30000001192092896, 0.30000001192092896, 0.20000000298023224, 0.10000000149011612, 0.0, 0.8999999761581421, 0.8999999761581421, 0.8999999761581421, 0.8999999761581421, 0.800000011920929, 0.0]"
133,133,133,0.015601475999574177,0.10857414000020071,True,"[0.1932096779346466, 0.15210378170013428, 0.03959587961435318, 1.0019052028656006, -0.4155290424823761, 0.09055280685424805, 0.09125987440347672, 0.2532266676425934, -0.16576580703258514, 0.026209499686956406, 1.0104979276657104, 0.05645768344402313, 0.042208440601825714, -0.062006380409002304]","[336.0, 2.0, 1.0, 4.0, 10.0, 935.0]","[2.0, 1.0, 0.0, 8.0, 0.0, 503.0]","[-0.015990063548088074, 0.15844649076461792, 0.031959131360054016, 0.8551207780838013, -1.1640443801879883, -0.34943684935569763, 0.10124379396438599, -0.01056593656539917, -0.44975873827934265, 0.018436938524246216, 0.13622671365737915, 0.36267250776290894, -0.35756850242614746, -0.44313496351242065, 0.30000025033950806, 0.30000022053718567, 0.29999998211860657, 0.1999998837709427, 0.1000003069639206, 0.0, 0.8983743190765381, 0.8981549739837646, 0.8982049226760864, 0.8978846669197083, 0.7977561354637146, 0.0]","[0.18320967257022858, 0.15844649076461792, 0.031959131360054016, 0.9919052124023438, -0.42552903294563293, 0.08055280894041061, 0.10124379396438599, 0.24322666227817535, -0.17576581239700317, 0.018436938524246216, 1.0004979372024536, 0.06645768135786057, 0.03220844268798828, -0.07200638204813004]","[286.0, 0.3000001907348633, 0.2999999523162842, 0.19999980926513672, 0.10000038146972656, 885.0]","[0.8983743190765381, 0.8981549739837646, 0.8982049226760864, 0.8978848457336426, 0.7977561354637146, 453.0]","[0.12772786617279053, 0.21979069709777832, -0.30837807059288025, 0.14043115079402924, -1.1858510971069336, -0.1829511821269989, 0.2932060658931732, -0.00860467366874218, -0.4618840217590332, 0.09936121106147766, 0.028067056089639664, 0.1941085010766983, -0.40809881687164307, -0.7707534432411194, 0.30000001192092896, 0.29899999499320984, 0.29899999499320984, 0.19900000095367432, 1.0, 0.0, 0.8980000019073486, 0.8989999890327454, 0.8999999761581421, 0.8999999761581421, 0.8009999990463257, 0.0]","[0.07479017227888107, 0.29148927330970764, -0.27104276418685913, -0.08728956431150436, -1.121165156364441, -0.3457268476486206, 0.23048049211502075, -0.11385998129844666, -0.46593785285949707, 0.09176871925592422, -0.0129845617339015, 0.13265223801136017, -0.46754106879234314, -0.7774347066879272, 0.30000001192092896, 0.30000001192092896, 0.30000001192092896, 0.20000000298023224, 0.10000000149011612, 0.0, 0.7870588302612305, 0.7870588302612305, 0.7870588302612305, 0.7682352662086487, 0.6682353019714355, 0.0]"
134,134,134,0.009815143999730935,0.1306620049999765,True,"[0.19305388629436493, 0.15266704559326172, 0.03688744455575943, 1.0018812417984009, -0.41756635904312134, 0.09055280685424805, 0.09177519381046295, 0.2532266676425934, -0.16576580703258514, 0.026341326534748077, 1.0104979276657104, 0.05867476761341095, 0.042220424860715866, -0.0626055896282196]","[336.0, 2.0, 1.0, 4.0, 10.0, 935.0]","[2.0, 1.0, 0.0, 8.0, 0.0, 503.0]","[-0.019112497568130493, 0.15703432261943817, 0.030586928129196167, 0.8517352938652039, -1.1678924560546875, -0.35511893033981323, 0.10887411236763, -0.007945895195007324, -0.4425283968448639, 0.016044259071350098, 0.1628144085407257, 0.3656407594680786, -0.3529163897037506, -0.45340555906295776, 0.30000025033950806, 0.30000022053718567, 0.29999998211860657, 0.1999998837709427, 0.10000031441450119, 0.0, 0.895686686038971, 0.8954464793205261, 0.8954901695251465, 0.8947184681892395, 0.7946008443832397, 0.0]","[0.1830538809299469, 0.15703432261943817, 0.030586928129196167, 0.991881251335144, -0.4275663495063782, 0.08055280894041061, 0.10177519172430038, 0.24322666227817535, -0.17576581239700317, 0.016341326758265495, 1.0004979372024536, 0.06867476552724838, 0.032220423221588135, -0.07260558754205704]","[286.0, 0.3000001907348633, 0.2999999523162842, 0.19999980926513672, 0.10000038146972656, 885.0]","[0.8956866264343262, 0.8954464793205261, 0.8954901695251465, 0.8947186470031738, 0.7946008443832397, 453.0]","[0.12380903214216232, 0.21963489055633545, -0.30972030758857727, 0.14043115079402924, -1.1858750581741333, -0.18296316266059875, 0.29321804642677307, -0.018431738018989563, -0.4618360996246338, 0.09936121106147766, 0.029756831005215645, 0.19421635568141937, -0.4052945077419281, -0.7706815600395203, 0.30000001192092896, 0.29899999499320984, 0.29899999499320984, 0.19900000095367432, 1.0, 0.0, 0.8980000019073486, 0.8989999890327454, 0.8999999761581421, 0.8999999761581421, 0.8009999990463257, 0.0]","[0.07359477877616882, 0.29076844453811646, -0.27126801013946533, -0.08553049713373184, -1.1210519075393677, -0.3462980389595032, 0.2306848019361496, -0.11955876648426056, -0.46642470359802246, 0.09408381581306458, -0.007966630160808563, 0.13034279644489288, -0.462467223405838, -0.7734056711196899, 0.30000001192092896, 0.30000001192092896, 0.30000001192092896, 0.20000000298023224, 0.10000000149011612, 0.0, 0.5588235259056091, 0.5588235259056091, 0.5588235259056091, 0.5019607543945312, 0.4019607603549957, 0.0]"
135,135,135,0.012344291999397683,0.1123192970007949,True,"[0.19300594925880432, 0.15267902612686157, 0.031254857778549194, 1.0018812417984009, -0.4187767803668976, 0.09055280685424805, 0.09215869009494781, 0.2532506585121155, -0.165777787566185, 0.026269420981407166, 1.0104979276657104, 0.06089184805750847, 0.04219645634293556, -0.06328869611024857]","[336.0, 2.0, 1.0, 4.0, 10.0, 935.0]","[2.0, 1.0, 0.0, 8.0, 0.0, 503.0]","[-0.02365926094353199, 0.15899284183979034, 0.023663073778152466, 0.8338701128959656, -1.1683053970336914, -0.35812222957611084, 0.10930213332176208, -0.014968574047088623, -0.43918341398239136, 0.01775592565536499, 0.17172381281852722, 0.36529505252838135, -0.3545675575733185, -0.4578619599342346, 0.30000025033950806, 0.30000022053718567, 0.29999998211860657, 0.1999998837709427, 0.10000031441450119, 0.0, 0.8936989307403564, 0.8934457302093506, 0.8934891223907471, 0.892386257648468, 0.7922663688659668, 0.0]","[0.1830059438943863, 0.15899284183979034, 0.023663073778152466, 0.991881251335144, -0.4287767708301544, 0.08055280894041061, 0.10215868800878525, 0.24325065314769745, -0.17577779293060303, 0.01775592565536499, 1.0004979372024536, 0.0708918496966362, 0.03219645470380783, -0.073288694024086]","[286.0, 0.3000001907348633, 0.2999999523162842, 0.19999980926513672, 0.10000038146972656, 885.0]","[0.8936989307403564, 0.8934457302093506, 0.8934891223907471, 0.8923864364624023, 0.7922663688659668, 453.0]","[0.11956661194562912, 0.21952703595161438, -0.3112063705921173, 0.14041917026042938, -1.1858869791030884, -0.18296316266059875, 0.29319408535957336, -0.029589051380753517, -0.46191996335983276, 0.09936121106147766, 0.031434621661901474, 0.19422833621501923, -0.4008243978023529, -0.7704898118972778, 0.30000001192092896, 0.29899999499320984, 0.29899999499320984, 0.19900000095367432, 1.0, 0.0, 0.8980000019073486, 0.8989999890327454, 0.8999999761581421, 0.8999999761581421, 0.8009999990463257, 0.0]","[0.0741158276796341, 0.28977277874946594, -0.26984402537345886, -0.08360075950622559, -1.1199997663497925, -0.34461113810539246, 0.2303154617547989, -0.12370657175779343, -0.4676719009876251, 0.09510122239589691, -0.005082446150481701, 0.1271032840013504, -0.4584246277809143, -0.7694164514541626, 0.30000001192092896, 0.30000001192092896, 0.30000001192092896, 0.20000000298023224, 0.10000000149011612, 0.0, 0.3211764693260193, 0.3211764693260193, 0.3211764693260193, 0.22470587491989136, 0.12470588088035583, 0.0]"
136,136,136,0.010519550000026356,0.11279590399863082,True,"[0.19296999275684357, 0.15305054187774658, 0.028270786628127098, 1.0019052028656006, -0.4199991524219513, 0.09055280685424805, 0.09250623732805252, 0.25326263904571533, -0.165777787566185, 0.026281405240297318, 1.0105218887329102, 0.06279733777046204, 0.042220424860715866, -0.06425941735506058]","[336.0, 2.0, 1.0, 4.0, 10.0, 935.0]","[2.0, 1.0, 0.0, 8.0, 0.0, 503.0]","[-0.0337870754301548, 0.16074258089065552, 0.022201448678970337, 0.8342673778533936, -1.1728534698486328, -0.3497908413410187, 0.11384150385856628, -0.03899189829826355, -0.44474777579307556, 0.019264042377471924, 0.14365699887275696, 0.370646595954895, -0.3587018847465515, -0.46369844675064087, 0.30000022053718567, 0.30000028014183044, 0.2999999523162842, 0.1999998241662979, 0.10000038892030716, 0.0, 0.8841050267219543, 0.8836712837219238, 0.8836972117424011, 0.8809987306594849, 0.7808541059494019, 0.0]","[0.18296998739242554, 0.16074258089065552, 0.022201448678970337, 0.9919052124023438, -0.42999914288520813, 0.08055280894041061, 0.10250623524188995, 0.2432626336812973, -0.17577779293060303, 0.019264042377471924, 1.0005218982696533, 0.07279733568429947, 0.032220423221588135, -0.07425941526889801]","[286.0, 0.30000030994415283, 0.2999999523162842, 0.19999980926513672, 0.10000038146972656, 885.0]","[0.8841049671173096, 0.8836712837219238, 0.8836972117424011, 0.8809986114501953, 0.7808541059494019, 453.0]","[0.1167503222823143, 0.21867616474628448, -0.3122849464416504, 0.14043115079402924, -1.185910940170288, -0.18296316266059875, 0.29319408535957336, -0.03538941591978073, -0.46189600229263306, 0.10037986934185028, 0.0337236113846302, 0.19421635568141937, -0.3987990617752075, -0.7688959240913391, 0.30000001192092896, 0.29899999499320984, 0.29899999499320984, 0.19900000095367432, 1.0, 0.0, 0.8980000019073486, 0.8989999890327454, 0.8999999761581421, 0.8999999761581421, 0.8009999990463257, 0.0]","[0.07445412129163742, 0.28965964913368225, -0.2688659429550171, -0.08309827744960785, -1.1199512481689453, -0.342642605304718, 0.23088498413562775, -0.12556712329387665, -0.4675917625427246, 0.09562435746192932, -0.003763355314731598, 0.12551100552082062, -0.45922455191612244, -0.7673038244247437, 0.30000001192092896, 0.30000001192092896, 0.30000001192092896, 0.20000000298023224, 0.10000000149011612, 0.0, 0.30000001192092896, 0.30000001192092896, 0.30000001192092896, 0.20000000298023224, 0.10000000149011612, 0.0]"
137,137,137,0.010218400000667316,0.09436453000125766,True,"[0.19289809465408325, 0.1532183140516281, 0.027635622769594193, 1.0019052028656006, -0.4207182228565216, 0.09055280685424805, 0.09253020584583282, 0.25326263904571533, -0.165777787566185, 0.02642521634697914, 1.0105098485946655, 0.06485863029956818, 0.042208440601825714, -0.06511029601097107]","[336.0, 2.0, 1.0, 4.0, 10.0, 935.0]","[3.0, 1.0, 0.0, 8.0, 0.0, 503.0]","[-0.03839178383350372, 0.16314704716205597, 0.013839662075042725, 0.8137692213058472, -1.1714253425598145, -0.35274356603622437, 0.11194154620170593, -0.0444701611995697, -0.4425651729106903, 0.022746890783309937, 0.16879424452781677, 0.3656997084617615, -0.3582875728607178, -0.46482592821121216, 0.30000022053718567, 0.30000028014183044, 0.2999999523162842, 0.1999998241662979, 0.10000038892030716, 0.0, 0.8887465000152588, 0.8883167505264282, 0.8883389234542847, 0.886420488357544, 0.7862739562988281, 0.0]","[0.18289808928966522, 0.16314704716205597, 0.01763562299311161, 0.9919052124023438, -0.43071821331977844, 0.08055280894041061, 0.10253020375967026, 0.2432626336812973, -0.17577779293060303, 0.022746890783309937, 1.0005098581314087, 0.07485862821340561, 0.03220844268798828, -0.0751102939248085]","[286.0, 0.30000030994415283, 0.2999999523162842, 0.19999980926513672, 0.10000038146972656, 885.0]","[0.8887465000152588, 0.8883167505264282, 0.8883389234542847, 0.8864202499389648, 0.7862739562988281, 453.0]","[0.11476094275712967, 0.21504493057727814, -0.31229692697525024, 0.1404431313276291, -1.185910940170288, -0.18296316266059875, 0.2932300269603729, -0.0381937250494957, -0.46187204122543335, 0.10235726833343506, 0.03618037700653076, 0.19416841864585876, -0.3977324664592743, -0.7675297260284424, 0.30000001192092896, 0.29899999499320984, 0.29899999499320984, 0.19900000095367432, 1.0, 0.0, 0.8859999775886536, 0.890999972820282, 0.890999972820282, 0.8880000114440918, 0.7910000085830688, 0.0]","[0.07493766397237778, 0.2892315983772278, -0.26678839325904846, -0.08402466028928757, -1.1185758113861084, -0.33876681327819824, 0.2318153977394104, -0.12662695348262787, -0.4672083556652069, 0.09622006118297577, -0.0020963423885405064, 0.12444201856851578, -0.46093952655792236, -0.7667520642280579, 0.30000001192092896, 0.30000001192092896, 0.30000001192092896, 0.20000000298023224, 0.10000000149011612, 0.0, 0.30000001192092896, 0.30000001192092896, 0.30000001192092896, 0.20000000298023224, 0.10000000149011612, 0.0]"
138,138,138,0.016351727999790455,0.13276936500005831,True,"[0.19289809465408325, 0.15428490936756134, 0.024088293313980103, 1.001893162727356, -0.42443332076072693, 0.09055280685424805, 0.09279385954141617, 0.2532506585121155, -0.1657538264989853, 0.027527766302227974, 1.0105098485946655, 0.06699182093143463, 0.042208440601825714, -0.06780674308538437]","[336.0, 2.0, 1.0, 5.0, 10.0, 935.0]","[2.0, 1.0, 0.0, 8.0, 0.0, 503.0]","[-0.0462593212723732, 0.16528180241584778, 0.009555250406265259, 0.8123779296875, -1.1695709228515625, -0.35472142696380615, 0.12085932493209839, -0.059524208307266235, -0.4429619014263153, 0.02600938081741333, 0.1821748912334442, 0.37167441844940186, -0.3543797731399536, -0.46719640493392944, 0.30000022053718567, 0.30000028014183044, 0.2999999523162842, 0.1999998241662979, 0.10000038892030716, 0.0, 0.8883203268051147, 0.887891411781311, 0.8879187703132629, 0.8859201073646545, 0.785782516002655, 0.0]","[0.18289808928966522, 0.16428491473197937, 0.01408829353749752, 0.9918931722640991, -0.43443331122398376, 0.08055280894041061, 0.1027938574552536, 0.24325065314769745, -0.17575383186340332, 0.02600938081741333, 1.0005098581314087, 0.07699181884527206, 0.03220844268798828, -0.0778067409992218]","[286.0, 0.30000030994415283, 0.2999999523162842, 0.19999980926513672, 0.10000038146972656, 885.0]","[0.8883203268051147, 0.887891411781311, 0.8879187703132629, 0.8859200477600098, 0.785782516002655, 453.0]","[0.11464110016822815, 0.2130555510520935, -0.3124886751174927, 0.14040718972682953, -1.1857432126998901, -0.18293920159339905, 0.29321804642677307, -0.04038684070110321, -0.4618840217590332, 0.10694722831249237, 0.039631832391023636, 0.1940845251083374, -0.39659395813941956, -0.7669305205345154, 0.30000001192092896, 0.29899999499320984, 0.29899999499320984, 0.19900000095367432, 1.0, 0.0, 0.8360000252723694, 0.8460000157356262, 0.847000002861023, 0.8450000286102295, 0.7549999952316284, 0.0]","[0.07622247189283371, 0.28944432735443115, -0.26445332169532776, -0.08393116295337677, -1.1167659759521484, -0.33536794781684875, 0.230998694896698, -0.1277574598789215, -0.4662409722805023, 0.095183826982975, -0.0018496328266337514, 0.12346090376377106, -0.4602033495903015, -0.7661864757537842, 0.30000001192092896, 0.30000001192092896, 0.30000001192092896, 0.20000000298023224, 0.10000000149011612, 0.0, 0.30000001192092896, 0.30000001192092896, 0.30000001192092896, 0.20000000298023224, 0.10000000149011612, 0.0]"
139,139,139,0.011122490001071128,0.08086768499924801,True,"[0.19285015761852264, 0.15553127229213715, 0.019030949100852013, 1.0018812417984009, -0.4323309361934662, 0.09055280685424805, 0.09304552525281906, 0.2532386779785156, -0.1657538264989853, 0.02895388752222061, 1.0105218887329102, 0.069196917116642, 0.042208440601825714, -0.06995192170143127]","[336.0, 2.0, 1.0, 5.0, 10.0, 935.0]","[2.0, 1.0, 0.0, 8.0, 0.0, 503.0]","[-0.05359906330704689, 0.1627378910779953, 0.009645730257034302, 0.8231416940689087, -1.1693544387817383, -0.35677677392959595, 0.12060171365737915, -0.0734761655330658, -0.4406839907169342, 0.02301764488220215, 0.16784775257110596, 0.3788365423679352, -0.3510018289089203, -0.468539297580719, 0.30000022053718567, 0.30000028014183044, 0.2999999523162842, 0.1999998241662979, 0.10000040382146835, 0.0, 0.8830162286758423, 0.8825560808181763, 0.8825860023498535, 0.8797136545181274, 0.7795521020889282, 0.0]","[0.18285015225410461, 0.1627378910779953, 0.009645730257034302, 0.991881251335144, -0.442330926656723, 0.08055280894041061, 0.1030455231666565, 0.2432386726140976, -0.17575383186340332, 0.02301764488220215, 1.0005218982696533, 0.07919691503047943, 0.03220844268798828, -0.07995191961526871]","[286.0, 0.30000030994415283, 0.2999999523162842, 0.19999980926513672, 0.10000038146972656, 885.0]","[0.8830162286758423, 0.8825560808181763, 0.8825860023498535, 0.8797135353088379, 0.7795521020889282, 453.0]","[0.11444935202598572, 0.21301960945129395, -0.3125605881214142, 0.1404431313276291, -1.1856952905654907, -0.1829511821269989, 0.2932420074939728, -0.04295146465301514, -0.4618121087551117, 0.11027883738279343, 0.04198073968291283, 0.1940126270055771, -0.3954075276851654, -0.7667747139930725, 0.30000001192092896, 0.29899999499320984, 0.29899999499320984, 0.19900000095367432, 1.0, 0.0, 0.8360000252723694, 0.8460000157356262, 0.847000002861023, 0.8450000286102295, 0.7549999952316284, 0.0]","[0.07654435187578201, 0.290061354637146, -0.2623951733112335, -0.08392223715782166, -1.1160848140716553, -0.33213701844215393, 0.22993402183055878, -0.12737417221069336, -0.4647398293018341, 0.09418153017759323, -0.0019728336483240128, 0.12401483207941055, -0.462386816740036, -0.7666579484939575, 0.30000001192092896, 0.30000001192092896, 0.30000001192092896, 0.20000000298023224, 0.10000000149011612, 0.0, 0.30000001192092896, 0.30000001192092896, 0.30000001192092896, 0.20000000298023224, 0.10000000149011612, 0.0]"
140,140,140,0.006215187999259797,0.11511173300095834,True,"[0.1928381621837616, 0.15565112233161926, 0.014752581715583801, 1.001893162727356, -0.4356265962123871, 0.09055280685424805, 0.09333314746618271, 0.2532506585121155, -0.16576580703258514, 0.028989840298891068, 1.0105098485946655, 0.06974819302558899, 0.042208440601825714, -0.0704193040728569]","[336.0, 2.0, 1.0, 4.0, 10.0, 935.0]","[2.0, 1.0, 0.0, 8.0, 0.0, 503.0]","[-0.05729472637176514, 0.16511499881744385, 0.0038053542375564575, 0.8109541535377502, -1.169608473777771, -0.35618773102760315, 0.12301969528198242, -0.07773411273956299, -0.44123825430870056, 0.028628379106521606, 0.1798321008682251, 0.3756987154483795, -0.35328400135040283, -0.47191178798675537, 0.30000022053718567, 0.30000028014183044, 0.2999999523162842, 0.1999998241662979, 0.10000041127204895, 0.0, 0.884978175163269, 0.8845072984695435, 0.8845332860946655, 0.8819797039031982, 0.7818323373794556, 0.0]","[0.18283815681934357, 0.16511499881744385, 0.004752581939101219, 0.9918931722640991, -0.4456265866756439, 0.08055280894041061, 0.10333314538002014, 0.24325065314769745, -0.17576581239700317, 0.028628379106521606, 1.0005098581314087, 0.07974819093942642, 0.03220844268798828, -0.08041930198669434]","[286.0, 0.30000030994415283, 0.2999999523162842, 0.19999980926513672, 0.10000038146972656, 885.0]","[0.884978175163269, 0.8845072984695435, 0.8845332860946655, 0.8819799423217773, 0.7818323373794556, 453.0]","[0.11447332054376602, 0.2130315899848938, -0.3124766945838928, 0.14043115079402924, -1.1857072114944458, -0.18293920159339905, 0.2932300269603729, -0.045156560838222504, -0.461788147687912, 0.11441339552402496, 0.04231629893183708, 0.19404856860637665, -0.3934660851955414, -0.7666788101196289, 0.30000001192092896, 0.29899999499320984, 0.29899999499320984, 0.19900000095367432, 1.0, 0.0, 0.8009999990463257, 0.8140000104904175, 0.8109999895095825, 0.8119999766349792, 0.7269999980926514, 0.0]","[0.07650823891162872, 0.28959420323371887, -0.2618359327316284, -0.08346614986658096, -1.1140064001083374, -0.3306179344654083, 0.22900694608688354, -0.12719152867794037, -0.46258750557899475, 0.09368009865283966, -0.0034032678231596947, 0.12306264042854309, -0.4638783931732178, -0.7672208547592163, 0.30000001192092896, 0.30000001192092896, 0.30000001192092896, 0.20000000298023224, 0.10000000149011612, 0.0, 0.30000001192092896, 0.30000001192092896, 0.30000001192092896, 0.20000000298023224, 0.10000000149011612, 0.0]"
141,141,141,0.015825378999579698,0.11388346300009289,True,"[0.19282618165016174, 0.15566310286521912, 0.008388957940042019, 1.001893162727356, -0.4381672441959381, 0.09051685035228729, 0.09340505301952362, 0.2532266676425934, -0.1658017635345459, 0.030655648559331894, 1.0105098485946655, 0.07003581523895264, 0.042208440601825714, -0.07136606425046921]","[336.0, 2.0, 1.0, 4.0, 10.0, 935.0]","[2.0, 1.0, 0.0, 8.0, 0.0, 503.0]","[-0.05272357538342476, 0.16372047364711761, 0.0037499815225601196, 0.8046497106552124, -1.1683180332183838, -0.36119338870048523, 0.12501740455627441, -0.0679074227809906, -0.43794748187065125, 0.026877284049987793, 0.2150048464536667, 0.37081655859947205, -0.34610140323638916, -0.47853702306747437, 0.30000022053718567, 0.30000025033950806, 0.2999999523162842, 0.1999998688697815, 0.10000035911798477, 0.0, 0.8869968056678772, 0.8866310119628906, 0.8866655826568604, 0.8844428658485413, 0.7843203544616699, 0.0]","[0.1828261762857437, 0.16372047364711761, 0.0037499815225601196, 0.9918931722640991, -0.44816723465919495, 0.08051685243844986, 0.10340505093336105, 0.24322666227817535, -0.17580176889896393, 0.026877284049987793, 1.0005098581314087, 0.08003581315279007, 0.03220844268798828, -0.08136606216430664]","[286.0, 0.3000001907348633, 0.2999999523162842, 0.19999980926513672, 0.10000038146972656, 885.0]","[0.8869967460632324, 0.8866310119628906, 0.8866655826568604, 0.8844428062438965, 0.7843203544616699, 453.0]","[0.11371831595897675, 0.21279190480709076, -0.31250065565109253, 0.14043115079402924, -1.1857192516326904, -0.18291522562503815, 0.29321804642677307, -0.04574378952383995, -0.4613087773323059, 0.11701397597789764, 0.04235225170850754, 0.1940845251083374, -0.3931065499782562, -0.7666308879852295, 0.30000001192092896, 0.29899999499320984, 0.29899999499320984, 0.19900000095367432, 1.0, 0.0, 0.7009999752044678, 0.718999981880188, 0.7179999947547913, 0.7200000286102295, 0.6499999761581421, 0.0]","[0.0797366127371788, 0.2893814742565155, -0.25872883200645447, -0.08390039205551147, -1.1132875680923462, -0.32673370838165283, 0.22557875514030457, -0.12475328147411346, -0.4614858329296112, 0.09207073599100113, -0.005766271147876978, 0.12239497154951096, -0.46436238288879395, -0.7671838402748108, 0.30000001192092896, 0.30000001192092896, 0.30000001192092896, 0.20000000298023224, 0.10000000149011612, 0.0, 0.30000001192092896, 0.30000001192092896, 0.30000001192092896, 0.20000000298023224, 0.10000000149011612, 0.0]"
142,142,142,0.015834071000426775,0.11877306400128873,True,"[0.19270634651184082, 0.15580691397190094, 0.006651245057582855, 1.0019052028656006, -0.4393896460533142, 0.0905408188700676, 0.09341703355312347, 0.2532506585121155, -0.165777787566185, 0.03087136335670948, 1.0105218887329102, 0.07013168931007385, 0.042208440601825714, -0.07148590683937073]","[336.0, 2.0, 1.0, 5.0, 10.0, 935.0]","[2.0, 1.0, 0.0, 8.0, 0.0, 503.0]","[-0.06113656982779503, 0.1644120216369629, 0.002376750111579895, 0.8022653460502625, -1.1669032573699951, -0.356738805770874, 0.1246533989906311, -0.07939743995666504, -0.43455153703689575, 0.02360782027244568, 0.2165607362985611, 0.3773431181907654, -0.34655290842056274, -0.46927523612976074, 0.30000022053718567, 0.30000028014183044, 0.2999999523162842, 0.1999998241662979, 0.10000040382146835, 0.0, 0.8929833173751831, 0.8925279974937439, 0.892554759979248, 0.8913326263427734, 0.7911893129348755, 0.0]","[0.1827063411474228, 0.1644120216369629, 0.002376750111579895, 0.9919052124023438, -0.44938963651657104, 0.08054082095623016, 0.10341703146696091, 0.24325065314769745, -0.17577779293060303, 0.02360782027244568, 1.0005218982696533, 0.08013168722391129, 0.03220844268798828, -0.08148590475320816]","[286.0, 0.30000030994415283, 0.2999999523162842, 0.19999980926513672, 0.10000038146972656, 885.0]","[0.8929833173751831, 0.8925279974937439, 0.892554759979248, 0.8913326263427734, 0.7911893129348755, 453.0]","[0.11186075955629349, 0.21234849095344543, -0.31250065565109253, 0.14040718972682953, -1.1857192516326904, -0.18286728858947754, 0.29321804642677307, -0.04609132930636406, -0.4604698717594147, 0.11703794449567795, 0.042460110038518906, 0.193760946393013, -0.39193210005760193, -0.7667627334594727, 0.30000001192092896, 0.29899999499320984, 0.29899999499320984, 0.19900000095367432, 1.0, 0.0, 0.7009999752044678, 0.718999981880188, 0.7179999947547913, 0.7200000286102295, 0.6499999761581421, 0.0]","[0.08216511458158493, 0.2900988459587097, -0.2581779658794403, -0.0830153301358223, -1.1142668724060059, -0.3266894817352295, 0.22218488156795502, -0.12270515412092209, -0.46050944924354553, 0.09021935611963272, -0.006953348871320486, 0.12088366597890854, -0.4642722010612488, -0.7676401138305664, 0.30000001192092896, 0.30000001192092896, 0.30000001192092896, 0.20000000298023224, 0.10000000149011612, 0.0, 0.30000001192092896, 0.30000001192092896, 0.30000001192092896, 0.20000000298023224, 0.10000000149011612, 0.0]"
143,143,143,0.009979581000152393,0.09086309600024833,True,"[0.19270634651184082, 0.1558188945055008, 0.00523710623383522, 1.0019052028656006, -0.4403243958950043, 0.09055280685424805, 0.09340505301952362, 0.2532506585121155, -0.165777787566185, 0.030356042087078094, 1.0105218887329102, 0.07025153189897537, 0.04219645634293556, -0.07167764753103256]","[336.0, 2.0, 1.0, 4.0, 10.0, 935.0]","[2.0, 1.0, 0.0, 8.0, 0.0, 503.0]","[-0.07411286234855652, 0.16931386291980743, -0.00048254430294036865, 0.8013601303100586, -1.1687771081924438, -0.35631686449050903, 0.1308889389038086, -0.11959010362625122, -0.4454253613948822, 0.02558937668800354, 0.17404267191886902, 0.37771710753440857, -0.3520256578922272, -0.4856739640235901, 0.3000001907348633, 0.30000028014183044, 0.2999999523162842, 0.1999998241662979, 0.10000043362379074, 0.0, 0.8839349746704102, 0.8834319114685059, 0.8834565281867981, 0.8807270526885986, 0.7805823087692261, 0.0]","[0.1827063411474228, 0.16581889986991882, -0.00048254430294036865, 0.9919052124023438, -0.4503243863582611, 0.08055280894041061, 0.10340505093336105, 0.24325065314769745, -0.17577779293060303, 0.02558937668800354, 1.0005218982696533, 0.0802515298128128, 0.03219645470380783, -0.08167764544487]","[286.0, 0.30000030994415283, 0.2999999523162842, 0.19999980926513672, 0.10000038146972656, 885.0]","[0.8839349746704102, 0.8834319114685059, 0.8834565281867981, 0.8807268142700195, 0.7805823087692261, 453.0]","[0.11072225868701935, 0.21234849095344543, -0.31250065565109253, 0.14040718972682953, -1.1857192516326904, -0.18285530805587769, 0.2931820750236511, -0.046067360788583755, -0.46055376529693604, 0.11477292329072952, 0.04399409145116806, 0.19427627325057983, -0.3890918493270874, -0.7668106555938721, 0.30000001192092896, 0.29899999499320984, 0.29899999499320984, 0.19900000095367432, 1.0, 0.0, 0.7009999752044678, 0.718999981880188, 0.7179999947547913, 0.7200000286102295, 0.6069999933242798, 0.0]","[0.08290722221136093, 0.29045340418815613, -0.2570541203022003, -0.08145804703235626, -1.1142847537994385, -0.32506728172302246, 0.2204706370830536, -0.12026534229516983, -0.46024662256240845, 0.08954241126775742, -0.005737795494496822, 0.12040647119283676, -0.4670434892177582, -0.7673065662384033, 0.30000001192092896, 0.30000001192092896, 0.30000001192092896, 0.20000000298023224, 0.10000000149011612, 0.0, 0.30000001192092896, 0.30000001192092896, 0.30000001192092896, 0.20000000298023224, 0.10000000149011612, 0.0]"
144,144,144,0.010858735999136115,0.10695621000013489,True,"[0.1926584094762802, 0.15613049268722534, 0.0029121667612344027, 1.0018812417984009, -0.44172656536102295, 0.09052883833646774, 0.09354886412620544, 0.2532506585121155, -0.16576580703258514, 0.03045191615819931, 1.0104979276657104, 0.07032343000173569, 0.04219645634293556, -0.07195328921079636]","[336.0, 2.0, 1.0, 4.0, 10.0, 935.0]","[2.0, 1.0, 0.0, 8.0, 0.0, 503.0]","[-0.08540353924036026, 0.16904623806476593, -0.006316132843494415, 0.7974165678024292, -1.166147232055664, -0.35880687832832336, 0.13129764795303345, -0.12565205991268158, -0.43700462579727173, 0.021273165941238403, 0.22463832795619965, 0.39369064569473267, -0.34294015169143677, -0.4799705743789673, 0.30000022053718567, 0.30000028014183044, 0.2999999225139618, 0.1999998241662979, 0.10000043362379074, 0.0, 0.8866909742355347, 0.8861995935440063, 0.8862221240997314, 0.8839523792266846, 0.7838116884231567, 0.0]","[0.18265840411186218, 0.16613049805164337, -0.006316132843494415, 0.991881251335144, -0.4517265558242798, 0.08052884042263031, 0.10354886204004288, 0.24325065314769745, -0.17576581239700317, 0.021273165941238403, 1.0004979372024536, 0.08032342791557312, 0.03219645470380783, -0.08195328712463379]","[286.0, 0.30000030994415283, 0.2999999523162842, 0.19999980926513672, 0.10000038146972656, 885.0]","[0.8866909742355347, 0.8861995935440063, 0.8862221240997314, 0.8839521408081055, 0.7838116884231567, 453.0]","[0.11079416424036026, 0.2123364955186844, -0.31250065565109253, 0.14043115079402924, -1.1857432126998901, -0.18283134698867798, 0.2931820750236511, -0.04607934504747391, -0.460589736700058, 0.11383815854787827, 0.04891960695385933, 0.19427627325057983, -0.385951966047287, -0.7667507529258728, 0.30000001192092896, 0.29899999499320984, 0.29899999499320984, 0.19900000095367432, 1.0, 0.0, 0.5260000228881836, 0.5619999766349792, 0.5540000200271606, 0.5659999847412109, 0.5529999732971191, 0.0]","[0.08354569226503372, 0.29028621315956116, -0.25438299775123596, -0.08481021970510483, -1.1129504442214966, -0.32037097215652466, 0.22110652923583984, -0.11958407610654831, -0.45937204360961914, 0.08652694523334503, -0.007561966776847839, 0.12096591293811798, -0.46967998147010803, -0.7640787959098816, 0.30000001192092896, 0.30000001192092896, 0.30000001192092896, 0.20000000298023224, 0.10000000149011612, 0.0, 0.30000001192092896, 0.30000001192092896, 0.30000001192092896, 0.20000000298023224, 0.10000000149011612, 0.0]"
145,145,145,0.010989427999447798,0.10943756499909796,True,"[0.1926584094762802, 0.15658588707447052, -0.00028762139845639467, 1.0019052028656006, -0.442661315202713, 0.09055280685424805, 0.09368068724870682, 0.25326263904571533, -0.16576580703258514, 0.029565082862973213, 1.0104979276657104, 0.07049120962619781, 0.042208440601825714, -0.07208511233329773]","[336.0, 2.0, 1.0, 4.0, 10.0, 935.0]","[2.0, 1.0, 0.0, 8.0, 0.0, 503.0]","[-0.0861661285161972, 0.16894911229610443, -0.005352087318897247, 0.7939542531967163, -1.1704169511795044, -0.36330026388168335, 0.13194304704666138, -0.1362888514995575, -0.4380817413330078, 0.020667672157287598, 0.19170436263084412, 0.3885616958141327, -0.3459968566894531, -0.49534517526626587, 0.3000001907348633, 0.30000025033950806, 0.2999999523162842, 0.1999998539686203, 0.10000042617321014, 0.0, 0.877384603023529, 0.8769099116325378, 0.8769330382347107, 0.8731163144111633, 0.772982120513916, 0.0]","[0.18265840411186218, 0.16658589243888855, -0.005352087318897247, 0.9919052124023438, -0.45266130566596985, 0.08055280894041061, 0.10368068516254425, 0.2432626336812973, -0.17576581239700317, 0.020667672157287598, 1.0004979372024536, 0.08049120754003525, 0.03220844268798828, -0.08208511024713516]","[286.0, 0.3000001907348633, 0.2999999523162842, 0.19999980926513672, 0.10000038146972656, 885.0]","[0.8773846626281738, 0.8769099116325378, 0.8769330382347107, 0.8731164932250977, 0.772982120513916, 453.0]","[0.11127353459596634, 0.21230055391788483, -0.3124886751174927, 0.14038321375846863, -1.1857311725616455, -0.18277141451835632, 0.29319408535957336, -0.04583965986967087, -0.4602302014827728, 0.11618706583976746, 0.051064785569906235, 0.19426429271697998, -0.38603585958480835, -0.7665709853172302, 0.30000001192092896, 0.29899999499320984, 0.29899999499320984, 0.19900000095367432, 1.0, 0.0, 0.5260000228881836, 0.5619999766349792, 0.5540000200271606, 0.5659999847412109, 0.5529999732971191, 0.0]","[0.08092857897281647, 0.2907997965812683, -0.2542211413383484, -0.08598439395427704, -1.1120325326919556, -0.3183443546295166, 0.22414763271808624, -0.12291806936264038, -0.45876064896583557, 0.08568510413169861, -0.008582867681980133, 0.12010492384433746, -0.46687984466552734, -0.7659003734588623, 0.30000001192092896, 0.30000001192092896, 0.30000001192092896, 0.20000000298023224, 0.10000000149011612, 0.0, 0.30000001192092896, 0.30000001192092896, 0.30000001192092896, 0.20000000298023224, 0.10000000149011612, 0.0]"
146,146,146,0.007147326001359033,0.13571909500024049,True,"[0.19264641404151917, 0.15666978061199188, -0.002061286708340049, 1.001893162727356, -0.45016345381736755, 0.09055280685424805, 0.09369267523288727, 0.2532386779785156, -0.16576580703258514, 0.02871420420706272, 1.0105098485946655, 0.07057510316371918, 0.042208440601825714, -0.07236075401306152]","[336.0, 2.0, 1.0, 4.0, 10.0, 935.0]","[2.0, 1.0, 0.0, 8.0, 0.0, 503.0]","[-0.08991612493991852, 0.17065298557281494, -0.010729148983955383, 0.7990869283676147, -1.1649043560028076, -0.3635095953941345, 0.1420554518699646, -0.1438455432653427, -0.4409435987472534, 0.024132132530212402, 0.2235599309206009, 0.3952808380126953, -0.335354208946228, -0.49515366554260254, 0.3000001907348633, 0.30000028014183044, 0.2999999225139618, 0.1999998390674591, 0.10000043362379074, 0.0, 0.8789244890213013, 0.8784257173538208, 0.8784461617469788, 0.8748718500137329, 0.7747554779052734, 0.0]","[0.18264640867710114, 0.1666697859764099, -0.010729148983955383, 0.9918931722640991, -0.4601634442806244, 0.08055280894041061, 0.1036926731467247, 0.2432386726140976, -0.17576581239700317, 0.024132132530212402, 1.0005098581314087, 0.08057510107755661, 0.03220844268798828, -0.08236075192689896]","[286.0, 0.30000030994415283, 0.2999999523162842, 0.19999980926513672, 0.10000038146972656, 885.0]","[0.8789244890213013, 0.8784257173538208, 0.8784461617469788, 0.8748717308044434, 0.7747554779052734, 453.0]","[0.11146527528762817, 0.21232451498508453, -0.3124886751174927, 0.14041917026042938, -1.1857432126998901, -0.18277141451835632, 0.29321804642677307, -0.04718189314007759, -0.458612322807312, 0.11774501204490662, 0.05093295872211456, 0.19262245297431946, -0.38668301701545715, -0.7660316824913025, 0.30000001192092896, 0.29899999499320984, 0.29899999499320984, 0.19900000095367432, 1.0, 0.0, 0.42800000309944153, 0.453000009059906, 0.44699999690055847, 0.46000000834465027, 0.5619999766349792, 0.0020000000949949026]","[0.07998134940862656, 0.2895932197570801, -0.25391507148742676, -0.08370181918144226, -1.1110035181045532, -0.31885242462158203, 0.22468917071819305, -0.12359495460987091, -0.45757734775543213, 0.08457941561937332, -0.007270289119333029, 0.1193280816078186, -0.4671248495578766, -0.7663113474845886, 0.30000001192092896, 0.30000001192092896, 0.30000001192092896, 0.20000000298023224, 0.10000000149011612, 0.0, 0.30000001192092896, 0.30000001192092896, 0.30000001192092896, 0.20000000298023224, 0.10000000149011612, 0.0]"
147,147,147,0.007779075000144076,0.09507311000015761,True,"[0.19262245297431946, 0.15742477774620056, -0.005920207127928734, 1.001893162727356, -0.4561196267604828, 0.0905408188700676, 0.09390839189291, 0.2532266676425934, -0.1657538264989853, 0.02906174585223198, 1.0105098485946655, 0.0707428827881813, 0.04218447208404541, -0.0725165456533432]","[336.0, 2.0, 1.0, 4.0, 10.0, 935.0]","[2.0, 1.0, 0.0, 8.0, 0.0, 503.0]","[-0.09127579629421234, 0.17214219272136688, -0.015219777822494507, 0.7822591066360474, -1.1729079484939575, -0.3635055422782898, 0.13776540756225586, -0.15569090843200684, -0.44119128584861755, 0.025108426809310913, 0.19160595536231995, 0.39249786734580994, -0.3427079916000366, -0.5097225308418274, 0.3000001907348633, 0.30000030994415283, 0.2999999225139618, 0.19999979436397552, 0.10000047832727432, 0.0, 0.8618544936180115, 0.8612583875656128, 0.8612638115882874, 0.8548560738563538, 0.7547293901443481, 0.0]","[0.18262244760990143, 0.1674247831106186, -0.015219777822494507, 0.9918931722640991, -0.4661196172237396, 0.08054082095623016, 0.10390838980674744, 0.24322666227817535, -0.17575383186340332, 0.025108426809310913, 1.0005098581314087, 0.08074288070201874, 0.03218447417020798, -0.08251654356718063]","[286.0, 0.30000030994415283, 0.2999999523162842, 0.19999980926513672, 0.10000038146972656, 885.0]","[0.8618545532226562, 0.8612583875656128, 0.8612638115882874, 0.854856014251709, 0.7547293901443481, 453.0]","[0.11128551512956619, 0.21224063634872437, -0.3124886751174927, 0.14040718972682953, -1.1857311725616455, -0.18274745345115662, 0.2931820750236511, -0.049974218010902405, -0.4562873840332031, 0.1173495352268219, 0.05120859295129776, 0.19237078726291656, -0.38516101241111755, -0.7660915851593018, 0.30000001192092896, 0.29899999499320984, 0.29899999499320984, 0.19900000095367432, 1.0, 0.0, 0.42800000309944153, 0.453000009059906, 0.44699999690055847, 0.46000000834465027, 0.5619999766349792, 0.0020000000949949026]","[0.08175314962863922, 0.29003962874412537, -0.2524086833000183, -0.08321381360292435, -1.1116849184036255, -0.3167414367198944, 0.22393570840358734, -0.12348305433988571, -0.45527511835098267, 0.08330637216567993, -0.004593410063534975, 0.11789783090353012, -0.4657829701900482, -0.7664650082588196, 0.30000001192092896, 0.30000001192092896, 0.30000001192092896, 0.20000000298023224, 0.10000000149011612, 0.0, 0.30000001192092896, 0.30000001192092896, 0.30000001192092896, 0.20000000298023224, 0.10000000149011612, 0.0]"
148,148,148,0.016835426000398,0.1443199019995518,True,"[0.19262245297431946, 0.15760454535484314, -0.00980309583246708, 1.0018812417984009, -0.45940327644348145, 0.09055280685424805, 0.09405220299959183, 0.2532506585121155, -0.165777787566185, 0.02930143103003502, 1.0104858875274658, 0.07089867442846298, 0.042208440601825714, -0.07260043919086456]","[336.0, 2.0, 1.0, 4.0, 10.0, 935.0]","[2.0, 1.0, 0.0, 8.0, 0.0, 503.0]","[-0.102898508310318, 0.1722082942724228, -0.018927067518234253, 0.7886711955070496, -1.1672877073287964, -0.3613273501396179, 0.13868746161460876, -0.1732763648033142, -0.44456782937049866, 0.025110065937042236, 0.21046549081802368, 0.405550479888916, -0.33404380083084106, -0.49725615978240967, 0.3000001907348633, 0.30000028014183044, 0.2999999523162842, 0.1999998390674591, 0.10000044107437134, 0.0, 0.8681038618087769, 0.8676010370254517, 0.8676218390464783, 0.8622459769248962, 0.762130081653595, 0.0]","[0.18262244760990143, 0.16760455071926117, -0.018927067518234253, 0.991881251335144, -0.4694032669067383, 0.08055280894041061, 0.10405220091342926, 0.24325065314769745, -0.17577779293060303, 0.025110065937042236, 1.000485897064209, 0.08089867234230042, 0.03220844268798828, -0.082600437104702]","[286.0, 0.30000030994415283, 0.2999999523162842, 0.19999980926513672, 0.10000038146972656, 885.0]","[0.8681038618087769, 0.8676010370254517, 0.8676218390464783, 0.862246036529541, 0.762130081653595, 453.0]","[0.1113094836473465, 0.21226459741592407, -0.31246471405029297, 0.14043115079402924, -1.1857311725616455, -0.18274745345115662, 0.2931820750236511, -0.05167597904801369, -0.4545736610889435, 0.11703794449567795, 0.05273059010505676, 0.19238276779651642, -0.3825604319572449, -0.7660796046257019, 0.30000001192092896, 0.29899999499320984, 0.29899999499320984, 0.19900000095367432, 1.0, 0.0, 0.421999990940094, 0.36399999260902405, 0.3610000014305115, 0.35899999737739563, 0.5619999766349792, 0.0]","[0.08281194418668747, 0.2889304459095001, -0.2517344653606415, -0.07978246361017227, -1.1095095872879028, -0.3149173855781555, 0.22273501753807068, -0.12114069610834122, -0.45458486676216125, 0.08278578519821167, -0.00379364937543869, 0.11863312125205994, -0.4652176797389984, -0.7670683860778809, 0.30000001192092896, 0.30000001192092896, 0.30000001192092896, 0.20000000298023224, 0.10000000149011612, 0.0, 0.30000001192092896, 0.30000001192092896, 0.30000001192092896, 0.20000000298023224, 0.10000000149011612, 0.0]"
149,149,149,0.00982485599888605,0.10586546100057603,True,"[0.19264641404151917, 0.15785621106624603, -0.011900335550308228, 1.001893162727356, -0.46299856901168823, 0.0905408188700676, 0.09414807707071304, 0.2532266676425934, -0.1657538264989853, 0.029517147690057755, 1.0105098485946655, 0.07110241055488586, 0.042220424860715866, -0.07270829379558563]","[336.0, 2.0, 1.0, 4.0, 10.0, 935.0]","[2.0, 1.0, 0.0, 8.0, 0.0, 503.0]","[-0.0997159332036972, 0.17373991012573242, -0.013160161674022675, 0.7871541380882263, -1.164019227027893, -0.3595227599143982, 0.14137300848960876, -0.17323273420333862, -0.4433307945728302, 0.0224820077419281, 0.19504185020923615, 0.391676127910614, -0.33847129344940186, -0.5072809457778931, 0.3000001907348633, 0.30000028014183044, 0.2999999225139618, 0.1999998390674591, 0.10000046342611313, 0.0, 0.8731759190559387, 0.8726136088371277, 0.8726239204406738, 0.8681051135063171, 0.7679758667945862, 0.0]","[0.18264640867710114, 0.16785621643066406, -0.013160161674022675, 0.9918931722640991, -0.47299855947494507, 0.08054082095623016, 0.10414807498455048, 0.24322666227817535, -0.17575383186340332, 0.0224820077419281, 1.0005098581314087, 0.0811024084687233, 0.032220423221588135, -0.08270829170942307]","[286.0, 0.30000030994415283, 0.2999999523162842, 0.19999980926513672, 0.10000038146972656, 885.0]","[0.873175859451294, 0.8726136088371277, 0.8726239204406738, 0.8681049346923828, 0.7679758667945862, 453.0]","[0.11182480305433273, 0.21224063634872437, -0.3124766945838928, 0.14046710729599, -1.1857072114944458, -0.18272347748279572, 0.2931820750236511, -0.05192764848470688, -0.45350706577301025, 0.11708588153123856, 0.054851800203323364, 0.19240672886371613, -0.3813740015029907, -0.7660915851593018, 0.30000001192092896, 0.29899999499320984, 0.29899999499320984, 0.19900000095367432, 1.0, 0.0, 0.41999998688697815, 0.33500000834465027, 0.3319999873638153, 0.3190000057220459, 0.5619999766349792, 0.0]","[0.08506905287504196, 0.28791698813438416, -0.2515498399734497, -0.07876759767532349, -1.107958197593689, -0.31388893723487854, 0.22212475538253784, -0.11660407483577728, -0.4529610574245453, 0.08172009140253067, -0.005152996629476547, 0.11800353229045868, -0.465755820274353, -0.7667229175567627, 0.30000001192092896, 0.30000001192092896, 0.30000001192092896, 0.20000000298023224, 0.10000000149011612, 0.0, 0.30000001192092896, 0.30000001192092896, 0.30000001192092896, 0.20000000298023224, 0.10000000149011612, 0.0]"
